model_slug,year,trim_name,price_min_aed,price_max_aed,price_avg_aed,price_raw,currency,url,scraped_at
toyota-avalon,2022,Unknown,,,144900,"Original Starting PriceAED 144,900",AED,https://www.drivearabia.com/carprices/uae/toyota/toyota-avalon/2022/,2026-06-12T05:45:00Z
toyota-avalon,2022,Unknown,,,144900,"Original Starting PriceAED 144,900",AED,https://www.drivearabia.com/carprices/uae/toyota/toyota-avalon/2022/,2026-06-12T05:45:00Z
toyota-avalon,2022,Unknown,,,144900,"AED 144,900",AED,https://www.drivearabia.com/carprices/uae/toyota/toyota-avalon/2022/,2026-06-12T05:45:00Z
toyota-avalon,2022,Original Trim Prices,144900,164900,154900,"Avalon SE PlusAED 144,900 - 145,000Avalon LimitedAED 164,900 - 165,000",AED,https://www.drivearabia.com/carprices/uae/toyota/toyota-avalon/2022/,2026-06-12T05:45:00Z
toyota-avalon,2022,Original Trim Prices,144900,164900,154900,"Avalon SE PlusAED 144,900 - 145,000Avalon LimitedAED 164,900 - 165,000",AED,https://www.drivearabia.com/carprices/uae/toyota/toyota-avalon/2022/,2026-06-12T05:45:00Z
toyota-avalon,2022,Unknown,144900,145000,144950,"Avalon SE PlusAED 144,900 - 145,000",AED,https://www.drivearabia.com/carprices/uae/toyota/toyota-avalon/2022/,2026-06-12T05:45:00Z
toyota-avalon,2022,Avalon SE Plus,144900,145000,144950,"AED 144,900 - 145,000",AED,https://www.drivearabia.com/carprices/uae/toyota/toyota-avalon/2022/,2026-06-12T05:45:00Z
toyota-avalon,2022,"Avalon SE PlusAED 144,900 - 145,000",164900,165000,164950,"Avalon LimitedAED 164,900 - 165,000",AED,https://www.drivearabia.com/carprices/uae/toyota/toyota-avalon/2022/,2026-06-12T05:45:00Z
toyota-avalon,2022,Avalon Limited,164900,165000,164950,"AED 164,900 - 165,000",AED,https://www.drivearabia.com/carprices/uae/toyota/toyota-avalon/2022/,2026-06-12T05:45:00Z
toyota-avalon,2022,Unknown,2019,142000,72010,"2019 Chevrolet ImpalaAED 109,600 - 142,000",AED,https://www.drivearabia.com/carprices/uae/toyota/toyota-avalon/2022/,2026-06-12T05:45:00Z
toyota-avalon,2022,Unknown,2019,142000,72010,"2019 Chevrolet ImpalaAED 109,600 - 142,000",AED,https://www.drivearabia.com/carprices/uae/toyota/toyota-avalon/2022/,2026-06-12T05:45:00Z
toyota-avalon,2022,Unknown,109600,142000,125800,"AED 109,600 - 142,000",AED,https://www.drivearabia.com/carprices/uae/toyota/toyota-avalon/2022/,2026-06-12T05:45:00Z
toyota-avalon,2022,Unknown,2022,191000,96511,"2022 Dodge ChargerAED 109,900 - 191,000",AED,https://www.drivearabia.com/carprices/uae/toyota/toyota-avalon/2022/,2026-06-12T05:45:00Z
toyota-avalon,2022,Unknown,2022,191000,96511,"2022 Dodge ChargerAED 109,900 - 191,000",AED,https://www.drivearabia.com/carprices/uae/toyota/toyota-avalon/2022/,2026-06-12T05:45:00Z
toyota-avalon,2022,Unknown,109900,191000,150450,"AED 109,900 - 191,000",AED,https://www.drivearabia.com/carprices/uae/toyota/toyota-avalon/2022/,2026-06-12T05:45:00Z
toyota-avalon,2022,Unknown,2022,150000,76011,"2022 Ford TaurusAED 109,900 - 150,000",AED,https://www.drivearabia.com/carprices/uae/toyota/toyota-avalon/2022/,2026-06-12T05:45:00Z
toyota-avalon,2022,Unknown,2022,150000,76011,"2022 Ford TaurusAED 109,900 - 150,000",AED,https://www.drivearabia.com/carprices/uae/toyota/toyota-avalon/2022/,2026-06-12T05:45:00Z
toyota-avalon,2022,Unknown,109900,150000,129950,"AED 109,900 - 150,000",AED,https://www.drivearabia.com/carprices/uae/toyota/toyota-avalon/2022/,2026-06-12T05:45:00Z
toyota-avalon,2022,Unknown,2022,144900,73461,"The starting price of the 2022 Toyota Avalon in UAE is AED 144,900.",AED,https://www.drivearabia.com/carprices/uae/toyota/toyota-avalon/2022/,2026-06-12T05:45:00Z
toyota-avalon,2022,Unknown,2022,144900,73461,"The starting price of the 2022 Toyota Avalon in UAE is AED 144,900.",AED,https://www.drivearabia.com/carprices/uae/toyota/toyota-avalon/2022/,2026-06-12T05:45:00Z
toyota-avalon,2022,TrimsAvalon SE Plus,,,144900,"Original Starting PriceAED 144,900",AED,https://www.drivearabia.com/carprices/uae/toyota/toyota-avalon/2022/,2026-06-12T05:45:00Z
toyota-avalon,2022,TrimsAvalon SE Plus,,,144900,"AED 144,900",AED,https://www.drivearabia.com/carprices/uae/toyota/toyota-avalon/2022/,2026-06-12T05:45:00Z
toyota-avalon,2022,Unknown,,,144900,"AED 144,900",AED,https://www.drivearabia.com/carprices/uae/toyota/toyota-avalon/2022/,2026-06-12T05:45:00Z
toyota-c-hr,2022,Unknown,,,86900,"Original Starting PriceAED 86,900",AED,https://www.drivearabia.com/carprices/uae/toyota/toyota-c-hr/2022/,2026-06-12T05:45:12Z
toyota-c-hr,2022,Unknown,,,86900,"Original Starting PriceAED 86,900",AED,https://www.drivearabia.com/carprices/uae/toyota/toyota-c-hr/2022/,2026-06-12T05:45:12Z
toyota-c-hr,2022,Unknown,,,86900,"AED 86,900",AED,https://www.drivearabia.com/carprices/uae/toyota/toyota-c-hr/2022/,2026-06-12T05:45:12Z
toyota-c-hr,2022,Original Trim Prices,1,86900,43450,"1.8L GX HybridAED 86,900 - 87,0001.8L VX HybridAED 93,900 - 94,000",AED,https://www.drivearabia.com/carprices/uae/toyota/toyota-c-hr/2022/,2026-06-12T05:45:12Z
toyota-c-hr,2022,Original Trim Prices,1,86900,43450,"1.8L GX HybridAED 86,900 - 87,0001.8L VX HybridAED 93,900 - 94,000",AED,https://www.drivearabia.com/carprices/uae/toyota/toyota-c-hr/2022/,2026-06-12T05:45:12Z
toyota-c-hr,2022,Unknown,86900,87000,86950,"1.8L GX HybridAED 86,900 - 87,000",AED,https://www.drivearabia.com/carprices/uae/toyota/toyota-c-hr/2022/,2026-06-12T05:45:12Z
toyota-c-hr,2022,1.8L GX Hybrid,86900,87000,86950,"AED 86,900 - 87,000",AED,https://www.drivearabia.com/carprices/uae/toyota/toyota-c-hr/2022/,2026-06-12T05:45:12Z
toyota-c-hr,2022,"1.8L GX HybridAED 86,900 - 87,000",93900,94000,93950,"1.8L VX HybridAED 93,900 - 94,000",AED,https://www.drivearabia.com/carprices/uae/toyota/toyota-c-hr/2022/,2026-06-12T05:45:12Z
toyota-c-hr,2022,1.8L VX Hybrid,93900,94000,93950,"AED 93,900 - 94,000",AED,https://www.drivearabia.com/carprices/uae/toyota/toyota-c-hr/2022/,2026-06-12T05:45:12Z
toyota-c-hr,2022,Unknown,2022,72000,37011,"2022 Renault DusterAED 51,900 - 72,000",AED,https://www.drivearabia.com/carprices/uae/toyota/toyota-c-hr/2022/,2026-06-12T05:45:12Z
toyota-c-hr,2022,Unknown,2022,72000,37011,"2022 Renault DusterAED 51,900 - 72,000",AED,https://www.drivearabia.com/carprices/uae/toyota/toyota-c-hr/2022/,2026-06-12T05:45:12Z
toyota-c-hr,2022,Unknown,51900,72000,61950,"AED 51,900 - 72,000",AED,https://www.drivearabia.com/carprices/uae/toyota/toyota-c-hr/2022/,2026-06-12T05:45:12Z
toyota-c-hr,2022,Unknown,2022,140000,71011,"2022 Ford EscapeAED 82,500 - 140,000",AED,https://www.drivearabia.com/carprices/uae/toyota/toyota-c-hr/2022/,2026-06-12T05:45:12Z
toyota-c-hr,2022,Unknown,2022,140000,71011,"2022 Ford EscapeAED 82,500 - 140,000",AED,https://www.drivearabia.com/carprices/uae/toyota/toyota-c-hr/2022/,2026-06-12T05:45:12Z
toyota-c-hr,2022,Unknown,82500,140000,111250,"AED 82,500 - 140,000",AED,https://www.drivearabia.com/carprices/uae/toyota/toyota-c-hr/2022/,2026-06-12T05:45:12Z
toyota-c-hr,2022,Unknown,2025,115900,58962,"2025 Nissan KicksAED 84,900 - 115,900",AED,https://www.drivearabia.com/carprices/uae/toyota/toyota-c-hr/2022/,2026-06-12T05:45:12Z
toyota-c-hr,2022,Unknown,2025,115900,58962,"2025 Nissan KicksAED 84,900 - 115,900",AED,https://www.drivearabia.com/carprices/uae/toyota/toyota-c-hr/2022/,2026-06-12T05:45:12Z
toyota-c-hr,2022,Unknown,84900,115900,100400,"AED 84,900 - 115,900",AED,https://www.drivearabia.com/carprices/uae/toyota/toyota-c-hr/2022/,2026-06-12T05:45:12Z
toyota-c-hr,2022,Unknown,2022,86900,44461,"The starting price of the 2022 Toyota C HR in UAE is AED 86,900.",AED,https://www.drivearabia.com/carprices/uae/toyota/toyota-c-hr/2022/,2026-06-12T05:45:12Z
toyota-c-hr,2022,Unknown,2022,86900,44461,"The starting price of the 2022 Toyota C HR in UAE is AED 86,900.",AED,https://www.drivearabia.com/carprices/uae/toyota/toyota-c-hr/2022/,2026-06-12T05:45:12Z
toyota-c-hr,2022,Trims1.8L GX Hybrid,,,86900,"Original Starting PriceAED 86,900",AED,https://www.drivearabia.com/carprices/uae/toyota/toyota-c-hr/2022/,2026-06-12T05:45:12Z
toyota-c-hr,2022,Trims1.8L GX Hybrid,,,86900,"AED 86,900",AED,https://www.drivearabia.com/carprices/uae/toyota/toyota-c-hr/2022/,2026-06-12T05:45:12Z
toyota-c-hr,2022,Unknown,,,86900,"AED 86,900",AED,https://www.drivearabia.com/carprices/uae/toyota/toyota-c-hr/2022/,2026-06-12T05:45:12Z
toyota-c-hr,2023,Unknown,,,92900,"Original Starting PriceAED 92,900",AED,https://www.drivearabia.com/carprices/uae/toyota/toyota-c-hr/2023/,2026-06-12T05:45:13Z
toyota-c-hr,2023,Unknown,,,92900,"Original Starting PriceAED 92,900",AED,https://www.drivearabia.com/carprices/uae/toyota/toyota-c-hr/2023/,2026-06-12T05:45:13Z
toyota-c-hr,2023,Unknown,,,92900,"AED 92,900",AED,https://www.drivearabia.com/carprices/uae/toyota/toyota-c-hr/2023/,2026-06-12T05:45:13Z
toyota-c-hr,2023,Original Trim Prices,1,92900,46450,"1.8L GXAED 92,900 - 93,0001.8L VXAED 99,900 - 100,000",AED,https://www.drivearabia.com/carprices/uae/toyota/toyota-c-hr/2023/,2026-06-12T05:45:13Z
toyota-c-hr,2023,Original Trim Prices,1,92900,46450,"1.8L GXAED 92,900 - 93,0001.8L VXAED 99,900 - 100,000",AED,https://www.drivearabia.com/carprices/uae/toyota/toyota-c-hr/2023/,2026-06-12T05:45:13Z
toyota-c-hr,2023,Unknown,92900,93000,92950,"1.8L GXAED 92,900 - 93,000",AED,https://www.drivearabia.com/carprices/uae/toyota/toyota-c-hr/2023/,2026-06-12T05:45:13Z
toyota-c-hr,2023,1.8L GX,92900,93000,92950,"AED 92,900 - 93,000",AED,https://www.drivearabia.com/carprices/uae/toyota/toyota-c-hr/2023/,2026-06-12T05:45:13Z
toyota-c-hr,2023,Unknown,99900,100000,99950,"1.8L VXAED 99,900 - 100,000",AED,https://www.drivearabia.com/carprices/uae/toyota/toyota-c-hr/2023/,2026-06-12T05:45:13Z
toyota-c-hr,2023,1.8L VX,99900,100000,99950,"AED 99,900 - 100,000",AED,https://www.drivearabia.com/carprices/uae/toyota/toyota-c-hr/2023/,2026-06-12T05:45:13Z
toyota-c-hr,2023,Unknown,2023,90000,46012,"2023 Nissan KicksAED 71,000 - 90,000",AED,https://www.drivearabia.com/carprices/uae/toyota/toyota-c-hr/2023/,2026-06-12T05:45:13Z
toyota-c-hr,2023,Unknown,2023,90000,46012,"2023 Nissan KicksAED 71,000 - 90,000",AED,https://www.drivearabia.com/carprices/uae/toyota/toyota-c-hr/2023/,2026-06-12T05:45:13Z
toyota-c-hr,2023,Unknown,71000,90000,80500,"AED 71,000 - 90,000",AED,https://www.drivearabia.com/carprices/uae/toyota/toyota-c-hr/2023/,2026-06-12T05:45:13Z
toyota-c-hr,2023,Unknown,2023,72000,37012,"2023 Renault DusterAED 51,900 - 72,000",AED,https://www.drivearabia.com/carprices/uae/toyota/toyota-c-hr/2023/,2026-06-12T05:45:13Z
toyota-c-hr,2023,Unknown,2023,72000,37012,"2023 Renault DusterAED 51,900 - 72,000",AED,https://www.drivearabia.com/carprices/uae/toyota/toyota-c-hr/2023/,2026-06-12T05:45:13Z
toyota-c-hr,2023,Unknown,51900,72000,61950,"AED 51,900 - 72,000",AED,https://www.drivearabia.com/carprices/uae/toyota/toyota-c-hr/2023/,2026-06-12T05:45:13Z
toyota-c-hr,2023,Unknown,2023,140000,71012,"2023 Ford EscapeAED 82,500 - 140,000",AED,https://www.drivearabia.com/carprices/uae/toyota/toyota-c-hr/2023/,2026-06-12T05:45:13Z
toyota-c-hr,2023,Unknown,2023,140000,71012,"2023 Ford EscapeAED 82,500 - 140,000",AED,https://www.drivearabia.com/carprices/uae/toyota/toyota-c-hr/2023/,2026-06-12T05:45:13Z
toyota-c-hr,2023,Unknown,82500,140000,111250,"AED 82,500 - 140,000",AED,https://www.drivearabia.com/carprices/uae/toyota/toyota-c-hr/2023/,2026-06-12T05:45:13Z
toyota-c-hr,2023,Unknown,2023,92900,47462,"The starting price of the 2023 Toyota C HR in UAE is AED 92,900.",AED,https://www.drivearabia.com/carprices/uae/toyota/toyota-c-hr/2023/,2026-06-12T05:45:13Z
toyota-c-hr,2023,Unknown,2023,92900,47462,"The starting price of the 2023 Toyota C HR in UAE is AED 92,900.",AED,https://www.drivearabia.com/carprices/uae/toyota/toyota-c-hr/2023/,2026-06-12T05:45:13Z
toyota-c-hr,2023,Trims1.8L GX,,,92900,"Original Starting PriceAED 92,900",AED,https://www.drivearabia.com/carprices/uae/toyota/toyota-c-hr/2023/,2026-06-12T05:45:13Z
toyota-c-hr,2023,Trims1.8L GX,,,92900,"AED 92,900",AED,https://www.drivearabia.com/carprices/uae/toyota/toyota-c-hr/2023/,2026-06-12T05:45:13Z
toyota-c-hr,2023,Unknown,,,92900,"AED 92,900",AED,https://www.drivearabia.com/carprices/uae/toyota/toyota-c-hr/2023/,2026-06-12T05:45:13Z
toyota-camry,2022,Unknown,,,98900,"Original Starting PriceAED 98,900",AED,https://www.drivearabia.com/carprices/uae/toyota/toyota-camry/2022/,2026-06-12T05:45:18Z
toyota-camry,2022,Unknown,,,98900,"Original Starting PriceAED 98,900",AED,https://www.drivearabia.com/carprices/uae/toyota/toyota-camry/2022/,2026-06-12T05:45:18Z
toyota-camry,2022,Unknown,,,98900,"AED 98,900",AED,https://www.drivearabia.com/carprices/uae/toyota/toyota-camry/2022/,2026-06-12T05:45:18Z
toyota-camry,2022,Unknown,98900,99000,98950,"2.5 SAED 98,900 - 99,000",AED,https://www.drivearabia.com/carprices/uae/toyota/toyota-camry/2022/,2026-06-12T05:45:18Z
toyota-camry,2022,2.5 S,98900,99000,98950,"AED 98,900 - 99,000",AED,https://www.drivearabia.com/carprices/uae/toyota/toyota-camry/2022/,2026-06-12T05:45:18Z
toyota-camry,2022,Unknown,106900,107000,106950,"2.5 SEAED 106,900 - 107,000",AED,https://www.drivearabia.com/carprices/uae/toyota/toyota-camry/2022/,2026-06-12T05:45:18Z
toyota-camry,2022,2.5 SE,106900,107000,106950,"AED 106,900 - 107,000",AED,https://www.drivearabia.com/carprices/uae/toyota/toyota-camry/2022/,2026-06-12T05:45:18Z
toyota-camry,2022,Unknown,126900,127000,126950,"3.5 SE+AED 126,900 - 127,000",AED,https://www.drivearabia.com/carprices/uae/toyota/toyota-camry/2022/,2026-06-12T05:45:18Z
toyota-camry,2022,3.5 SE+,126900,127000,126950,"AED 126,900 - 127,000",AED,https://www.drivearabia.com/carprices/uae/toyota/toyota-camry/2022/,2026-06-12T05:45:18Z
toyota-camry,2022,Unknown,132900,133000,132950,"3.5 SportAED 132,900 - 133,000",AED,https://www.drivearabia.com/carprices/uae/toyota/toyota-camry/2022/,2026-06-12T05:45:18Z
toyota-camry,2022,3.5 Sport,132900,133000,132950,"AED 132,900 - 133,000",AED,https://www.drivearabia.com/carprices/uae/toyota/toyota-camry/2022/,2026-06-12T05:45:18Z
toyota-camry,2022,Unknown,137900,138000,137950,"HybridAED 137,900 - 138,000",AED,https://www.drivearabia.com/carprices/uae/toyota/toyota-camry/2022/,2026-06-12T05:45:18Z
toyota-camry,2022,Hybrid,137900,138000,137950,"AED 137,900 - 138,000",AED,https://www.drivearabia.com/carprices/uae/toyota/toyota-camry/2022/,2026-06-12T05:45:18Z
toyota-camry,2022,Unknown,2022,128000,65011,"2022 Nissan AltimaAED 94,900 - 128,000",AED,https://www.drivearabia.com/carprices/uae/toyota/toyota-camry/2022/,2026-06-12T05:45:18Z
toyota-camry,2022,Unknown,2022,128000,65011,"2022 Nissan AltimaAED 94,900 - 128,000",AED,https://www.drivearabia.com/carprices/uae/toyota/toyota-camry/2022/,2026-06-12T05:45:18Z
toyota-camry,2022,Unknown,94900,128000,111450,"AED 94,900 - 128,000",AED,https://www.drivearabia.com/carprices/uae/toyota/toyota-camry/2022/,2026-06-12T05:45:18Z
toyota-camry,2022,Unknown,2022,155000,78511,"2022 Honda AccordAED 102,900 - 155,000",AED,https://www.drivearabia.com/carprices/uae/toyota/toyota-camry/2022/,2026-06-12T05:45:18Z
toyota-camry,2022,Unknown,2022,155000,78511,"2022 Honda AccordAED 102,900 - 155,000",AED,https://www.drivearabia.com/carprices/uae/toyota/toyota-camry/2022/,2026-06-12T05:45:18Z
toyota-camry,2022,Unknown,102900,155000,128950,"AED 102,900 - 155,000",AED,https://www.drivearabia.com/carprices/uae/toyota/toyota-camry/2022/,2026-06-12T05:45:18Z
toyota-camry,2022,Unknown,2022,125000,63511,"2022 Volkswagen PassatAED 95,000 - 125,000",AED,https://www.drivearabia.com/carprices/uae/toyota/toyota-camry/2022/,2026-06-12T05:45:18Z
toyota-camry,2022,Unknown,2022,125000,63511,"2022 Volkswagen PassatAED 95,000 - 125,000",AED,https://www.drivearabia.com/carprices/uae/toyota/toyota-camry/2022/,2026-06-12T05:45:18Z
toyota-camry,2022,Unknown,95000,125000,110000,"AED 95,000 - 125,000",AED,https://www.drivearabia.com/carprices/uae/toyota/toyota-camry/2022/,2026-06-12T05:45:18Z
toyota-camry,2022,Unknown,2022,98900,50461,"The starting price of the 2022 Toyota Camry in UAE is AED 98,900.",AED,https://www.drivearabia.com/carprices/uae/toyota/toyota-camry/2022/,2026-06-12T05:45:18Z
toyota-camry,2022,Unknown,2022,98900,50461,"The starting price of the 2022 Toyota Camry in UAE is AED 98,900.",AED,https://www.drivearabia.com/carprices/uae/toyota/toyota-camry/2022/,2026-06-12T05:45:18Z
toyota-camry,2022,Trims2.5 S,,,98900,"Original Starting PriceAED 98,900",AED,https://www.drivearabia.com/carprices/uae/toyota/toyota-camry/2022/,2026-06-12T05:45:18Z
toyota-camry,2022,Trims2.5 S,,,98900,"AED 98,900",AED,https://www.drivearabia.com/carprices/uae/toyota/toyota-camry/2022/,2026-06-12T05:45:18Z
toyota-camry,2022,Unknown,,,98900,"AED 98,900",AED,https://www.drivearabia.com/carprices/uae/toyota/toyota-camry/2022/,2026-06-12T05:45:18Z
toyota-camry,2023,Unknown,,,98900,"Original Starting PriceAED 98,900",AED,https://www.drivearabia.com/carprices/uae/toyota/toyota-camry/2023/,2026-06-12T05:45:20Z
toyota-camry,2023,Unknown,,,98900,"Original Starting PriceAED 98,900",AED,https://www.drivearabia.com/carprices/uae/toyota/toyota-camry/2023/,2026-06-12T05:45:20Z
toyota-camry,2023,Unknown,,,98900,"AED 98,900",AED,https://www.drivearabia.com/carprices/uae/toyota/toyota-camry/2023/,2026-06-12T05:45:20Z
toyota-camry,2023,Unknown,98900,99000,98950,"2.5 SAED 98,900 - 99,000",AED,https://www.drivearabia.com/carprices/uae/toyota/toyota-camry/2023/,2026-06-12T05:45:20Z
toyota-camry,2023,2.5 S,98900,99000,98950,"AED 98,900 - 99,000",AED,https://www.drivearabia.com/carprices/uae/toyota/toyota-camry/2023/,2026-06-12T05:45:20Z
toyota-camry,2023,Unknown,107900,108000,107950,"2.5 SEAED 107,900 - 108,000",AED,https://www.drivearabia.com/carprices/uae/toyota/toyota-camry/2023/,2026-06-12T05:45:20Z
toyota-camry,2023,2.5 SE,107900,108000,107950,"AED 107,900 - 108,000",AED,https://www.drivearabia.com/carprices/uae/toyota/toyota-camry/2023/,2026-06-12T05:45:20Z
toyota-camry,2023,Unknown,126900,127000,126950,"3.5 SE+AED 126,900 - 127,000",AED,https://www.drivearabia.com/carprices/uae/toyota/toyota-camry/2023/,2026-06-12T05:45:20Z
toyota-camry,2023,3.5 SE+,126900,127000,126950,"AED 126,900 - 127,000",AED,https://www.drivearabia.com/carprices/uae/toyota/toyota-camry/2023/,2026-06-12T05:45:20Z
toyota-camry,2023,Unknown,132900,133000,132950,"3.5 SportAED 132,900 - 133,000",AED,https://www.drivearabia.com/carprices/uae/toyota/toyota-camry/2023/,2026-06-12T05:45:20Z
toyota-camry,2023,3.5 Sport,132900,133000,132950,"AED 132,900 - 133,000",AED,https://www.drivearabia.com/carprices/uae/toyota/toyota-camry/2023/,2026-06-12T05:45:20Z
toyota-camry,2023,Unknown,139900,140000,139950,"HybridAED 139,900 - 140,000",AED,https://www.drivearabia.com/carprices/uae/toyota/toyota-camry/2023/,2026-06-12T05:45:20Z
toyota-camry,2023,Hybrid,139900,140000,139950,"AED 139,900 - 140,000",AED,https://www.drivearabia.com/carprices/uae/toyota/toyota-camry/2023/,2026-06-12T05:45:20Z
toyota-camry,2023,Unknown,2022,136000,69011,"2022 Chevrolet MalibuAED 79,940 - 136,000",AED,https://www.drivearabia.com/carprices/uae/toyota/toyota-camry/2023/,2026-06-12T05:45:20Z
toyota-camry,2023,Unknown,2022,136000,69011,"2022 Chevrolet MalibuAED 79,940 - 136,000",AED,https://www.drivearabia.com/carprices/uae/toyota/toyota-camry/2023/,2026-06-12T05:45:20Z
toyota-camry,2023,Unknown,79940,136000,107970,"AED 79,940 - 136,000",AED,https://www.drivearabia.com/carprices/uae/toyota/toyota-camry/2023/,2026-06-12T05:45:20Z
toyota-camry,2023,Unknown,2023,147000,74512,"2023 Nissan AltimaAED 110,000 - 147,000",AED,https://www.drivearabia.com/carprices/uae/toyota/toyota-camry/2023/,2026-06-12T05:45:20Z
toyota-camry,2023,Unknown,2023,147000,74512,"2023 Nissan AltimaAED 110,000 - 147,000",AED,https://www.drivearabia.com/carprices/uae/toyota/toyota-camry/2023/,2026-06-12T05:45:20Z
toyota-camry,2023,Unknown,110000,147000,128500,"AED 110,000 - 147,000",AED,https://www.drivearabia.com/carprices/uae/toyota/toyota-camry/2023/,2026-06-12T05:45:20Z
toyota-camry,2023,Unknown,2023,165000,83512,"2023 Honda AccordAED 124,900 - 165,000",AED,https://www.drivearabia.com/carprices/uae/toyota/toyota-camry/2023/,2026-06-12T05:45:20Z
toyota-camry,2023,Unknown,2023,165000,83512,"2023 Honda AccordAED 124,900 - 165,000",AED,https://www.drivearabia.com/carprices/uae/toyota/toyota-camry/2023/,2026-06-12T05:45:20Z
toyota-camry,2023,Unknown,124900,165000,144950,"AED 124,900 - 165,000",AED,https://www.drivearabia.com/carprices/uae/toyota/toyota-camry/2023/,2026-06-12T05:45:20Z
toyota-camry,2023,Unknown,2023,98900,50462,"The starting price of the 2023 Toyota Camry in UAE is AED 98,900.",AED,https://www.drivearabia.com/carprices/uae/toyota/toyota-camry/2023/,2026-06-12T05:45:20Z
toyota-camry,2023,Unknown,2023,98900,50462,"The starting price of the 2023 Toyota Camry in UAE is AED 98,900.",AED,https://www.drivearabia.com/carprices/uae/toyota/toyota-camry/2023/,2026-06-12T05:45:20Z
toyota-camry,2023,Trims2.5 S,,,98900,"Original Starting PriceAED 98,900",AED,https://www.drivearabia.com/carprices/uae/toyota/toyota-camry/2023/,2026-06-12T05:45:20Z
toyota-camry,2023,Trims2.5 S,,,98900,"AED 98,900",AED,https://www.drivearabia.com/carprices/uae/toyota/toyota-camry/2023/,2026-06-12T05:45:20Z
toyota-camry,2023,Unknown,,,98900,"AED 98,900",AED,https://www.drivearabia.com/carprices/uae/toyota/toyota-camry/2023/,2026-06-12T05:45:20Z
toyota-camry,2024,Unknown,,,111900,"Original Starting PriceAED 111,900",AED,https://www.drivearabia.com/carprices/uae/toyota/toyota-camry/2024/,2026-06-12T05:45:22Z
toyota-camry,2024,Unknown,,,111900,"Original Starting PriceAED 111,900",AED,https://www.drivearabia.com/carprices/uae/toyota/toyota-camry/2024/,2026-06-12T05:45:22Z
toyota-camry,2024,Unknown,,,111900,"AED 111,900",AED,https://www.drivearabia.com/carprices/uae/toyota/toyota-camry/2024/,2026-06-12T05:45:22Z
toyota-camry,2024,Unknown,111900,112000,111950,"2.5L I4 SE FWDAED 111,900 - 112,000",AED,https://www.drivearabia.com/carprices/uae/toyota/toyota-camry/2024/,2026-06-12T05:45:22Z
toyota-camry,2024,2.5L I4 SE FWD,111900,112000,111950,"AED 111,900 - 112,000",AED,https://www.drivearabia.com/carprices/uae/toyota/toyota-camry/2024/,2026-06-12T05:45:22Z
toyota-camry,2024,Unknown,133900,134000,133950,"3.5L V6 40th Anniversary FWDAED 133,900 - 134,000",AED,https://www.drivearabia.com/carprices/uae/toyota/toyota-camry/2024/,2026-06-12T05:45:22Z
toyota-camry,2024,3.5L V6 40th Anniversary FWD,133900,134000,133950,"AED 133,900 - 134,000",AED,https://www.drivearabia.com/carprices/uae/toyota/toyota-camry/2024/,2026-06-12T05:45:22Z
toyota-camry,2024,"3.5L V6 40th Anniversary FWDAED 133,900 - 134,000",130000,138900,134450,"3.5L V6 Sport FWDAED 138,900 - 130,000",AED,https://www.drivearabia.com/carprices/uae/toyota/toyota-camry/2024/,2026-06-12T05:45:22Z
toyota-camry,2024,3.5L V6 Sport FWD,130000,138900,134450,"AED 138,900 - 130,000",AED,https://www.drivearabia.com/carprices/uae/toyota/toyota-camry/2024/,2026-06-12T05:45:22Z
toyota-camry,2024,"3.5L V6 Sport FWDAED 138,900 - 130,000",142900,143000,142950,"2.5H I4 Limited FWDAED 142,900 - 143,000",AED,https://www.drivearabia.com/carprices/uae/toyota/toyota-camry/2024/,2026-06-12T05:45:22Z
toyota-camry,2024,2.5H I4 Limited FWD,142900,143000,142950,"AED 142,900 - 143,000",AED,https://www.drivearabia.com/carprices/uae/toyota/toyota-camry/2024/,2026-06-12T05:45:22Z
toyota-camry,2024,Unknown,2022,136000,69011,"2022 Chevrolet MalibuAED 79,940 - 136,000",AED,https://www.drivearabia.com/carprices/uae/toyota/toyota-camry/2024/,2026-06-12T05:45:22Z
toyota-camry,2024,Unknown,2022,136000,69011,"2022 Chevrolet MalibuAED 79,940 - 136,000",AED,https://www.drivearabia.com/carprices/uae/toyota/toyota-camry/2024/,2026-06-12T05:45:22Z
toyota-camry,2024,Unknown,79940,136000,107970,"AED 79,940 - 136,000",AED,https://www.drivearabia.com/carprices/uae/toyota/toyota-camry/2024/,2026-06-12T05:45:22Z
toyota-camry,2024,Unknown,2024,147000,74512,"2024 Nissan AltimaAED 110,000 - 147,000",AED,https://www.drivearabia.com/carprices/uae/toyota/toyota-camry/2024/,2026-06-12T05:45:22Z
toyota-camry,2024,Unknown,2024,147000,74512,"2024 Nissan AltimaAED 110,000 - 147,000",AED,https://www.drivearabia.com/carprices/uae/toyota/toyota-camry/2024/,2026-06-12T05:45:22Z
toyota-camry,2024,Unknown,110000,147000,128500,"AED 110,000 - 147,000",AED,https://www.drivearabia.com/carprices/uae/toyota/toyota-camry/2024/,2026-06-12T05:45:22Z
toyota-camry,2024,Unknown,2024,166000,84012,"2024 Honda AccordAED 125,900 - 166,000",AED,https://www.drivearabia.com/carprices/uae/toyota/toyota-camry/2024/,2026-06-12T05:45:22Z
toyota-camry,2024,Unknown,2024,166000,84012,"2024 Honda AccordAED 125,900 - 166,000",AED,https://www.drivearabia.com/carprices/uae/toyota/toyota-camry/2024/,2026-06-12T05:45:22Z
toyota-camry,2024,Unknown,125900,166000,145950,"AED 125,900 - 166,000",AED,https://www.drivearabia.com/carprices/uae/toyota/toyota-camry/2024/,2026-06-12T05:45:22Z
toyota-camry,2024,Unknown,2024,111900,56962,"The starting price of the 2024 Toyota Camry in UAE is AED 111,900.",AED,https://www.drivearabia.com/carprices/uae/toyota/toyota-camry/2024/,2026-06-12T05:45:22Z
toyota-camry,2024,Unknown,2024,111900,56962,"The starting price of the 2024 Toyota Camry in UAE is AED 111,900.",AED,https://www.drivearabia.com/carprices/uae/toyota/toyota-camry/2024/,2026-06-12T05:45:22Z
toyota-camry,2024,Trims2.5L I4 SE FWD,,,111900,"Original Starting PriceAED 111,900",AED,https://www.drivearabia.com/carprices/uae/toyota/toyota-camry/2024/,2026-06-12T05:45:22Z
toyota-camry,2024,Trims2.5L I4 SE FWD,,,111900,"AED 111,900",AED,https://www.drivearabia.com/carprices/uae/toyota/toyota-camry/2024/,2026-06-12T05:45:22Z
toyota-camry,2024,Unknown,,,111900,"AED 111,900",AED,https://www.drivearabia.com/carprices/uae/toyota/toyota-camry/2024/,2026-06-12T05:45:22Z
toyota-camry,2025,Unknown,,,109900,"Starting atAED 109,900",AED,https://www.drivearabia.com/carprices/uae/toyota/toyota-camry/2025/,2026-06-12T05:45:24Z
toyota-camry,2025,Unknown,,,109900,"Starting atAED 109,900",AED,https://www.drivearabia.com/carprices/uae/toyota/toyota-camry/2025/,2026-06-12T05:45:24Z
toyota-camry,2025,Starting at,,,109900,"AED 109,900",AED,https://www.drivearabia.com/carprices/uae/toyota/toyota-camry/2025/,2026-06-12T05:45:24Z
toyota-camry,2025,Unknown,109900,110000,109950,"2.5L I4 E FWDAED 109,900 - 110,000",AED,https://www.drivearabia.com/carprices/uae/toyota/toyota-camry/2025/,2026-06-12T05:45:24Z
toyota-camry,2025,2.5L I4 E FWD,109900,110000,109950,"AED 109,900 - 110,000",AED,https://www.drivearabia.com/carprices/uae/toyota/toyota-camry/2025/,2026-06-12T05:45:24Z
toyota-camry,2025,Unknown,119900,120000,119950,"2.5L I4 XLE FWDAED 119,900 - 120,000",AED,https://www.drivearabia.com/carprices/uae/toyota/toyota-camry/2025/,2026-06-12T05:45:24Z
toyota-camry,2025,2.5L I4 XLE FWD,119900,120000,119950,"AED 119,900 - 120,000",AED,https://www.drivearabia.com/carprices/uae/toyota/toyota-camry/2025/,2026-06-12T05:45:24Z
toyota-camry,2025,Unknown,123900,124000,123950,"2.5H I4 XLE FWDAED 123,900 - 124,000",AED,https://www.drivearabia.com/carprices/uae/toyota/toyota-camry/2025/,2026-06-12T05:45:24Z
toyota-camry,2025,2.5H I4 XLE FWD,123900,124000,123950,"AED 123,900 - 124,000",AED,https://www.drivearabia.com/carprices/uae/toyota/toyota-camry/2025/,2026-06-12T05:45:24Z
toyota-camry,2025,Unknown,136900,137000,136950,"2.5L I4 GLE FWDAED 136,900 - 137,000",AED,https://www.drivearabia.com/carprices/uae/toyota/toyota-camry/2025/,2026-06-12T05:45:24Z
toyota-camry,2025,2.5L I4 GLE FWD,136900,137000,136950,"AED 136,900 - 137,000",AED,https://www.drivearabia.com/carprices/uae/toyota/toyota-camry/2025/,2026-06-12T05:45:24Z
toyota-camry,2025,Unknown,139900,140000,139950,"2.5H I4 GLE FWDAED 139,900 - 140,000",AED,https://www.drivearabia.com/carprices/uae/toyota/toyota-camry/2025/,2026-06-12T05:45:24Z
toyota-camry,2025,2.5H I4 GLE FWD,139900,140000,139950,"AED 139,900 - 140,000",AED,https://www.drivearabia.com/carprices/uae/toyota/toyota-camry/2025/,2026-06-12T05:45:24Z
toyota-camry,2025,Unknown,2025,98000,50012,"2025 Geely PrefaceAED 87,400 - 98,000",AED,https://www.drivearabia.com/carprices/uae/toyota/toyota-camry/2025/,2026-06-12T05:45:24Z
toyota-camry,2025,Unknown,2025,98000,50012,"2025 Geely PrefaceAED 87,400 - 98,000",AED,https://www.drivearabia.com/carprices/uae/toyota/toyota-camry/2025/,2026-06-12T05:45:24Z
toyota-camry,2025,Unknown,87400,98000,92700,"AED 87,400 - 98,000",AED,https://www.drivearabia.com/carprices/uae/toyota/toyota-camry/2025/,2026-06-12T05:45:24Z
toyota-camry,2025,Unknown,2025,166000,84012,"2025 Honda AccordAED 114,900 - 166,000",AED,https://www.drivearabia.com/carprices/uae/toyota/toyota-camry/2025/,2026-06-12T05:45:24Z
toyota-camry,2025,Unknown,2025,166000,84012,"2025 Honda AccordAED 114,900 - 166,000",AED,https://www.drivearabia.com/carprices/uae/toyota/toyota-camry/2025/,2026-06-12T05:45:24Z
toyota-camry,2025,Unknown,114900,166000,140450,"AED 114,900 - 166,000",AED,https://www.drivearabia.com/carprices/uae/toyota/toyota-camry/2025/,2026-06-12T05:45:24Z
toyota-camry,2025,Unknown,2025,147000,74512,"2025 Nissan AltimaAED 109,500 - 147,000",AED,https://www.drivearabia.com/carprices/uae/toyota/toyota-camry/2025/,2026-06-12T05:45:24Z
toyota-camry,2025,Unknown,2025,147000,74512,"2025 Nissan AltimaAED 109,500 - 147,000",AED,https://www.drivearabia.com/carprices/uae/toyota/toyota-camry/2025/,2026-06-12T05:45:24Z
toyota-camry,2025,Unknown,109500,147000,128250,"AED 109,500 - 147,000",AED,https://www.drivearabia.com/carprices/uae/toyota/toyota-camry/2025/,2026-06-12T05:45:24Z
toyota-camry,2025,Unknown,2025,109900,55962,"The starting price of the 2025 Toyota Camry in UAE is AED 109,900.",AED,https://www.drivearabia.com/carprices/uae/toyota/toyota-camry/2025/,2026-06-12T05:45:24Z
toyota-camry,2025,Unknown,2025,109900,55962,"The starting price of the 2025 Toyota Camry in UAE is AED 109,900.",AED,https://www.drivearabia.com/carprices/uae/toyota/toyota-camry/2025/,2026-06-12T05:45:24Z
toyota-camry,2025,Trims2.5L I4 E FWD,,,109900,"Starting atAED 109,900",AED,https://www.drivearabia.com/carprices/uae/toyota/toyota-camry/2025/,2026-06-12T05:45:24Z
toyota-camry,2025,Starting at,,,109900,"AED 109,900",AED,https://www.drivearabia.com/carprices/uae/toyota/toyota-camry/2025/,2026-06-12T05:45:24Z
toyota-camry,2025,Starting at,,,109900,"AED 109,900",AED,https://www.drivearabia.com/carprices/uae/toyota/toyota-camry/2025/,2026-06-12T05:45:24Z
toyota-camry,2026,Unknown,,,122900,"Starting atAED 122,900",AED,https://www.drivearabia.com/carprices/uae/toyota/toyota-camry/2026/,2026-06-12T05:45:25Z
toyota-camry,2026,Unknown,,,122900,"Starting atAED 122,900",AED,https://www.drivearabia.com/carprices/uae/toyota/toyota-camry/2026/,2026-06-12T05:45:25Z
toyota-camry,2026,Starting at,,,122900,"AED 122,900",AED,https://www.drivearabia.com/carprices/uae/toyota/toyota-camry/2026/,2026-06-12T05:45:25Z
toyota-camry,2026,Unknown,122900,124000,123450,"XLEAED 122,900 - 124,000",AED,https://www.drivearabia.com/carprices/uae/toyota/toyota-camry/2026/,2026-06-12T05:45:25Z
toyota-camry,2026,XLE,122900,124000,123450,"AED 122,900 - 124,000",AED,https://www.drivearabia.com/carprices/uae/toyota/toyota-camry/2026/,2026-06-12T05:45:25Z
toyota-camry,2026,Unknown,125900,127000,126450,"XLE HybridAED 125,900 - 127,000",AED,https://www.drivearabia.com/carprices/uae/toyota/toyota-camry/2026/,2026-06-12T05:45:25Z
toyota-camry,2026,XLE Hybrid,125900,127000,126450,"AED 125,900 - 127,000",AED,https://www.drivearabia.com/carprices/uae/toyota/toyota-camry/2026/,2026-06-12T05:45:25Z
toyota-camry,2026,"XLE HybridAED 125,900 - 127,000",139900,140000,139950,"GLEAED 139,900 - 140,000",AED,https://www.drivearabia.com/carprices/uae/toyota/toyota-camry/2026/,2026-06-12T05:45:25Z
toyota-camry,2026,GLE,139900,140000,139950,"AED 139,900 - 140,000",AED,https://www.drivearabia.com/carprices/uae/toyota/toyota-camry/2026/,2026-06-12T05:45:25Z
toyota-camry,2026,"XLE HybridAED 125,900 - 127,000",141900,142000,141950,"SportAED 141,900 - 142,000",AED,https://www.drivearabia.com/carprices/uae/toyota/toyota-camry/2026/,2026-06-12T05:45:25Z
toyota-camry,2026,Sport,141900,142000,141950,"AED 141,900 - 142,000",AED,https://www.drivearabia.com/carprices/uae/toyota/toyota-camry/2026/,2026-06-12T05:45:25Z
toyota-camry,2026,"XLE HybridAED 125,900 - 127,000",141900,143000,142450,"GLE HybridAED 141,900 - 143,000",AED,https://www.drivearabia.com/carprices/uae/toyota/toyota-camry/2026/,2026-06-12T05:45:25Z
toyota-camry,2026,GLE Hybrid,141900,143000,142450,"AED 141,900 - 143,000",AED,https://www.drivearabia.com/carprices/uae/toyota/toyota-camry/2026/,2026-06-12T05:45:25Z
toyota-camry,2026,"GLE HybridAED 141,900 - 143,000",143900,144000,143950,"Sport HybridAED 143,900 - 144,000",AED,https://www.drivearabia.com/carprices/uae/toyota/toyota-camry/2026/,2026-06-12T05:45:25Z
toyota-camry,2026,Sport Hybrid,143900,144000,143950,"AED 143,900 - 144,000",AED,https://www.drivearabia.com/carprices/uae/toyota/toyota-camry/2026/,2026-06-12T05:45:25Z
toyota-camry,2026,"Sport HybridAED 143,900 - 144,000",151900,152000,151950,"Limited HybridAED 151,900 - 152,000",AED,https://www.drivearabia.com/carprices/uae/toyota/toyota-camry/2026/,2026-06-12T05:45:25Z
toyota-camry,2026,Limited Hybrid,151900,152000,151950,"AED 151,900 - 152,000",AED,https://www.drivearabia.com/carprices/uae/toyota/toyota-camry/2026/,2026-06-12T05:45:25Z
toyota-camry,2026,Unknown,2025,98000,50012,"2025 Geely PrefaceAED 87,400 - 98,000",AED,https://www.drivearabia.com/carprices/uae/toyota/toyota-camry/2026/,2026-06-12T05:45:25Z
toyota-camry,2026,Unknown,2025,98000,50012,"2025 Geely PrefaceAED 87,400 - 98,000",AED,https://www.drivearabia.com/carprices/uae/toyota/toyota-camry/2026/,2026-06-12T05:45:25Z
toyota-camry,2026,Unknown,87400,98000,92700,"AED 87,400 - 98,000",AED,https://www.drivearabia.com/carprices/uae/toyota/toyota-camry/2026/,2026-06-12T05:45:25Z
toyota-camry,2026,Unknown,2025,166000,84012,"2025 Honda AccordAED 114,900 - 166,000",AED,https://www.drivearabia.com/carprices/uae/toyota/toyota-camry/2026/,2026-06-12T05:45:25Z
toyota-camry,2026,Unknown,2025,166000,84012,"2025 Honda AccordAED 114,900 - 166,000",AED,https://www.drivearabia.com/carprices/uae/toyota/toyota-camry/2026/,2026-06-12T05:45:25Z
toyota-camry,2026,Unknown,114900,166000,140450,"AED 114,900 - 166,000",AED,https://www.drivearabia.com/carprices/uae/toyota/toyota-camry/2026/,2026-06-12T05:45:25Z
toyota-camry,2026,Unknown,2025,147000,74512,"2025 Nissan AltimaAED 109,500 - 147,000",AED,https://www.drivearabia.com/carprices/uae/toyota/toyota-camry/2026/,2026-06-12T05:45:25Z
toyota-camry,2026,Unknown,2025,147000,74512,"2025 Nissan AltimaAED 109,500 - 147,000",AED,https://www.drivearabia.com/carprices/uae/toyota/toyota-camry/2026/,2026-06-12T05:45:25Z
toyota-camry,2026,Unknown,109500,147000,128250,"AED 109,500 - 147,000",AED,https://www.drivearabia.com/carprices/uae/toyota/toyota-camry/2026/,2026-06-12T05:45:25Z
toyota-camry,2026,Unknown,2026,122900,62463,"The starting price of the 2026 Toyota Camry in UAE is AED 122,900.",AED,https://www.drivearabia.com/carprices/uae/toyota/toyota-camry/2026/,2026-06-12T05:45:25Z
toyota-camry,2026,Unknown,2026,122900,62463,"The starting price of the 2026 Toyota Camry in UAE is AED 122,900.",AED,https://www.drivearabia.com/carprices/uae/toyota/toyota-camry/2026/,2026-06-12T05:45:25Z
toyota-camry,2026,TrimsXLE,,,122900,"Starting atAED 122,900",AED,https://www.drivearabia.com/carprices/uae/toyota/toyota-camry/2026/,2026-06-12T05:45:25Z
toyota-camry,2026,Starting at,,,122900,"AED 122,900",AED,https://www.drivearabia.com/carprices/uae/toyota/toyota-camry/2026/,2026-06-12T05:45:25Z
toyota-camry,2026,Starting at,,,122900,"AED 122,900",AED,https://www.drivearabia.com/carprices/uae/toyota/toyota-camry/2026/,2026-06-12T05:45:25Z
toyota-corolla,2022,Unknown,,,71900,"Original Starting PriceAED 71,900",AED,https://www.drivearabia.com/carprices/uae/toyota/toyota-corolla/2022/,2026-06-12T05:45:27Z
toyota-corolla,2022,Unknown,,,71900,"Original Starting PriceAED 71,900",AED,https://www.drivearabia.com/carprices/uae/toyota/toyota-corolla/2022/,2026-06-12T05:45:27Z
toyota-corolla,2022,Unknown,,,71900,"AED 71,900",AED,https://www.drivearabia.com/carprices/uae/toyota/toyota-corolla/2022/,2026-06-12T05:45:27Z
toyota-corolla,2022,Unknown,71900,72000,71950,"1.6 XLiAED 71,900 - 72,000",AED,https://www.drivearabia.com/carprices/uae/toyota/toyota-corolla/2022/,2026-06-12T05:45:27Z
toyota-corolla,2022,1.6 XLi,71900,72000,71950,"AED 71,900 - 72,000",AED,https://www.drivearabia.com/carprices/uae/toyota/toyota-corolla/2022/,2026-06-12T05:45:27Z
toyota-corolla,2022,Unknown,77900,78000,77950,"2.0 XLiAED 77,900 - 78,000",AED,https://www.drivearabia.com/carprices/uae/toyota/toyota-corolla/2022/,2026-06-12T05:45:27Z
toyota-corolla,2022,2.0 XLi,77900,78000,77950,"AED 77,900 - 78,000",AED,https://www.drivearabia.com/carprices/uae/toyota/toyota-corolla/2022/,2026-06-12T05:45:27Z
toyota-corolla,2022,Unknown,78900,79000,78950,"1.6 GLiAED 78,900 - 79,000",AED,https://www.drivearabia.com/carprices/uae/toyota/toyota-corolla/2022/,2026-06-12T05:45:27Z
toyota-corolla,2022,1.6 GLi,78900,79000,78950,"AED 78,900 - 79,000",AED,https://www.drivearabia.com/carprices/uae/toyota/toyota-corolla/2022/,2026-06-12T05:45:27Z
toyota-corolla,2022,Unknown,83900,95900,89900,"1.8 hybridAED 83,900 - 95,900",AED,https://www.drivearabia.com/carprices/uae/toyota/toyota-corolla/2022/,2026-06-12T05:45:27Z
toyota-corolla,2022,1.8 hybrid,83900,95900,89900,"AED 83,900 - 95,900",AED,https://www.drivearabia.com/carprices/uae/toyota/toyota-corolla/2022/,2026-06-12T05:45:27Z
toyota-corolla,2022,Unknown,2017,74000,38008,"2017 Chevrolet CruzeAED 57,000 - 74,000",AED,https://www.drivearabia.com/carprices/uae/toyota/toyota-corolla/2022/,2026-06-12T05:45:27Z
toyota-corolla,2022,Unknown,2017,74000,38008,"2017 Chevrolet CruzeAED 57,000 - 74,000",AED,https://www.drivearabia.com/carprices/uae/toyota/toyota-corolla/2022/,2026-06-12T05:45:27Z
toyota-corolla,2022,Unknown,57000,74000,65500,"AED 57,000 - 74,000",AED,https://www.drivearabia.com/carprices/uae/toyota/toyota-corolla/2022/,2026-06-12T05:45:27Z
toyota-corolla,2022,Unknown,2022,67000,34511,"2022 Nissan SentraAED 59,900 - 67,000",AED,https://www.drivearabia.com/carprices/uae/toyota/toyota-corolla/2022/,2026-06-12T05:45:27Z
toyota-corolla,2022,Unknown,2022,67000,34511,"2022 Nissan SentraAED 59,900 - 67,000",AED,https://www.drivearabia.com/carprices/uae/toyota/toyota-corolla/2022/,2026-06-12T05:45:27Z
toyota-corolla,2022,Unknown,59900,67000,63450,"AED 59,900 - 67,000",AED,https://www.drivearabia.com/carprices/uae/toyota/toyota-corolla/2022/,2026-06-12T05:45:27Z
toyota-corolla,2022,Unknown,2022,90000,46011,"2022 Hyundai ElantraAED 75,000 - 90,000",AED,https://www.drivearabia.com/carprices/uae/toyota/toyota-corolla/2022/,2026-06-12T05:45:27Z
toyota-corolla,2022,Unknown,2022,90000,46011,"2022 Hyundai ElantraAED 75,000 - 90,000",AED,https://www.drivearabia.com/carprices/uae/toyota/toyota-corolla/2022/,2026-06-12T05:45:27Z
toyota-corolla,2022,Unknown,75000,90000,82500,"AED 75,000 - 90,000",AED,https://www.drivearabia.com/carprices/uae/toyota/toyota-corolla/2022/,2026-06-12T05:45:27Z
toyota-corolla,2022,Unknown,2022,71900,36961,"The starting price of the 2022 Toyota Corolla in UAE is AED 71,900.",AED,https://www.drivearabia.com/carprices/uae/toyota/toyota-corolla/2022/,2026-06-12T05:45:27Z
toyota-corolla,2022,Unknown,2022,71900,36961,"The starting price of the 2022 Toyota Corolla in UAE is AED 71,900.",AED,https://www.drivearabia.com/carprices/uae/toyota/toyota-corolla/2022/,2026-06-12T05:45:27Z
toyota-corolla,2022,Trims1.6 XLi,,,71900,"Original Starting PriceAED 71,900",AED,https://www.drivearabia.com/carprices/uae/toyota/toyota-corolla/2022/,2026-06-12T05:45:27Z
toyota-corolla,2022,Trims1.6 XLi,,,71900,"AED 71,900",AED,https://www.drivearabia.com/carprices/uae/toyota/toyota-corolla/2022/,2026-06-12T05:45:27Z
toyota-corolla,2022,Unknown,,,71900,"AED 71,900",AED,https://www.drivearabia.com/carprices/uae/toyota/toyota-corolla/2022/,2026-06-12T05:45:27Z
toyota-corolla,2023,Unknown,,,73900,"Original Starting PriceAED 73,900",AED,https://www.drivearabia.com/carprices/uae/toyota/toyota-corolla/2023/,2026-06-12T05:45:29Z
toyota-corolla,2023,Unknown,,,73900,"Original Starting PriceAED 73,900",AED,https://www.drivearabia.com/carprices/uae/toyota/toyota-corolla/2023/,2026-06-12T05:45:29Z
toyota-corolla,2023,Unknown,,,73900,"AED 73,900",AED,https://www.drivearabia.com/carprices/uae/toyota/toyota-corolla/2023/,2026-06-12T05:45:29Z
toyota-corolla,2023,Unknown,73900,75900,74900,"1.6 XLiAED 73,900 - 75,900",AED,https://www.drivearabia.com/carprices/uae/toyota/toyota-corolla/2023/,2026-06-12T05:45:29Z
toyota-corolla,2023,1.6 XLi,73900,75900,74900,"AED 73,900 - 75,900",AED,https://www.drivearabia.com/carprices/uae/toyota/toyota-corolla/2023/,2026-06-12T05:45:29Z
toyota-corolla,2023,Unknown,77900,78000,77950,"2.0 XLiAED 77,900 - 78,000",AED,https://www.drivearabia.com/carprices/uae/toyota/toyota-corolla/2023/,2026-06-12T05:45:29Z
toyota-corolla,2023,2.0 XLi,77900,78000,77950,"AED 77,900 - 78,000",AED,https://www.drivearabia.com/carprices/uae/toyota/toyota-corolla/2023/,2026-06-12T05:45:29Z
toyota-corolla,2023,Unknown,80900,81000,80950,"1.6 GLiAED 80,900 - 81,000",AED,https://www.drivearabia.com/carprices/uae/toyota/toyota-corolla/2023/,2026-06-12T05:45:29Z
toyota-corolla,2023,1.6 GLi,80900,81000,80950,"AED 80,900 - 81,000",AED,https://www.drivearabia.com/carprices/uae/toyota/toyota-corolla/2023/,2026-06-12T05:45:29Z
toyota-corolla,2023,Unknown,85900,86000,85950,"1.8 hybridAED 85,900 - 86,000",AED,https://www.drivearabia.com/carprices/uae/toyota/toyota-corolla/2023/,2026-06-12T05:45:29Z
toyota-corolla,2023,1.8 hybrid,85900,86000,85950,"AED 85,900 - 86,000",AED,https://www.drivearabia.com/carprices/uae/toyota/toyota-corolla/2023/,2026-06-12T05:45:29Z
toyota-corolla,2023,Unknown,2017,74000,38008,"2017 Chevrolet CruzeAED 57,000 - 74,000",AED,https://www.drivearabia.com/carprices/uae/toyota/toyota-corolla/2023/,2026-06-12T05:45:29Z
toyota-corolla,2023,Unknown,2017,74000,38008,"2017 Chevrolet CruzeAED 57,000 - 74,000",AED,https://www.drivearabia.com/carprices/uae/toyota/toyota-corolla/2023/,2026-06-12T05:45:29Z
toyota-corolla,2023,Unknown,57000,74000,65500,"AED 57,000 - 74,000",AED,https://www.drivearabia.com/carprices/uae/toyota/toyota-corolla/2023/,2026-06-12T05:45:29Z
toyota-corolla,2023,Unknown,2022,67000,34511,"2022 Nissan SentraAED 59,900 - 67,000",AED,https://www.drivearabia.com/carprices/uae/toyota/toyota-corolla/2023/,2026-06-12T05:45:29Z
toyota-corolla,2023,Unknown,2022,67000,34511,"2022 Nissan SentraAED 59,900 - 67,000",AED,https://www.drivearabia.com/carprices/uae/toyota/toyota-corolla/2023/,2026-06-12T05:45:29Z
toyota-corolla,2023,Unknown,59900,67000,63450,"AED 59,900 - 67,000",AED,https://www.drivearabia.com/carprices/uae/toyota/toyota-corolla/2023/,2026-06-12T05:45:29Z
toyota-corolla,2023,Unknown,2023,90000,46012,"2023 Hyundai ElantraAED 75,000 - 90,000",AED,https://www.drivearabia.com/carprices/uae/toyota/toyota-corolla/2023/,2026-06-12T05:45:29Z
toyota-corolla,2023,Unknown,2023,90000,46012,"2023 Hyundai ElantraAED 75,000 - 90,000",AED,https://www.drivearabia.com/carprices/uae/toyota/toyota-corolla/2023/,2026-06-12T05:45:29Z
toyota-corolla,2023,Unknown,75000,90000,82500,"AED 75,000 - 90,000",AED,https://www.drivearabia.com/carprices/uae/toyota/toyota-corolla/2023/,2026-06-12T05:45:29Z
toyota-corolla,2023,Unknown,2023,73900,37962,"The starting price of the 2023 Toyota Corolla in UAE is AED 73,900.",AED,https://www.drivearabia.com/carprices/uae/toyota/toyota-corolla/2023/,2026-06-12T05:45:29Z
toyota-corolla,2023,Unknown,2023,73900,37962,"The starting price of the 2023 Toyota Corolla in UAE is AED 73,900.",AED,https://www.drivearabia.com/carprices/uae/toyota/toyota-corolla/2023/,2026-06-12T05:45:29Z
toyota-corolla,2023,Trims1.6 XLi,,,73900,"Original Starting PriceAED 73,900",AED,https://www.drivearabia.com/carprices/uae/toyota/toyota-corolla/2023/,2026-06-12T05:45:29Z
toyota-corolla,2023,Trims1.6 XLi,,,73900,"AED 73,900",AED,https://www.drivearabia.com/carprices/uae/toyota/toyota-corolla/2023/,2026-06-12T05:45:29Z
toyota-corolla,2023,Unknown,,,73900,"AED 73,900",AED,https://www.drivearabia.com/carprices/uae/toyota/toyota-corolla/2023/,2026-06-12T05:45:29Z
toyota-corolla,2024,Unknown,,,74900,"Original Starting PriceAED 74,900",AED,https://www.drivearabia.com/carprices/uae/toyota/toyota-corolla/2024/,2026-06-12T05:45:31Z
toyota-corolla,2024,Unknown,,,74900,"Original Starting PriceAED 74,900",AED,https://www.drivearabia.com/carprices/uae/toyota/toyota-corolla/2024/,2026-06-12T05:45:31Z
toyota-corolla,2024,Unknown,,,74900,"AED 74,900",AED,https://www.drivearabia.com/carprices/uae/toyota/toyota-corolla/2024/,2026-06-12T05:45:31Z
toyota-corolla,2024,Unknown,74900,75900,75400,"1.6 XLiAED 74,900 - 75,900",AED,https://www.drivearabia.com/carprices/uae/toyota/toyota-corolla/2024/,2026-06-12T05:45:31Z
toyota-corolla,2024,1.6 XLi,74900,75900,75400,"AED 74,900 - 75,900",AED,https://www.drivearabia.com/carprices/uae/toyota/toyota-corolla/2024/,2026-06-12T05:45:31Z
toyota-corolla,2024,Unknown,77900,78000,77950,"2.0 XLiAED 77,900 - 78,000",AED,https://www.drivearabia.com/carprices/uae/toyota/toyota-corolla/2024/,2026-06-12T05:45:31Z
toyota-corolla,2024,2.0 XLi,77900,78000,77950,"AED 77,900 - 78,000",AED,https://www.drivearabia.com/carprices/uae/toyota/toyota-corolla/2024/,2026-06-12T05:45:31Z
toyota-corolla,2024,Unknown,80900,81000,80950,"1.6 GLiAED 80,900 - 81,000",AED,https://www.drivearabia.com/carprices/uae/toyota/toyota-corolla/2024/,2026-06-12T05:45:31Z
toyota-corolla,2024,1.6 GLi,80900,81000,80950,"AED 80,900 - 81,000",AED,https://www.drivearabia.com/carprices/uae/toyota/toyota-corolla/2024/,2026-06-12T05:45:31Z
toyota-corolla,2024,Unknown,85900,86000,85950,"1.8 hybridAED 85,900 - 86,000",AED,https://www.drivearabia.com/carprices/uae/toyota/toyota-corolla/2024/,2026-06-12T05:45:31Z
toyota-corolla,2024,1.8 hybrid,85900,86000,85950,"AED 85,900 - 86,000",AED,https://www.drivearabia.com/carprices/uae/toyota/toyota-corolla/2024/,2026-06-12T05:45:31Z
toyota-corolla,2024,Unknown,2017,74000,38008,"2017 Chevrolet CruzeAED 57,000 - 74,000",AED,https://www.drivearabia.com/carprices/uae/toyota/toyota-corolla/2024/,2026-06-12T05:45:31Z
toyota-corolla,2024,Unknown,2017,74000,38008,"2017 Chevrolet CruzeAED 57,000 - 74,000",AED,https://www.drivearabia.com/carprices/uae/toyota/toyota-corolla/2024/,2026-06-12T05:45:31Z
toyota-corolla,2024,Unknown,57000,74000,65500,"AED 57,000 - 74,000",AED,https://www.drivearabia.com/carprices/uae/toyota/toyota-corolla/2024/,2026-06-12T05:45:31Z
toyota-corolla,2024,Unknown,2022,67000,34511,"2022 Nissan SentraAED 59,900 - 67,000",AED,https://www.drivearabia.com/carprices/uae/toyota/toyota-corolla/2024/,2026-06-12T05:45:31Z
toyota-corolla,2024,Unknown,2022,67000,34511,"2022 Nissan SentraAED 59,900 - 67,000",AED,https://www.drivearabia.com/carprices/uae/toyota/toyota-corolla/2024/,2026-06-12T05:45:31Z
toyota-corolla,2024,Unknown,59900,67000,63450,"AED 59,900 - 67,000",AED,https://www.drivearabia.com/carprices/uae/toyota/toyota-corolla/2024/,2026-06-12T05:45:31Z
toyota-corolla,2024,Unknown,2024,90000,46012,"2024 Hyundai ElantraAED 75,000 - 90,000",AED,https://www.drivearabia.com/carprices/uae/toyota/toyota-corolla/2024/,2026-06-12T05:45:31Z
toyota-corolla,2024,Unknown,2024,90000,46012,"2024 Hyundai ElantraAED 75,000 - 90,000",AED,https://www.drivearabia.com/carprices/uae/toyota/toyota-corolla/2024/,2026-06-12T05:45:31Z
toyota-corolla,2024,Unknown,75000,90000,82500,"AED 75,000 - 90,000",AED,https://www.drivearabia.com/carprices/uae/toyota/toyota-corolla/2024/,2026-06-12T05:45:31Z
toyota-corolla,2024,Unknown,2024,74900,38462,"The starting price of the 2024 Toyota Corolla in UAE is AED 74,900.",AED,https://www.drivearabia.com/carprices/uae/toyota/toyota-corolla/2024/,2026-06-12T05:45:31Z
toyota-corolla,2024,Unknown,2024,74900,38462,"The starting price of the 2024 Toyota Corolla in UAE is AED 74,900.",AED,https://www.drivearabia.com/carprices/uae/toyota/toyota-corolla/2024/,2026-06-12T05:45:31Z
toyota-corolla,2024,Trims1.6 XLi,,,74900,"Original Starting PriceAED 74,900",AED,https://www.drivearabia.com/carprices/uae/toyota/toyota-corolla/2024/,2026-06-12T05:45:31Z
toyota-corolla,2024,Trims1.6 XLi,,,74900,"AED 74,900",AED,https://www.drivearabia.com/carprices/uae/toyota/toyota-corolla/2024/,2026-06-12T05:45:31Z
toyota-corolla,2024,Unknown,,,74900,"AED 74,900",AED,https://www.drivearabia.com/carprices/uae/toyota/toyota-corolla/2024/,2026-06-12T05:45:31Z
toyota-corolla,2025,Unknown,,,76900,"Starting atAED 76,900",AED,https://www.drivearabia.com/carprices/uae/toyota/toyota-corolla/2025/,2026-06-12T05:45:33Z
toyota-corolla,2025,Unknown,,,76900,"Starting atAED 76,900",AED,https://www.drivearabia.com/carprices/uae/toyota/toyota-corolla/2025/,2026-06-12T05:45:33Z
toyota-corolla,2025,Starting at,,,76900,"AED 76,900",AED,https://www.drivearabia.com/carprices/uae/toyota/toyota-corolla/2025/,2026-06-12T05:45:33Z
toyota-corolla,2025,Unknown,76900,77900,77400,"1.6 I4 XLi FWDAED 76,900 - 77,900",AED,https://www.drivearabia.com/carprices/uae/toyota/toyota-corolla/2025/,2026-06-12T05:45:33Z
toyota-corolla,2025,1.6 I4 XLi FWD,76900,77900,77400,"AED 76,900 - 77,900",AED,https://www.drivearabia.com/carprices/uae/toyota/toyota-corolla/2025/,2026-06-12T05:45:33Z
toyota-corolla,2025,"1.6 I4 XLi FWDAED 76,900 - 77,900",82900,83000,82950,"1.6 I4 GLi FWDAED 82,900 - 83,000",AED,https://www.drivearabia.com/carprices/uae/toyota/toyota-corolla/2025/,2026-06-12T05:45:33Z
toyota-corolla,2025,1.6 I4 GLi FWD,82900,83000,82950,"AED 82,900 - 83,000",AED,https://www.drivearabia.com/carprices/uae/toyota/toyota-corolla/2025/,2026-06-12T05:45:33Z
toyota-corolla,2025,"1.6 I4 GLi FWDAED 82,900 - 83,000",83900,84000,83950,"2.0 I4 XLi FWDAED 83,900 - 84,000",AED,https://www.drivearabia.com/carprices/uae/toyota/toyota-corolla/2025/,2026-06-12T05:45:33Z
toyota-corolla,2025,2.0 I4 XLi FWD,83900,84000,83950,"AED 83,900 - 84,000",AED,https://www.drivearabia.com/carprices/uae/toyota/toyota-corolla/2025/,2026-06-12T05:45:33Z
toyota-corolla,2025,"2.0 I4 XLi FWDAED 83,900 - 84,000",87900,88000,87950,"1.8H I4 Hybrid FWDAED 87,900 - 88,000",AED,https://www.drivearabia.com/carprices/uae/toyota/toyota-corolla/2025/,2026-06-12T05:45:33Z
toyota-corolla,2025,1.8H I4 Hybrid FWD,87900,88000,87950,"AED 87,900 - 88,000",AED,https://www.drivearabia.com/carprices/uae/toyota/toyota-corolla/2025/,2026-06-12T05:45:33Z
toyota-corolla,2025,Unknown,2017,74000,38008,"2017 Chevrolet CruzeAED 57,000 - 74,000",AED,https://www.drivearabia.com/carprices/uae/toyota/toyota-corolla/2025/,2026-06-12T05:45:33Z
toyota-corolla,2025,Unknown,2017,74000,38008,"2017 Chevrolet CruzeAED 57,000 - 74,000",AED,https://www.drivearabia.com/carprices/uae/toyota/toyota-corolla/2025/,2026-06-12T05:45:33Z
toyota-corolla,2025,Unknown,57000,74000,65500,"AED 57,000 - 74,000",AED,https://www.drivearabia.com/carprices/uae/toyota/toyota-corolla/2025/,2026-06-12T05:45:33Z
toyota-corolla,2025,Unknown,2022,67000,34511,"2022 Nissan SentraAED 59,900 - 67,000",AED,https://www.drivearabia.com/carprices/uae/toyota/toyota-corolla/2025/,2026-06-12T05:45:33Z
toyota-corolla,2025,Unknown,2022,67000,34511,"2022 Nissan SentraAED 59,900 - 67,000",AED,https://www.drivearabia.com/carprices/uae/toyota/toyota-corolla/2025/,2026-06-12T05:45:33Z
toyota-corolla,2025,Unknown,59900,67000,63450,"AED 59,900 - 67,000",AED,https://www.drivearabia.com/carprices/uae/toyota/toyota-corolla/2025/,2026-06-12T05:45:33Z
toyota-corolla,2025,Unknown,2025,90000,46012,"2025 Hyundai ElantraAED 75,000 - 90,000",AED,https://www.drivearabia.com/carprices/uae/toyota/toyota-corolla/2025/,2026-06-12T05:45:33Z
toyota-corolla,2025,Unknown,2025,90000,46012,"2025 Hyundai ElantraAED 75,000 - 90,000",AED,https://www.drivearabia.com/carprices/uae/toyota/toyota-corolla/2025/,2026-06-12T05:45:33Z
toyota-corolla,2025,Unknown,75000,90000,82500,"AED 75,000 - 90,000",AED,https://www.drivearabia.com/carprices/uae/toyota/toyota-corolla/2025/,2026-06-12T05:45:33Z
toyota-corolla,2025,Unknown,2025,76900,39462,"The starting price of the 2025 Toyota Corolla in UAE is AED 76,900.",AED,https://www.drivearabia.com/carprices/uae/toyota/toyota-corolla/2025/,2026-06-12T05:45:33Z
toyota-corolla,2025,Unknown,2025,76900,39462,"The starting price of the 2025 Toyota Corolla in UAE is AED 76,900.",AED,https://www.drivearabia.com/carprices/uae/toyota/toyota-corolla/2025/,2026-06-12T05:45:33Z
toyota-corolla,2025,Trims1.6 I4 XLi FWD,,,76900,"Starting atAED 76,900",AED,https://www.drivearabia.com/carprices/uae/toyota/toyota-corolla/2025/,2026-06-12T05:45:33Z
toyota-corolla,2025,Starting at,,,76900,"AED 76,900",AED,https://www.drivearabia.com/carprices/uae/toyota/toyota-corolla/2025/,2026-06-12T05:45:33Z
toyota-corolla,2025,Starting at,,,76900,"AED 76,900",AED,https://www.drivearabia.com/carprices/uae/toyota/toyota-corolla/2025/,2026-06-12T05:45:33Z
toyota-corolla,2026,Unknown,,,76900,"Starting atAED 76,900",AED,https://www.drivearabia.com/carprices/uae/toyota/toyota-corolla/2026/,2026-06-12T05:45:34Z
toyota-corolla,2026,Unknown,,,76900,"Starting atAED 76,900",AED,https://www.drivearabia.com/carprices/uae/toyota/toyota-corolla/2026/,2026-06-12T05:45:34Z
toyota-corolla,2026,Starting at,,,76900,"AED 76,900",AED,https://www.drivearabia.com/carprices/uae/toyota/toyota-corolla/2026/,2026-06-12T05:45:34Z
toyota-corolla,2026,Unknown,76900,77900,77400,"1.6 I4 XLi FWDAED 76,900 - 77,900",AED,https://www.drivearabia.com/carprices/uae/toyota/toyota-corolla/2026/,2026-06-12T05:45:34Z
toyota-corolla,2026,1.6 I4 XLi FWD,76900,77900,77400,"AED 76,900 - 77,900",AED,https://www.drivearabia.com/carprices/uae/toyota/toyota-corolla/2026/,2026-06-12T05:45:34Z
toyota-corolla,2026,"1.6 I4 XLi FWDAED 76,900 - 77,900",82900,83000,82950,"1.6 I4 GLi FWDAED 82,900 - 83,000",AED,https://www.drivearabia.com/carprices/uae/toyota/toyota-corolla/2026/,2026-06-12T05:45:34Z
toyota-corolla,2026,1.6 I4 GLi FWD,82900,83000,82950,"AED 82,900 - 83,000",AED,https://www.drivearabia.com/carprices/uae/toyota/toyota-corolla/2026/,2026-06-12T05:45:34Z
toyota-corolla,2026,"1.6 I4 GLi FWDAED 82,900 - 83,000",83900,84000,83950,"2.0 I4 XLi FWDAED 83,900 - 84,000",AED,https://www.drivearabia.com/carprices/uae/toyota/toyota-corolla/2026/,2026-06-12T05:45:34Z
toyota-corolla,2026,2.0 I4 XLi FWD,83900,84000,83950,"AED 83,900 - 84,000",AED,https://www.drivearabia.com/carprices/uae/toyota/toyota-corolla/2026/,2026-06-12T05:45:34Z
toyota-corolla,2026,"2.0 I4 XLi FWDAED 83,900 - 84,000",87900,88000,87950,"1.8H I4 Hybrid FWDAED 87,900 - 88,000",AED,https://www.drivearabia.com/carprices/uae/toyota/toyota-corolla/2026/,2026-06-12T05:45:34Z
toyota-corolla,2026,1.8H I4 Hybrid FWD,87900,88000,87950,"AED 87,900 - 88,000",AED,https://www.drivearabia.com/carprices/uae/toyota/toyota-corolla/2026/,2026-06-12T05:45:34Z
toyota-corolla,2026,Unknown,2025,74500,38262,"2025 Changan EadoAED 63,000 - 74,500",AED,https://www.drivearabia.com/carprices/uae/toyota/toyota-corolla/2026/,2026-06-12T05:45:34Z
toyota-corolla,2026,Unknown,2025,74500,38262,"2025 Changan EadoAED 63,000 - 74,500",AED,https://www.drivearabia.com/carprices/uae/toyota/toyota-corolla/2026/,2026-06-12T05:45:34Z
toyota-corolla,2026,2025 Changan Eado,63000,74500,68750,"AED 63,000 - 74,500",AED,https://www.drivearabia.com/carprices/uae/toyota/toyota-corolla/2026/,2026-06-12T05:45:34Z
toyota-corolla,2026,"2025 Changan EadoAED 63,000 - 74,500",2025,50900,26462,"2025 Dongfeng ShineAED 49,900 - 50,900",AED,https://www.drivearabia.com/carprices/uae/toyota/toyota-corolla/2026/,2026-06-12T05:45:34Z
toyota-corolla,2026,Unknown,2025,50900,26462,"2025 Dongfeng ShineAED 49,900 - 50,900",AED,https://www.drivearabia.com/carprices/uae/toyota/toyota-corolla/2026/,2026-06-12T05:45:34Z
toyota-corolla,2026,2025 Dongfeng Shine,49900,50900,50400,"AED 49,900 - 50,900",AED,https://www.drivearabia.com/carprices/uae/toyota/toyota-corolla/2026/,2026-06-12T05:45:34Z
toyota-corolla,2026,"2025 Dongfeng ShineAED 49,900 - 50,900",2025,90000,46012,"2025 Hyundai ElantraAED 75,000 - 90,000",AED,https://www.drivearabia.com/carprices/uae/toyota/toyota-corolla/2026/,2026-06-12T05:45:34Z
toyota-corolla,2026,Unknown,2025,90000,46012,"2025 Hyundai ElantraAED 75,000 - 90,000",AED,https://www.drivearabia.com/carprices/uae/toyota/toyota-corolla/2026/,2026-06-12T05:45:34Z
toyota-corolla,2026,Unknown,75000,90000,82500,"AED 75,000 - 90,000",AED,https://www.drivearabia.com/carprices/uae/toyota/toyota-corolla/2026/,2026-06-12T05:45:34Z
toyota-corolla,2026,Unknown,2026,76900,39463,"The starting price of the 2026 Toyota Corolla in UAE is AED 76,900.",AED,https://www.drivearabia.com/carprices/uae/toyota/toyota-corolla/2026/,2026-06-12T05:45:34Z
toyota-corolla,2026,Unknown,2026,76900,39463,"The starting price of the 2026 Toyota Corolla in UAE is AED 76,900.",AED,https://www.drivearabia.com/carprices/uae/toyota/toyota-corolla/2026/,2026-06-12T05:45:34Z
toyota-corolla,2026,Trims1.6 I4 XLi FWD,,,76900,"Starting atAED 76,900",AED,https://www.drivearabia.com/carprices/uae/toyota/toyota-corolla/2026/,2026-06-12T05:45:34Z
toyota-corolla,2026,Starting at,,,76900,"AED 76,900",AED,https://www.drivearabia.com/carprices/uae/toyota/toyota-corolla/2026/,2026-06-12T05:45:34Z
toyota-corolla,2026,Starting at,,,76900,"AED 76,900",AED,https://www.drivearabia.com/carprices/uae/toyota/toyota-corolla/2026/,2026-06-12T05:45:34Z
toyota-corolla-cross,2022,Unknown,,,89900,"Original Starting PriceAED 89,900",AED,https://www.drivearabia.com/carprices/uae/toyota/toyota-corolla-cross/2022/,2026-06-12T05:45:36Z
toyota-corolla-cross,2022,Unknown,,,89900,"Original Starting PriceAED 89,900",AED,https://www.drivearabia.com/carprices/uae/toyota/toyota-corolla-cross/2022/,2026-06-12T05:45:36Z
toyota-corolla-cross,2022,Unknown,,,89900,"AED 89,900",AED,https://www.drivearabia.com/carprices/uae/toyota/toyota-corolla-cross/2022/,2026-06-12T05:45:36Z
toyota-corolla-cross,2022,Original Trim Prices,89900,100900,95400,"XLAED 89,900 - 90,000GLAED 100,900 - 101,000",AED,https://www.drivearabia.com/carprices/uae/toyota/toyota-corolla-cross/2022/,2026-06-12T05:45:36Z
toyota-corolla-cross,2022,Original Trim Prices,89900,100900,95400,"XLAED 89,900 - 90,000GLAED 100,900 - 101,000",AED,https://www.drivearabia.com/carprices/uae/toyota/toyota-corolla-cross/2022/,2026-06-12T05:45:36Z
toyota-corolla-cross,2022,Unknown,89900,90000,89950,"XLAED 89,900 - 90,000",AED,https://www.drivearabia.com/carprices/uae/toyota/toyota-corolla-cross/2022/,2026-06-12T05:45:36Z
toyota-corolla-cross,2022,XL,89900,90000,89950,"AED 89,900 - 90,000",AED,https://www.drivearabia.com/carprices/uae/toyota/toyota-corolla-cross/2022/,2026-06-12T05:45:36Z
toyota-corolla-cross,2022,Unknown,100900,101000,100950,"GLAED 100,900 - 101,000",AED,https://www.drivearabia.com/carprices/uae/toyota/toyota-corolla-cross/2022/,2026-06-12T05:45:36Z
toyota-corolla-cross,2022,GL,100900,101000,100950,"AED 100,900 - 101,000",AED,https://www.drivearabia.com/carprices/uae/toyota/toyota-corolla-cross/2022/,2026-06-12T05:45:36Z
toyota-corolla-cross,2022,Unknown,2022,82000,42011,"2022 Opel Crossland XAED 69,900 - 82,000",AED,https://www.drivearabia.com/carprices/uae/toyota/toyota-corolla-cross/2022/,2026-06-12T05:45:36Z
toyota-corolla-cross,2022,Unknown,2022,82000,42011,"2022 Opel Crossland XAED 69,900 - 82,000",AED,https://www.drivearabia.com/carprices/uae/toyota/toyota-corolla-cross/2022/,2026-06-12T05:45:36Z
toyota-corolla-cross,2022,Unknown,69900,82000,75950,"AED 69,900 - 82,000",AED,https://www.drivearabia.com/carprices/uae/toyota/toyota-corolla-cross/2022/,2026-06-12T05:45:36Z
toyota-corolla-cross,2022,Unknown,2022,90000,46011,"2022 Mitsubishi ASXAED 69,900 - 90,000",AED,https://www.drivearabia.com/carprices/uae/toyota/toyota-corolla-cross/2022/,2026-06-12T05:45:36Z
toyota-corolla-cross,2022,Unknown,2022,90000,46011,"2022 Mitsubishi ASXAED 69,900 - 90,000",AED,https://www.drivearabia.com/carprices/uae/toyota/toyota-corolla-cross/2022/,2026-06-12T05:45:36Z
toyota-corolla-cross,2022,Unknown,69900,90000,79950,"AED 69,900 - 90,000",AED,https://www.drivearabia.com/carprices/uae/toyota/toyota-corolla-cross/2022/,2026-06-12T05:45:36Z
toyota-corolla-cross,2022,Unknown,2022,81000,41511,"2022 Kia SonetAED 65,100 - 81,000",AED,https://www.drivearabia.com/carprices/uae/toyota/toyota-corolla-cross/2022/,2026-06-12T05:45:36Z
toyota-corolla-cross,2022,Unknown,2022,81000,41511,"2022 Kia SonetAED 65,100 - 81,000",AED,https://www.drivearabia.com/carprices/uae/toyota/toyota-corolla-cross/2022/,2026-06-12T05:45:36Z
toyota-corolla-cross,2022,Unknown,65100,81000,73050,"AED 65,100 - 81,000",AED,https://www.drivearabia.com/carprices/uae/toyota/toyota-corolla-cross/2022/,2026-06-12T05:45:36Z
toyota-corolla-cross,2022,Unknown,2022,89900,45961,"The starting price of the 2022 Toyota Corolla Cross in UAE is AED 89,900.",AED,https://www.drivearabia.com/carprices/uae/toyota/toyota-corolla-cross/2022/,2026-06-12T05:45:36Z
toyota-corolla-cross,2022,Unknown,2022,89900,45961,"The starting price of the 2022 Toyota Corolla Cross in UAE is AED 89,900.",AED,https://www.drivearabia.com/carprices/uae/toyota/toyota-corolla-cross/2022/,2026-06-12T05:45:36Z
toyota-corolla-cross,2022,TrimsXL,,,89900,"Original Starting PriceAED 89,900",AED,https://www.drivearabia.com/carprices/uae/toyota/toyota-corolla-cross/2022/,2026-06-12T05:45:36Z
toyota-corolla-cross,2022,TrimsXL,,,89900,"AED 89,900",AED,https://www.drivearabia.com/carprices/uae/toyota/toyota-corolla-cross/2022/,2026-06-12T05:45:36Z
toyota-corolla-cross,2022,Unknown,,,89900,"AED 89,900",AED,https://www.drivearabia.com/carprices/uae/toyota/toyota-corolla-cross/2022/,2026-06-12T05:45:36Z
toyota-corolla-cross,2023,Unknown,,,91900,"Original Starting PriceAED 91,900",AED,https://www.drivearabia.com/carprices/uae/toyota/toyota-corolla-cross/2023/,2026-06-12T05:45:38Z
toyota-corolla-cross,2023,Unknown,,,91900,"Original Starting PriceAED 91,900",AED,https://www.drivearabia.com/carprices/uae/toyota/toyota-corolla-cross/2023/,2026-06-12T05:45:38Z
toyota-corolla-cross,2023,Unknown,,,91900,"AED 91,900",AED,https://www.drivearabia.com/carprices/uae/toyota/toyota-corolla-cross/2023/,2026-06-12T05:45:38Z
toyota-corolla-cross,2023,Original Trim Prices,91900,106900,99400,"XLAED 91,900 - 92,000GLAED 106,900 - 107,000",AED,https://www.drivearabia.com/carprices/uae/toyota/toyota-corolla-cross/2023/,2026-06-12T05:45:38Z
toyota-corolla-cross,2023,Original Trim Prices,91900,106900,99400,"XLAED 91,900 - 92,000GLAED 106,900 - 107,000",AED,https://www.drivearabia.com/carprices/uae/toyota/toyota-corolla-cross/2023/,2026-06-12T05:45:38Z
toyota-corolla-cross,2023,Unknown,91900,92000,91950,"XLAED 91,900 - 92,000",AED,https://www.drivearabia.com/carprices/uae/toyota/toyota-corolla-cross/2023/,2026-06-12T05:45:38Z
toyota-corolla-cross,2023,XL,91900,92000,91950,"AED 91,900 - 92,000",AED,https://www.drivearabia.com/carprices/uae/toyota/toyota-corolla-cross/2023/,2026-06-12T05:45:38Z
toyota-corolla-cross,2023,Unknown,106900,107000,106950,"GLAED 106,900 - 107,000",AED,https://www.drivearabia.com/carprices/uae/toyota/toyota-corolla-cross/2023/,2026-06-12T05:45:38Z
toyota-corolla-cross,2023,GL,106900,107000,106950,"AED 106,900 - 107,000",AED,https://www.drivearabia.com/carprices/uae/toyota/toyota-corolla-cross/2023/,2026-06-12T05:45:38Z
toyota-corolla-cross,2023,Unknown,2023,82000,42012,"2023 Kia SonetAED 66,000 - 82,000",AED,https://www.drivearabia.com/carprices/uae/toyota/toyota-corolla-cross/2023/,2026-06-12T05:45:38Z
toyota-corolla-cross,2023,Unknown,2023,82000,42012,"2023 Kia SonetAED 66,000 - 82,000",AED,https://www.drivearabia.com/carprices/uae/toyota/toyota-corolla-cross/2023/,2026-06-12T05:45:38Z
toyota-corolla-cross,2023,Unknown,66000,82000,74000,"AED 66,000 - 82,000",AED,https://www.drivearabia.com/carprices/uae/toyota/toyota-corolla-cross/2023/,2026-06-12T05:45:38Z
toyota-corolla-cross,2023,Unknown,2023,90000,46012,"2023 Mitsubishi ASXAED 69,900 - 90,000",AED,https://www.drivearabia.com/carprices/uae/toyota/toyota-corolla-cross/2023/,2026-06-12T05:45:38Z
toyota-corolla-cross,2023,Unknown,2023,90000,46012,"2023 Mitsubishi ASXAED 69,900 - 90,000",AED,https://www.drivearabia.com/carprices/uae/toyota/toyota-corolla-cross/2023/,2026-06-12T05:45:38Z
toyota-corolla-cross,2023,Unknown,69900,90000,79950,"AED 69,900 - 90,000",AED,https://www.drivearabia.com/carprices/uae/toyota/toyota-corolla-cross/2023/,2026-06-12T05:45:38Z
toyota-corolla-cross,2023,Unknown,2023,82000,42012,"2023 Opel Crossland XAED 69,900 - 82,000",AED,https://www.drivearabia.com/carprices/uae/toyota/toyota-corolla-cross/2023/,2026-06-12T05:45:38Z
toyota-corolla-cross,2023,Unknown,2023,82000,42012,"2023 Opel Crossland XAED 69,900 - 82,000",AED,https://www.drivearabia.com/carprices/uae/toyota/toyota-corolla-cross/2023/,2026-06-12T05:45:38Z
toyota-corolla-cross,2023,Unknown,69900,82000,75950,"AED 69,900 - 82,000",AED,https://www.drivearabia.com/carprices/uae/toyota/toyota-corolla-cross/2023/,2026-06-12T05:45:38Z
toyota-corolla-cross,2023,Unknown,2023,91900,46962,"The starting price of the 2023 Toyota Corolla Cross in UAE is AED 91,900.",AED,https://www.drivearabia.com/carprices/uae/toyota/toyota-corolla-cross/2023/,2026-06-12T05:45:38Z
toyota-corolla-cross,2023,Unknown,2023,91900,46962,"The starting price of the 2023 Toyota Corolla Cross in UAE is AED 91,900.",AED,https://www.drivearabia.com/carprices/uae/toyota/toyota-corolla-cross/2023/,2026-06-12T05:45:38Z
toyota-corolla-cross,2023,TrimsXL,,,91900,"Original Starting PriceAED 91,900",AED,https://www.drivearabia.com/carprices/uae/toyota/toyota-corolla-cross/2023/,2026-06-12T05:45:38Z
toyota-corolla-cross,2023,TrimsXL,,,91900,"AED 91,900",AED,https://www.drivearabia.com/carprices/uae/toyota/toyota-corolla-cross/2023/,2026-06-12T05:45:38Z
toyota-corolla-cross,2023,Unknown,,,91900,"AED 91,900",AED,https://www.drivearabia.com/carprices/uae/toyota/toyota-corolla-cross/2023/,2026-06-12T05:45:38Z
toyota-corolla-cross,2024,Unknown,,,94900,"Original Starting PriceAED 94,900",AED,https://www.drivearabia.com/carprices/uae/toyota/toyota-corolla-cross/2024/,2026-06-12T05:45:40Z
toyota-corolla-cross,2024,Unknown,,,94900,"Original Starting PriceAED 94,900",AED,https://www.drivearabia.com/carprices/uae/toyota/toyota-corolla-cross/2024/,2026-06-12T05:45:40Z
toyota-corolla-cross,2024,Unknown,,,94900,"AED 94,900",AED,https://www.drivearabia.com/carprices/uae/toyota/toyota-corolla-cross/2024/,2026-06-12T05:45:40Z
toyota-corolla-cross,2024,Original Trim Prices,1,94900,47450,"1.8H I4 XL FWDAED 94,900 - 92,0001.8H I4 GL FWDAED 109,900 - 110,000",AED,https://www.drivearabia.com/carprices/uae/toyota/toyota-corolla-cross/2024/,2026-06-12T05:45:40Z
toyota-corolla-cross,2024,Original Trim Prices,1,94900,47450,"1.8H I4 XL FWDAED 94,900 - 92,0001.8H I4 GL FWDAED 109,900 - 110,000",AED,https://www.drivearabia.com/carprices/uae/toyota/toyota-corolla-cross/2024/,2026-06-12T05:45:40Z
toyota-corolla-cross,2024,Unknown,92000,94900,93450,"1.8H I4 XL FWDAED 94,900 - 92,000",AED,https://www.drivearabia.com/carprices/uae/toyota/toyota-corolla-cross/2024/,2026-06-12T05:45:40Z
toyota-corolla-cross,2024,1.8H I4 XL FWD,92000,94900,93450,"AED 94,900 - 92,000",AED,https://www.drivearabia.com/carprices/uae/toyota/toyota-corolla-cross/2024/,2026-06-12T05:45:40Z
toyota-corolla-cross,2024,"1.8H I4 XL FWDAED 94,900 - 92,000",109900,110000,109950,"1.8H I4 GL FWDAED 109,900 - 110,000",AED,https://www.drivearabia.com/carprices/uae/toyota/toyota-corolla-cross/2024/,2026-06-12T05:45:40Z
toyota-corolla-cross,2024,1.8H I4 GL FWD,109900,110000,109950,"AED 109,900 - 110,000",AED,https://www.drivearabia.com/carprices/uae/toyota/toyota-corolla-cross/2024/,2026-06-12T05:45:40Z
toyota-corolla-cross,2024,Unknown,2024,89000,45512,"2024 Mitsubishi ASXAED 70,000 - 89,000",AED,https://www.drivearabia.com/carprices/uae/toyota/toyota-corolla-cross/2024/,2026-06-12T05:45:40Z
toyota-corolla-cross,2024,Unknown,2024,89000,45512,"2024 Mitsubishi ASXAED 70,000 - 89,000",AED,https://www.drivearabia.com/carprices/uae/toyota/toyota-corolla-cross/2024/,2026-06-12T05:45:40Z
toyota-corolla-cross,2024,Unknown,70000,89000,79500,"AED 70,000 - 89,000",AED,https://www.drivearabia.com/carprices/uae/toyota/toyota-corolla-cross/2024/,2026-06-12T05:45:40Z
toyota-corolla-cross,2024,Unknown,2024,83000,42512,"2024 Kia SonetAED 67,500 - 83,000",AED,https://www.drivearabia.com/carprices/uae/toyota/toyota-corolla-cross/2024/,2026-06-12T05:45:40Z
toyota-corolla-cross,2024,Unknown,2024,83000,42512,"2024 Kia SonetAED 67,500 - 83,000",AED,https://www.drivearabia.com/carprices/uae/toyota/toyota-corolla-cross/2024/,2026-06-12T05:45:40Z
toyota-corolla-cross,2024,Unknown,67500,83000,75250,"AED 67,500 - 83,000",AED,https://www.drivearabia.com/carprices/uae/toyota/toyota-corolla-cross/2024/,2026-06-12T05:45:40Z
toyota-corolla-cross,2024,Unknown,2024,82000,42012,"2024 Opel Crossland XAED 69,900 - 82,000",AED,https://www.drivearabia.com/carprices/uae/toyota/toyota-corolla-cross/2024/,2026-06-12T05:45:40Z
toyota-corolla-cross,2024,Unknown,2024,82000,42012,"2024 Opel Crossland XAED 69,900 - 82,000",AED,https://www.drivearabia.com/carprices/uae/toyota/toyota-corolla-cross/2024/,2026-06-12T05:45:40Z
toyota-corolla-cross,2024,Unknown,69900,82000,75950,"AED 69,900 - 82,000",AED,https://www.drivearabia.com/carprices/uae/toyota/toyota-corolla-cross/2024/,2026-06-12T05:45:40Z
toyota-corolla-cross,2024,Unknown,2024,94900,48462,"The starting price of the 2024 Toyota Corolla Cross in UAE is AED 94,900.",AED,https://www.drivearabia.com/carprices/uae/toyota/toyota-corolla-cross/2024/,2026-06-12T05:45:40Z
toyota-corolla-cross,2024,Unknown,2024,94900,48462,"The starting price of the 2024 Toyota Corolla Cross in UAE is AED 94,900.",AED,https://www.drivearabia.com/carprices/uae/toyota/toyota-corolla-cross/2024/,2026-06-12T05:45:40Z
toyota-corolla-cross,2024,Trims1.8H I4 XL FWD,,,94900,"Original Starting PriceAED 94,900",AED,https://www.drivearabia.com/carprices/uae/toyota/toyota-corolla-cross/2024/,2026-06-12T05:45:40Z
toyota-corolla-cross,2024,Trims1.8H I4 XL FWD,,,94900,"AED 94,900",AED,https://www.drivearabia.com/carprices/uae/toyota/toyota-corolla-cross/2024/,2026-06-12T05:45:40Z
toyota-corolla-cross,2024,Unknown,,,94900,"AED 94,900",AED,https://www.drivearabia.com/carprices/uae/toyota/toyota-corolla-cross/2024/,2026-06-12T05:45:40Z
toyota-corolla-cross,2025,Unknown,,,96900,"Starting atAED 96,900",AED,https://www.drivearabia.com/carprices/uae/toyota/toyota-corolla-cross/2025/,2026-06-12T05:45:42Z
toyota-corolla-cross,2025,Unknown,,,96900,"Starting atAED 96,900",AED,https://www.drivearabia.com/carprices/uae/toyota/toyota-corolla-cross/2025/,2026-06-12T05:45:42Z
toyota-corolla-cross,2025,Starting at,,,96900,"AED 96,900",AED,https://www.drivearabia.com/carprices/uae/toyota/toyota-corolla-cross/2025/,2026-06-12T05:45:42Z
toyota-corolla-cross,2025,Trim Prices,1,96900,48450,"1.8H I4 XL FWDAED 96,900 - 97,0001.8H I4 GLI FWDAED 111,900 - 112,000",AED,https://www.drivearabia.com/carprices/uae/toyota/toyota-corolla-cross/2025/,2026-06-12T05:45:42Z
toyota-corolla-cross,2025,Trim Prices,1,96900,48450,"1.8H I4 XL FWDAED 96,900 - 97,0001.8H I4 GLI FWDAED 111,900 - 112,000",AED,https://www.drivearabia.com/carprices/uae/toyota/toyota-corolla-cross/2025/,2026-06-12T05:45:42Z
toyota-corolla-cross,2025,Unknown,96900,97000,96950,"1.8H I4 XL FWDAED 96,900 - 97,000",AED,https://www.drivearabia.com/carprices/uae/toyota/toyota-corolla-cross/2025/,2026-06-12T05:45:42Z
toyota-corolla-cross,2025,1.8H I4 XL FWD,96900,97000,96950,"AED 96,900 - 97,000",AED,https://www.drivearabia.com/carprices/uae/toyota/toyota-corolla-cross/2025/,2026-06-12T05:45:42Z
toyota-corolla-cross,2025,"1.8H I4 XL FWDAED 96,900 - 97,000",111900,112000,111950,"1.8H I4 GLI FWDAED 111,900 - 112,000",AED,https://www.drivearabia.com/carprices/uae/toyota/toyota-corolla-cross/2025/,2026-06-12T05:45:42Z
toyota-corolla-cross,2025,1.8H I4 GLI FWD,111900,112000,111950,"AED 111,900 - 112,000",AED,https://www.drivearabia.com/carprices/uae/toyota/toyota-corolla-cross/2025/,2026-06-12T05:45:42Z
toyota-corolla-cross,2025,Unknown,2025,89000,45512,"2025 Mitsubishi ASXAED 70,000 - 89,000",AED,https://www.drivearabia.com/carprices/uae/toyota/toyota-corolla-cross/2025/,2026-06-12T05:45:42Z
toyota-corolla-cross,2025,Unknown,2025,89000,45512,"2025 Mitsubishi ASXAED 70,000 - 89,000",AED,https://www.drivearabia.com/carprices/uae/toyota/toyota-corolla-cross/2025/,2026-06-12T05:45:42Z
toyota-corolla-cross,2025,Unknown,70000,89000,79500,"AED 70,000 - 89,000",AED,https://www.drivearabia.com/carprices/uae/toyota/toyota-corolla-cross/2025/,2026-06-12T05:45:42Z
toyota-corolla-cross,2025,Unknown,2025,82000,42012,"2025 Opel Crossland XAED 69,900 - 82,000",AED,https://www.drivearabia.com/carprices/uae/toyota/toyota-corolla-cross/2025/,2026-06-12T05:45:42Z
toyota-corolla-cross,2025,Unknown,2025,82000,42012,"2025 Opel Crossland XAED 69,900 - 82,000",AED,https://www.drivearabia.com/carprices/uae/toyota/toyota-corolla-cross/2025/,2026-06-12T05:45:42Z
toyota-corolla-cross,2025,Unknown,69900,82000,75950,"AED 69,900 - 82,000",AED,https://www.drivearabia.com/carprices/uae/toyota/toyota-corolla-cross/2025/,2026-06-12T05:45:42Z
toyota-corolla-cross,2025,Unknown,2025,82000,42012,"2025 Kia SonetAED 81,375 - 82,000",AED,https://www.drivearabia.com/carprices/uae/toyota/toyota-corolla-cross/2025/,2026-06-12T05:45:42Z
toyota-corolla-cross,2025,Unknown,2025,82000,42012,"2025 Kia SonetAED 81,375 - 82,000",AED,https://www.drivearabia.com/carprices/uae/toyota/toyota-corolla-cross/2025/,2026-06-12T05:45:42Z
toyota-corolla-cross,2025,Unknown,81375,82000,81688,"AED 81,375 - 82,000",AED,https://www.drivearabia.com/carprices/uae/toyota/toyota-corolla-cross/2025/,2026-06-12T05:45:42Z
toyota-corolla-cross,2025,Unknown,2025,96900,49462,"The starting price of the 2025 Toyota Corolla Cross in UAE is AED 96,900.",AED,https://www.drivearabia.com/carprices/uae/toyota/toyota-corolla-cross/2025/,2026-06-12T05:45:42Z
toyota-corolla-cross,2025,Unknown,2025,96900,49462,"The starting price of the 2025 Toyota Corolla Cross in UAE is AED 96,900.",AED,https://www.drivearabia.com/carprices/uae/toyota/toyota-corolla-cross/2025/,2026-06-12T05:45:42Z
toyota-corolla-cross,2025,Trims1.8H I4 XL FWD,,,96900,"Starting atAED 96,900",AED,https://www.drivearabia.com/carprices/uae/toyota/toyota-corolla-cross/2025/,2026-06-12T05:45:42Z
toyota-corolla-cross,2025,Starting at,,,96900,"AED 96,900",AED,https://www.drivearabia.com/carprices/uae/toyota/toyota-corolla-cross/2025/,2026-06-12T05:45:42Z
toyota-corolla-cross,2025,Starting at,,,96900,"AED 96,900",AED,https://www.drivearabia.com/carprices/uae/toyota/toyota-corolla-cross/2025/,2026-06-12T05:45:42Z
toyota-corolla-cross,2026,Unknown,,,96900,"Starting atAED 96,900",AED,https://www.drivearabia.com/carprices/uae/toyota/toyota-corolla-cross/2026/,2026-06-12T05:45:43Z
toyota-corolla-cross,2026,Unknown,,,96900,"Starting atAED 96,900",AED,https://www.drivearabia.com/carprices/uae/toyota/toyota-corolla-cross/2026/,2026-06-12T05:45:43Z
toyota-corolla-cross,2026,Starting at,,,96900,"AED 96,900",AED,https://www.drivearabia.com/carprices/uae/toyota/toyota-corolla-cross/2026/,2026-06-12T05:45:43Z
toyota-corolla-cross,2026,Trim Prices,1,96900,48450,"1.8H I4 XL FWDAED 96,900 - 97,0001.8H I4 GLI FWDAED 111,900 - 112,000",AED,https://www.drivearabia.com/carprices/uae/toyota/toyota-corolla-cross/2026/,2026-06-12T05:45:43Z
toyota-corolla-cross,2026,Trim Prices,1,96900,48450,"1.8H I4 XL FWDAED 96,900 - 97,0001.8H I4 GLI FWDAED 111,900 - 112,000",AED,https://www.drivearabia.com/carprices/uae/toyota/toyota-corolla-cross/2026/,2026-06-12T05:45:43Z
toyota-corolla-cross,2026,Unknown,96900,97000,96950,"1.8H I4 XL FWDAED 96,900 - 97,000",AED,https://www.drivearabia.com/carprices/uae/toyota/toyota-corolla-cross/2026/,2026-06-12T05:45:43Z
toyota-corolla-cross,2026,1.8H I4 XL FWD,96900,97000,96950,"AED 96,900 - 97,000",AED,https://www.drivearabia.com/carprices/uae/toyota/toyota-corolla-cross/2026/,2026-06-12T05:45:43Z
toyota-corolla-cross,2026,"1.8H I4 XL FWDAED 96,900 - 97,000",111900,112000,111950,"1.8H I4 GLI FWDAED 111,900 - 112,000",AED,https://www.drivearabia.com/carprices/uae/toyota/toyota-corolla-cross/2026/,2026-06-12T05:45:43Z
toyota-corolla-cross,2026,1.8H I4 GLI FWD,111900,112000,111950,"AED 111,900 - 112,000",AED,https://www.drivearabia.com/carprices/uae/toyota/toyota-corolla-cross/2026/,2026-06-12T05:45:43Z
toyota-corolla-cross,2026,Unknown,2025,89000,45512,"2025 Mitsubishi ASXAED 70,000 - 89,000",AED,https://www.drivearabia.com/carprices/uae/toyota/toyota-corolla-cross/2026/,2026-06-12T05:45:43Z
toyota-corolla-cross,2026,Unknown,2025,89000,45512,"2025 Mitsubishi ASXAED 70,000 - 89,000",AED,https://www.drivearabia.com/carprices/uae/toyota/toyota-corolla-cross/2026/,2026-06-12T05:45:43Z
toyota-corolla-cross,2026,Unknown,70000,89000,79500,"AED 70,000 - 89,000",AED,https://www.drivearabia.com/carprices/uae/toyota/toyota-corolla-cross/2026/,2026-06-12T05:45:43Z
toyota-corolla-cross,2026,Unknown,2025,82000,42012,"2025 Opel Crossland XAED 69,900 - 82,000",AED,https://www.drivearabia.com/carprices/uae/toyota/toyota-corolla-cross/2026/,2026-06-12T05:45:43Z
toyota-corolla-cross,2026,Unknown,2025,82000,42012,"2025 Opel Crossland XAED 69,900 - 82,000",AED,https://www.drivearabia.com/carprices/uae/toyota/toyota-corolla-cross/2026/,2026-06-12T05:45:43Z
toyota-corolla-cross,2026,Unknown,69900,82000,75950,"AED 69,900 - 82,000",AED,https://www.drivearabia.com/carprices/uae/toyota/toyota-corolla-cross/2026/,2026-06-12T05:45:43Z
toyota-corolla-cross,2026,Unknown,2025,82000,42012,"2025 Kia SonetAED 81,375 - 82,000",AED,https://www.drivearabia.com/carprices/uae/toyota/toyota-corolla-cross/2026/,2026-06-12T05:45:43Z
toyota-corolla-cross,2026,Unknown,2025,82000,42012,"2025 Kia SonetAED 81,375 - 82,000",AED,https://www.drivearabia.com/carprices/uae/toyota/toyota-corolla-cross/2026/,2026-06-12T05:45:43Z
toyota-corolla-cross,2026,Unknown,81375,82000,81688,"AED 81,375 - 82,000",AED,https://www.drivearabia.com/carprices/uae/toyota/toyota-corolla-cross/2026/,2026-06-12T05:45:43Z
toyota-corolla-cross,2026,Unknown,2026,96900,49463,"The starting price of the 2026 Toyota Corolla Cross in UAE is AED 96,900.",AED,https://www.drivearabia.com/carprices/uae/toyota/toyota-corolla-cross/2026/,2026-06-12T05:45:43Z
toyota-corolla-cross,2026,Unknown,2026,96900,49463,"The starting price of the 2026 Toyota Corolla Cross in UAE is AED 96,900.",AED,https://www.drivearabia.com/carprices/uae/toyota/toyota-corolla-cross/2026/,2026-06-12T05:45:43Z
toyota-corolla-cross,2026,Trims1.8H I4 XL FWD,,,96900,"Starting atAED 96,900",AED,https://www.drivearabia.com/carprices/uae/toyota/toyota-corolla-cross/2026/,2026-06-12T05:45:43Z
toyota-corolla-cross,2026,Starting at,,,96900,"AED 96,900",AED,https://www.drivearabia.com/carprices/uae/toyota/toyota-corolla-cross/2026/,2026-06-12T05:45:43Z
toyota-corolla-cross,2026,Starting at,,,96900,"AED 96,900",AED,https://www.drivearabia.com/carprices/uae/toyota/toyota-corolla-cross/2026/,2026-06-12T05:45:43Z
toyota-crown,2023,Unknown,,,199900,"Original Starting PriceAED 199,900",AED,https://www.drivearabia.com/carprices/uae/toyota/toyota-crown/2023/,2026-06-12T05:45:46Z
toyota-crown,2023,Unknown,,,199900,"Original Starting PriceAED 199,900",AED,https://www.drivearabia.com/carprices/uae/toyota/toyota-crown/2023/,2026-06-12T05:45:46Z
toyota-crown,2023,Unknown,,,199900,"AED 199,900",AED,https://www.drivearabia.com/carprices/uae/toyota/toyota-crown/2023/,2026-06-12T05:45:46Z
toyota-crown,2023,Original Trim Prices,2,199900,99951,"2.4H I4 XLEAED 199,900 - 200,0002.4H I4 PlatinumAED 229,900 - 230,000",AED,https://www.drivearabia.com/carprices/uae/toyota/toyota-crown/2023/,2026-06-12T05:45:46Z
toyota-crown,2023,Original Trim Prices,2,199900,99951,"2.4H I4 XLEAED 199,900 - 200,0002.4H I4 PlatinumAED 229,900 - 230,000",AED,https://www.drivearabia.com/carprices/uae/toyota/toyota-crown/2023/,2026-06-12T05:45:46Z
toyota-crown,2023,Unknown,199900,200000,199950,"2.4H I4 XLEAED 199,900 - 200,000",AED,https://www.drivearabia.com/carprices/uae/toyota/toyota-crown/2023/,2026-06-12T05:45:46Z
toyota-crown,2023,2.4H I4 XLE,199900,200000,199950,"AED 199,900 - 200,000",AED,https://www.drivearabia.com/carprices/uae/toyota/toyota-crown/2023/,2026-06-12T05:45:46Z
toyota-crown,2023,Unknown,229900,230000,229950,"2.4H I4 PlatinumAED 229,900 - 230,000",AED,https://www.drivearabia.com/carprices/uae/toyota/toyota-crown/2023/,2026-06-12T05:45:46Z
toyota-crown,2023,2.4H I4 Platinum,229900,230000,229950,"AED 229,900 - 230,000",AED,https://www.drivearabia.com/carprices/uae/toyota/toyota-crown/2023/,2026-06-12T05:45:46Z
toyota-crown,2023,Other Large Sedan,,,2023,"2023 Ford TaurusAED 144,795 - 145,0002023 Dodge ChargerAED 109,900 - 315,000",AED,https://www.drivearabia.com/carprices/uae/toyota/toyota-crown/2023/,2026-06-12T05:45:46Z
toyota-crown,2023,Unknown,2023,145000,73512,"2023 Ford TaurusAED 144,795 - 145,000",AED,https://www.drivearabia.com/carprices/uae/toyota/toyota-crown/2023/,2026-06-12T05:45:46Z
toyota-crown,2023,Unknown,2023,145000,73512,"2023 Ford TaurusAED 144,795 - 145,000",AED,https://www.drivearabia.com/carprices/uae/toyota/toyota-crown/2023/,2026-06-12T05:45:46Z
toyota-crown,2023,Unknown,144795,145000,144898,"AED 144,795 - 145,000",AED,https://www.drivearabia.com/carprices/uae/toyota/toyota-crown/2023/,2026-06-12T05:45:46Z
toyota-crown,2023,Unknown,2023,315000,158512,"2023 Dodge ChargerAED 109,900 - 315,000",AED,https://www.drivearabia.com/carprices/uae/toyota/toyota-crown/2023/,2026-06-12T05:45:46Z
toyota-crown,2023,Unknown,2023,315000,158512,"2023 Dodge ChargerAED 109,900 - 315,000",AED,https://www.drivearabia.com/carprices/uae/toyota/toyota-crown/2023/,2026-06-12T05:45:46Z
toyota-crown,2023,Unknown,109900,315000,212450,"AED 109,900 - 315,000",AED,https://www.drivearabia.com/carprices/uae/toyota/toyota-crown/2023/,2026-06-12T05:45:46Z
toyota-crown,2023,Unknown,2023,199900,100962,"The starting price of the 2023 Toyota Crown in UAE is AED 199,900.",AED,https://www.drivearabia.com/carprices/uae/toyota/toyota-crown/2023/,2026-06-12T05:45:46Z
toyota-crown,2023,Unknown,2023,199900,100962,"The starting price of the 2023 Toyota Crown in UAE is AED 199,900.",AED,https://www.drivearabia.com/carprices/uae/toyota/toyota-crown/2023/,2026-06-12T05:45:46Z
toyota-crown,2023,Trims2.4H I4 XLE,,,199900,"Original Starting PriceAED 199,900",AED,https://www.drivearabia.com/carprices/uae/toyota/toyota-crown/2023/,2026-06-12T05:45:46Z
toyota-crown,2023,Trims2.4H I4 XLE,,,199900,"AED 199,900",AED,https://www.drivearabia.com/carprices/uae/toyota/toyota-crown/2023/,2026-06-12T05:45:46Z
toyota-crown,2023,Unknown,,,199900,"AED 199,900",AED,https://www.drivearabia.com/carprices/uae/toyota/toyota-crown/2023/,2026-06-12T05:45:46Z
toyota-crown,2024,Unknown,,,199900,"Original Starting PriceAED 199,900",AED,https://www.drivearabia.com/carprices/uae/toyota/toyota-crown/2024/,2026-06-12T05:45:48Z
toyota-crown,2024,Unknown,,,199900,"Original Starting PriceAED 199,900",AED,https://www.drivearabia.com/carprices/uae/toyota/toyota-crown/2024/,2026-06-12T05:45:48Z
toyota-crown,2024,Unknown,,,199900,"AED 199,900",AED,https://www.drivearabia.com/carprices/uae/toyota/toyota-crown/2024/,2026-06-12T05:45:48Z
toyota-crown,2024,Original Trim Prices,2,199900,99951,"2.4H I4 XLEAED 199,900 - 200,0002.4H I4 PlatinumAED 229,900 - 230,000",AED,https://www.drivearabia.com/carprices/uae/toyota/toyota-crown/2024/,2026-06-12T05:45:48Z
toyota-crown,2024,Original Trim Prices,2,199900,99951,"2.4H I4 XLEAED 199,900 - 200,0002.4H I4 PlatinumAED 229,900 - 230,000",AED,https://www.drivearabia.com/carprices/uae/toyota/toyota-crown/2024/,2026-06-12T05:45:48Z
toyota-crown,2024,Unknown,199900,200000,199950,"2.4H I4 XLEAED 199,900 - 200,000",AED,https://www.drivearabia.com/carprices/uae/toyota/toyota-crown/2024/,2026-06-12T05:45:48Z
toyota-crown,2024,2.4H I4 XLE,199900,200000,199950,"AED 199,900 - 200,000",AED,https://www.drivearabia.com/carprices/uae/toyota/toyota-crown/2024/,2026-06-12T05:45:48Z
toyota-crown,2024,Unknown,229900,230000,229950,"2.4H I4 PlatinumAED 229,900 - 230,000",AED,https://www.drivearabia.com/carprices/uae/toyota/toyota-crown/2024/,2026-06-12T05:45:48Z
toyota-crown,2024,2.4H I4 Platinum,229900,230000,229950,"AED 229,900 - 230,000",AED,https://www.drivearabia.com/carprices/uae/toyota/toyota-crown/2024/,2026-06-12T05:45:48Z
toyota-crown,2024,Unknown,2023,315000,158512,"2023 Dodge ChargerAED 109,900 - 315,000",AED,https://www.drivearabia.com/carprices/uae/toyota/toyota-crown/2024/,2026-06-12T05:45:48Z
toyota-crown,2024,Unknown,2023,315000,158512,"2023 Dodge ChargerAED 109,900 - 315,000",AED,https://www.drivearabia.com/carprices/uae/toyota/toyota-crown/2024/,2026-06-12T05:45:48Z
toyota-crown,2024,Unknown,109900,315000,212450,"AED 109,900 - 315,000",AED,https://www.drivearabia.com/carprices/uae/toyota/toyota-crown/2024/,2026-06-12T05:45:48Z
toyota-crown,2024,Unknown,2024,145000,73512,"2024 Ford TaurusAED 144,795 - 145,000",AED,https://www.drivearabia.com/carprices/uae/toyota/toyota-crown/2024/,2026-06-12T05:45:48Z
toyota-crown,2024,Unknown,2024,145000,73512,"2024 Ford TaurusAED 144,795 - 145,000",AED,https://www.drivearabia.com/carprices/uae/toyota/toyota-crown/2024/,2026-06-12T05:45:48Z
toyota-crown,2024,Unknown,144795,145000,144898,"AED 144,795 - 145,000",AED,https://www.drivearabia.com/carprices/uae/toyota/toyota-crown/2024/,2026-06-12T05:45:48Z
toyota-crown,2024,Unknown,2024,160000,81012,"2024 Chrysler 300CAED 159,900 - 160,000",AED,https://www.drivearabia.com/carprices/uae/toyota/toyota-crown/2024/,2026-06-12T05:45:48Z
toyota-crown,2024,Unknown,2024,160000,81012,"2024 Chrysler 300CAED 159,900 - 160,000",AED,https://www.drivearabia.com/carprices/uae/toyota/toyota-crown/2024/,2026-06-12T05:45:48Z
toyota-crown,2024,Unknown,159900,160000,159950,"AED 159,900 - 160,000",AED,https://www.drivearabia.com/carprices/uae/toyota/toyota-crown/2024/,2026-06-12T05:45:48Z
toyota-crown,2024,Unknown,2024,199900,100962,"The starting price of the 2024 Toyota Crown in UAE is AED 199,900.",AED,https://www.drivearabia.com/carprices/uae/toyota/toyota-crown/2024/,2026-06-12T05:45:48Z
toyota-crown,2024,Unknown,2024,199900,100962,"The starting price of the 2024 Toyota Crown in UAE is AED 199,900.",AED,https://www.drivearabia.com/carprices/uae/toyota/toyota-crown/2024/,2026-06-12T05:45:48Z
toyota-crown,2024,Trims2.4H I4 XLE,,,199900,"Original Starting PriceAED 199,900",AED,https://www.drivearabia.com/carprices/uae/toyota/toyota-crown/2024/,2026-06-12T05:45:48Z
toyota-crown,2024,Trims2.4H I4 XLE,,,199900,"AED 199,900",AED,https://www.drivearabia.com/carprices/uae/toyota/toyota-crown/2024/,2026-06-12T05:45:48Z
toyota-crown,2024,Unknown,,,199900,"AED 199,900",AED,https://www.drivearabia.com/carprices/uae/toyota/toyota-crown/2024/,2026-06-12T05:45:48Z
toyota-crown,2025,Unknown,,,199900,"Starting atAED 199,900",AED,https://www.drivearabia.com/carprices/uae/toyota/toyota-crown/2025/,2026-06-12T05:45:50Z
toyota-crown,2025,Unknown,,,199900,"Starting atAED 199,900",AED,https://www.drivearabia.com/carprices/uae/toyota/toyota-crown/2025/,2026-06-12T05:45:50Z
toyota-crown,2025,Starting at,,,199900,"AED 199,900",AED,https://www.drivearabia.com/carprices/uae/toyota/toyota-crown/2025/,2026-06-12T05:45:50Z
toyota-crown,2025,Trim Prices,2,199900,99951,"2.4H I4 XLEAED 199,900 - 200,0002.4H I4 PlatinumAED 229,900 - 230,000",AED,https://www.drivearabia.com/carprices/uae/toyota/toyota-crown/2025/,2026-06-12T05:45:50Z
toyota-crown,2025,Trim Prices,2,199900,99951,"2.4H I4 XLEAED 199,900 - 200,0002.4H I4 PlatinumAED 229,900 - 230,000",AED,https://www.drivearabia.com/carprices/uae/toyota/toyota-crown/2025/,2026-06-12T05:45:50Z
toyota-crown,2025,Unknown,199900,200000,199950,"2.4H I4 XLEAED 199,900 - 200,000",AED,https://www.drivearabia.com/carprices/uae/toyota/toyota-crown/2025/,2026-06-12T05:45:50Z
toyota-crown,2025,2.4H I4 XLE,199900,200000,199950,"AED 199,900 - 200,000",AED,https://www.drivearabia.com/carprices/uae/toyota/toyota-crown/2025/,2026-06-12T05:45:50Z
toyota-crown,2025,Unknown,229900,230000,229950,"2.4H I4 PlatinumAED 229,900 - 230,000",AED,https://www.drivearabia.com/carprices/uae/toyota/toyota-crown/2025/,2026-06-12T05:45:50Z
toyota-crown,2025,2.4H I4 Platinum,229900,230000,229950,"AED 229,900 - 230,000",AED,https://www.drivearabia.com/carprices/uae/toyota/toyota-crown/2025/,2026-06-12T05:45:50Z
toyota-crown,2025,Unknown,2024,160000,81012,"2024 Chrysler 300CAED 159,900 - 160,000",AED,https://www.drivearabia.com/carprices/uae/toyota/toyota-crown/2025/,2026-06-12T05:45:50Z
toyota-crown,2025,Unknown,2024,160000,81012,"2024 Chrysler 300CAED 159,900 - 160,000",AED,https://www.drivearabia.com/carprices/uae/toyota/toyota-crown/2025/,2026-06-12T05:45:50Z
toyota-crown,2025,Unknown,159900,160000,159950,"AED 159,900 - 160,000",AED,https://www.drivearabia.com/carprices/uae/toyota/toyota-crown/2025/,2026-06-12T05:45:50Z
toyota-crown,2025,Unknown,2025,167895,84960,"2025 Ford TaurusAED 146,895 - 167,895",AED,https://www.drivearabia.com/carprices/uae/toyota/toyota-crown/2025/,2026-06-12T05:45:50Z
toyota-crown,2025,Unknown,2025,167895,84960,"2025 Ford TaurusAED 146,895 - 167,895",AED,https://www.drivearabia.com/carprices/uae/toyota/toyota-crown/2025/,2026-06-12T05:45:50Z
toyota-crown,2025,Unknown,146895,167895,157395,"AED 146,895 - 167,895",AED,https://www.drivearabia.com/carprices/uae/toyota/toyota-crown/2025/,2026-06-12T05:45:50Z
toyota-crown,2025,Unknown,2025,163000,82512,"2025 Škoda SuperbAED 147,000 - 163,000",AED,https://www.drivearabia.com/carprices/uae/toyota/toyota-crown/2025/,2026-06-12T05:45:50Z
toyota-crown,2025,Unknown,2025,163000,82512,"2025 Škoda SuperbAED 147,000 - 163,000",AED,https://www.drivearabia.com/carprices/uae/toyota/toyota-crown/2025/,2026-06-12T05:45:50Z
toyota-crown,2025,2025 Škoda Superb,147000,163000,155000,"AED 147,000 - 163,000",AED,https://www.drivearabia.com/carprices/uae/toyota/toyota-crown/2025/,2026-06-12T05:45:50Z
toyota-crown,2025,Unknown,2025,199900,100962,"The starting price of the 2025 Toyota Crown in UAE is AED 199,900.",AED,https://www.drivearabia.com/carprices/uae/toyota/toyota-crown/2025/,2026-06-12T05:45:50Z
toyota-crown,2025,Unknown,2025,199900,100962,"The starting price of the 2025 Toyota Crown in UAE is AED 199,900.",AED,https://www.drivearabia.com/carprices/uae/toyota/toyota-crown/2025/,2026-06-12T05:45:50Z
toyota-crown,2025,Trims2.4H I4 XLE,,,199900,"Starting atAED 199,900",AED,https://www.drivearabia.com/carprices/uae/toyota/toyota-crown/2025/,2026-06-12T05:45:50Z
toyota-crown,2025,Starting at,,,199900,"AED 199,900",AED,https://www.drivearabia.com/carprices/uae/toyota/toyota-crown/2025/,2026-06-12T05:45:50Z
toyota-crown,2025,Starting at,,,199900,"AED 199,900",AED,https://www.drivearabia.com/carprices/uae/toyota/toyota-crown/2025/,2026-06-12T05:45:50Z
toyota-crown,2026,Unknown,,,199900,"Starting atAED 199,900",AED,https://www.drivearabia.com/carprices/uae/toyota/toyota-crown/2026/,2026-06-12T05:45:52Z
toyota-crown,2026,Unknown,,,199900,"Starting atAED 199,900",AED,https://www.drivearabia.com/carprices/uae/toyota/toyota-crown/2026/,2026-06-12T05:45:52Z
toyota-crown,2026,Starting at,,,199900,"AED 199,900",AED,https://www.drivearabia.com/carprices/uae/toyota/toyota-crown/2026/,2026-06-12T05:45:52Z
toyota-crown,2026,Unknown,2026,199900,100963,"Price for the 2026 Toyota Crown Hybrid in the UAE starts at AED 199,900.",AED,https://www.drivearabia.com/carprices/uae/toyota/toyota-crown/2026/,2026-06-12T05:45:52Z
toyota-crown,2026,Trim Prices,199900,200000,199950,"2.4H I4 PlatinumAED 199,900 - 200,000",AED,https://www.drivearabia.com/carprices/uae/toyota/toyota-crown/2026/,2026-06-12T05:45:52Z
toyota-crown,2026,Trim Prices,199900,200000,199950,"2.4H I4 PlatinumAED 199,900 - 200,000",AED,https://www.drivearabia.com/carprices/uae/toyota/toyota-crown/2026/,2026-06-12T05:45:52Z
toyota-crown,2026,Unknown,199900,200000,199950,"2.4H I4 PlatinumAED 199,900 - 200,000",AED,https://www.drivearabia.com/carprices/uae/toyota/toyota-crown/2026/,2026-06-12T05:45:52Z
toyota-crown,2026,2.4H I4 Platinum,199900,200000,199950,"AED 199,900 - 200,000",AED,https://www.drivearabia.com/carprices/uae/toyota/toyota-crown/2026/,2026-06-12T05:45:52Z
toyota-crown,2026,Unknown,2024,160000,81012,"2024 Chrysler 300CAED 159,900 - 160,000",AED,https://www.drivearabia.com/carprices/uae/toyota/toyota-crown/2026/,2026-06-12T05:45:52Z
toyota-crown,2026,Unknown,2024,160000,81012,"2024 Chrysler 300CAED 159,900 - 160,000",AED,https://www.drivearabia.com/carprices/uae/toyota/toyota-crown/2026/,2026-06-12T05:45:52Z
toyota-crown,2026,Unknown,159900,160000,159950,"AED 159,900 - 160,000",AED,https://www.drivearabia.com/carprices/uae/toyota/toyota-crown/2026/,2026-06-12T05:45:52Z
toyota-crown,2026,Unknown,2025,167895,84960,"2025 Ford TaurusAED 146,895 - 167,895",AED,https://www.drivearabia.com/carprices/uae/toyota/toyota-crown/2026/,2026-06-12T05:45:52Z
toyota-crown,2026,Unknown,2025,167895,84960,"2025 Ford TaurusAED 146,895 - 167,895",AED,https://www.drivearabia.com/carprices/uae/toyota/toyota-crown/2026/,2026-06-12T05:45:52Z
toyota-crown,2026,Unknown,146895,167895,157395,"AED 146,895 - 167,895",AED,https://www.drivearabia.com/carprices/uae/toyota/toyota-crown/2026/,2026-06-12T05:45:52Z
toyota-crown,2026,Unknown,2025,163000,82512,"2025 Škoda SuperbAED 147,000 - 163,000",AED,https://www.drivearabia.com/carprices/uae/toyota/toyota-crown/2026/,2026-06-12T05:45:52Z
toyota-crown,2026,Unknown,2025,163000,82512,"2025 Škoda SuperbAED 147,000 - 163,000",AED,https://www.drivearabia.com/carprices/uae/toyota/toyota-crown/2026/,2026-06-12T05:45:52Z
toyota-crown,2026,2025 Škoda Superb,147000,163000,155000,"AED 147,000 - 163,000",AED,https://www.drivearabia.com/carprices/uae/toyota/toyota-crown/2026/,2026-06-12T05:45:52Z
toyota-crown,2026,Unknown,2026,199900,100963,"The starting price of the 2026 Toyota Crown in UAE is AED 199,900.",AED,https://www.drivearabia.com/carprices/uae/toyota/toyota-crown/2026/,2026-06-12T05:45:52Z
toyota-crown,2026,Unknown,2026,199900,100963,"The starting price of the 2026 Toyota Crown in UAE is AED 199,900.",AED,https://www.drivearabia.com/carprices/uae/toyota/toyota-crown/2026/,2026-06-12T05:45:52Z
toyota-crown,2026,Trims2.4H I4 Platinum,,,199900,"Starting atAED 199,900",AED,https://www.drivearabia.com/carprices/uae/toyota/toyota-crown/2026/,2026-06-12T05:45:52Z
toyota-crown,2026,Starting at,,,199900,"AED 199,900",AED,https://www.drivearabia.com/carprices/uae/toyota/toyota-crown/2026/,2026-06-12T05:45:52Z
toyota-crown,2026,Starting at,,,199900,"AED 199,900",AED,https://www.drivearabia.com/carprices/uae/toyota/toyota-crown/2026/,2026-06-12T05:45:52Z
toyota-fj-cruiser,2022,Unknown,,,150000,"Original Starting PriceAED 150,000",AED,https://www.drivearabia.com/carprices/uae/toyota/toyota-fj-cruiser/2022/,2026-06-12T05:45:53Z
toyota-fj-cruiser,2022,Unknown,,,150000,"Original Starting PriceAED 150,000",AED,https://www.drivearabia.com/carprices/uae/toyota/toyota-fj-cruiser/2022/,2026-06-12T05:45:53Z
toyota-fj-cruiser,2022,Unknown,,,150000,"AED 150,000",AED,https://www.drivearabia.com/carprices/uae/toyota/toyota-fj-cruiser/2022/,2026-06-12T05:45:53Z
toyota-fj-cruiser,2022,Original Trim Prices,150000,175000,162500,"GXRAED 150,000 - 151,000Adventure XAED 175,000 - 176,000",AED,https://www.drivearabia.com/carprices/uae/toyota/toyota-fj-cruiser/2022/,2026-06-12T05:45:53Z
toyota-fj-cruiser,2022,Original Trim Prices,150000,175000,162500,"GXRAED 150,000 - 151,000Adventure XAED 175,000 - 176,000",AED,https://www.drivearabia.com/carprices/uae/toyota/toyota-fj-cruiser/2022/,2026-06-12T05:45:53Z
toyota-fj-cruiser,2022,Unknown,150000,151000,150500,"GXRAED 150,000 - 151,000",AED,https://www.drivearabia.com/carprices/uae/toyota/toyota-fj-cruiser/2022/,2026-06-12T05:45:53Z
toyota-fj-cruiser,2022,GXR,150000,151000,150500,"AED 150,000 - 151,000",AED,https://www.drivearabia.com/carprices/uae/toyota/toyota-fj-cruiser/2022/,2026-06-12T05:45:53Z
toyota-fj-cruiser,2022,Unknown,175000,176000,175500,"Adventure XAED 175,000 - 176,000",AED,https://www.drivearabia.com/carprices/uae/toyota/toyota-fj-cruiser/2022/,2026-06-12T05:45:53Z
toyota-fj-cruiser,2022,Adventure X,175000,176000,175500,"AED 175,000 - 176,000",AED,https://www.drivearabia.com/carprices/uae/toyota/toyota-fj-cruiser/2022/,2026-06-12T05:45:53Z
toyota-fj-cruiser,2022,Unknown,2022,134000,68011,"2022 Nissan XterraAED 99,900 - 134,000",AED,https://www.drivearabia.com/carprices/uae/toyota/toyota-fj-cruiser/2022/,2026-06-12T05:45:53Z
toyota-fj-cruiser,2022,Unknown,2022,134000,68011,"2022 Nissan XterraAED 99,900 - 134,000",AED,https://www.drivearabia.com/carprices/uae/toyota/toyota-fj-cruiser/2022/,2026-06-12T05:45:53Z
toyota-fj-cruiser,2022,Unknown,99900,134000,116950,"AED 99,900 - 134,000",AED,https://www.drivearabia.com/carprices/uae/toyota/toyota-fj-cruiser/2022/,2026-06-12T05:45:53Z
toyota-fj-cruiser,2022,Unknown,2022,193000,97511,"2022 Jeep WranglerAED 144,900 - 193,000",AED,https://www.drivearabia.com/carprices/uae/toyota/toyota-fj-cruiser/2022/,2026-06-12T05:45:53Z
toyota-fj-cruiser,2022,Unknown,2022,193000,97511,"2022 Jeep WranglerAED 144,900 - 193,000",AED,https://www.drivearabia.com/carprices/uae/toyota/toyota-fj-cruiser/2022/,2026-06-12T05:45:53Z
toyota-fj-cruiser,2022,Unknown,144900,193000,168950,"AED 144,900 - 193,000",AED,https://www.drivearabia.com/carprices/uae/toyota/toyota-fj-cruiser/2022/,2026-06-12T05:45:53Z
toyota-fj-cruiser,2022,Unknown,2022,630000,316011,"2022 Land Rover Defender 110AED 240,000 - 630,000",AED,https://www.drivearabia.com/carprices/uae/toyota/toyota-fj-cruiser/2022/,2026-06-12T05:45:53Z
toyota-fj-cruiser,2022,Unknown,2022,630000,316011,"2022 Land Rover Defender 110AED 240,000 - 630,000",AED,https://www.drivearabia.com/carprices/uae/toyota/toyota-fj-cruiser/2022/,2026-06-12T05:45:53Z
toyota-fj-cruiser,2022,Unknown,240000,630000,435000,"AED 240,000 - 630,000",AED,https://www.drivearabia.com/carprices/uae/toyota/toyota-fj-cruiser/2022/,2026-06-12T05:45:53Z
toyota-fj-cruiser,2022,Unknown,2022,150000,76011,"The starting price of the 2022 Toyota FJ Cruiser in UAE is AED 150,000.",AED,https://www.drivearabia.com/carprices/uae/toyota/toyota-fj-cruiser/2022/,2026-06-12T05:45:53Z
toyota-fj-cruiser,2022,Unknown,2022,150000,76011,"The starting price of the 2022 Toyota FJ Cruiser in UAE is AED 150,000.",AED,https://www.drivearabia.com/carprices/uae/toyota/toyota-fj-cruiser/2022/,2026-06-12T05:45:53Z
toyota-fj-cruiser,2022,TrimsGXR,,,150000,"Original Starting PriceAED 150,000",AED,https://www.drivearabia.com/carprices/uae/toyota/toyota-fj-cruiser/2022/,2026-06-12T05:45:53Z
toyota-fj-cruiser,2022,TrimsGXR,,,150000,"AED 150,000",AED,https://www.drivearabia.com/carprices/uae/toyota/toyota-fj-cruiser/2022/,2026-06-12T05:45:53Z
toyota-fj-cruiser,2022,Unknown,,,150000,"AED 150,000",AED,https://www.drivearabia.com/carprices/uae/toyota/toyota-fj-cruiser/2022/,2026-06-12T05:45:53Z
toyota-fj-cruiser,2023,Unknown,,,156900,"Original Starting PriceAED 156,900",AED,https://www.drivearabia.com/carprices/uae/toyota/toyota-fj-cruiser/2023/,2026-06-12T05:45:55Z
toyota-fj-cruiser,2023,Unknown,,,156900,"Original Starting PriceAED 156,900",AED,https://www.drivearabia.com/carprices/uae/toyota/toyota-fj-cruiser/2023/,2026-06-12T05:45:55Z
toyota-fj-cruiser,2023,Unknown,,,156900,"AED 156,900",AED,https://www.drivearabia.com/carprices/uae/toyota/toyota-fj-cruiser/2023/,2026-06-12T05:45:55Z
toyota-fj-cruiser,2023,Original Trim Prices,156900,187900,172400,"GXRAED 156,900 - 157,000Adventure XAED 187,900 - 188,000",AED,https://www.drivearabia.com/carprices/uae/toyota/toyota-fj-cruiser/2023/,2026-06-12T05:45:55Z
toyota-fj-cruiser,2023,Original Trim Prices,156900,187900,172400,"GXRAED 156,900 - 157,000Adventure XAED 187,900 - 188,000",AED,https://www.drivearabia.com/carprices/uae/toyota/toyota-fj-cruiser/2023/,2026-06-12T05:45:55Z
toyota-fj-cruiser,2023,Unknown,156900,157000,156950,"GXRAED 156,900 - 157,000",AED,https://www.drivearabia.com/carprices/uae/toyota/toyota-fj-cruiser/2023/,2026-06-12T05:45:55Z
toyota-fj-cruiser,2023,GXR,156900,157000,156950,"AED 156,900 - 157,000",AED,https://www.drivearabia.com/carprices/uae/toyota/toyota-fj-cruiser/2023/,2026-06-12T05:45:55Z
toyota-fj-cruiser,2023,Unknown,187900,188000,187950,"Adventure XAED 187,900 - 188,000",AED,https://www.drivearabia.com/carprices/uae/toyota/toyota-fj-cruiser/2023/,2026-06-12T05:45:55Z
toyota-fj-cruiser,2023,Adventure X,187900,188000,187950,"AED 187,900 - 188,000",AED,https://www.drivearabia.com/carprices/uae/toyota/toyota-fj-cruiser/2023/,2026-06-12T05:45:55Z
toyota-fj-cruiser,2023,Unknown,2023,144000,73012,"2023 Nissan XterraAED 104,000 - 144,000",AED,https://www.drivearabia.com/carprices/uae/toyota/toyota-fj-cruiser/2023/,2026-06-12T05:45:55Z
toyota-fj-cruiser,2023,Unknown,2023,144000,73012,"2023 Nissan XterraAED 104,000 - 144,000",AED,https://www.drivearabia.com/carprices/uae/toyota/toyota-fj-cruiser/2023/,2026-06-12T05:45:55Z
toyota-fj-cruiser,2023,Unknown,104000,144000,124000,"AED 104,000 - 144,000",AED,https://www.drivearabia.com/carprices/uae/toyota/toyota-fj-cruiser/2023/,2026-06-12T05:45:55Z
toyota-fj-cruiser,2023,Unknown,2023,193000,97512,"2023 Jeep WranglerAED 144,900 - 193,000",AED,https://www.drivearabia.com/carprices/uae/toyota/toyota-fj-cruiser/2023/,2026-06-12T05:45:55Z
toyota-fj-cruiser,2023,Unknown,2023,193000,97512,"2023 Jeep WranglerAED 144,900 - 193,000",AED,https://www.drivearabia.com/carprices/uae/toyota/toyota-fj-cruiser/2023/,2026-06-12T05:45:55Z
toyota-fj-cruiser,2023,Unknown,144900,193000,168950,"AED 144,900 - 193,000",AED,https://www.drivearabia.com/carprices/uae/toyota/toyota-fj-cruiser/2023/,2026-06-12T05:45:55Z
toyota-fj-cruiser,2023,Unknown,2023,662000,332012,"2023 Land Rover Defender 110AED 232,785 - 662,000",AED,https://www.drivearabia.com/carprices/uae/toyota/toyota-fj-cruiser/2023/,2026-06-12T05:45:55Z
toyota-fj-cruiser,2023,Unknown,2023,662000,332012,"2023 Land Rover Defender 110AED 232,785 - 662,000",AED,https://www.drivearabia.com/carprices/uae/toyota/toyota-fj-cruiser/2023/,2026-06-12T05:45:55Z
toyota-fj-cruiser,2023,Unknown,232785,662000,447392,"AED 232,785 - 662,000",AED,https://www.drivearabia.com/carprices/uae/toyota/toyota-fj-cruiser/2023/,2026-06-12T05:45:55Z
toyota-fj-cruiser,2023,Unknown,2023,156900,79462,"The starting price of the 2023 Toyota FJ Cruiser in UAE is AED 156,900.",AED,https://www.drivearabia.com/carprices/uae/toyota/toyota-fj-cruiser/2023/,2026-06-12T05:45:55Z
toyota-fj-cruiser,2023,Unknown,2023,156900,79462,"The starting price of the 2023 Toyota FJ Cruiser in UAE is AED 156,900.",AED,https://www.drivearabia.com/carprices/uae/toyota/toyota-fj-cruiser/2023/,2026-06-12T05:45:55Z
toyota-fj-cruiser,2023,TrimsGXR,,,156900,"Original Starting PriceAED 156,900",AED,https://www.drivearabia.com/carprices/uae/toyota/toyota-fj-cruiser/2023/,2026-06-12T05:45:55Z
toyota-fj-cruiser,2023,TrimsGXR,,,156900,"AED 156,900",AED,https://www.drivearabia.com/carprices/uae/toyota/toyota-fj-cruiser/2023/,2026-06-12T05:45:55Z
toyota-fj-cruiser,2023,Unknown,,,156900,"AED 156,900",AED,https://www.drivearabia.com/carprices/uae/toyota/toyota-fj-cruiser/2023/,2026-06-12T05:45:55Z
toyota-fj-cruiser,2026,Unknown,,,125000,"AED 125,000",AED,https://www.drivearabia.com/carprices/uae/toyota/toyota-fj-cruiser/2026/,2026-06-12T05:45:59Z
toyota-fj-cruiser,2026,Trim Prices,125000,150000,137500,"FJ 4WDAED 125,000 - 150,000",AED,https://www.drivearabia.com/carprices/uae/toyota/toyota-fj-cruiser/2026/,2026-06-12T05:45:59Z
toyota-fj-cruiser,2026,Trim Prices,125000,150000,137500,"FJ 4WDAED 125,000 - 150,000",AED,https://www.drivearabia.com/carprices/uae/toyota/toyota-fj-cruiser/2026/,2026-06-12T05:45:59Z
toyota-fj-cruiser,2026,Unknown,125000,150000,137500,"FJ 4WDAED 125,000 - 150,000",AED,https://www.drivearabia.com/carprices/uae/toyota/toyota-fj-cruiser/2026/,2026-06-12T05:45:59Z
toyota-fj-cruiser,2026,FJ 4WD,125000,150000,137500,"AED 125,000 - 150,000",AED,https://www.drivearabia.com/carprices/uae/toyota/toyota-fj-cruiser/2026/,2026-06-12T05:45:59Z
toyota-fj-cruiser,2026,Unknown,2025,144000,73012,"2025 Nissan XterraAED 104,000 - 144,000",AED,https://www.drivearabia.com/carprices/uae/toyota/toyota-fj-cruiser/2026/,2026-06-12T05:45:59Z
toyota-fj-cruiser,2026,Unknown,2025,144000,73012,"2025 Nissan XterraAED 104,000 - 144,000",AED,https://www.drivearabia.com/carprices/uae/toyota/toyota-fj-cruiser/2026/,2026-06-12T05:45:59Z
toyota-fj-cruiser,2026,Unknown,104000,144000,124000,"AED 104,000 - 144,000",AED,https://www.drivearabia.com/carprices/uae/toyota/toyota-fj-cruiser/2026/,2026-06-12T05:45:59Z
toyota-fj-cruiser,2026,Unknown,2025,135000,68512,"2025 Mitsubishi Montero SportAED 93,350 - 135,000",AED,https://www.drivearabia.com/carprices/uae/toyota/toyota-fj-cruiser/2026/,2026-06-12T05:45:59Z
toyota-fj-cruiser,2026,Unknown,2025,135000,68512,"2025 Mitsubishi Montero SportAED 93,350 - 135,000",AED,https://www.drivearabia.com/carprices/uae/toyota/toyota-fj-cruiser/2026/,2026-06-12T05:45:59Z
toyota-fj-cruiser,2026,Unknown,93350,135000,114175,"AED 93,350 - 135,000",AED,https://www.drivearabia.com/carprices/uae/toyota/toyota-fj-cruiser/2026/,2026-06-12T05:45:59Z
toyota-fj-cruiser,2026,Unknown,2026,122000,62013,"2026 212 T01AED 121,275 - 122,000",AED,https://www.drivearabia.com/carprices/uae/toyota/toyota-fj-cruiser/2026/,2026-06-12T05:45:59Z
toyota-fj-cruiser,2026,Unknown,2026,122000,62013,"2026 212 T01AED 121,275 - 122,000",AED,https://www.drivearabia.com/carprices/uae/toyota/toyota-fj-cruiser/2026/,2026-06-12T05:45:59Z
toyota-fj-cruiser,2026,Unknown,121275,122000,121638,"AED 121,275 - 122,000",AED,https://www.drivearabia.com/carprices/uae/toyota/toyota-fj-cruiser/2026/,2026-06-12T05:45:59Z
toyota-fj-cruiser,2026,Unknown,2026,125000,63513,"The starting price of the 2026 Toyota FJ Cruiser in UAE is AED 125,000.",AED,https://www.drivearabia.com/carprices/uae/toyota/toyota-fj-cruiser/2026/,2026-06-12T05:45:59Z
toyota-fj-cruiser,2026,Unknown,2026,125000,63513,"The starting price of the 2026 Toyota FJ Cruiser in UAE is AED 125,000.",AED,https://www.drivearabia.com/carprices/uae/toyota/toyota-fj-cruiser/2026/,2026-06-12T05:45:59Z
toyota-fj-cruiser,2026,TrimsFJ 4WD,,,125000,"AED 125,000",AED,https://www.drivearabia.com/carprices/uae/toyota/toyota-fj-cruiser/2026/,2026-06-12T05:45:59Z
toyota-fj-cruiser,2026,Unknown,,,125000,"AED 125,000",AED,https://www.drivearabia.com/carprices/uae/toyota/toyota-fj-cruiser/2026/,2026-06-12T05:45:59Z
toyota-fortuner,2022,Unknown,,,122900,"Original Starting PriceAED 122,900",AED,https://www.drivearabia.com/carprices/uae/toyota/toyota-fortuner/2022/,2026-06-12T05:46:01Z
toyota-fortuner,2022,Unknown,,,122900,"Original Starting PriceAED 122,900",AED,https://www.drivearabia.com/carprices/uae/toyota/toyota-fortuner/2022/,2026-06-12T05:46:01Z
toyota-fortuner,2022,Unknown,,,122900,"AED 122,900",AED,https://www.drivearabia.com/carprices/uae/toyota/toyota-fortuner/2022/,2026-06-12T05:46:01Z
toyota-fortuner,2022,Unknown,122900,123000,122950,"2.7L EXRAED 122,900 - 123,000",AED,https://www.drivearabia.com/carprices/uae/toyota/toyota-fortuner/2022/,2026-06-12T05:46:01Z
toyota-fortuner,2022,2.7L EXR,122900,123000,122950,"AED 122,900 - 123,000",AED,https://www.drivearabia.com/carprices/uae/toyota/toyota-fortuner/2022/,2026-06-12T05:46:01Z
toyota-fortuner,2022,Unknown,149900,150000,149950,"4.0L GXRAED 149,900 - 150,000",AED,https://www.drivearabia.com/carprices/uae/toyota/toyota-fortuner/2022/,2026-06-12T05:46:01Z
toyota-fortuner,2022,4.0L GXR,149900,150000,149950,"AED 149,900 - 150,000",AED,https://www.drivearabia.com/carprices/uae/toyota/toyota-fortuner/2022/,2026-06-12T05:46:01Z
toyota-fortuner,2022,Unknown,165900,166000,165950,"4.0L VXRAED 165,900 - 166,000",AED,https://www.drivearabia.com/carprices/uae/toyota/toyota-fortuner/2022/,2026-06-12T05:46:01Z
toyota-fortuner,2022,4.0L VXR,165900,166000,165950,"AED 165,900 - 166,000",AED,https://www.drivearabia.com/carprices/uae/toyota/toyota-fortuner/2022/,2026-06-12T05:46:01Z
toyota-fortuner,2022,Unknown,2022,214000,108011,"2022 Nissan PathfinderAED 158,000 - 214,000",AED,https://www.drivearabia.com/carprices/uae/toyota/toyota-fortuner/2022/,2026-06-12T05:46:01Z
toyota-fortuner,2022,Unknown,2022,214000,108011,"2022 Nissan PathfinderAED 158,000 - 214,000",AED,https://www.drivearabia.com/carprices/uae/toyota/toyota-fortuner/2022/,2026-06-12T05:46:01Z
toyota-fortuner,2022,Unknown,158000,214000,186000,"AED 158,000 - 214,000",AED,https://www.drivearabia.com/carprices/uae/toyota/toyota-fortuner/2022/,2026-06-12T05:46:01Z
toyota-fortuner,2022,Unknown,2022,135000,68511,"2022 Mitsubishi Montero SportAED 79,900 - 135,000",AED,https://www.drivearabia.com/carprices/uae/toyota/toyota-fortuner/2022/,2026-06-12T05:46:01Z
toyota-fortuner,2022,Unknown,2022,135000,68511,"2022 Mitsubishi Montero SportAED 79,900 - 135,000",AED,https://www.drivearabia.com/carprices/uae/toyota/toyota-fortuner/2022/,2026-06-12T05:46:01Z
toyota-fortuner,2022,Unknown,79900,135000,107450,"AED 79,900 - 135,000",AED,https://www.drivearabia.com/carprices/uae/toyota/toyota-fortuner/2022/,2026-06-12T05:46:01Z
toyota-fortuner,2022,Unknown,2022,237000,119511,"2022 Ford ExplorerAED 155,000 - 237,000",AED,https://www.drivearabia.com/carprices/uae/toyota/toyota-fortuner/2022/,2026-06-12T05:46:01Z
toyota-fortuner,2022,Unknown,2022,237000,119511,"2022 Ford ExplorerAED 155,000 - 237,000",AED,https://www.drivearabia.com/carprices/uae/toyota/toyota-fortuner/2022/,2026-06-12T05:46:01Z
toyota-fortuner,2022,Unknown,155000,237000,196000,"AED 155,000 - 237,000",AED,https://www.drivearabia.com/carprices/uae/toyota/toyota-fortuner/2022/,2026-06-12T05:46:01Z
toyota-fortuner,2022,Unknown,2022,122900,62461,"The starting price of the 2022 Toyota Fortuner in UAE is AED 122,900.",AED,https://www.drivearabia.com/carprices/uae/toyota/toyota-fortuner/2022/,2026-06-12T05:46:01Z
toyota-fortuner,2022,Unknown,2022,122900,62461,"The starting price of the 2022 Toyota Fortuner in UAE is AED 122,900.",AED,https://www.drivearabia.com/carprices/uae/toyota/toyota-fortuner/2022/,2026-06-12T05:46:01Z
toyota-fortuner,2022,Trims2.7L EXR,,,122900,"Original Starting PriceAED 122,900",AED,https://www.drivearabia.com/carprices/uae/toyota/toyota-fortuner/2022/,2026-06-12T05:46:01Z
toyota-fortuner,2022,Trims2.7L EXR,,,122900,"AED 122,900",AED,https://www.drivearabia.com/carprices/uae/toyota/toyota-fortuner/2022/,2026-06-12T05:46:01Z
toyota-fortuner,2022,Unknown,,,122900,"AED 122,900",AED,https://www.drivearabia.com/carprices/uae/toyota/toyota-fortuner/2022/,2026-06-12T05:46:01Z
toyota-fortuner,2023,Unknown,,,122900,"Original Starting PriceAED 122,900",AED,https://www.drivearabia.com/carprices/uae/toyota/toyota-fortuner/2023/,2026-06-12T05:46:03Z
toyota-fortuner,2023,Unknown,,,122900,"Original Starting PriceAED 122,900",AED,https://www.drivearabia.com/carprices/uae/toyota/toyota-fortuner/2023/,2026-06-12T05:46:03Z
toyota-fortuner,2023,Unknown,,,122900,"AED 122,900",AED,https://www.drivearabia.com/carprices/uae/toyota/toyota-fortuner/2023/,2026-06-12T05:46:03Z
toyota-fortuner,2023,Unknown,122900,123000,122950,"2.7L EXRAED 122,900 - 123,000",AED,https://www.drivearabia.com/carprices/uae/toyota/toyota-fortuner/2023/,2026-06-12T05:46:03Z
toyota-fortuner,2023,2.7L EXR,122900,123000,122950,"AED 122,900 - 123,000",AED,https://www.drivearabia.com/carprices/uae/toyota/toyota-fortuner/2023/,2026-06-12T05:46:03Z
toyota-fortuner,2023,Unknown,149900,150000,149950,"4.0L GXRAED 149,900 - 150,000",AED,https://www.drivearabia.com/carprices/uae/toyota/toyota-fortuner/2023/,2026-06-12T05:46:03Z
toyota-fortuner,2023,4.0L GXR,149900,150000,149950,"AED 149,900 - 150,000",AED,https://www.drivearabia.com/carprices/uae/toyota/toyota-fortuner/2023/,2026-06-12T05:46:03Z
toyota-fortuner,2023,Unknown,165900,166000,165950,"4.0L VXRAED 165,900 - 166,000",AED,https://www.drivearabia.com/carprices/uae/toyota/toyota-fortuner/2023/,2026-06-12T05:46:03Z
toyota-fortuner,2023,4.0L VXR,165900,166000,165950,"AED 165,900 - 166,000",AED,https://www.drivearabia.com/carprices/uae/toyota/toyota-fortuner/2023/,2026-06-12T05:46:03Z
toyota-fortuner,2023,Unknown,2023,214000,108012,"2023 Nissan PathfinderAED 158,000 - 214,000",AED,https://www.drivearabia.com/carprices/uae/toyota/toyota-fortuner/2023/,2026-06-12T05:46:03Z
toyota-fortuner,2023,Unknown,2023,214000,108012,"2023 Nissan PathfinderAED 158,000 - 214,000",AED,https://www.drivearabia.com/carprices/uae/toyota/toyota-fortuner/2023/,2026-06-12T05:46:03Z
toyota-fortuner,2023,Unknown,158000,214000,186000,"AED 158,000 - 214,000",AED,https://www.drivearabia.com/carprices/uae/toyota/toyota-fortuner/2023/,2026-06-12T05:46:03Z
toyota-fortuner,2023,Unknown,2023,237000,119512,"2023 Ford ExplorerAED 155,000 - 237,000",AED,https://www.drivearabia.com/carprices/uae/toyota/toyota-fortuner/2023/,2026-06-12T05:46:03Z
toyota-fortuner,2023,Unknown,2023,237000,119512,"2023 Ford ExplorerAED 155,000 - 237,000",AED,https://www.drivearabia.com/carprices/uae/toyota/toyota-fortuner/2023/,2026-06-12T05:46:03Z
toyota-fortuner,2023,Unknown,155000,237000,196000,"AED 155,000 - 237,000",AED,https://www.drivearabia.com/carprices/uae/toyota/toyota-fortuner/2023/,2026-06-12T05:46:03Z
toyota-fortuner,2023,Unknown,2023,135000,68512,"2023 Mitsubishi Montero SportAED 79,900 - 135,000",AED,https://www.drivearabia.com/carprices/uae/toyota/toyota-fortuner/2023/,2026-06-12T05:46:03Z
toyota-fortuner,2023,Unknown,2023,135000,68512,"2023 Mitsubishi Montero SportAED 79,900 - 135,000",AED,https://www.drivearabia.com/carprices/uae/toyota/toyota-fortuner/2023/,2026-06-12T05:46:03Z
toyota-fortuner,2023,Unknown,79900,135000,107450,"AED 79,900 - 135,000",AED,https://www.drivearabia.com/carprices/uae/toyota/toyota-fortuner/2023/,2026-06-12T05:46:03Z
toyota-fortuner,2023,Unknown,2023,122900,62462,"The starting price of the 2023 Toyota Fortuner in UAE is AED 122,900.",AED,https://www.drivearabia.com/carprices/uae/toyota/toyota-fortuner/2023/,2026-06-12T05:46:03Z
toyota-fortuner,2023,Unknown,2023,122900,62462,"The starting price of the 2023 Toyota Fortuner in UAE is AED 122,900.",AED,https://www.drivearabia.com/carprices/uae/toyota/toyota-fortuner/2023/,2026-06-12T05:46:03Z
toyota-fortuner,2023,Trims2.7L EXR,,,122900,"Original Starting PriceAED 122,900",AED,https://www.drivearabia.com/carprices/uae/toyota/toyota-fortuner/2023/,2026-06-12T05:46:03Z
toyota-fortuner,2023,Trims2.7L EXR,,,122900,"AED 122,900",AED,https://www.drivearabia.com/carprices/uae/toyota/toyota-fortuner/2023/,2026-06-12T05:46:03Z
toyota-fortuner,2023,Unknown,,,122900,"AED 122,900",AED,https://www.drivearabia.com/carprices/uae/toyota/toyota-fortuner/2023/,2026-06-12T05:46:03Z
toyota-fortuner,2024,Unknown,,,122900,"Original Starting PriceAED 122,900",AED,https://www.drivearabia.com/carprices/uae/toyota/toyota-fortuner/2024/,2026-06-12T05:46:05Z
toyota-fortuner,2024,Unknown,,,122900,"Original Starting PriceAED 122,900",AED,https://www.drivearabia.com/carprices/uae/toyota/toyota-fortuner/2024/,2026-06-12T05:46:05Z
toyota-fortuner,2024,Unknown,,,122900,"AED 122,900",AED,https://www.drivearabia.com/carprices/uae/toyota/toyota-fortuner/2024/,2026-06-12T05:46:05Z
toyota-fortuner,2024,Unknown,122900,123000,122950,"2.7L EXRAED 122,900 - 123,000",AED,https://www.drivearabia.com/carprices/uae/toyota/toyota-fortuner/2024/,2026-06-12T05:46:05Z
toyota-fortuner,2024,2.7L EXR,122900,123000,122950,"AED 122,900 - 123,000",AED,https://www.drivearabia.com/carprices/uae/toyota/toyota-fortuner/2024/,2026-06-12T05:46:05Z
toyota-fortuner,2024,Unknown,149900,150000,149950,"4.0L GXRAED 149,900 - 150,000",AED,https://www.drivearabia.com/carprices/uae/toyota/toyota-fortuner/2024/,2026-06-12T05:46:05Z
toyota-fortuner,2024,4.0L GXR,149900,150000,149950,"AED 149,900 - 150,000",AED,https://www.drivearabia.com/carprices/uae/toyota/toyota-fortuner/2024/,2026-06-12T05:46:05Z
toyota-fortuner,2024,Unknown,165900,166000,165950,"4.0L VXRAED 165,900 - 166,000",AED,https://www.drivearabia.com/carprices/uae/toyota/toyota-fortuner/2024/,2026-06-12T05:46:05Z
toyota-fortuner,2024,4.0L VXR,165900,166000,165950,"AED 165,900 - 166,000",AED,https://www.drivearabia.com/carprices/uae/toyota/toyota-fortuner/2024/,2026-06-12T05:46:05Z
toyota-fortuner,2024,Unknown,2024,214000,108012,"2024 Nissan PathfinderAED 158,000 - 214,000",AED,https://www.drivearabia.com/carprices/uae/toyota/toyota-fortuner/2024/,2026-06-12T05:46:05Z
toyota-fortuner,2024,Unknown,2024,214000,108012,"2024 Nissan PathfinderAED 158,000 - 214,000",AED,https://www.drivearabia.com/carprices/uae/toyota/toyota-fortuner/2024/,2026-06-12T05:46:05Z
toyota-fortuner,2024,Unknown,158000,214000,186000,"AED 158,000 - 214,000",AED,https://www.drivearabia.com/carprices/uae/toyota/toyota-fortuner/2024/,2026-06-12T05:46:05Z
toyota-fortuner,2024,Unknown,2024,237000,119512,"2024 Ford ExplorerAED 155,000 - 237,000",AED,https://www.drivearabia.com/carprices/uae/toyota/toyota-fortuner/2024/,2026-06-12T05:46:05Z
toyota-fortuner,2024,Unknown,2024,237000,119512,"2024 Ford ExplorerAED 155,000 - 237,000",AED,https://www.drivearabia.com/carprices/uae/toyota/toyota-fortuner/2024/,2026-06-12T05:46:05Z
toyota-fortuner,2024,Unknown,155000,237000,196000,"AED 155,000 - 237,000",AED,https://www.drivearabia.com/carprices/uae/toyota/toyota-fortuner/2024/,2026-06-12T05:46:05Z
toyota-fortuner,2024,Unknown,2024,135000,68512,"2024 Mitsubishi Montero SportAED 93,350 - 135,000",AED,https://www.drivearabia.com/carprices/uae/toyota/toyota-fortuner/2024/,2026-06-12T05:46:05Z
toyota-fortuner,2024,Unknown,2024,135000,68512,"2024 Mitsubishi Montero SportAED 93,350 - 135,000",AED,https://www.drivearabia.com/carprices/uae/toyota/toyota-fortuner/2024/,2026-06-12T05:46:05Z
toyota-fortuner,2024,Unknown,93350,135000,114175,"AED 93,350 - 135,000",AED,https://www.drivearabia.com/carprices/uae/toyota/toyota-fortuner/2024/,2026-06-12T05:46:05Z
toyota-fortuner,2024,Unknown,2024,122900,62462,"The starting price of the 2024 Toyota Fortuner in UAE is AED 122,900.",AED,https://www.drivearabia.com/carprices/uae/toyota/toyota-fortuner/2024/,2026-06-12T05:46:05Z
toyota-fortuner,2024,Unknown,2024,122900,62462,"The starting price of the 2024 Toyota Fortuner in UAE is AED 122,900.",AED,https://www.drivearabia.com/carprices/uae/toyota/toyota-fortuner/2024/,2026-06-12T05:46:05Z
toyota-fortuner,2024,Trims2.7L EXR,,,122900,"Original Starting PriceAED 122,900",AED,https://www.drivearabia.com/carprices/uae/toyota/toyota-fortuner/2024/,2026-06-12T05:46:05Z
toyota-fortuner,2024,Trims2.7L EXR,,,122900,"AED 122,900",AED,https://www.drivearabia.com/carprices/uae/toyota/toyota-fortuner/2024/,2026-06-12T05:46:05Z
toyota-fortuner,2024,Unknown,,,122900,"AED 122,900",AED,https://www.drivearabia.com/carprices/uae/toyota/toyota-fortuner/2024/,2026-06-12T05:46:05Z
toyota-fortuner,2025,Unknown,,,127900,"Starting atAED 127,900",AED,https://www.drivearabia.com/carprices/uae/toyota/toyota-fortuner/2025/,2026-06-12T05:46:07Z
toyota-fortuner,2025,Unknown,,,127900,"Starting atAED 127,900",AED,https://www.drivearabia.com/carprices/uae/toyota/toyota-fortuner/2025/,2026-06-12T05:46:07Z
toyota-fortuner,2025,Starting at,,,127900,"AED 127,900",AED,https://www.drivearabia.com/carprices/uae/toyota/toyota-fortuner/2025/,2026-06-12T05:46:07Z
toyota-fortuner,2025,Unknown,127900,128000,127950,"2.7L EXR 4WDAED 127,900 - 128,000",AED,https://www.drivearabia.com/carprices/uae/toyota/toyota-fortuner/2025/,2026-06-12T05:46:07Z
toyota-fortuner,2025,2.7L EXR 4WD,127900,128000,127950,"AED 127,900 - 128,000",AED,https://www.drivearabia.com/carprices/uae/toyota/toyota-fortuner/2025/,2026-06-12T05:46:07Z
toyota-fortuner,2025,Unknown,153900,154000,153950,"4.0L GXR 4WDAED 153,900 - 154,000",AED,https://www.drivearabia.com/carprices/uae/toyota/toyota-fortuner/2025/,2026-06-12T05:46:07Z
toyota-fortuner,2025,4.0L GXR 4WD,153900,154000,153950,"AED 153,900 - 154,000",AED,https://www.drivearabia.com/carprices/uae/toyota/toyota-fortuner/2025/,2026-06-12T05:46:07Z
toyota-fortuner,2025,Unknown,165900,166000,165950,"4.0L VXR 4WDAED 165,900 - 166,000",AED,https://www.drivearabia.com/carprices/uae/toyota/toyota-fortuner/2025/,2026-06-12T05:46:07Z
toyota-fortuner,2025,4.0L VXR 4WD,165900,166000,165950,"AED 165,900 - 166,000",AED,https://www.drivearabia.com/carprices/uae/toyota/toyota-fortuner/2025/,2026-06-12T05:46:07Z
toyota-fortuner,2025,Unknown,2025,246000,124012,"2025 Ford ExplorerAED 213,045 - 246,000",AED,https://www.drivearabia.com/carprices/uae/toyota/toyota-fortuner/2025/,2026-06-12T05:46:07Z
toyota-fortuner,2025,Unknown,2025,246000,124012,"2025 Ford ExplorerAED 213,045 - 246,000",AED,https://www.drivearabia.com/carprices/uae/toyota/toyota-fortuner/2025/,2026-06-12T05:46:07Z
toyota-fortuner,2025,Unknown,213045,246000,229522,"AED 213,045 - 246,000",AED,https://www.drivearabia.com/carprices/uae/toyota/toyota-fortuner/2025/,2026-06-12T05:46:07Z
toyota-fortuner,2025,Unknown,2025,135000,68512,"2025 Mitsubishi Montero SportAED 93,350 - 135,000",AED,https://www.drivearabia.com/carprices/uae/toyota/toyota-fortuner/2025/,2026-06-12T05:46:07Z
toyota-fortuner,2025,Unknown,2025,135000,68512,"2025 Mitsubishi Montero SportAED 93,350 - 135,000",AED,https://www.drivearabia.com/carprices/uae/toyota/toyota-fortuner/2025/,2026-06-12T05:46:07Z
toyota-fortuner,2025,Unknown,93350,135000,114175,"AED 93,350 - 135,000",AED,https://www.drivearabia.com/carprices/uae/toyota/toyota-fortuner/2025/,2026-06-12T05:46:07Z
toyota-fortuner,2025,Unknown,2025,214000,108012,"2025 Nissan PathfinderAED 158,000 - 214,000",AED,https://www.drivearabia.com/carprices/uae/toyota/toyota-fortuner/2025/,2026-06-12T05:46:07Z
toyota-fortuner,2025,Unknown,2025,214000,108012,"2025 Nissan PathfinderAED 158,000 - 214,000",AED,https://www.drivearabia.com/carprices/uae/toyota/toyota-fortuner/2025/,2026-06-12T05:46:07Z
toyota-fortuner,2025,Unknown,158000,214000,186000,"AED 158,000 - 214,000",AED,https://www.drivearabia.com/carprices/uae/toyota/toyota-fortuner/2025/,2026-06-12T05:46:07Z
toyota-fortuner,2025,Unknown,2025,127900,64962,"The starting price of the 2025 Toyota Fortuner in UAE is AED 127,900.",AED,https://www.drivearabia.com/carprices/uae/toyota/toyota-fortuner/2025/,2026-06-12T05:46:07Z
toyota-fortuner,2025,Unknown,2025,127900,64962,"The starting price of the 2025 Toyota Fortuner in UAE is AED 127,900.",AED,https://www.drivearabia.com/carprices/uae/toyota/toyota-fortuner/2025/,2026-06-12T05:46:07Z
toyota-fortuner,2025,Trims2.7L EXR 4WD,,,127900,"Starting atAED 127,900",AED,https://www.drivearabia.com/carprices/uae/toyota/toyota-fortuner/2025/,2026-06-12T05:46:07Z
toyota-fortuner,2025,Starting at,,,127900,"AED 127,900",AED,https://www.drivearabia.com/carprices/uae/toyota/toyota-fortuner/2025/,2026-06-12T05:46:07Z
toyota-fortuner,2025,Starting at,,,127900,"AED 127,900",AED,https://www.drivearabia.com/carprices/uae/toyota/toyota-fortuner/2025/,2026-06-12T05:46:07Z
toyota-fortuner,2026,Unknown,,,128900,"Starting atAED 128,900",AED,https://www.drivearabia.com/carprices/uae/toyota/toyota-fortuner/2026/,2026-06-12T05:46:09Z
toyota-fortuner,2026,Unknown,,,128900,"Starting atAED 128,900",AED,https://www.drivearabia.com/carprices/uae/toyota/toyota-fortuner/2026/,2026-06-12T05:46:09Z
toyota-fortuner,2026,Starting at,,,128900,"AED 128,900",AED,https://www.drivearabia.com/carprices/uae/toyota/toyota-fortuner/2026/,2026-06-12T05:46:09Z
toyota-fortuner,2026,Unknown,128900,129000,128950,"2.7L EXR 4WDAED 128,900 - 129,000",AED,https://www.drivearabia.com/carprices/uae/toyota/toyota-fortuner/2026/,2026-06-12T05:46:09Z
toyota-fortuner,2026,2.7L EXR 4WD,128900,129000,128950,"AED 128,900 - 129,000",AED,https://www.drivearabia.com/carprices/uae/toyota/toyota-fortuner/2026/,2026-06-12T05:46:09Z
toyota-fortuner,2026,Unknown,154900,155000,154950,"4.0L GXR 4WDAED 154,900 - 155,000",AED,https://www.drivearabia.com/carprices/uae/toyota/toyota-fortuner/2026/,2026-06-12T05:46:09Z
toyota-fortuner,2026,4.0L GXR 4WD,154900,155000,154950,"AED 154,900 - 155,000",AED,https://www.drivearabia.com/carprices/uae/toyota/toyota-fortuner/2026/,2026-06-12T05:46:09Z
toyota-fortuner,2026,Unknown,173900,174000,173950,"4.0L VXR 4WDAED 173,900 - 174,000",AED,https://www.drivearabia.com/carprices/uae/toyota/toyota-fortuner/2026/,2026-06-12T05:46:09Z
toyota-fortuner,2026,4.0L VXR 4WD,173900,174000,173950,"AED 173,900 - 174,000",AED,https://www.drivearabia.com/carprices/uae/toyota/toyota-fortuner/2026/,2026-06-12T05:46:09Z
toyota-fortuner,2026,Unknown,2025,246000,124012,"2025 Ford ExplorerAED 213,045 - 246,000",AED,https://www.drivearabia.com/carprices/uae/toyota/toyota-fortuner/2026/,2026-06-12T05:46:09Z
toyota-fortuner,2026,Unknown,2025,246000,124012,"2025 Ford ExplorerAED 213,045 - 246,000",AED,https://www.drivearabia.com/carprices/uae/toyota/toyota-fortuner/2026/,2026-06-12T05:46:09Z
toyota-fortuner,2026,Unknown,213045,246000,229522,"AED 213,045 - 246,000",AED,https://www.drivearabia.com/carprices/uae/toyota/toyota-fortuner/2026/,2026-06-12T05:46:09Z
toyota-fortuner,2026,Unknown,2025,135000,68512,"2025 Mitsubishi Montero SportAED 93,350 - 135,000",AED,https://www.drivearabia.com/carprices/uae/toyota/toyota-fortuner/2026/,2026-06-12T05:46:09Z
toyota-fortuner,2026,Unknown,2025,135000,68512,"2025 Mitsubishi Montero SportAED 93,350 - 135,000",AED,https://www.drivearabia.com/carprices/uae/toyota/toyota-fortuner/2026/,2026-06-12T05:46:09Z
toyota-fortuner,2026,Unknown,93350,135000,114175,"AED 93,350 - 135,000",AED,https://www.drivearabia.com/carprices/uae/toyota/toyota-fortuner/2026/,2026-06-12T05:46:09Z
toyota-fortuner,2026,Unknown,2025,214000,108012,"2025 Nissan PathfinderAED 158,000 - 214,000",AED,https://www.drivearabia.com/carprices/uae/toyota/toyota-fortuner/2026/,2026-06-12T05:46:09Z
toyota-fortuner,2026,Unknown,2025,214000,108012,"2025 Nissan PathfinderAED 158,000 - 214,000",AED,https://www.drivearabia.com/carprices/uae/toyota/toyota-fortuner/2026/,2026-06-12T05:46:09Z
toyota-fortuner,2026,Unknown,158000,214000,186000,"AED 158,000 - 214,000",AED,https://www.drivearabia.com/carprices/uae/toyota/toyota-fortuner/2026/,2026-06-12T05:46:09Z
toyota-fortuner,2026,Unknown,2026,128900,65463,"The starting price of the 2026 Toyota Fortuner in UAE is AED 128,900.",AED,https://www.drivearabia.com/carprices/uae/toyota/toyota-fortuner/2026/,2026-06-12T05:46:09Z
toyota-fortuner,2026,Unknown,2026,128900,65463,"The starting price of the 2026 Toyota Fortuner in UAE is AED 128,900.",AED,https://www.drivearabia.com/carprices/uae/toyota/toyota-fortuner/2026/,2026-06-12T05:46:09Z
toyota-fortuner,2026,Trims2.7L EXR 4WD,,,128900,"Starting atAED 128,900",AED,https://www.drivearabia.com/carprices/uae/toyota/toyota-fortuner/2026/,2026-06-12T05:46:09Z
toyota-fortuner,2026,Starting at,,,128900,"AED 128,900",AED,https://www.drivearabia.com/carprices/uae/toyota/toyota-fortuner/2026/,2026-06-12T05:46:09Z
toyota-fortuner,2026,Starting at,,,128900,"AED 128,900",AED,https://www.drivearabia.com/carprices/uae/toyota/toyota-fortuner/2026/,2026-06-12T05:46:09Z
toyota-gr-corolla,2026,Unknown,,,182900,"Starting atAED 182,900",AED,https://www.drivearabia.com/carprices/uae/toyota/toyota-gr-corolla/2026/,2026-06-12T05:46:15Z
toyota-gr-corolla,2026,Unknown,,,182900,"Starting atAED 182,900",AED,https://www.drivearabia.com/carprices/uae/toyota/toyota-gr-corolla/2026/,2026-06-12T05:46:15Z
toyota-gr-corolla,2026,Starting at,,,182900,"AED 182,900",AED,https://www.drivearabia.com/carprices/uae/toyota/toyota-gr-corolla/2026/,2026-06-12T05:46:15Z
toyota-gr-corolla,2026,Trim Prices,182900,184900,183900,"manual AWDAED 182,900 - 183,000automatic AWDAED 184,900 - 185,000",AED,https://www.drivearabia.com/carprices/uae/toyota/toyota-gr-corolla/2026/,2026-06-12T05:46:15Z
toyota-gr-corolla,2026,Trim Prices,182900,184900,183900,"manual AWDAED 182,900 - 183,000automatic AWDAED 184,900 - 185,000",AED,https://www.drivearabia.com/carprices/uae/toyota/toyota-gr-corolla/2026/,2026-06-12T05:46:15Z
toyota-gr-corolla,2026,Unknown,182900,183000,182950,"manual AWDAED 182,900 - 183,000",AED,https://www.drivearabia.com/carprices/uae/toyota/toyota-gr-corolla/2026/,2026-06-12T05:46:15Z
toyota-gr-corolla,2026,manual AWD,182900,183000,182950,"AED 182,900 - 183,000",AED,https://www.drivearabia.com/carprices/uae/toyota/toyota-gr-corolla/2026/,2026-06-12T05:46:15Z
toyota-gr-corolla,2026,"manual AWDAED 182,900 - 183,000",,,184900,"automatic AWDAED 184,900 - 185,000",AED,https://www.drivearabia.com/carprices/uae/toyota/toyota-gr-corolla/2026/,2026-06-12T05:46:15Z
toyota-gr-corolla,2026,automatic AWD,184900,185000,184950,"AED 184,900 - 185,000",AED,https://www.drivearabia.com/carprices/uae/toyota/toyota-gr-corolla/2026/,2026-06-12T05:46:15Z
toyota-gr-corolla,2026,Unknown,2026,182900,92463,"The starting price of the 2026 Toyota GR Corolla in UAE is AED 182,900.",AED,https://www.drivearabia.com/carprices/uae/toyota/toyota-gr-corolla/2026/,2026-06-12T05:46:15Z
toyota-gr-corolla,2026,Unknown,2026,182900,92463,"The starting price of the 2026 Toyota GR Corolla in UAE is AED 182,900.",AED,https://www.drivearabia.com/carprices/uae/toyota/toyota-gr-corolla/2026/,2026-06-12T05:46:15Z
toyota-gr-corolla,2026,Trimsmanual AWD,,,182900,"Starting atAED 182,900",AED,https://www.drivearabia.com/carprices/uae/toyota/toyota-gr-corolla/2026/,2026-06-12T05:46:15Z
toyota-gr-corolla,2026,Starting at,,,182900,"AED 182,900",AED,https://www.drivearabia.com/carprices/uae/toyota/toyota-gr-corolla/2026/,2026-06-12T05:46:15Z
toyota-gr-corolla,2026,Starting at,,,182900,"AED 182,900",AED,https://www.drivearabia.com/carprices/uae/toyota/toyota-gr-corolla/2026/,2026-06-12T05:46:15Z
toyota-gr-yaris,2026,Unknown,,,167900,"Starting atAED 167,900",AED,https://www.drivearabia.com/carprices/uae/toyota/toyota-gr-yaris/2026/,2026-06-12T05:46:21Z
toyota-gr-yaris,2026,Unknown,,,167900,"Starting atAED 167,900",AED,https://www.drivearabia.com/carprices/uae/toyota/toyota-gr-yaris/2026/,2026-06-12T05:46:21Z
toyota-gr-yaris,2026,Starting at,,,167900,"AED 167,900",AED,https://www.drivearabia.com/carprices/uae/toyota/toyota-gr-yaris/2026/,2026-06-12T05:46:21Z
toyota-gr-yaris,2026,Trim Prices,167900,169900,168900,"GR86 MTAED 167,900 - 168,000GR 86 ATAED 169,900 - 170,000",AED,https://www.drivearabia.com/carprices/uae/toyota/toyota-gr-yaris/2026/,2026-06-12T05:46:21Z
toyota-gr-yaris,2026,Trim Prices,167900,169900,168900,"GR86 MTAED 167,900 - 168,000GR 86 ATAED 169,900 - 170,000",AED,https://www.drivearabia.com/carprices/uae/toyota/toyota-gr-yaris/2026/,2026-06-12T05:46:21Z
toyota-gr-yaris,2026,Unknown,167900,168000,167950,"GR86 MTAED 167,900 - 168,000",AED,https://www.drivearabia.com/carprices/uae/toyota/toyota-gr-yaris/2026/,2026-06-12T05:46:21Z
toyota-gr-yaris,2026,GR86 MT,167900,168000,167950,"AED 167,900 - 168,000",AED,https://www.drivearabia.com/carprices/uae/toyota/toyota-gr-yaris/2026/,2026-06-12T05:46:21Z
toyota-gr-yaris,2026,Unknown,169900,170000,169950,"GR 86 ATAED 169,900 - 170,000",AED,https://www.drivearabia.com/carprices/uae/toyota/toyota-gr-yaris/2026/,2026-06-12T05:46:21Z
toyota-gr-yaris,2026,GR 86 AT,169900,170000,169950,"AED 169,900 - 170,000",AED,https://www.drivearabia.com/carprices/uae/toyota/toyota-gr-yaris/2026/,2026-06-12T05:46:21Z
toyota-gr-yaris,2026,Unknown,2025,250000,126012,"2025 Volkswagen Golf RAED 197,000 - 250,000",AED,https://www.drivearabia.com/carprices/uae/toyota/toyota-gr-yaris/2026/,2026-06-12T05:46:21Z
toyota-gr-yaris,2026,Unknown,2025,250000,126012,"2025 Volkswagen Golf RAED 197,000 - 250,000",AED,https://www.drivearabia.com/carprices/uae/toyota/toyota-gr-yaris/2026/,2026-06-12T05:46:21Z
toyota-gr-yaris,2026,Unknown,197000,250000,223500,"AED 197,000 - 250,000",AED,https://www.drivearabia.com/carprices/uae/toyota/toyota-gr-yaris/2026/,2026-06-12T05:46:21Z
toyota-gr-yaris,2026,Unknown,2025,207000,104512,"2025 Honda Civic Type RAED 205,000 - 207,000",AED,https://www.drivearabia.com/carprices/uae/toyota/toyota-gr-yaris/2026/,2026-06-12T05:46:21Z
toyota-gr-yaris,2026,Unknown,2025,207000,104512,"2025 Honda Civic Type RAED 205,000 - 207,000",AED,https://www.drivearabia.com/carprices/uae/toyota/toyota-gr-yaris/2026/,2026-06-12T05:46:21Z
toyota-gr-yaris,2026,Unknown,205000,207000,206000,"AED 205,000 - 207,000",AED,https://www.drivearabia.com/carprices/uae/toyota/toyota-gr-yaris/2026/,2026-06-12T05:46:21Z
toyota-gr-yaris,2026,Unknown,2025,350000,176012,"2025 Audi RS 3AED 325,000 - 350,000",AED,https://www.drivearabia.com/carprices/uae/toyota/toyota-gr-yaris/2026/,2026-06-12T05:46:21Z
toyota-gr-yaris,2026,Unknown,2025,350000,176012,"2025 Audi RS 3AED 325,000 - 350,000",AED,https://www.drivearabia.com/carprices/uae/toyota/toyota-gr-yaris/2026/,2026-06-12T05:46:21Z
toyota-gr-yaris,2026,Unknown,325000,350000,337500,"AED 325,000 - 350,000",AED,https://www.drivearabia.com/carprices/uae/toyota/toyota-gr-yaris/2026/,2026-06-12T05:46:21Z
toyota-gr-yaris,2026,Unknown,2026,167900,84963,"The starting price of the 2026 Toyota GR Yaris in UAE is AED 167,900.",AED,https://www.drivearabia.com/carprices/uae/toyota/toyota-gr-yaris/2026/,2026-06-12T05:46:21Z
toyota-gr-yaris,2026,Unknown,2026,167900,84963,"The starting price of the 2026 Toyota GR Yaris in UAE is AED 167,900.",AED,https://www.drivearabia.com/carprices/uae/toyota/toyota-gr-yaris/2026/,2026-06-12T05:46:21Z
toyota-gr-yaris,2026,TrimsGR86 MT,,,167900,"Starting atAED 167,900",AED,https://www.drivearabia.com/carprices/uae/toyota/toyota-gr-yaris/2026/,2026-06-12T05:46:21Z
toyota-gr-yaris,2026,Starting at,,,167900,"AED 167,900",AED,https://www.drivearabia.com/carprices/uae/toyota/toyota-gr-yaris/2026/,2026-06-12T05:46:21Z
toyota-gr-yaris,2026,Starting at,,,167900,"AED 167,900",AED,https://www.drivearabia.com/carprices/uae/toyota/toyota-gr-yaris/2026/,2026-06-12T05:46:21Z
toyota-gr86,2024,Unknown,,,149900,"Original Starting PriceAED 149,900",AED,https://www.drivearabia.com/carprices/uae/toyota/toyota-gr86/2024/,2026-06-12T05:46:26Z
toyota-gr86,2024,Unknown,,,149900,"Original Starting PriceAED 149,900",AED,https://www.drivearabia.com/carprices/uae/toyota/toyota-gr86/2024/,2026-06-12T05:46:26Z
toyota-gr86,2024,Unknown,,,149900,"AED 149,900",AED,https://www.drivearabia.com/carprices/uae/toyota/toyota-gr86/2024/,2026-06-12T05:46:26Z
toyota-gr86,2024,Unknown,149900,150000,149950,"2.4 I4 manual RWDAED 149,900 - 150,000",AED,https://www.drivearabia.com/carprices/uae/toyota/toyota-gr86/2024/,2026-06-12T05:46:26Z
toyota-gr86,2024,2.4 I4 manual RWD,149900,150000,149950,"AED 149,900 - 150,000",AED,https://www.drivearabia.com/carprices/uae/toyota/toyota-gr86/2024/,2026-06-12T05:46:26Z
toyota-gr86,2024,"2.4 I4 manual RWDAED 149,900 - 150,000",,,159900,"2.4 I4 auto RWDAED 159,900 - 160,000",AED,https://www.drivearabia.com/carprices/uae/toyota/toyota-gr86/2024/,2026-06-12T05:46:26Z
toyota-gr86,2024,2.4 I4 auto RWD,159900,160000,159950,"AED 159,900 - 160,000",AED,https://www.drivearabia.com/carprices/uae/toyota/toyota-gr86/2024/,2026-06-12T05:46:26Z
toyota-gr86,2024,"2.4 I4 manual RWDAED 149,900 - 150,000",169900,170000,169950,"2.4 I4 brembo RWDAED 169,900 - 170,000",AED,https://www.drivearabia.com/carprices/uae/toyota/toyota-gr86/2024/,2026-06-12T05:46:26Z
toyota-gr86,2024,2.4 I4 brembo RWD,169900,170000,169950,"AED 169,900 - 170,000",AED,https://www.drivearabia.com/carprices/uae/toyota/toyota-gr86/2024/,2026-06-12T05:46:26Z
toyota-gr86,2024,Unknown,2024,207000,104512,"2024 Nissan ZAED 205,000 - 207,000",AED,https://www.drivearabia.com/carprices/uae/toyota/toyota-gr86/2024/,2026-06-12T05:46:26Z
toyota-gr86,2024,Unknown,2024,207000,104512,"2024 Nissan ZAED 205,000 - 207,000",AED,https://www.drivearabia.com/carprices/uae/toyota/toyota-gr86/2024/,2026-06-12T05:46:26Z
toyota-gr86,2024,Unknown,205000,207000,206000,"AED 205,000 - 207,000",AED,https://www.drivearabia.com/carprices/uae/toyota/toyota-gr86/2024/,2026-06-12T05:46:26Z
toyota-gr86,2024,Unknown,2024,150000,76012,"2024 Subaru BRZAED 140,000 - 150,000",AED,https://www.drivearabia.com/carprices/uae/toyota/toyota-gr86/2024/,2026-06-12T05:46:26Z
toyota-gr86,2024,Unknown,2024,150000,76012,"2024 Subaru BRZAED 140,000 - 150,000",AED,https://www.drivearabia.com/carprices/uae/toyota/toyota-gr86/2024/,2026-06-12T05:46:26Z
toyota-gr86,2024,Unknown,140000,150000,145000,"AED 140,000 - 150,000",AED,https://www.drivearabia.com/carprices/uae/toyota/toyota-gr86/2024/,2026-06-12T05:46:26Z
toyota-gr86,2024,Unknown,2024,149900,75962,"The starting price of the 2024 Toyota GR86 in UAE is AED 149,900.",AED,https://www.drivearabia.com/carprices/uae/toyota/toyota-gr86/2024/,2026-06-12T05:46:26Z
toyota-gr86,2024,Unknown,2024,149900,75962,"The starting price of the 2024 Toyota GR86 in UAE is AED 149,900.",AED,https://www.drivearabia.com/carprices/uae/toyota/toyota-gr86/2024/,2026-06-12T05:46:26Z
toyota-gr86,2024,Trims2.4 I4 manual RWD,,,149900,"Original Starting PriceAED 149,900",AED,https://www.drivearabia.com/carprices/uae/toyota/toyota-gr86/2024/,2026-06-12T05:46:26Z
toyota-gr86,2024,Trims2.4 I4 manual RWD,,,149900,"AED 149,900",AED,https://www.drivearabia.com/carprices/uae/toyota/toyota-gr86/2024/,2026-06-12T05:46:26Z
toyota-gr86,2024,Unknown,,,149900,"AED 149,900",AED,https://www.drivearabia.com/carprices/uae/toyota/toyota-gr86/2024/,2026-06-12T05:46:26Z
toyota-gr86,2025,Unknown,,,149900,"Starting atAED 149,900",AED,https://www.drivearabia.com/carprices/uae/toyota/toyota-gr86/2025/,2026-06-12T05:46:28Z
toyota-gr86,2025,Unknown,,,149900,"Starting atAED 149,900",AED,https://www.drivearabia.com/carprices/uae/toyota/toyota-gr86/2025/,2026-06-12T05:46:28Z
toyota-gr86,2025,Starting at,,,149900,"AED 149,900",AED,https://www.drivearabia.com/carprices/uae/toyota/toyota-gr86/2025/,2026-06-12T05:46:28Z
toyota-gr86,2025,Unknown,149900,150000,149950,"2.4 I4 manual RWDAED 149,900 - 150,000",AED,https://www.drivearabia.com/carprices/uae/toyota/toyota-gr86/2025/,2026-06-12T05:46:28Z
toyota-gr86,2025,2.4 I4 manual RWD,149900,150000,149950,"AED 149,900 - 150,000",AED,https://www.drivearabia.com/carprices/uae/toyota/toyota-gr86/2025/,2026-06-12T05:46:28Z
toyota-gr86,2025,"2.4 I4 manual RWDAED 149,900 - 150,000",,,162900,"2.4 I4 auto RWDAED 162,900 - 163,000",AED,https://www.drivearabia.com/carprices/uae/toyota/toyota-gr86/2025/,2026-06-12T05:46:28Z
toyota-gr86,2025,2.4 I4 auto RWD,162900,163000,162950,"AED 162,900 - 163,000",AED,https://www.drivearabia.com/carprices/uae/toyota/toyota-gr86/2025/,2026-06-12T05:46:28Z
toyota-gr86,2025,"2.4 I4 manual RWDAED 149,900 - 150,000",172900,173000,172950,"2.4 I4 brembo RWDAED 172,900 - 173,000",AED,https://www.drivearabia.com/carprices/uae/toyota/toyota-gr86/2025/,2026-06-12T05:46:28Z
toyota-gr86,2025,2.4 I4 brembo RWD,172900,173000,172950,"AED 172,900 - 173,000",AED,https://www.drivearabia.com/carprices/uae/toyota/toyota-gr86/2025/,2026-06-12T05:46:28Z
toyota-gr86,2025,Unknown,2025,222000,112012,"2025 Nissan ZAED 215,900 - 222,000",AED,https://www.drivearabia.com/carprices/uae/toyota/toyota-gr86/2025/,2026-06-12T05:46:28Z
toyota-gr86,2025,Unknown,2025,222000,112012,"2025 Nissan ZAED 215,900 - 222,000",AED,https://www.drivearabia.com/carprices/uae/toyota/toyota-gr86/2025/,2026-06-12T05:46:28Z
toyota-gr86,2025,Unknown,215900,222000,218950,"AED 215,900 - 222,000",AED,https://www.drivearabia.com/carprices/uae/toyota/toyota-gr86/2025/,2026-06-12T05:46:28Z
toyota-gr86,2025,Unknown,2025,139000,70512,"2025 Subaru BRZAED 122,000 - 139,000",AED,https://www.drivearabia.com/carprices/uae/toyota/toyota-gr86/2025/,2026-06-12T05:46:28Z
toyota-gr86,2025,Unknown,2025,139000,70512,"2025 Subaru BRZAED 122,000 - 139,000",AED,https://www.drivearabia.com/carprices/uae/toyota/toyota-gr86/2025/,2026-06-12T05:46:28Z
toyota-gr86,2025,Unknown,122000,139000,130500,"AED 122,000 - 139,000",AED,https://www.drivearabia.com/carprices/uae/toyota/toyota-gr86/2025/,2026-06-12T05:46:28Z
toyota-gr86,2025,Unknown,2025,149900,75962,"The starting price of the 2025 Toyota GR86 in UAE is AED 149,900.",AED,https://www.drivearabia.com/carprices/uae/toyota/toyota-gr86/2025/,2026-06-12T05:46:28Z
toyota-gr86,2025,Unknown,2025,149900,75962,"The starting price of the 2025 Toyota GR86 in UAE is AED 149,900.",AED,https://www.drivearabia.com/carprices/uae/toyota/toyota-gr86/2025/,2026-06-12T05:46:28Z
toyota-gr86,2025,Trims2.4 I4 manual RWD,,,149900,"Starting atAED 149,900",AED,https://www.drivearabia.com/carprices/uae/toyota/toyota-gr86/2025/,2026-06-12T05:46:28Z
toyota-gr86,2025,Starting at,,,149900,"AED 149,900",AED,https://www.drivearabia.com/carprices/uae/toyota/toyota-gr86/2025/,2026-06-12T05:46:28Z
toyota-gr86,2025,Starting at,,,149900,"AED 149,900",AED,https://www.drivearabia.com/carprices/uae/toyota/toyota-gr86/2025/,2026-06-12T05:46:28Z
toyota-gr86,2026,Unknown,,,162900,"Starting atAED 162,900",AED,https://www.drivearabia.com/carprices/uae/toyota/toyota-gr86/2026/,2026-06-12T05:46:30Z
toyota-gr86,2026,Unknown,,,162900,"Starting atAED 162,900",AED,https://www.drivearabia.com/carprices/uae/toyota/toyota-gr86/2026/,2026-06-12T05:46:30Z
toyota-gr86,2026,Starting at,,,162900,"AED 162,900",AED,https://www.drivearabia.com/carprices/uae/toyota/toyota-gr86/2026/,2026-06-12T05:46:30Z
toyota-gr86,2026,Trim Prices,162900,164900,163900,"GR86 ATAED 162,900 - 164,900",AED,https://www.drivearabia.com/carprices/uae/toyota/toyota-gr86/2026/,2026-06-12T05:46:30Z
toyota-gr86,2026,Trim Prices,162900,164900,163900,"GR86 ATAED 162,900 - 164,900",AED,https://www.drivearabia.com/carprices/uae/toyota/toyota-gr86/2026/,2026-06-12T05:46:30Z
toyota-gr86,2026,Unknown,162900,164900,163900,"GR86 ATAED 162,900 - 164,900",AED,https://www.drivearabia.com/carprices/uae/toyota/toyota-gr86/2026/,2026-06-12T05:46:30Z
toyota-gr86,2026,GR86 AT,162900,164900,163900,"AED 162,900 - 164,900",AED,https://www.drivearabia.com/carprices/uae/toyota/toyota-gr86/2026/,2026-06-12T05:46:30Z
toyota-gr86,2026,Unknown,2025,222000,112012,"2025 Nissan ZAED 215,900 - 222,000",AED,https://www.drivearabia.com/carprices/uae/toyota/toyota-gr86/2026/,2026-06-12T05:46:30Z
toyota-gr86,2026,Unknown,2025,222000,112012,"2025 Nissan ZAED 215,900 - 222,000",AED,https://www.drivearabia.com/carprices/uae/toyota/toyota-gr86/2026/,2026-06-12T05:46:30Z
toyota-gr86,2026,Unknown,215900,222000,218950,"AED 215,900 - 222,000",AED,https://www.drivearabia.com/carprices/uae/toyota/toyota-gr86/2026/,2026-06-12T05:46:30Z
toyota-gr86,2026,Unknown,2025,139000,70512,"2025 Subaru BRZAED 122,000 - 139,000",AED,https://www.drivearabia.com/carprices/uae/toyota/toyota-gr86/2026/,2026-06-12T05:46:30Z
toyota-gr86,2026,Unknown,2025,139000,70512,"2025 Subaru BRZAED 122,000 - 139,000",AED,https://www.drivearabia.com/carprices/uae/toyota/toyota-gr86/2026/,2026-06-12T05:46:30Z
toyota-gr86,2026,Unknown,122000,139000,130500,"AED 122,000 - 139,000",AED,https://www.drivearabia.com/carprices/uae/toyota/toyota-gr86/2026/,2026-06-12T05:46:30Z
toyota-gr86,2026,Unknown,2026,162900,82463,"The starting price of the 2026 Toyota GR86 in UAE is AED 162,900.",AED,https://www.drivearabia.com/carprices/uae/toyota/toyota-gr86/2026/,2026-06-12T05:46:30Z
toyota-gr86,2026,Unknown,2026,162900,82463,"The starting price of the 2026 Toyota GR86 in UAE is AED 162,900.",AED,https://www.drivearabia.com/carprices/uae/toyota/toyota-gr86/2026/,2026-06-12T05:46:30Z
toyota-gr86,2026,TrimsGR86 AT,,,162900,"Starting atAED 162,900",AED,https://www.drivearabia.com/carprices/uae/toyota/toyota-gr86/2026/,2026-06-12T05:46:30Z
toyota-gr86,2026,Starting at,,,162900,"AED 162,900",AED,https://www.drivearabia.com/carprices/uae/toyota/toyota-gr86/2026/,2026-06-12T05:46:30Z
toyota-gr86,2026,Starting at,,,162900,"AED 162,900",AED,https://www.drivearabia.com/carprices/uae/toyota/toyota-gr86/2026/,2026-06-12T05:46:30Z
toyota-granvia,2022,Unknown,,,177000,"Original Starting PriceAED 177,000",AED,https://www.drivearabia.com/carprices/uae/toyota/toyota-granvia/2022/,2026-06-12T05:46:32Z
toyota-granvia,2022,Unknown,,,177000,"Original Starting PriceAED 177,000",AED,https://www.drivearabia.com/carprices/uae/toyota/toyota-granvia/2022/,2026-06-12T05:46:32Z
toyota-granvia,2022,Unknown,,,177000,"AED 177,000",AED,https://www.drivearabia.com/carprices/uae/toyota/toyota-granvia/2022/,2026-06-12T05:46:32Z
toyota-granvia,2022,Original Trim Prices,177000,199900,188450,"SEAED 177,000 - 178,000PremiumAED 199,900 - 200,000",AED,https://www.drivearabia.com/carprices/uae/toyota/toyota-granvia/2022/,2026-06-12T05:46:32Z
toyota-granvia,2022,Original Trim Prices,177000,199900,188450,"SEAED 177,000 - 178,000PremiumAED 199,900 - 200,000",AED,https://www.drivearabia.com/carprices/uae/toyota/toyota-granvia/2022/,2026-06-12T05:46:32Z
toyota-granvia,2022,Unknown,177000,178000,177500,"SEAED 177,000 - 178,000",AED,https://www.drivearabia.com/carprices/uae/toyota/toyota-granvia/2022/,2026-06-12T05:46:32Z
toyota-granvia,2022,SE,177000,178000,177500,"AED 177,000 - 178,000",AED,https://www.drivearabia.com/carprices/uae/toyota/toyota-granvia/2022/,2026-06-12T05:46:32Z
toyota-granvia,2022,Unknown,199900,200000,199950,"PremiumAED 199,900 - 200,000",AED,https://www.drivearabia.com/carprices/uae/toyota/toyota-granvia/2022/,2026-06-12T05:46:32Z
toyota-granvia,2022,Premium,199900,200000,199950,"AED 199,900 - 200,000",AED,https://www.drivearabia.com/carprices/uae/toyota/toyota-granvia/2022/,2026-06-12T05:46:32Z
toyota-granvia,2022,Unknown,2022,175000,88511,"2022 Honda OdysseyAED 149,900 - 175,000",AED,https://www.drivearabia.com/carprices/uae/toyota/toyota-granvia/2022/,2026-06-12T05:46:32Z
toyota-granvia,2022,Unknown,2022,175000,88511,"2022 Honda OdysseyAED 149,900 - 175,000",AED,https://www.drivearabia.com/carprices/uae/toyota/toyota-granvia/2022/,2026-06-12T05:46:32Z
toyota-granvia,2022,Unknown,149900,175000,162450,"AED 149,900 - 175,000",AED,https://www.drivearabia.com/carprices/uae/toyota/toyota-granvia/2022/,2026-06-12T05:46:32Z
toyota-granvia,2022,Unknown,2022,126000,64011,"2022 Ford Tourneo CustomAED 126,000 - 128,000",AED,https://www.drivearabia.com/carprices/uae/toyota/toyota-granvia/2022/,2026-06-12T05:46:32Z
toyota-granvia,2022,Unknown,2022,126000,64011,"2022 Ford Tourneo CustomAED 126,000 - 128,000",AED,https://www.drivearabia.com/carprices/uae/toyota/toyota-granvia/2022/,2026-06-12T05:46:32Z
toyota-granvia,2022,Unknown,126000,128000,127000,"AED 126,000 - 128,000",AED,https://www.drivearabia.com/carprices/uae/toyota/toyota-granvia/2022/,2026-06-12T05:46:32Z
toyota-granvia,2022,Unknown,2022,161000,81511,"2022 Kia CarnivalAED 122,900 - 161,000",AED,https://www.drivearabia.com/carprices/uae/toyota/toyota-granvia/2022/,2026-06-12T05:46:32Z
toyota-granvia,2022,Unknown,2022,161000,81511,"2022 Kia CarnivalAED 122,900 - 161,000",AED,https://www.drivearabia.com/carprices/uae/toyota/toyota-granvia/2022/,2026-06-12T05:46:32Z
toyota-granvia,2022,Unknown,122900,161000,141950,"AED 122,900 - 161,000",AED,https://www.drivearabia.com/carprices/uae/toyota/toyota-granvia/2022/,2026-06-12T05:46:32Z
toyota-granvia,2022,Unknown,2022,177000,89511,"The starting price of the 2022 Toyota Granvia in UAE is AED 177,000.",AED,https://www.drivearabia.com/carprices/uae/toyota/toyota-granvia/2022/,2026-06-12T05:46:32Z
toyota-granvia,2022,Unknown,2022,177000,89511,"The starting price of the 2022 Toyota Granvia in UAE is AED 177,000.",AED,https://www.drivearabia.com/carprices/uae/toyota/toyota-granvia/2022/,2026-06-12T05:46:32Z
toyota-granvia,2022,TrimsSE,,,177000,"Original Starting PriceAED 177,000",AED,https://www.drivearabia.com/carprices/uae/toyota/toyota-granvia/2022/,2026-06-12T05:46:32Z
toyota-granvia,2022,TrimsSE,,,177000,"AED 177,000",AED,https://www.drivearabia.com/carprices/uae/toyota/toyota-granvia/2022/,2026-06-12T05:46:32Z
toyota-granvia,2022,Unknown,,,177000,"AED 177,000",AED,https://www.drivearabia.com/carprices/uae/toyota/toyota-granvia/2022/,2026-06-12T05:46:32Z
toyota-granvia,2023,Unknown,,,177000,"Original Starting PriceAED 177,000",AED,https://www.drivearabia.com/carprices/uae/toyota/toyota-granvia/2023/,2026-06-12T05:46:33Z
toyota-granvia,2023,Unknown,,,177000,"Original Starting PriceAED 177,000",AED,https://www.drivearabia.com/carprices/uae/toyota/toyota-granvia/2023/,2026-06-12T05:46:33Z
toyota-granvia,2023,Unknown,,,177000,"AED 177,000",AED,https://www.drivearabia.com/carprices/uae/toyota/toyota-granvia/2023/,2026-06-12T05:46:33Z
toyota-granvia,2023,Original Trim Prices,177000,199900,188450,"SEAED 177,000 - 178,000PremiumAED 199,900 - 200,000",AED,https://www.drivearabia.com/carprices/uae/toyota/toyota-granvia/2023/,2026-06-12T05:46:33Z
toyota-granvia,2023,Original Trim Prices,177000,199900,188450,"SEAED 177,000 - 178,000PremiumAED 199,900 - 200,000",AED,https://www.drivearabia.com/carprices/uae/toyota/toyota-granvia/2023/,2026-06-12T05:46:33Z
toyota-granvia,2023,Unknown,177000,178000,177500,"SEAED 177,000 - 178,000",AED,https://www.drivearabia.com/carprices/uae/toyota/toyota-granvia/2023/,2026-06-12T05:46:33Z
toyota-granvia,2023,SE,177000,178000,177500,"AED 177,000 - 178,000",AED,https://www.drivearabia.com/carprices/uae/toyota/toyota-granvia/2023/,2026-06-12T05:46:33Z
toyota-granvia,2023,Unknown,199900,200000,199950,"PremiumAED 199,900 - 200,000",AED,https://www.drivearabia.com/carprices/uae/toyota/toyota-granvia/2023/,2026-06-12T05:46:33Z
toyota-granvia,2023,Premium,199900,200000,199950,"AED 199,900 - 200,000",AED,https://www.drivearabia.com/carprices/uae/toyota/toyota-granvia/2023/,2026-06-12T05:46:33Z
toyota-granvia,2023,Unknown,2022,175000,88511,"2022 Honda OdysseyAED 149,900 - 175,000",AED,https://www.drivearabia.com/carprices/uae/toyota/toyota-granvia/2023/,2026-06-12T05:46:33Z
toyota-granvia,2023,Unknown,2022,175000,88511,"2022 Honda OdysseyAED 149,900 - 175,000",AED,https://www.drivearabia.com/carprices/uae/toyota/toyota-granvia/2023/,2026-06-12T05:46:33Z
toyota-granvia,2023,Unknown,149900,175000,162450,"AED 149,900 - 175,000",AED,https://www.drivearabia.com/carprices/uae/toyota/toyota-granvia/2023/,2026-06-12T05:46:33Z
toyota-granvia,2023,Unknown,2022,126000,64011,"2022 Ford Tourneo CustomAED 126,000 - 128,000",AED,https://www.drivearabia.com/carprices/uae/toyota/toyota-granvia/2023/,2026-06-12T05:46:33Z
toyota-granvia,2023,Unknown,2022,126000,64011,"2022 Ford Tourneo CustomAED 126,000 - 128,000",AED,https://www.drivearabia.com/carprices/uae/toyota/toyota-granvia/2023/,2026-06-12T05:46:33Z
toyota-granvia,2023,Unknown,126000,128000,127000,"AED 126,000 - 128,000",AED,https://www.drivearabia.com/carprices/uae/toyota/toyota-granvia/2023/,2026-06-12T05:46:33Z
toyota-granvia,2023,Unknown,2023,161000,81512,"2023 Kia CarnivalAED 122,900 - 161,000",AED,https://www.drivearabia.com/carprices/uae/toyota/toyota-granvia/2023/,2026-06-12T05:46:33Z
toyota-granvia,2023,Unknown,2023,161000,81512,"2023 Kia CarnivalAED 122,900 - 161,000",AED,https://www.drivearabia.com/carprices/uae/toyota/toyota-granvia/2023/,2026-06-12T05:46:33Z
toyota-granvia,2023,Unknown,122900,161000,141950,"AED 122,900 - 161,000",AED,https://www.drivearabia.com/carprices/uae/toyota/toyota-granvia/2023/,2026-06-12T05:46:33Z
toyota-granvia,2023,Unknown,2023,177000,89512,"The starting price of the 2023 Toyota Granvia in UAE is AED 177,000.",AED,https://www.drivearabia.com/carprices/uae/toyota/toyota-granvia/2023/,2026-06-12T05:46:33Z
toyota-granvia,2023,Unknown,2023,177000,89512,"The starting price of the 2023 Toyota Granvia in UAE is AED 177,000.",AED,https://www.drivearabia.com/carprices/uae/toyota/toyota-granvia/2023/,2026-06-12T05:46:33Z
toyota-granvia,2023,TrimsSE,,,177000,"Original Starting PriceAED 177,000",AED,https://www.drivearabia.com/carprices/uae/toyota/toyota-granvia/2023/,2026-06-12T05:46:33Z
toyota-granvia,2023,TrimsSE,,,177000,"AED 177,000",AED,https://www.drivearabia.com/carprices/uae/toyota/toyota-granvia/2023/,2026-06-12T05:46:33Z
toyota-granvia,2023,Unknown,,,177000,"AED 177,000",AED,https://www.drivearabia.com/carprices/uae/toyota/toyota-granvia/2023/,2026-06-12T05:46:33Z
toyota-granvia,2024,Unknown,,,177000,"Original Starting PriceAED 177,000",AED,https://www.drivearabia.com/carprices/uae/toyota/toyota-granvia/2024/,2026-06-12T05:46:35Z
toyota-granvia,2024,Unknown,,,177000,"Original Starting PriceAED 177,000",AED,https://www.drivearabia.com/carprices/uae/toyota/toyota-granvia/2024/,2026-06-12T05:46:35Z
toyota-granvia,2024,Unknown,,,177000,"AED 177,000",AED,https://www.drivearabia.com/carprices/uae/toyota/toyota-granvia/2024/,2026-06-12T05:46:35Z
toyota-granvia,2024,Original Trim Prices,177000,199900,188450,"SEAED 177,000 - 178,000PremiumAED 199,900 - 200,000",AED,https://www.drivearabia.com/carprices/uae/toyota/toyota-granvia/2024/,2026-06-12T05:46:35Z
toyota-granvia,2024,Original Trim Prices,177000,199900,188450,"SEAED 177,000 - 178,000PremiumAED 199,900 - 200,000",AED,https://www.drivearabia.com/carprices/uae/toyota/toyota-granvia/2024/,2026-06-12T05:46:35Z
toyota-granvia,2024,Unknown,177000,178000,177500,"SEAED 177,000 - 178,000",AED,https://www.drivearabia.com/carprices/uae/toyota/toyota-granvia/2024/,2026-06-12T05:46:35Z
toyota-granvia,2024,SE,177000,178000,177500,"AED 177,000 - 178,000",AED,https://www.drivearabia.com/carprices/uae/toyota/toyota-granvia/2024/,2026-06-12T05:46:35Z
toyota-granvia,2024,Unknown,199900,200000,199950,"PremiumAED 199,900 - 200,000",AED,https://www.drivearabia.com/carprices/uae/toyota/toyota-granvia/2024/,2026-06-12T05:46:35Z
toyota-granvia,2024,Premium,199900,200000,199950,"AED 199,900 - 200,000",AED,https://www.drivearabia.com/carprices/uae/toyota/toyota-granvia/2024/,2026-06-12T05:46:35Z
toyota-granvia,2024,Unknown,2022,175000,88511,"2022 Honda OdysseyAED 149,900 - 175,000",AED,https://www.drivearabia.com/carprices/uae/toyota/toyota-granvia/2024/,2026-06-12T05:46:35Z
toyota-granvia,2024,Unknown,2022,175000,88511,"2022 Honda OdysseyAED 149,900 - 175,000",AED,https://www.drivearabia.com/carprices/uae/toyota/toyota-granvia/2024/,2026-06-12T05:46:35Z
toyota-granvia,2024,Unknown,149900,175000,162450,"AED 149,900 - 175,000",AED,https://www.drivearabia.com/carprices/uae/toyota/toyota-granvia/2024/,2026-06-12T05:46:35Z
toyota-granvia,2024,Unknown,2022,126000,64011,"2022 Ford Tourneo CustomAED 126,000 - 128,000",AED,https://www.drivearabia.com/carprices/uae/toyota/toyota-granvia/2024/,2026-06-12T05:46:35Z
toyota-granvia,2024,Unknown,2022,126000,64011,"2022 Ford Tourneo CustomAED 126,000 - 128,000",AED,https://www.drivearabia.com/carprices/uae/toyota/toyota-granvia/2024/,2026-06-12T05:46:35Z
toyota-granvia,2024,Unknown,126000,128000,127000,"AED 126,000 - 128,000",AED,https://www.drivearabia.com/carprices/uae/toyota/toyota-granvia/2024/,2026-06-12T05:46:35Z
toyota-granvia,2024,Unknown,2024,180000,91012,"2024 Kia CarnivalAED 139,000 - 180,000",AED,https://www.drivearabia.com/carprices/uae/toyota/toyota-granvia/2024/,2026-06-12T05:46:35Z
toyota-granvia,2024,Unknown,2024,180000,91012,"2024 Kia CarnivalAED 139,000 - 180,000",AED,https://www.drivearabia.com/carprices/uae/toyota/toyota-granvia/2024/,2026-06-12T05:46:35Z
toyota-granvia,2024,Unknown,139000,180000,159500,"AED 139,000 - 180,000",AED,https://www.drivearabia.com/carprices/uae/toyota/toyota-granvia/2024/,2026-06-12T05:46:35Z
toyota-granvia,2024,Unknown,2024,177000,89512,"The starting price of the 2024 Toyota Granvia in UAE is AED 177,000.",AED,https://www.drivearabia.com/carprices/uae/toyota/toyota-granvia/2024/,2026-06-12T05:46:35Z
toyota-granvia,2024,Unknown,2024,177000,89512,"The starting price of the 2024 Toyota Granvia in UAE is AED 177,000.",AED,https://www.drivearabia.com/carprices/uae/toyota/toyota-granvia/2024/,2026-06-12T05:46:35Z
toyota-granvia,2024,TrimsSE,,,177000,"Original Starting PriceAED 177,000",AED,https://www.drivearabia.com/carprices/uae/toyota/toyota-granvia/2024/,2026-06-12T05:46:35Z
toyota-granvia,2024,TrimsSE,,,177000,"AED 177,000",AED,https://www.drivearabia.com/carprices/uae/toyota/toyota-granvia/2024/,2026-06-12T05:46:35Z
toyota-granvia,2024,Unknown,,,177000,"AED 177,000",AED,https://www.drivearabia.com/carprices/uae/toyota/toyota-granvia/2024/,2026-06-12T05:46:35Z
toyota-granvia,2025,Unknown,,,211900,"Starting atAED 211,900",AED,https://www.drivearabia.com/carprices/uae/toyota/toyota-granvia/2025/,2026-06-12T05:46:37Z
toyota-granvia,2025,Unknown,,,211900,"Starting atAED 211,900",AED,https://www.drivearabia.com/carprices/uae/toyota/toyota-granvia/2025/,2026-06-12T05:46:37Z
toyota-granvia,2025,Starting at,,,211900,"AED 211,900",AED,https://www.drivearabia.com/carprices/uae/toyota/toyota-granvia/2025/,2026-06-12T05:46:37Z
toyota-granvia,2025,Trim Prices,211900,212000,211950,"3.5L V6 Premium RWDAED 211,900 - 212,000",AED,https://www.drivearabia.com/carprices/uae/toyota/toyota-granvia/2025/,2026-06-12T05:46:37Z
toyota-granvia,2025,Trim Prices,211900,212000,211950,"3.5L V6 Premium RWDAED 211,900 - 212,000",AED,https://www.drivearabia.com/carprices/uae/toyota/toyota-granvia/2025/,2026-06-12T05:46:37Z
toyota-granvia,2025,Unknown,211900,212000,211950,"3.5L V6 Premium RWDAED 211,900 - 212,000",AED,https://www.drivearabia.com/carprices/uae/toyota/toyota-granvia/2025/,2026-06-12T05:46:37Z
toyota-granvia,2025,3.5L V6 Premium RWD,211900,212000,211950,"AED 211,900 - 212,000",AED,https://www.drivearabia.com/carprices/uae/toyota/toyota-granvia/2025/,2026-06-12T05:46:37Z
toyota-granvia,2025,Unknown,2022,175000,88511,"2022 Honda OdysseyAED 149,900 - 175,000",AED,https://www.drivearabia.com/carprices/uae/toyota/toyota-granvia/2025/,2026-06-12T05:46:37Z
toyota-granvia,2025,Unknown,2022,175000,88511,"2022 Honda OdysseyAED 149,900 - 175,000",AED,https://www.drivearabia.com/carprices/uae/toyota/toyota-granvia/2025/,2026-06-12T05:46:37Z
toyota-granvia,2025,Unknown,149900,175000,162450,"AED 149,900 - 175,000",AED,https://www.drivearabia.com/carprices/uae/toyota/toyota-granvia/2025/,2026-06-12T05:46:37Z
toyota-granvia,2025,Unknown,2022,126000,64011,"2022 Ford Tourneo CustomAED 126,000 - 128,000",AED,https://www.drivearabia.com/carprices/uae/toyota/toyota-granvia/2025/,2026-06-12T05:46:37Z
toyota-granvia,2025,Unknown,2022,126000,64011,"2022 Ford Tourneo CustomAED 126,000 - 128,000",AED,https://www.drivearabia.com/carprices/uae/toyota/toyota-granvia/2025/,2026-06-12T05:46:37Z
toyota-granvia,2025,Unknown,126000,128000,127000,"AED 126,000 - 128,000",AED,https://www.drivearabia.com/carprices/uae/toyota/toyota-granvia/2025/,2026-06-12T05:46:37Z
toyota-granvia,2025,Unknown,2025,206000,104012,"2025 Kia CarnivalAED 205,000 - 206,000",AED,https://www.drivearabia.com/carprices/uae/toyota/toyota-granvia/2025/,2026-06-12T05:46:37Z
toyota-granvia,2025,Unknown,2025,206000,104012,"2025 Kia CarnivalAED 205,000 - 206,000",AED,https://www.drivearabia.com/carprices/uae/toyota/toyota-granvia/2025/,2026-06-12T05:46:37Z
toyota-granvia,2025,Unknown,205000,206000,205500,"AED 205,000 - 206,000",AED,https://www.drivearabia.com/carprices/uae/toyota/toyota-granvia/2025/,2026-06-12T05:46:37Z
toyota-granvia,2025,Unknown,2025,211900,106962,"The starting price of the 2025 Toyota Granvia in UAE is AED 211,900.",AED,https://www.drivearabia.com/carprices/uae/toyota/toyota-granvia/2025/,2026-06-12T05:46:37Z
toyota-granvia,2025,Unknown,2025,211900,106962,"The starting price of the 2025 Toyota Granvia in UAE is AED 211,900.",AED,https://www.drivearabia.com/carprices/uae/toyota/toyota-granvia/2025/,2026-06-12T05:46:37Z
toyota-granvia,2025,Trims3.5L V6 Premium RWD,,,211900,"Starting atAED 211,900",AED,https://www.drivearabia.com/carprices/uae/toyota/toyota-granvia/2025/,2026-06-12T05:46:37Z
toyota-granvia,2025,Starting at,,,211900,"AED 211,900",AED,https://www.drivearabia.com/carprices/uae/toyota/toyota-granvia/2025/,2026-06-12T05:46:37Z
toyota-granvia,2025,Starting at,,,211900,"AED 211,900",AED,https://www.drivearabia.com/carprices/uae/toyota/toyota-granvia/2025/,2026-06-12T05:46:37Z
toyota-granvia,2026,Unknown,,,215900,"Starting atAED 215,900",AED,https://www.drivearabia.com/carprices/uae/toyota/toyota-granvia/2026/,2026-06-12T05:46:39Z
toyota-granvia,2026,Unknown,,,215900,"Starting atAED 215,900",AED,https://www.drivearabia.com/carprices/uae/toyota/toyota-granvia/2026/,2026-06-12T05:46:39Z
toyota-granvia,2026,Starting at,,,215900,"AED 215,900",AED,https://www.drivearabia.com/carprices/uae/toyota/toyota-granvia/2026/,2026-06-12T05:46:39Z
toyota-granvia,2026,Trim Prices,215900,216000,215950,"Premium RWDAED 215,900 - 216,000",AED,https://www.drivearabia.com/carprices/uae/toyota/toyota-granvia/2026/,2026-06-12T05:46:39Z
toyota-granvia,2026,Trim Prices,215900,216000,215950,"Premium RWDAED 215,900 - 216,000",AED,https://www.drivearabia.com/carprices/uae/toyota/toyota-granvia/2026/,2026-06-12T05:46:39Z
toyota-granvia,2026,Unknown,215900,216000,215950,"Premium RWDAED 215,900 - 216,000",AED,https://www.drivearabia.com/carprices/uae/toyota/toyota-granvia/2026/,2026-06-12T05:46:39Z
toyota-granvia,2026,Premium RWD,215900,216000,215950,"AED 215,900 - 216,000",AED,https://www.drivearabia.com/carprices/uae/toyota/toyota-granvia/2026/,2026-06-12T05:46:39Z
toyota-granvia,2026,Unknown,2022,175000,88511,"2022 Honda OdysseyAED 149,900 - 175,000",AED,https://www.drivearabia.com/carprices/uae/toyota/toyota-granvia/2026/,2026-06-12T05:46:39Z
toyota-granvia,2026,Unknown,2022,175000,88511,"2022 Honda OdysseyAED 149,900 - 175,000",AED,https://www.drivearabia.com/carprices/uae/toyota/toyota-granvia/2026/,2026-06-12T05:46:39Z
toyota-granvia,2026,Unknown,149900,175000,162450,"AED 149,900 - 175,000",AED,https://www.drivearabia.com/carprices/uae/toyota/toyota-granvia/2026/,2026-06-12T05:46:39Z
toyota-granvia,2026,Unknown,2022,126000,64011,"2022 Ford Tourneo CustomAED 126,000 - 128,000",AED,https://www.drivearabia.com/carprices/uae/toyota/toyota-granvia/2026/,2026-06-12T05:46:39Z
toyota-granvia,2026,Unknown,2022,126000,64011,"2022 Ford Tourneo CustomAED 126,000 - 128,000",AED,https://www.drivearabia.com/carprices/uae/toyota/toyota-granvia/2026/,2026-06-12T05:46:39Z
toyota-granvia,2026,Unknown,126000,128000,127000,"AED 126,000 - 128,000",AED,https://www.drivearabia.com/carprices/uae/toyota/toyota-granvia/2026/,2026-06-12T05:46:39Z
toyota-granvia,2026,Unknown,2025,206000,104012,"2025 Kia CarnivalAED 205,000 - 206,000",AED,https://www.drivearabia.com/carprices/uae/toyota/toyota-granvia/2026/,2026-06-12T05:46:39Z
toyota-granvia,2026,Unknown,2025,206000,104012,"2025 Kia CarnivalAED 205,000 - 206,000",AED,https://www.drivearabia.com/carprices/uae/toyota/toyota-granvia/2026/,2026-06-12T05:46:39Z
toyota-granvia,2026,Unknown,205000,206000,205500,"AED 205,000 - 206,000",AED,https://www.drivearabia.com/carprices/uae/toyota/toyota-granvia/2026/,2026-06-12T05:46:39Z
toyota-granvia,2026,Unknown,2026,215900,108963,"The starting price of the 2026 Toyota Granvia in UAE is AED 215,900.",AED,https://www.drivearabia.com/carprices/uae/toyota/toyota-granvia/2026/,2026-06-12T05:46:39Z
toyota-granvia,2026,Unknown,2026,215900,108963,"The starting price of the 2026 Toyota Granvia in UAE is AED 215,900.",AED,https://www.drivearabia.com/carprices/uae/toyota/toyota-granvia/2026/,2026-06-12T05:46:39Z
toyota-granvia,2026,TrimsPremium RWD,,,215900,"Starting atAED 215,900",AED,https://www.drivearabia.com/carprices/uae/toyota/toyota-granvia/2026/,2026-06-12T05:46:39Z
toyota-granvia,2026,Starting at,,,215900,"AED 215,900",AED,https://www.drivearabia.com/carprices/uae/toyota/toyota-granvia/2026/,2026-06-12T05:46:39Z
toyota-granvia,2026,Starting at,,,215900,"AED 215,900",AED,https://www.drivearabia.com/carprices/uae/toyota/toyota-granvia/2026/,2026-06-12T05:46:39Z
toyota-hiace,2022,Unknown,,,103900,"Original Starting PriceAED 103,900",AED,https://www.drivearabia.com/carprices/uae/toyota/toyota-hiace/2022/,2026-06-12T05:46:41Z
toyota-hiace,2022,Unknown,,,103900,"Original Starting PriceAED 103,900",AED,https://www.drivearabia.com/carprices/uae/toyota/toyota-hiace/2022/,2026-06-12T05:46:41Z
toyota-hiace,2022,Unknown,,,103900,"AED 103,900",AED,https://www.drivearabia.com/carprices/uae/toyota/toyota-hiace/2022/,2026-06-12T05:46:41Z
toyota-hiace,2022,Unknown,103900,105000,104450,"3.5L panel vanAED 103,900 - 105,000",AED,https://www.drivearabia.com/carprices/uae/toyota/toyota-hiace/2022/,2026-06-12T05:46:41Z
toyota-hiace,2022,3.5L panel van,103900,105000,104450,"AED 103,900 - 105,000",AED,https://www.drivearabia.com/carprices/uae/toyota/toyota-hiace/2022/,2026-06-12T05:46:41Z
toyota-hiace,2022,"3.5L panel vanAED 103,900 - 105,000",123900,125000,124450,"3.5L high roof panel vanAED 123,900 - 125,000",AED,https://www.drivearabia.com/carprices/uae/toyota/toyota-hiace/2022/,2026-06-12T05:46:41Z
toyota-hiace,2022,3.5L high roof panel van,123900,125000,124450,"AED 123,900 - 125,000",AED,https://www.drivearabia.com/carprices/uae/toyota/toyota-hiace/2022/,2026-06-12T05:46:41Z
toyota-hiace,2022,"3.5L high roof panel vanAED 123,900 - 125,000",136900,138000,137450,"3.5L commuter vanAED 136,900 - 138,000",AED,https://www.drivearabia.com/carprices/uae/toyota/toyota-hiace/2022/,2026-06-12T05:46:41Z
toyota-hiace,2022,3.5L commuter van,136900,138000,137450,"AED 136,900 - 138,000",AED,https://www.drivearabia.com/carprices/uae/toyota/toyota-hiace/2022/,2026-06-12T05:46:41Z
toyota-hiace,2022,Unknown,2022,104000,53011,"2022 Nissan UrvanAED 77,175 - 104,000",AED,https://www.drivearabia.com/carprices/uae/toyota/toyota-hiace/2022/,2026-06-12T05:46:41Z
toyota-hiace,2022,Unknown,2022,104000,53011,"2022 Nissan UrvanAED 77,175 - 104,000",AED,https://www.drivearabia.com/carprices/uae/toyota/toyota-hiace/2022/,2026-06-12T05:46:41Z
toyota-hiace,2022,Unknown,77175,104000,90588,"AED 77,175 - 104,000",AED,https://www.drivearabia.com/carprices/uae/toyota/toyota-hiace/2022/,2026-06-12T05:46:41Z
toyota-hiace,2022,Unknown,2022,125000,63511,"2022 Hyundai H1AED 80,640 - 125,000",AED,https://www.drivearabia.com/carprices/uae/toyota/toyota-hiace/2022/,2026-06-12T05:46:41Z
toyota-hiace,2022,Unknown,2022,125000,63511,"2022 Hyundai H1AED 80,640 - 125,000",AED,https://www.drivearabia.com/carprices/uae/toyota/toyota-hiace/2022/,2026-06-12T05:46:41Z
toyota-hiace,2022,Unknown,80640,125000,102820,"AED 80,640 - 125,000",AED,https://www.drivearabia.com/carprices/uae/toyota/toyota-hiace/2022/,2026-06-12T05:46:41Z
toyota-hiace,2022,Unknown,2022,146000,74011,"2022 Mercedes-Benz SprinterAED 146,000 - 187,000",AED,https://www.drivearabia.com/carprices/uae/toyota/toyota-hiace/2022/,2026-06-12T05:46:41Z
toyota-hiace,2022,Unknown,2022,146000,74011,"2022 Mercedes-Benz SprinterAED 146,000 - 187,000",AED,https://www.drivearabia.com/carprices/uae/toyota/toyota-hiace/2022/,2026-06-12T05:46:41Z
toyota-hiace,2022,Unknown,146000,187000,166500,"AED 146,000 - 187,000",AED,https://www.drivearabia.com/carprices/uae/toyota/toyota-hiace/2022/,2026-06-12T05:46:41Z
toyota-hiace,2022,Unknown,2022,103900,52961,"The starting price of the 2022 Toyota Hiace in UAE is AED 103,900.",AED,https://www.drivearabia.com/carprices/uae/toyota/toyota-hiace/2022/,2026-06-12T05:46:41Z
toyota-hiace,2022,Unknown,2022,103900,52961,"The starting price of the 2022 Toyota Hiace in UAE is AED 103,900.",AED,https://www.drivearabia.com/carprices/uae/toyota/toyota-hiace/2022/,2026-06-12T05:46:41Z
toyota-hiace,2022,Trims3.5L panel van,,,103900,"Original Starting PriceAED 103,900",AED,https://www.drivearabia.com/carprices/uae/toyota/toyota-hiace/2022/,2026-06-12T05:46:41Z
toyota-hiace,2022,Trims3.5L panel van,,,103900,"AED 103,900",AED,https://www.drivearabia.com/carprices/uae/toyota/toyota-hiace/2022/,2026-06-12T05:46:41Z
toyota-hiace,2022,Unknown,,,103900,"AED 103,900",AED,https://www.drivearabia.com/carprices/uae/toyota/toyota-hiace/2022/,2026-06-12T05:46:41Z
toyota-hiace,2023,Unknown,,,103900,"Original Starting PriceAED 103,900",AED,https://www.drivearabia.com/carprices/uae/toyota/toyota-hiace/2023/,2026-06-12T05:46:43Z
toyota-hiace,2023,Unknown,,,103900,"Original Starting PriceAED 103,900",AED,https://www.drivearabia.com/carprices/uae/toyota/toyota-hiace/2023/,2026-06-12T05:46:43Z
toyota-hiace,2023,Unknown,,,103900,"AED 103,900",AED,https://www.drivearabia.com/carprices/uae/toyota/toyota-hiace/2023/,2026-06-12T05:46:43Z
toyota-hiace,2023,Unknown,103900,105000,104450,"3.5L panel vanAED 103,900 - 105,000",AED,https://www.drivearabia.com/carprices/uae/toyota/toyota-hiace/2023/,2026-06-12T05:46:43Z
toyota-hiace,2023,3.5L panel van,103900,105000,104450,"AED 103,900 - 105,000",AED,https://www.drivearabia.com/carprices/uae/toyota/toyota-hiace/2023/,2026-06-12T05:46:43Z
toyota-hiace,2023,"3.5L panel vanAED 103,900 - 105,000",123900,125000,124450,"3.5L high roof panel vanAED 123,900 - 125,000",AED,https://www.drivearabia.com/carprices/uae/toyota/toyota-hiace/2023/,2026-06-12T05:46:43Z
toyota-hiace,2023,3.5L high roof panel van,123900,125000,124450,"AED 123,900 - 125,000",AED,https://www.drivearabia.com/carprices/uae/toyota/toyota-hiace/2023/,2026-06-12T05:46:43Z
toyota-hiace,2023,"3.5L high roof panel vanAED 123,900 - 125,000",136900,138000,137450,"3.5L commuter vanAED 136,900 - 138,000",AED,https://www.drivearabia.com/carprices/uae/toyota/toyota-hiace/2023/,2026-06-12T05:46:43Z
toyota-hiace,2023,3.5L commuter van,136900,138000,137450,"AED 136,900 - 138,000",AED,https://www.drivearabia.com/carprices/uae/toyota/toyota-hiace/2023/,2026-06-12T05:46:43Z
toyota-hiace,2023,Unknown,2023,170000,86012,"2023 Hyundai StariaAED 102,900 - 170,000",AED,https://www.drivearabia.com/carprices/uae/toyota/toyota-hiace/2023/,2026-06-12T05:46:43Z
toyota-hiace,2023,Unknown,2023,170000,86012,"2023 Hyundai StariaAED 102,900 - 170,000",AED,https://www.drivearabia.com/carprices/uae/toyota/toyota-hiace/2023/,2026-06-12T05:46:43Z
toyota-hiace,2023,Unknown,102900,170000,136450,"AED 102,900 - 170,000",AED,https://www.drivearabia.com/carprices/uae/toyota/toyota-hiace/2023/,2026-06-12T05:46:43Z
toyota-hiace,2023,Unknown,2023,104000,53012,"2023 Nissan UrvanAED 77,175 - 104,000",AED,https://www.drivearabia.com/carprices/uae/toyota/toyota-hiace/2023/,2026-06-12T05:46:43Z
toyota-hiace,2023,Unknown,2023,104000,53012,"2023 Nissan UrvanAED 77,175 - 104,000",AED,https://www.drivearabia.com/carprices/uae/toyota/toyota-hiace/2023/,2026-06-12T05:46:43Z
toyota-hiace,2023,Unknown,77175,104000,90588,"AED 77,175 - 104,000",AED,https://www.drivearabia.com/carprices/uae/toyota/toyota-hiace/2023/,2026-06-12T05:46:43Z
toyota-hiace,2023,Unknown,2023,146000,74012,"2023 Mercedes-Benz SprinterAED 146,000 - 187,000",AED,https://www.drivearabia.com/carprices/uae/toyota/toyota-hiace/2023/,2026-06-12T05:46:43Z
toyota-hiace,2023,Unknown,2023,146000,74012,"2023 Mercedes-Benz SprinterAED 146,000 - 187,000",AED,https://www.drivearabia.com/carprices/uae/toyota/toyota-hiace/2023/,2026-06-12T05:46:43Z
toyota-hiace,2023,Unknown,146000,187000,166500,"AED 146,000 - 187,000",AED,https://www.drivearabia.com/carprices/uae/toyota/toyota-hiace/2023/,2026-06-12T05:46:43Z
toyota-hiace,2023,Unknown,2023,103900,52962,"The starting price of the 2023 Toyota Hiace in UAE is AED 103,900.",AED,https://www.drivearabia.com/carprices/uae/toyota/toyota-hiace/2023/,2026-06-12T05:46:43Z
toyota-hiace,2023,Unknown,2023,103900,52962,"The starting price of the 2023 Toyota Hiace in UAE is AED 103,900.",AED,https://www.drivearabia.com/carprices/uae/toyota/toyota-hiace/2023/,2026-06-12T05:46:43Z
toyota-hiace,2023,Trims3.5L panel van,,,103900,"Original Starting PriceAED 103,900",AED,https://www.drivearabia.com/carprices/uae/toyota/toyota-hiace/2023/,2026-06-12T05:46:43Z
toyota-hiace,2023,Trims3.5L panel van,,,103900,"AED 103,900",AED,https://www.drivearabia.com/carprices/uae/toyota/toyota-hiace/2023/,2026-06-12T05:46:43Z
toyota-hiace,2023,Unknown,,,103900,"AED 103,900",AED,https://www.drivearabia.com/carprices/uae/toyota/toyota-hiace/2023/,2026-06-12T05:46:43Z
toyota-hiace,2024,Unknown,,,103900,"Original Starting PriceAED 103,900",AED,https://www.drivearabia.com/carprices/uae/toyota/toyota-hiace/2024/,2026-06-12T05:46:45Z
toyota-hiace,2024,Unknown,,,103900,"Original Starting PriceAED 103,900",AED,https://www.drivearabia.com/carprices/uae/toyota/toyota-hiace/2024/,2026-06-12T05:46:45Z
toyota-hiace,2024,Unknown,,,103900,"AED 103,900",AED,https://www.drivearabia.com/carprices/uae/toyota/toyota-hiace/2024/,2026-06-12T05:46:45Z
toyota-hiace,2024,Unknown,103900,105000,104450,"3.5L panel vanAED 103,900 - 105,000",AED,https://www.drivearabia.com/carprices/uae/toyota/toyota-hiace/2024/,2026-06-12T05:46:45Z
toyota-hiace,2024,3.5L panel van,103900,105000,104450,"AED 103,900 - 105,000",AED,https://www.drivearabia.com/carprices/uae/toyota/toyota-hiace/2024/,2026-06-12T05:46:45Z
toyota-hiace,2024,"3.5L panel vanAED 103,900 - 105,000",123900,125000,124450,"3.5L high roof panel vanAED 123,900 - 125,000",AED,https://www.drivearabia.com/carprices/uae/toyota/toyota-hiace/2024/,2026-06-12T05:46:45Z
toyota-hiace,2024,3.5L high roof panel van,123900,125000,124450,"AED 123,900 - 125,000",AED,https://www.drivearabia.com/carprices/uae/toyota/toyota-hiace/2024/,2026-06-12T05:46:45Z
toyota-hiace,2024,"3.5L high roof panel vanAED 123,900 - 125,000",136900,138000,137450,"3.5L commuter vanAED 136,900 - 138,000",AED,https://www.drivearabia.com/carprices/uae/toyota/toyota-hiace/2024/,2026-06-12T05:46:45Z
toyota-hiace,2024,3.5L commuter van,136900,138000,137450,"AED 136,900 - 138,000",AED,https://www.drivearabia.com/carprices/uae/toyota/toyota-hiace/2024/,2026-06-12T05:46:45Z
toyota-hiace,2024,Unknown,2023,146000,74012,"2023 Mercedes-Benz SprinterAED 146,000 - 187,000",AED,https://www.drivearabia.com/carprices/uae/toyota/toyota-hiace/2024/,2026-06-12T05:46:45Z
toyota-hiace,2024,Unknown,2023,146000,74012,"2023 Mercedes-Benz SprinterAED 146,000 - 187,000",AED,https://www.drivearabia.com/carprices/uae/toyota/toyota-hiace/2024/,2026-06-12T05:46:45Z
toyota-hiace,2024,Unknown,146000,187000,166500,"AED 146,000 - 187,000",AED,https://www.drivearabia.com/carprices/uae/toyota/toyota-hiace/2024/,2026-06-12T05:46:45Z
toyota-hiace,2024,Unknown,2024,104000,53012,"2024 Nissan UrvanAED 77,175 - 104,000",AED,https://www.drivearabia.com/carprices/uae/toyota/toyota-hiace/2024/,2026-06-12T05:46:45Z
toyota-hiace,2024,Unknown,2024,104000,53012,"2024 Nissan UrvanAED 77,175 - 104,000",AED,https://www.drivearabia.com/carprices/uae/toyota/toyota-hiace/2024/,2026-06-12T05:46:45Z
toyota-hiace,2024,Unknown,77175,104000,90588,"AED 77,175 - 104,000",AED,https://www.drivearabia.com/carprices/uae/toyota/toyota-hiace/2024/,2026-06-12T05:46:45Z
toyota-hiace,2024,Unknown,2024,170000,86012,"2024 Hyundai StariaAED 102,900 - 170,000",AED,https://www.drivearabia.com/carprices/uae/toyota/toyota-hiace/2024/,2026-06-12T05:46:45Z
toyota-hiace,2024,Unknown,2024,170000,86012,"2024 Hyundai StariaAED 102,900 - 170,000",AED,https://www.drivearabia.com/carprices/uae/toyota/toyota-hiace/2024/,2026-06-12T05:46:45Z
toyota-hiace,2024,Unknown,102900,170000,136450,"AED 102,900 - 170,000",AED,https://www.drivearabia.com/carprices/uae/toyota/toyota-hiace/2024/,2026-06-12T05:46:45Z
toyota-hiace,2024,Unknown,2024,103900,52962,"The starting price of the 2024 Toyota Hiace in UAE is AED 103,900.",AED,https://www.drivearabia.com/carprices/uae/toyota/toyota-hiace/2024/,2026-06-12T05:46:45Z
toyota-hiace,2024,Unknown,2024,103900,52962,"The starting price of the 2024 Toyota Hiace in UAE is AED 103,900.",AED,https://www.drivearabia.com/carprices/uae/toyota/toyota-hiace/2024/,2026-06-12T05:46:45Z
toyota-hiace,2024,Trims3.5L panel van,,,103900,"Original Starting PriceAED 103,900",AED,https://www.drivearabia.com/carprices/uae/toyota/toyota-hiace/2024/,2026-06-12T05:46:45Z
toyota-hiace,2024,Trims3.5L panel van,,,103900,"AED 103,900",AED,https://www.drivearabia.com/carprices/uae/toyota/toyota-hiace/2024/,2026-06-12T05:46:45Z
toyota-hiace,2024,Unknown,,,103900,"AED 103,900",AED,https://www.drivearabia.com/carprices/uae/toyota/toyota-hiace/2024/,2026-06-12T05:46:45Z
toyota-hiace,2025,Unknown,,,142900,"Starting atAED 142,900",AED,https://www.drivearabia.com/carprices/uae/toyota/toyota-hiace/2025/,2026-06-12T05:46:47Z
toyota-hiace,2025,Unknown,,,142900,"Starting atAED 142,900",AED,https://www.drivearabia.com/carprices/uae/toyota/toyota-hiace/2025/,2026-06-12T05:46:47Z
toyota-hiace,2025,Starting at,,,142900,"AED 142,900",AED,https://www.drivearabia.com/carprices/uae/toyota/toyota-hiace/2025/,2026-06-12T05:46:47Z
toyota-hiace,2025,Unknown,142900,143000,142950,"3.5L V6 commuter MT RWDAED 142,900 - 143,000",AED,https://www.drivearabia.com/carprices/uae/toyota/toyota-hiace/2025/,2026-06-12T05:46:47Z
toyota-hiace,2025,3.5L V6 commuter MT RWD,142900,143000,142950,"AED 142,900 - 143,000",AED,https://www.drivearabia.com/carprices/uae/toyota/toyota-hiace/2025/,2026-06-12T05:46:47Z
toyota-hiace,2025,"3.5L V6 commuter MT RWDAED 142,900 - 143,000",148900,150000,149450,"3.5L V6 commuter AT RWDAED 148,900 - 150,000",AED,https://www.drivearabia.com/carprices/uae/toyota/toyota-hiace/2025/,2026-06-12T05:46:47Z
toyota-hiace,2025,3.5L V6 commuter AT RWD,148900,150000,149450,"AED 148,900 - 150,000",AED,https://www.drivearabia.com/carprices/uae/toyota/toyota-hiace/2025/,2026-06-12T05:46:47Z
toyota-hiace,2025,Unknown,2023,146000,74012,"2023 Mercedes-Benz SprinterAED 146,000 - 187,000",AED,https://www.drivearabia.com/carprices/uae/toyota/toyota-hiace/2025/,2026-06-12T05:46:47Z
toyota-hiace,2025,Unknown,2023,146000,74012,"2023 Mercedes-Benz SprinterAED 146,000 - 187,000",AED,https://www.drivearabia.com/carprices/uae/toyota/toyota-hiace/2025/,2026-06-12T05:46:47Z
toyota-hiace,2025,Unknown,146000,187000,166500,"AED 146,000 - 187,000",AED,https://www.drivearabia.com/carprices/uae/toyota/toyota-hiace/2025/,2026-06-12T05:46:47Z
toyota-hiace,2025,Unknown,2025,170000,86012,"2025 Hyundai StariaAED 102,900 - 170,000",AED,https://www.drivearabia.com/carprices/uae/toyota/toyota-hiace/2025/,2026-06-12T05:46:47Z
toyota-hiace,2025,Unknown,2025,170000,86012,"2025 Hyundai StariaAED 102,900 - 170,000",AED,https://www.drivearabia.com/carprices/uae/toyota/toyota-hiace/2025/,2026-06-12T05:46:47Z
toyota-hiace,2025,Unknown,102900,170000,136450,"AED 102,900 - 170,000",AED,https://www.drivearabia.com/carprices/uae/toyota/toyota-hiace/2025/,2026-06-12T05:46:47Z
toyota-hiace,2025,Unknown,2025,104000,53012,"2025 Nissan UrvanAED 77,175 - 104,000",AED,https://www.drivearabia.com/carprices/uae/toyota/toyota-hiace/2025/,2026-06-12T05:46:47Z
toyota-hiace,2025,Unknown,2025,104000,53012,"2025 Nissan UrvanAED 77,175 - 104,000",AED,https://www.drivearabia.com/carprices/uae/toyota/toyota-hiace/2025/,2026-06-12T05:46:47Z
toyota-hiace,2025,Unknown,77175,104000,90588,"AED 77,175 - 104,000",AED,https://www.drivearabia.com/carprices/uae/toyota/toyota-hiace/2025/,2026-06-12T05:46:47Z
toyota-hiace,2025,Unknown,2025,142900,72462,"The starting price of the 2025 Toyota Hiace in UAE is AED 142,900.",AED,https://www.drivearabia.com/carprices/uae/toyota/toyota-hiace/2025/,2026-06-12T05:46:47Z
toyota-hiace,2025,Unknown,2025,142900,72462,"The starting price of the 2025 Toyota Hiace in UAE is AED 142,900.",AED,https://www.drivearabia.com/carprices/uae/toyota/toyota-hiace/2025/,2026-06-12T05:46:47Z
toyota-hiace,2025,Trims3.5L V6 commuter MT RWD,,,142900,"Starting atAED 142,900",AED,https://www.drivearabia.com/carprices/uae/toyota/toyota-hiace/2025/,2026-06-12T05:46:47Z
toyota-hiace,2025,Starting at,,,142900,"AED 142,900",AED,https://www.drivearabia.com/carprices/uae/toyota/toyota-hiace/2025/,2026-06-12T05:46:47Z
toyota-hiace,2025,Starting at,,,142900,"AED 142,900",AED,https://www.drivearabia.com/carprices/uae/toyota/toyota-hiace/2025/,2026-06-12T05:46:47Z
toyota-hiace,2026,Unknown,,,131900,"Starting atAED 131,900",AED,https://www.drivearabia.com/carprices/uae/toyota/toyota-hiace/2026/,2026-06-12T05:46:49Z
toyota-hiace,2026,Unknown,,,131900,"Starting atAED 131,900",AED,https://www.drivearabia.com/carprices/uae/toyota/toyota-hiace/2026/,2026-06-12T05:46:49Z
toyota-hiace,2026,Starting at,,,131900,"AED 131,900",AED,https://www.drivearabia.com/carprices/uae/toyota/toyota-hiace/2026/,2026-06-12T05:46:49Z
toyota-hiace,2026,Unknown,131900,135900,133900,"3.5L V6 Panel Van MT RWDAED 131,900 - 135,900",AED,https://www.drivearabia.com/carprices/uae/toyota/toyota-hiace/2026/,2026-06-12T05:46:49Z
toyota-hiace,2026,3.5L V6 Panel Van MT RWD,131900,135900,133900,"AED 131,900 - 135,900",AED,https://www.drivearabia.com/carprices/uae/toyota/toyota-hiace/2026/,2026-06-12T05:46:49Z
toyota-hiace,2026,"3.5L V6 Panel Van MT RWDAED 131,900 - 135,900",144900,145000,144950,"3.5L V6 commuter MT RWDAED 144,900 - 145,000",AED,https://www.drivearabia.com/carprices/uae/toyota/toyota-hiace/2026/,2026-06-12T05:46:49Z
toyota-hiace,2026,3.5L V6 commuter MT RWD,144900,145000,144950,"AED 144,900 - 145,000",AED,https://www.drivearabia.com/carprices/uae/toyota/toyota-hiace/2026/,2026-06-12T05:46:49Z
toyota-hiace,2026,"3.5L V6 commuter MT RWDAED 144,900 - 145,000",150900,151000,150950,"3.5L V6 commuter AT RWDAED 150,900 - 151,000",AED,https://www.drivearabia.com/carprices/uae/toyota/toyota-hiace/2026/,2026-06-12T05:46:49Z
toyota-hiace,2026,3.5L V6 commuter AT RWD,150900,151000,150950,"AED 150,900 - 151,000",AED,https://www.drivearabia.com/carprices/uae/toyota/toyota-hiace/2026/,2026-06-12T05:46:49Z
toyota-hiace,2026,Unknown,2025,170000,86012,"2025 Hyundai StariaAED 102,900 - 170,000",AED,https://www.drivearabia.com/carprices/uae/toyota/toyota-hiace/2026/,2026-06-12T05:46:49Z
toyota-hiace,2026,Unknown,2025,170000,86012,"2025 Hyundai StariaAED 102,900 - 170,000",AED,https://www.drivearabia.com/carprices/uae/toyota/toyota-hiace/2026/,2026-06-12T05:46:49Z
toyota-hiace,2026,Unknown,102900,170000,136450,"AED 102,900 - 170,000",AED,https://www.drivearabia.com/carprices/uae/toyota/toyota-hiace/2026/,2026-06-12T05:46:49Z
toyota-hiace,2026,Unknown,2025,104000,53012,"2025 Nissan UrvanAED 77,175 - 104,000",AED,https://www.drivearabia.com/carprices/uae/toyota/toyota-hiace/2026/,2026-06-12T05:46:49Z
toyota-hiace,2026,Unknown,2025,104000,53012,"2025 Nissan UrvanAED 77,175 - 104,000",AED,https://www.drivearabia.com/carprices/uae/toyota/toyota-hiace/2026/,2026-06-12T05:46:49Z
toyota-hiace,2026,Unknown,77175,104000,90588,"AED 77,175 - 104,000",AED,https://www.drivearabia.com/carprices/uae/toyota/toyota-hiace/2026/,2026-06-12T05:46:49Z
toyota-hiace,2026,Unknown,2025,105000,53512,"2025 Maxus V80AED 75,000 - 105,000",AED,https://www.drivearabia.com/carprices/uae/toyota/toyota-hiace/2026/,2026-06-12T05:46:49Z
toyota-hiace,2026,Unknown,2025,105000,53512,"2025 Maxus V80AED 75,000 - 105,000",AED,https://www.drivearabia.com/carprices/uae/toyota/toyota-hiace/2026/,2026-06-12T05:46:49Z
toyota-hiace,2026,Unknown,75000,105000,90000,"AED 75,000 - 105,000",AED,https://www.drivearabia.com/carprices/uae/toyota/toyota-hiace/2026/,2026-06-12T05:46:49Z
toyota-hiace,2026,Unknown,2026,131900,66963,"The starting price of the 2026 Toyota Hiace in UAE is AED 131,900.",AED,https://www.drivearabia.com/carprices/uae/toyota/toyota-hiace/2026/,2026-06-12T05:46:49Z
toyota-hiace,2026,Unknown,2026,131900,66963,"The starting price of the 2026 Toyota Hiace in UAE is AED 131,900.",AED,https://www.drivearabia.com/carprices/uae/toyota/toyota-hiace/2026/,2026-06-12T05:46:49Z
toyota-hiace,2026,Trims3.5L V6 Panel Van MT RWD,,,131900,"Starting atAED 131,900",AED,https://www.drivearabia.com/carprices/uae/toyota/toyota-hiace/2026/,2026-06-12T05:46:49Z
toyota-hiace,2026,Starting at,,,131900,"AED 131,900",AED,https://www.drivearabia.com/carprices/uae/toyota/toyota-hiace/2026/,2026-06-12T05:46:49Z
toyota-hiace,2026,Starting at,,,131900,"AED 131,900",AED,https://www.drivearabia.com/carprices/uae/toyota/toyota-hiace/2026/,2026-06-12T05:46:49Z
toyota-highlander,2022,Unknown,,,154900,"Original Starting PriceAED 154,900",AED,https://www.drivearabia.com/carprices/uae/toyota/toyota-highlander/2022/,2026-06-12T05:46:51Z
toyota-highlander,2022,Unknown,,,154900,"Original Starting PriceAED 154,900",AED,https://www.drivearabia.com/carprices/uae/toyota/toyota-highlander/2022/,2026-06-12T05:46:51Z
toyota-highlander,2022,Unknown,,,154900,"AED 154,900",AED,https://www.drivearabia.com/carprices/uae/toyota/toyota-highlander/2022/,2026-06-12T05:46:51Z
toyota-highlander,2022,Original Trim Prices,154900,179900,167400,"GXR 4WDAED 154,900 - 155,000VXR 4WDAED 179,900 - 180,000",AED,https://www.drivearabia.com/carprices/uae/toyota/toyota-highlander/2022/,2026-06-12T05:46:51Z
toyota-highlander,2022,Original Trim Prices,154900,179900,167400,"GXR 4WDAED 154,900 - 155,000VXR 4WDAED 179,900 - 180,000",AED,https://www.drivearabia.com/carprices/uae/toyota/toyota-highlander/2022/,2026-06-12T05:46:51Z
toyota-highlander,2022,Unknown,154900,155000,154950,"GXR 4WDAED 154,900 - 155,000",AED,https://www.drivearabia.com/carprices/uae/toyota/toyota-highlander/2022/,2026-06-12T05:46:51Z
toyota-highlander,2022,GXR 4WD,154900,155000,154950,"AED 154,900 - 155,000",AED,https://www.drivearabia.com/carprices/uae/toyota/toyota-highlander/2022/,2026-06-12T05:46:51Z
toyota-highlander,2022,Unknown,179900,180000,179950,"VXR 4WDAED 179,900 - 180,000",AED,https://www.drivearabia.com/carprices/uae/toyota/toyota-highlander/2022/,2026-06-12T05:46:51Z
toyota-highlander,2022,VXR 4WD,179900,180000,179950,"AED 179,900 - 180,000",AED,https://www.drivearabia.com/carprices/uae/toyota/toyota-highlander/2022/,2026-06-12T05:46:51Z
toyota-highlander,2022,Unknown,2022,214000,108011,"2022 Nissan PathfinderAED 158,000 - 214,000",AED,https://www.drivearabia.com/carprices/uae/toyota/toyota-highlander/2022/,2026-06-12T05:46:51Z
toyota-highlander,2022,Unknown,2022,214000,108011,"2022 Nissan PathfinderAED 158,000 - 214,000",AED,https://www.drivearabia.com/carprices/uae/toyota/toyota-highlander/2022/,2026-06-12T05:46:51Z
toyota-highlander,2022,Unknown,158000,214000,186000,"AED 158,000 - 214,000",AED,https://www.drivearabia.com/carprices/uae/toyota/toyota-highlander/2022/,2026-06-12T05:46:51Z
toyota-highlander,2022,Unknown,2022,157000,79511,"2022 Honda PilotAED 119,900 - 157,000",AED,https://www.drivearabia.com/carprices/uae/toyota/toyota-highlander/2022/,2026-06-12T05:46:51Z
toyota-highlander,2022,Unknown,2022,157000,79511,"2022 Honda PilotAED 119,900 - 157,000",AED,https://www.drivearabia.com/carprices/uae/toyota/toyota-highlander/2022/,2026-06-12T05:46:51Z
toyota-highlander,2022,Unknown,119900,157000,138450,"AED 119,900 - 157,000",AED,https://www.drivearabia.com/carprices/uae/toyota/toyota-highlander/2022/,2026-06-12T05:46:51Z
toyota-highlander,2022,Unknown,2022,237000,119511,"2022 Ford ExplorerAED 155,000 - 237,000",AED,https://www.drivearabia.com/carprices/uae/toyota/toyota-highlander/2022/,2026-06-12T05:46:51Z
toyota-highlander,2022,Unknown,2022,237000,119511,"2022 Ford ExplorerAED 155,000 - 237,000",AED,https://www.drivearabia.com/carprices/uae/toyota/toyota-highlander/2022/,2026-06-12T05:46:51Z
toyota-highlander,2022,Unknown,155000,237000,196000,"AED 155,000 - 237,000",AED,https://www.drivearabia.com/carprices/uae/toyota/toyota-highlander/2022/,2026-06-12T05:46:51Z
toyota-highlander,2022,Unknown,2022,154900,78461,"The starting price of the 2022 Toyota Highlander in UAE is AED 154,900.",AED,https://www.drivearabia.com/carprices/uae/toyota/toyota-highlander/2022/,2026-06-12T05:46:51Z
toyota-highlander,2022,Unknown,2022,154900,78461,"The starting price of the 2022 Toyota Highlander in UAE is AED 154,900.",AED,https://www.drivearabia.com/carprices/uae/toyota/toyota-highlander/2022/,2026-06-12T05:46:51Z
toyota-highlander,2022,TrimsGXR 4WD,,,154900,"Original Starting PriceAED 154,900",AED,https://www.drivearabia.com/carprices/uae/toyota/toyota-highlander/2022/,2026-06-12T05:46:51Z
toyota-highlander,2022,TrimsGXR 4WD,,,154900,"AED 154,900",AED,https://www.drivearabia.com/carprices/uae/toyota/toyota-highlander/2022/,2026-06-12T05:46:51Z
toyota-highlander,2022,Unknown,,,154900,"AED 154,900",AED,https://www.drivearabia.com/carprices/uae/toyota/toyota-highlander/2022/,2026-06-12T05:46:51Z
toyota-highlander,2023,Unknown,,,169900,"Original Starting PriceAED 169,900",AED,https://www.drivearabia.com/carprices/uae/toyota/toyota-highlander/2023/,2026-06-12T05:46:53Z
toyota-highlander,2023,Unknown,,,169900,"Original Starting PriceAED 169,900",AED,https://www.drivearabia.com/carprices/uae/toyota/toyota-highlander/2023/,2026-06-12T05:46:53Z
toyota-highlander,2023,Unknown,,,169900,"AED 169,900",AED,https://www.drivearabia.com/carprices/uae/toyota/toyota-highlander/2023/,2026-06-12T05:46:53Z
toyota-highlander,2023,Original Trim Prices,2,169900,84951,"2.5H I4 GXR 4WDAED 169,900 - 170,0002.5H I4 VXR 4WDAED 199,900 - 200,000",AED,https://www.drivearabia.com/carprices/uae/toyota/toyota-highlander/2023/,2026-06-12T05:46:53Z
toyota-highlander,2023,Original Trim Prices,2,169900,84951,"2.5H I4 GXR 4WDAED 169,900 - 170,0002.5H I4 VXR 4WDAED 199,900 - 200,000",AED,https://www.drivearabia.com/carprices/uae/toyota/toyota-highlander/2023/,2026-06-12T05:46:53Z
toyota-highlander,2023,Unknown,169900,170000,169950,"2.5H I4 GXR 4WDAED 169,900 - 170,000",AED,https://www.drivearabia.com/carprices/uae/toyota/toyota-highlander/2023/,2026-06-12T05:46:53Z
toyota-highlander,2023,2.5H I4 GXR 4WD,169900,170000,169950,"AED 169,900 - 170,000",AED,https://www.drivearabia.com/carprices/uae/toyota/toyota-highlander/2023/,2026-06-12T05:46:53Z
toyota-highlander,2023,Unknown,199900,200000,199950,"2.5H I4 VXR 4WDAED 199,900 - 200,000",AED,https://www.drivearabia.com/carprices/uae/toyota/toyota-highlander/2023/,2026-06-12T05:46:53Z
toyota-highlander,2023,2.5H I4 VXR 4WD,199900,200000,199950,"AED 199,900 - 200,000",AED,https://www.drivearabia.com/carprices/uae/toyota/toyota-highlander/2023/,2026-06-12T05:46:53Z
toyota-highlander,2023,Unknown,2023,214000,108012,"2023 Nissan PathfinderAED 158,000 - 214,000",AED,https://www.drivearabia.com/carprices/uae/toyota/toyota-highlander/2023/,2026-06-12T05:46:53Z
toyota-highlander,2023,Unknown,2023,214000,108012,"2023 Nissan PathfinderAED 158,000 - 214,000",AED,https://www.drivearabia.com/carprices/uae/toyota/toyota-highlander/2023/,2026-06-12T05:46:53Z
toyota-highlander,2023,Unknown,158000,214000,186000,"AED 158,000 - 214,000",AED,https://www.drivearabia.com/carprices/uae/toyota/toyota-highlander/2023/,2026-06-12T05:46:53Z
toyota-highlander,2023,Unknown,2023,208000,105012,"2023 Honda PilotAED 174,900 - 208,000",AED,https://www.drivearabia.com/carprices/uae/toyota/toyota-highlander/2023/,2026-06-12T05:46:53Z
toyota-highlander,2023,Unknown,2023,208000,105012,"2023 Honda PilotAED 174,900 - 208,000",AED,https://www.drivearabia.com/carprices/uae/toyota/toyota-highlander/2023/,2026-06-12T05:46:53Z
toyota-highlander,2023,Unknown,174900,208000,191450,"AED 174,900 - 208,000",AED,https://www.drivearabia.com/carprices/uae/toyota/toyota-highlander/2023/,2026-06-12T05:46:53Z
toyota-highlander,2023,Unknown,2023,237000,119512,"2023 Ford ExplorerAED 155,000 - 237,000",AED,https://www.drivearabia.com/carprices/uae/toyota/toyota-highlander/2023/,2026-06-12T05:46:53Z
toyota-highlander,2023,Unknown,2023,237000,119512,"2023 Ford ExplorerAED 155,000 - 237,000",AED,https://www.drivearabia.com/carprices/uae/toyota/toyota-highlander/2023/,2026-06-12T05:46:53Z
toyota-highlander,2023,Unknown,155000,237000,196000,"AED 155,000 - 237,000",AED,https://www.drivearabia.com/carprices/uae/toyota/toyota-highlander/2023/,2026-06-12T05:46:53Z
toyota-highlander,2023,Unknown,2023,169900,85962,"The starting price of the 2023 Toyota Highlander in UAE is AED 169,900.",AED,https://www.drivearabia.com/carprices/uae/toyota/toyota-highlander/2023/,2026-06-12T05:46:53Z
toyota-highlander,2023,Unknown,2023,169900,85962,"The starting price of the 2023 Toyota Highlander in UAE is AED 169,900.",AED,https://www.drivearabia.com/carprices/uae/toyota/toyota-highlander/2023/,2026-06-12T05:46:53Z
toyota-highlander,2023,Trims2.5H I4 GXR 4WD,,,169900,"Original Starting PriceAED 169,900",AED,https://www.drivearabia.com/carprices/uae/toyota/toyota-highlander/2023/,2026-06-12T05:46:53Z
toyota-highlander,2023,Trims2.5H I4 GXR 4WD,,,169900,"AED 169,900",AED,https://www.drivearabia.com/carprices/uae/toyota/toyota-highlander/2023/,2026-06-12T05:46:53Z
toyota-highlander,2023,Unknown,,,169900,"AED 169,900",AED,https://www.drivearabia.com/carprices/uae/toyota/toyota-highlander/2023/,2026-06-12T05:46:53Z
toyota-highlander,2024,Unknown,,,169900,"Original Starting PriceAED 169,900",AED,https://www.drivearabia.com/carprices/uae/toyota/toyota-highlander/2024/,2026-06-12T05:46:55Z
toyota-highlander,2024,Unknown,,,169900,"Original Starting PriceAED 169,900",AED,https://www.drivearabia.com/carprices/uae/toyota/toyota-highlander/2024/,2026-06-12T05:46:55Z
toyota-highlander,2024,Unknown,,,169900,"AED 169,900",AED,https://www.drivearabia.com/carprices/uae/toyota/toyota-highlander/2024/,2026-06-12T05:46:55Z
toyota-highlander,2024,Original Trim Prices,2,169900,84951,"2.5H I4 GXR 4WDAED 169,900 - 170,0002.5H I4 VXR 4WDAED 199,900 - 200,000",AED,https://www.drivearabia.com/carprices/uae/toyota/toyota-highlander/2024/,2026-06-12T05:46:55Z
toyota-highlander,2024,Original Trim Prices,2,169900,84951,"2.5H I4 GXR 4WDAED 169,900 - 170,0002.5H I4 VXR 4WDAED 199,900 - 200,000",AED,https://www.drivearabia.com/carprices/uae/toyota/toyota-highlander/2024/,2026-06-12T05:46:55Z
toyota-highlander,2024,Unknown,169900,170000,169950,"2.5H I4 GXR 4WDAED 169,900 - 170,000",AED,https://www.drivearabia.com/carprices/uae/toyota/toyota-highlander/2024/,2026-06-12T05:46:55Z
toyota-highlander,2024,2.5H I4 GXR 4WD,169900,170000,169950,"AED 169,900 - 170,000",AED,https://www.drivearabia.com/carprices/uae/toyota/toyota-highlander/2024/,2026-06-12T05:46:55Z
toyota-highlander,2024,Unknown,199900,200000,199950,"2.5H I4 VXR 4WDAED 199,900 - 200,000",AED,https://www.drivearabia.com/carprices/uae/toyota/toyota-highlander/2024/,2026-06-12T05:46:55Z
toyota-highlander,2024,2.5H I4 VXR 4WD,199900,200000,199950,"AED 199,900 - 200,000",AED,https://www.drivearabia.com/carprices/uae/toyota/toyota-highlander/2024/,2026-06-12T05:46:55Z
toyota-highlander,2024,Unknown,2024,214000,108012,"2024 Nissan PathfinderAED 158,000 - 214,000",AED,https://www.drivearabia.com/carprices/uae/toyota/toyota-highlander/2024/,2026-06-12T05:46:55Z
toyota-highlander,2024,Unknown,2024,214000,108012,"2024 Nissan PathfinderAED 158,000 - 214,000",AED,https://www.drivearabia.com/carprices/uae/toyota/toyota-highlander/2024/,2026-06-12T05:46:55Z
toyota-highlander,2024,Unknown,158000,214000,186000,"AED 158,000 - 214,000",AED,https://www.drivearabia.com/carprices/uae/toyota/toyota-highlander/2024/,2026-06-12T05:46:55Z
toyota-highlander,2024,Unknown,2024,215000,108512,"2024 Honda PilotAED 176,000 - 215,000",AED,https://www.drivearabia.com/carprices/uae/toyota/toyota-highlander/2024/,2026-06-12T05:46:55Z
toyota-highlander,2024,Unknown,2024,215000,108512,"2024 Honda PilotAED 176,000 - 215,000",AED,https://www.drivearabia.com/carprices/uae/toyota/toyota-highlander/2024/,2026-06-12T05:46:55Z
toyota-highlander,2024,Unknown,176000,215000,195500,"AED 176,000 - 215,000",AED,https://www.drivearabia.com/carprices/uae/toyota/toyota-highlander/2024/,2026-06-12T05:46:55Z
toyota-highlander,2024,Unknown,2024,237000,119512,"2024 Ford ExplorerAED 155,000 - 237,000",AED,https://www.drivearabia.com/carprices/uae/toyota/toyota-highlander/2024/,2026-06-12T05:46:55Z
toyota-highlander,2024,Unknown,2024,237000,119512,"2024 Ford ExplorerAED 155,000 - 237,000",AED,https://www.drivearabia.com/carprices/uae/toyota/toyota-highlander/2024/,2026-06-12T05:46:55Z
toyota-highlander,2024,Unknown,155000,237000,196000,"AED 155,000 - 237,000",AED,https://www.drivearabia.com/carprices/uae/toyota/toyota-highlander/2024/,2026-06-12T05:46:55Z
toyota-highlander,2024,Unknown,2024,169900,85962,"The starting price of the 2024 Toyota Highlander in UAE is AED 169,900.",AED,https://www.drivearabia.com/carprices/uae/toyota/toyota-highlander/2024/,2026-06-12T05:46:55Z
toyota-highlander,2024,Unknown,2024,169900,85962,"The starting price of the 2024 Toyota Highlander in UAE is AED 169,900.",AED,https://www.drivearabia.com/carprices/uae/toyota/toyota-highlander/2024/,2026-06-12T05:46:55Z
toyota-highlander,2024,Trims2.5H I4 GXR 4WD,,,169900,"Original Starting PriceAED 169,900",AED,https://www.drivearabia.com/carprices/uae/toyota/toyota-highlander/2024/,2026-06-12T05:46:55Z
toyota-highlander,2024,Trims2.5H I4 GXR 4WD,,,169900,"AED 169,900",AED,https://www.drivearabia.com/carprices/uae/toyota/toyota-highlander/2024/,2026-06-12T05:46:55Z
toyota-highlander,2024,Unknown,,,169900,"AED 169,900",AED,https://www.drivearabia.com/carprices/uae/toyota/toyota-highlander/2024/,2026-06-12T05:46:55Z
toyota-highlander,2025,Unknown,,,169900,"Starting atAED 169,900",AED,https://www.drivearabia.com/carprices/uae/toyota/toyota-highlander/2025/,2026-06-12T05:46:57Z
toyota-highlander,2025,Unknown,,,169900,"Starting atAED 169,900",AED,https://www.drivearabia.com/carprices/uae/toyota/toyota-highlander/2025/,2026-06-12T05:46:57Z
toyota-highlander,2025,Starting at,,,169900,"AED 169,900",AED,https://www.drivearabia.com/carprices/uae/toyota/toyota-highlander/2025/,2026-06-12T05:46:57Z
toyota-highlander,2025,Trim Prices,2,169900,84951,"2.5H I4 GXR 4WDAED 169,900 - 170,0002.5H I4 VXR 4WDAED 199,900 - 200,000",AED,https://www.drivearabia.com/carprices/uae/toyota/toyota-highlander/2025/,2026-06-12T05:46:57Z
toyota-highlander,2025,Trim Prices,2,169900,84951,"2.5H I4 GXR 4WDAED 169,900 - 170,0002.5H I4 VXR 4WDAED 199,900 - 200,000",AED,https://www.drivearabia.com/carprices/uae/toyota/toyota-highlander/2025/,2026-06-12T05:46:57Z
toyota-highlander,2025,Unknown,169900,170000,169950,"2.5H I4 GXR 4WDAED 169,900 - 170,000",AED,https://www.drivearabia.com/carprices/uae/toyota/toyota-highlander/2025/,2026-06-12T05:46:57Z
toyota-highlander,2025,2.5H I4 GXR 4WD,169900,170000,169950,"AED 169,900 - 170,000",AED,https://www.drivearabia.com/carprices/uae/toyota/toyota-highlander/2025/,2026-06-12T05:46:57Z
toyota-highlander,2025,Unknown,199900,200000,199950,"2.5H I4 VXR 4WDAED 199,900 - 200,000",AED,https://www.drivearabia.com/carprices/uae/toyota/toyota-highlander/2025/,2026-06-12T05:46:57Z
toyota-highlander,2025,2.5H I4 VXR 4WD,199900,200000,199950,"AED 199,900 - 200,000",AED,https://www.drivearabia.com/carprices/uae/toyota/toyota-highlander/2025/,2026-06-12T05:46:57Z
toyota-highlander,2025,Unknown,2025,246000,124012,"2025 Ford ExplorerAED 213,045 - 246,000",AED,https://www.drivearabia.com/carprices/uae/toyota/toyota-highlander/2025/,2026-06-12T05:46:57Z
toyota-highlander,2025,Unknown,2025,246000,124012,"2025 Ford ExplorerAED 213,045 - 246,000",AED,https://www.drivearabia.com/carprices/uae/toyota/toyota-highlander/2025/,2026-06-12T05:46:57Z
toyota-highlander,2025,Unknown,213045,246000,229522,"AED 213,045 - 246,000",AED,https://www.drivearabia.com/carprices/uae/toyota/toyota-highlander/2025/,2026-06-12T05:46:57Z
toyota-highlander,2025,Unknown,2025,215000,108512,"2025 Honda PilotAED 176,000 - 215,000",AED,https://www.drivearabia.com/carprices/uae/toyota/toyota-highlander/2025/,2026-06-12T05:46:57Z
toyota-highlander,2025,Unknown,2025,215000,108512,"2025 Honda PilotAED 176,000 - 215,000",AED,https://www.drivearabia.com/carprices/uae/toyota/toyota-highlander/2025/,2026-06-12T05:46:57Z
toyota-highlander,2025,Unknown,176000,215000,195500,"AED 176,000 - 215,000",AED,https://www.drivearabia.com/carprices/uae/toyota/toyota-highlander/2025/,2026-06-12T05:46:57Z
toyota-highlander,2025,Unknown,2025,214000,108012,"2025 Nissan PathfinderAED 158,000 - 214,000",AED,https://www.drivearabia.com/carprices/uae/toyota/toyota-highlander/2025/,2026-06-12T05:46:57Z
toyota-highlander,2025,Unknown,2025,214000,108012,"2025 Nissan PathfinderAED 158,000 - 214,000",AED,https://www.drivearabia.com/carprices/uae/toyota/toyota-highlander/2025/,2026-06-12T05:46:57Z
toyota-highlander,2025,Unknown,158000,214000,186000,"AED 158,000 - 214,000",AED,https://www.drivearabia.com/carprices/uae/toyota/toyota-highlander/2025/,2026-06-12T05:46:57Z
toyota-highlander,2025,Unknown,2025,169900,85962,"The starting price of the 2025 Toyota Highlander in UAE is AED 169,900.",AED,https://www.drivearabia.com/carprices/uae/toyota/toyota-highlander/2025/,2026-06-12T05:46:57Z
toyota-highlander,2025,Unknown,2025,169900,85962,"The starting price of the 2025 Toyota Highlander in UAE is AED 169,900.",AED,https://www.drivearabia.com/carprices/uae/toyota/toyota-highlander/2025/,2026-06-12T05:46:57Z
toyota-highlander,2025,Trims2.5H I4 GXR 4WD,,,169900,"Starting atAED 169,900",AED,https://www.drivearabia.com/carprices/uae/toyota/toyota-highlander/2025/,2026-06-12T05:46:57Z
toyota-highlander,2025,Starting at,,,169900,"AED 169,900",AED,https://www.drivearabia.com/carprices/uae/toyota/toyota-highlander/2025/,2026-06-12T05:46:57Z
toyota-highlander,2025,Starting at,,,169900,"AED 169,900",AED,https://www.drivearabia.com/carprices/uae/toyota/toyota-highlander/2025/,2026-06-12T05:46:57Z
toyota-hilux,2022,Unknown,,,77700,"Original Starting PriceAED 77,700",AED,https://www.drivearabia.com/carprices/uae/toyota/toyota-hilux/2022/,2026-06-12T05:47:00Z
toyota-hilux,2022,Unknown,,,77700,"Original Starting PriceAED 77,700",AED,https://www.drivearabia.com/carprices/uae/toyota/toyota-hilux/2022/,2026-06-12T05:47:00Z
toyota-hilux,2022,Unknown,,,77700,"AED 77,700",AED,https://www.drivearabia.com/carprices/uae/toyota/toyota-hilux/2022/,2026-06-12T05:47:00Z
toyota-hilux,2022,Unknown,77700,78000,77850,"2.7 Single Cab 4x2AED 77,700 - 78,000",AED,https://www.drivearabia.com/carprices/uae/toyota/toyota-hilux/2022/,2026-06-12T05:47:00Z
toyota-hilux,2022,2.7 Single Cab 4x2,77700,78000,77850,"AED 77,700 - 78,000",AED,https://www.drivearabia.com/carprices/uae/toyota/toyota-hilux/2022/,2026-06-12T05:47:00Z
toyota-hilux,2022,"2.7 Single Cab 4x2AED 77,700 - 78,000",89900,90000,89950,"2.7 Double Cab 4x2AED 89,900 - 90,000",AED,https://www.drivearabia.com/carprices/uae/toyota/toyota-hilux/2022/,2026-06-12T05:47:00Z
toyota-hilux,2022,2.7 Double Cab 4x2,89900,90000,89950,"AED 89,900 - 90,000",AED,https://www.drivearabia.com/carprices/uae/toyota/toyota-hilux/2022/,2026-06-12T05:47:00Z
toyota-hilux,2022,"2.7 Double Cab 4x2AED 89,900 - 90,000",99250,100000,99625,"2.7 Single Cab 4x4AED 99,250 - 100,000",AED,https://www.drivearabia.com/carprices/uae/toyota/toyota-hilux/2022/,2026-06-12T05:47:00Z
toyota-hilux,2022,2.7 Single Cab 4x4,99250,100000,99625,"AED 99,250 - 100,000",AED,https://www.drivearabia.com/carprices/uae/toyota/toyota-hilux/2022/,2026-06-12T05:47:00Z
toyota-hilux,2022,"2.7 Single Cab 4x4AED 99,250 - 100,000",115000,116000,115500,"2.7 Double Cab 4x4AED 115,000 - 116,000",AED,https://www.drivearabia.com/carprices/uae/toyota/toyota-hilux/2022/,2026-06-12T05:47:00Z
toyota-hilux,2022,2.7 Double Cab 4x4,115000,116000,115500,"AED 115,000 - 116,000",AED,https://www.drivearabia.com/carprices/uae/toyota/toyota-hilux/2022/,2026-06-12T05:47:00Z
toyota-hilux,2022,"2.7 Single Cab 4x4AED 99,250 - 100,000",147900,148000,147950,"4.0 V6 Hilux GR SportAED 147,900 - 148,000",AED,https://www.drivearabia.com/carprices/uae/toyota/toyota-hilux/2022/,2026-06-12T05:47:00Z
toyota-hilux,2022,4.0 V6 Hilux GR Sport,147900,148000,147950,"AED 147,900 - 148,000",AED,https://www.drivearabia.com/carprices/uae/toyota/toyota-hilux/2022/,2026-06-12T05:47:00Z
toyota-hilux,2022,Unknown,2022,92000,47011,"2022 Nissan NavaraAED 76,125 - 92,000",AED,https://www.drivearabia.com/carprices/uae/toyota/toyota-hilux/2022/,2026-06-12T05:47:00Z
toyota-hilux,2022,Unknown,2022,92000,47011,"2022 Nissan NavaraAED 76,125 - 92,000",AED,https://www.drivearabia.com/carprices/uae/toyota/toyota-hilux/2022/,2026-06-12T05:47:00Z
toyota-hilux,2022,Unknown,76125,92000,84062,"AED 76,125 - 92,000",AED,https://www.drivearabia.com/carprices/uae/toyota/toyota-hilux/2022/,2026-06-12T05:47:00Z
toyota-hilux,2022,Unknown,2022,86000,44011,"2022 Mitsubishi L200AED 54,900 - 86,000",AED,https://www.drivearabia.com/carprices/uae/toyota/toyota-hilux/2022/,2026-06-12T05:47:00Z
toyota-hilux,2022,Unknown,2022,86000,44011,"2022 Mitsubishi L200AED 54,900 - 86,000",AED,https://www.drivearabia.com/carprices/uae/toyota/toyota-hilux/2022/,2026-06-12T05:47:00Z
toyota-hilux,2022,Unknown,54900,86000,70450,"AED 54,900 - 86,000",AED,https://www.drivearabia.com/carprices/uae/toyota/toyota-hilux/2022/,2026-06-12T05:47:00Z
toyota-hilux,2022,Unknown,2022,165000,83511,"2022 Ford RangerAED 82,000 - 165,000",AED,https://www.drivearabia.com/carprices/uae/toyota/toyota-hilux/2022/,2026-06-12T05:47:00Z
toyota-hilux,2022,Unknown,2022,165000,83511,"2022 Ford RangerAED 82,000 - 165,000",AED,https://www.drivearabia.com/carprices/uae/toyota/toyota-hilux/2022/,2026-06-12T05:47:00Z
toyota-hilux,2022,Unknown,82000,165000,123500,"AED 82,000 - 165,000",AED,https://www.drivearabia.com/carprices/uae/toyota/toyota-hilux/2022/,2026-06-12T05:47:00Z
toyota-hilux,2022,Unknown,2022,77700,39861,"The starting price of the 2022 Toyota Hilux in UAE is AED 77,700.",AED,https://www.drivearabia.com/carprices/uae/toyota/toyota-hilux/2022/,2026-06-12T05:47:00Z
toyota-hilux,2022,Unknown,2022,77700,39861,"The starting price of the 2022 Toyota Hilux in UAE is AED 77,700.",AED,https://www.drivearabia.com/carprices/uae/toyota/toyota-hilux/2022/,2026-06-12T05:47:00Z
toyota-hilux,2022,Trims2.7 Single Cab 4x2,,,77700,"Original Starting PriceAED 77,700",AED,https://www.drivearabia.com/carprices/uae/toyota/toyota-hilux/2022/,2026-06-12T05:47:00Z
toyota-hilux,2022,Trims2.7 Single Cab 4x2,,,77700,"AED 77,700",AED,https://www.drivearabia.com/carprices/uae/toyota/toyota-hilux/2022/,2026-06-12T05:47:00Z
toyota-hilux,2022,Unknown,,,77700,"AED 77,700",AED,https://www.drivearabia.com/carprices/uae/toyota/toyota-hilux/2022/,2026-06-12T05:47:00Z
toyota-hilux,2023,Unknown,,,77700,"Original Starting PriceAED 77,700",AED,https://www.drivearabia.com/carprices/uae/toyota/toyota-hilux/2023/,2026-06-12T05:47:01Z
toyota-hilux,2023,Unknown,,,77700,"Original Starting PriceAED 77,700",AED,https://www.drivearabia.com/carprices/uae/toyota/toyota-hilux/2023/,2026-06-12T05:47:01Z
toyota-hilux,2023,Unknown,,,77700,"AED 77,700",AED,https://www.drivearabia.com/carprices/uae/toyota/toyota-hilux/2023/,2026-06-12T05:47:01Z
toyota-hilux,2023,Unknown,77700,78000,77850,"2.7 Single Cab 4x2AED 77,700 - 78,000",AED,https://www.drivearabia.com/carprices/uae/toyota/toyota-hilux/2023/,2026-06-12T05:47:01Z
toyota-hilux,2023,2.7 Single Cab 4x2,77700,78000,77850,"AED 77,700 - 78,000",AED,https://www.drivearabia.com/carprices/uae/toyota/toyota-hilux/2023/,2026-06-12T05:47:01Z
toyota-hilux,2023,"2.7 Single Cab 4x2AED 77,700 - 78,000",89900,90000,89950,"2.7 Double Cab 4x2AED 89,900 - 90,000",AED,https://www.drivearabia.com/carprices/uae/toyota/toyota-hilux/2023/,2026-06-12T05:47:01Z
toyota-hilux,2023,2.7 Double Cab 4x2,89900,90000,89950,"AED 89,900 - 90,000",AED,https://www.drivearabia.com/carprices/uae/toyota/toyota-hilux/2023/,2026-06-12T05:47:01Z
toyota-hilux,2023,"2.7 Double Cab 4x2AED 89,900 - 90,000",99250,100000,99625,"2.7 Single Cab 4x4AED 99,250 - 100,000",AED,https://www.drivearabia.com/carprices/uae/toyota/toyota-hilux/2023/,2026-06-12T05:47:01Z
toyota-hilux,2023,2.7 Single Cab 4x4,99250,100000,99625,"AED 99,250 - 100,000",AED,https://www.drivearabia.com/carprices/uae/toyota/toyota-hilux/2023/,2026-06-12T05:47:01Z
toyota-hilux,2023,"2.7 Single Cab 4x4AED 99,250 - 100,000",115000,116000,115500,"2.7 Double Cab 4x4AED 115,000 - 116,000",AED,https://www.drivearabia.com/carprices/uae/toyota/toyota-hilux/2023/,2026-06-12T05:47:01Z
toyota-hilux,2023,2.7 Double Cab 4x4,115000,116000,115500,"AED 115,000 - 116,000",AED,https://www.drivearabia.com/carprices/uae/toyota/toyota-hilux/2023/,2026-06-12T05:47:01Z
toyota-hilux,2023,"2.7 Single Cab 4x4AED 99,250 - 100,000",147900,148000,147950,"4.0 V6 Hilux GR SportAED 147,900 - 148,000",AED,https://www.drivearabia.com/carprices/uae/toyota/toyota-hilux/2023/,2026-06-12T05:47:01Z
toyota-hilux,2023,4.0 V6 Hilux GR Sport,147900,148000,147950,"AED 147,900 - 148,000",AED,https://www.drivearabia.com/carprices/uae/toyota/toyota-hilux/2023/,2026-06-12T05:47:01Z
toyota-hilux,2023,Unknown,2022,92000,47011,"2022 Nissan NavaraAED 76,125 - 92,000",AED,https://www.drivearabia.com/carprices/uae/toyota/toyota-hilux/2023/,2026-06-12T05:47:01Z
toyota-hilux,2023,Unknown,2022,92000,47011,"2022 Nissan NavaraAED 76,125 - 92,000",AED,https://www.drivearabia.com/carprices/uae/toyota/toyota-hilux/2023/,2026-06-12T05:47:01Z
toyota-hilux,2023,Unknown,76125,92000,84062,"AED 76,125 - 92,000",AED,https://www.drivearabia.com/carprices/uae/toyota/toyota-hilux/2023/,2026-06-12T05:47:01Z
toyota-hilux,2023,Unknown,2023,195000,98512,"2023 Ford RangerAED 134,495 - 195,000",AED,https://www.drivearabia.com/carprices/uae/toyota/toyota-hilux/2023/,2026-06-12T05:47:01Z
toyota-hilux,2023,Unknown,2023,195000,98512,"2023 Ford RangerAED 134,495 - 195,000",AED,https://www.drivearabia.com/carprices/uae/toyota/toyota-hilux/2023/,2026-06-12T05:47:01Z
toyota-hilux,2023,Unknown,134495,195000,164748,"AED 134,495 - 195,000",AED,https://www.drivearabia.com/carprices/uae/toyota/toyota-hilux/2023/,2026-06-12T05:47:01Z
toyota-hilux,2023,Unknown,2023,81000,41512,"2023 Mitsubishi L200AED 79,900 - 81,000",AED,https://www.drivearabia.com/carprices/uae/toyota/toyota-hilux/2023/,2026-06-12T05:47:01Z
toyota-hilux,2023,Unknown,2023,81000,41512,"2023 Mitsubishi L200AED 79,900 - 81,000",AED,https://www.drivearabia.com/carprices/uae/toyota/toyota-hilux/2023/,2026-06-12T05:47:01Z
toyota-hilux,2023,Unknown,79900,81000,80450,"AED 79,900 - 81,000",AED,https://www.drivearabia.com/carprices/uae/toyota/toyota-hilux/2023/,2026-06-12T05:47:01Z
toyota-hilux,2023,Unknown,2023,77700,39862,"The starting price of the 2023 Toyota Hilux in UAE is AED 77,700.",AED,https://www.drivearabia.com/carprices/uae/toyota/toyota-hilux/2023/,2026-06-12T05:47:01Z
toyota-hilux,2023,Unknown,2023,77700,39862,"The starting price of the 2023 Toyota Hilux in UAE is AED 77,700.",AED,https://www.drivearabia.com/carprices/uae/toyota/toyota-hilux/2023/,2026-06-12T05:47:01Z
toyota-hilux,2023,Trims2.7 Single Cab 4x2,,,77700,"Original Starting PriceAED 77,700",AED,https://www.drivearabia.com/carprices/uae/toyota/toyota-hilux/2023/,2026-06-12T05:47:01Z
toyota-hilux,2023,Trims2.7 Single Cab 4x2,,,77700,"AED 77,700",AED,https://www.drivearabia.com/carprices/uae/toyota/toyota-hilux/2023/,2026-06-12T05:47:01Z
toyota-hilux,2023,Unknown,,,77700,"AED 77,700",AED,https://www.drivearabia.com/carprices/uae/toyota/toyota-hilux/2023/,2026-06-12T05:47:01Z
toyota-hilux,2024,Unknown,,,77700,"Original Starting PriceAED 77,700",AED,https://www.drivearabia.com/carprices/uae/toyota/toyota-hilux/2024/,2026-06-12T05:47:03Z
toyota-hilux,2024,Unknown,,,77700,"Original Starting PriceAED 77,700",AED,https://www.drivearabia.com/carprices/uae/toyota/toyota-hilux/2024/,2026-06-12T05:47:03Z
toyota-hilux,2024,Unknown,,,77700,"AED 77,700",AED,https://www.drivearabia.com/carprices/uae/toyota/toyota-hilux/2024/,2026-06-12T05:47:03Z
toyota-hilux,2024,Unknown,77700,78000,77850,"2.7 Single Cab 4x2AED 77,700 - 78,000",AED,https://www.drivearabia.com/carprices/uae/toyota/toyota-hilux/2024/,2026-06-12T05:47:03Z
toyota-hilux,2024,2.7 Single Cab 4x2,77700,78000,77850,"AED 77,700 - 78,000",AED,https://www.drivearabia.com/carprices/uae/toyota/toyota-hilux/2024/,2026-06-12T05:47:03Z
toyota-hilux,2024,"2.7 Single Cab 4x2AED 77,700 - 78,000",89900,90000,89950,"2.7 Double Cab 4x2AED 89,900 - 90,000",AED,https://www.drivearabia.com/carprices/uae/toyota/toyota-hilux/2024/,2026-06-12T05:47:03Z
toyota-hilux,2024,2.7 Double Cab 4x2,89900,90000,89950,"AED 89,900 - 90,000",AED,https://www.drivearabia.com/carprices/uae/toyota/toyota-hilux/2024/,2026-06-12T05:47:03Z
toyota-hilux,2024,"2.7 Double Cab 4x2AED 89,900 - 90,000",99250,100000,99625,"2.7 Single Cab 4x4AED 99,250 - 100,000",AED,https://www.drivearabia.com/carprices/uae/toyota/toyota-hilux/2024/,2026-06-12T05:47:03Z
toyota-hilux,2024,2.7 Single Cab 4x4,99250,100000,99625,"AED 99,250 - 100,000",AED,https://www.drivearabia.com/carprices/uae/toyota/toyota-hilux/2024/,2026-06-12T05:47:03Z
toyota-hilux,2024,"2.7 Single Cab 4x4AED 99,250 - 100,000",115000,116000,115500,"2.7 Double Cab 4x4AED 115,000 - 116,000",AED,https://www.drivearabia.com/carprices/uae/toyota/toyota-hilux/2024/,2026-06-12T05:47:03Z
toyota-hilux,2024,2.7 Double Cab 4x4,115000,116000,115500,"AED 115,000 - 116,000",AED,https://www.drivearabia.com/carprices/uae/toyota/toyota-hilux/2024/,2026-06-12T05:47:03Z
toyota-hilux,2024,"2.7 Single Cab 4x4AED 99,250 - 100,000",147900,148000,147950,"4.0 V6 Hilux GR SportAED 147,900 - 148,000",AED,https://www.drivearabia.com/carprices/uae/toyota/toyota-hilux/2024/,2026-06-12T05:47:03Z
toyota-hilux,2024,4.0 V6 Hilux GR Sport,147900,148000,147950,"AED 147,900 - 148,000",AED,https://www.drivearabia.com/carprices/uae/toyota/toyota-hilux/2024/,2026-06-12T05:47:03Z
toyota-hilux,2024,Unknown,2022,92000,47011,"2022 Nissan NavaraAED 76,125 - 92,000",AED,https://www.drivearabia.com/carprices/uae/toyota/toyota-hilux/2024/,2026-06-12T05:47:03Z
toyota-hilux,2024,Unknown,2022,92000,47011,"2022 Nissan NavaraAED 76,125 - 92,000",AED,https://www.drivearabia.com/carprices/uae/toyota/toyota-hilux/2024/,2026-06-12T05:47:03Z
toyota-hilux,2024,Unknown,76125,92000,84062,"AED 76,125 - 92,000",AED,https://www.drivearabia.com/carprices/uae/toyota/toyota-hilux/2024/,2026-06-12T05:47:03Z
toyota-hilux,2024,Unknown,2024,195000,98512,"2024 Ford RangerAED 134,495 - 195,000",AED,https://www.drivearabia.com/carprices/uae/toyota/toyota-hilux/2024/,2026-06-12T05:47:03Z
toyota-hilux,2024,Unknown,2024,195000,98512,"2024 Ford RangerAED 134,495 - 195,000",AED,https://www.drivearabia.com/carprices/uae/toyota/toyota-hilux/2024/,2026-06-12T05:47:03Z
toyota-hilux,2024,Unknown,134495,195000,164748,"AED 134,495 - 195,000",AED,https://www.drivearabia.com/carprices/uae/toyota/toyota-hilux/2024/,2026-06-12T05:47:03Z
toyota-hilux,2024,Unknown,2024,99000,50512,"2024 Mitsubishi L200AED 76,500 - 99,000",AED,https://www.drivearabia.com/carprices/uae/toyota/toyota-hilux/2024/,2026-06-12T05:47:03Z
toyota-hilux,2024,Unknown,2024,99000,50512,"2024 Mitsubishi L200AED 76,500 - 99,000",AED,https://www.drivearabia.com/carprices/uae/toyota/toyota-hilux/2024/,2026-06-12T05:47:03Z
toyota-hilux,2024,Unknown,76500,99000,87750,"AED 76,500 - 99,000",AED,https://www.drivearabia.com/carprices/uae/toyota/toyota-hilux/2024/,2026-06-12T05:47:03Z
toyota-hilux,2024,Unknown,2024,77700,39862,"The starting price of the 2024 Toyota Hilux in UAE is AED 77,700.",AED,https://www.drivearabia.com/carprices/uae/toyota/toyota-hilux/2024/,2026-06-12T05:47:03Z
toyota-hilux,2024,Unknown,2024,77700,39862,"The starting price of the 2024 Toyota Hilux in UAE is AED 77,700.",AED,https://www.drivearabia.com/carprices/uae/toyota/toyota-hilux/2024/,2026-06-12T05:47:03Z
toyota-hilux,2024,Trims2.7 Single Cab 4x2,,,77700,"Original Starting PriceAED 77,700",AED,https://www.drivearabia.com/carprices/uae/toyota/toyota-hilux/2024/,2026-06-12T05:47:03Z
toyota-hilux,2024,Trims2.7 Single Cab 4x2,,,77700,"AED 77,700",AED,https://www.drivearabia.com/carprices/uae/toyota/toyota-hilux/2024/,2026-06-12T05:47:03Z
toyota-hilux,2024,Unknown,,,77700,"AED 77,700",AED,https://www.drivearabia.com/carprices/uae/toyota/toyota-hilux/2024/,2026-06-12T05:47:03Z
toyota-hilux,2025,Unknown,,,77700,"Starting atAED 77,700",AED,https://www.drivearabia.com/carprices/uae/toyota/toyota-hilux/2025/,2026-06-12T05:47:05Z
toyota-hilux,2025,Unknown,,,77700,"Starting atAED 77,700",AED,https://www.drivearabia.com/carprices/uae/toyota/toyota-hilux/2025/,2026-06-12T05:47:05Z
toyota-hilux,2025,Starting at,,,77700,"AED 77,700",AED,https://www.drivearabia.com/carprices/uae/toyota/toyota-hilux/2025/,2026-06-12T05:47:05Z
toyota-hilux,2025,Unknown,77700,78000,77850,"2.7 Single Cab 4x2AED 77,700 - 78,000",AED,https://www.drivearabia.com/carprices/uae/toyota/toyota-hilux/2025/,2026-06-12T05:47:05Z
toyota-hilux,2025,2.7 Single Cab 4x2,77700,78000,77850,"AED 77,700 - 78,000",AED,https://www.drivearabia.com/carprices/uae/toyota/toyota-hilux/2025/,2026-06-12T05:47:05Z
toyota-hilux,2025,"2.7 Single Cab 4x2AED 77,700 - 78,000",89900,90000,89950,"2.7 Double Cab 4x2AED 89,900 - 90,000",AED,https://www.drivearabia.com/carprices/uae/toyota/toyota-hilux/2025/,2026-06-12T05:47:05Z
toyota-hilux,2025,2.7 Double Cab 4x2,89900,90000,89950,"AED 89,900 - 90,000",AED,https://www.drivearabia.com/carprices/uae/toyota/toyota-hilux/2025/,2026-06-12T05:47:05Z
toyota-hilux,2025,"2.7 Double Cab 4x2AED 89,900 - 90,000",99250,100000,99625,"2.7 Single Cab 4x4AED 99,250 - 100,000",AED,https://www.drivearabia.com/carprices/uae/toyota/toyota-hilux/2025/,2026-06-12T05:47:05Z
toyota-hilux,2025,2.7 Single Cab 4x4,99250,100000,99625,"AED 99,250 - 100,000",AED,https://www.drivearabia.com/carprices/uae/toyota/toyota-hilux/2025/,2026-06-12T05:47:05Z
toyota-hilux,2025,"2.7 Single Cab 4x4AED 99,250 - 100,000",115000,116000,115500,"2.7 Double Cab 4x4AED 115,000 - 116,000",AED,https://www.drivearabia.com/carprices/uae/toyota/toyota-hilux/2025/,2026-06-12T05:47:05Z
toyota-hilux,2025,2.7 Double Cab 4x4,115000,116000,115500,"AED 115,000 - 116,000",AED,https://www.drivearabia.com/carprices/uae/toyota/toyota-hilux/2025/,2026-06-12T05:47:05Z
toyota-hilux,2025,"2.7 Single Cab 4x4AED 99,250 - 100,000",147900,148000,147950,"4.0 V6 Hilux GR SportAED 147,900 - 148,000",AED,https://www.drivearabia.com/carprices/uae/toyota/toyota-hilux/2025/,2026-06-12T05:47:05Z
toyota-hilux,2025,4.0 V6 Hilux GR Sport,147900,148000,147950,"AED 147,900 - 148,000",AED,https://www.drivearabia.com/carprices/uae/toyota/toyota-hilux/2025/,2026-06-12T05:47:05Z
toyota-hilux,2025,Unknown,2022,92000,47011,"2022 Nissan NavaraAED 76,125 - 92,000",AED,https://www.drivearabia.com/carprices/uae/toyota/toyota-hilux/2025/,2026-06-12T05:47:05Z
toyota-hilux,2025,Unknown,2022,92000,47011,"2022 Nissan NavaraAED 76,125 - 92,000",AED,https://www.drivearabia.com/carprices/uae/toyota/toyota-hilux/2025/,2026-06-12T05:47:05Z
toyota-hilux,2025,Unknown,76125,92000,84062,"AED 76,125 - 92,000",AED,https://www.drivearabia.com/carprices/uae/toyota/toyota-hilux/2025/,2026-06-12T05:47:05Z
toyota-hilux,2025,Unknown,2025,99000,50512,"2025 Mitsubishi L200AED 76,500 - 99,000",AED,https://www.drivearabia.com/carprices/uae/toyota/toyota-hilux/2025/,2026-06-12T05:47:05Z
toyota-hilux,2025,Unknown,2025,99000,50512,"2025 Mitsubishi L200AED 76,500 - 99,000",AED,https://www.drivearabia.com/carprices/uae/toyota/toyota-hilux/2025/,2026-06-12T05:47:05Z
toyota-hilux,2025,Unknown,76500,99000,87750,"AED 76,500 - 99,000",AED,https://www.drivearabia.com/carprices/uae/toyota/toyota-hilux/2025/,2026-06-12T05:47:05Z
toyota-hilux,2025,Unknown,2025,195000,98512,"2025 Ford RangerAED 134,495 - 195,000",AED,https://www.drivearabia.com/carprices/uae/toyota/toyota-hilux/2025/,2026-06-12T05:47:05Z
toyota-hilux,2025,Unknown,2025,195000,98512,"2025 Ford RangerAED 134,495 - 195,000",AED,https://www.drivearabia.com/carprices/uae/toyota/toyota-hilux/2025/,2026-06-12T05:47:05Z
toyota-hilux,2025,Unknown,134495,195000,164748,"AED 134,495 - 195,000",AED,https://www.drivearabia.com/carprices/uae/toyota/toyota-hilux/2025/,2026-06-12T05:47:05Z
toyota-hilux,2025,Unknown,2025,77700,39862,"The starting price of the 2025 Toyota Hilux in UAE is AED 77,700.",AED,https://www.drivearabia.com/carprices/uae/toyota/toyota-hilux/2025/,2026-06-12T05:47:05Z
toyota-hilux,2025,Unknown,2025,77700,39862,"The starting price of the 2025 Toyota Hilux in UAE is AED 77,700.",AED,https://www.drivearabia.com/carprices/uae/toyota/toyota-hilux/2025/,2026-06-12T05:47:05Z
toyota-hilux,2025,Trims2.7 Single Cab 4x2,,,77700,"Starting atAED 77,700",AED,https://www.drivearabia.com/carprices/uae/toyota/toyota-hilux/2025/,2026-06-12T05:47:05Z
toyota-hilux,2025,Starting at,,,77700,"AED 77,700",AED,https://www.drivearabia.com/carprices/uae/toyota/toyota-hilux/2025/,2026-06-12T05:47:05Z
toyota-hilux,2025,Starting at,,,77700,"AED 77,700",AED,https://www.drivearabia.com/carprices/uae/toyota/toyota-hilux/2025/,2026-06-12T05:47:05Z
toyota-hilux,2026,Unknown,,,77700,"Starting atAED 77,700",AED,https://www.drivearabia.com/carprices/uae/toyota/toyota-hilux/2026/,2026-06-12T05:47:07Z
toyota-hilux,2026,Unknown,,,77700,"Starting atAED 77,700",AED,https://www.drivearabia.com/carprices/uae/toyota/toyota-hilux/2026/,2026-06-12T05:47:07Z
toyota-hilux,2026,Starting at,,,77700,"AED 77,700",AED,https://www.drivearabia.com/carprices/uae/toyota/toyota-hilux/2026/,2026-06-12T05:47:07Z
toyota-hilux,2026,Unknown,77700,78000,77850,"2.7 Single Cab 4x2AED 77,700 - 78,000",AED,https://www.drivearabia.com/carprices/uae/toyota/toyota-hilux/2026/,2026-06-12T05:47:07Z
toyota-hilux,2026,2.7 Single Cab 4x2,77700,78000,77850,"AED 77,700 - 78,000",AED,https://www.drivearabia.com/carprices/uae/toyota/toyota-hilux/2026/,2026-06-12T05:47:07Z
toyota-hilux,2026,"2.7 Single Cab 4x2AED 77,700 - 78,000",89900,90000,89950,"2.7 Double Cab 4x2AED 89,900 - 90,000",AED,https://www.drivearabia.com/carprices/uae/toyota/toyota-hilux/2026/,2026-06-12T05:47:07Z
toyota-hilux,2026,2.7 Double Cab 4x2,89900,90000,89950,"AED 89,900 - 90,000",AED,https://www.drivearabia.com/carprices/uae/toyota/toyota-hilux/2026/,2026-06-12T05:47:07Z
toyota-hilux,2026,"2.7 Double Cab 4x2AED 89,900 - 90,000",99250,100000,99625,"2.7 Single Cab 4x4AED 99,250 - 100,000",AED,https://www.drivearabia.com/carprices/uae/toyota/toyota-hilux/2026/,2026-06-12T05:47:07Z
toyota-hilux,2026,2.7 Single Cab 4x4,99250,100000,99625,"AED 99,250 - 100,000",AED,https://www.drivearabia.com/carprices/uae/toyota/toyota-hilux/2026/,2026-06-12T05:47:07Z
toyota-hilux,2026,"2.7 Single Cab 4x4AED 99,250 - 100,000",115000,116000,115500,"2.7 Double Cab 4x4AED 115,000 - 116,000",AED,https://www.drivearabia.com/carprices/uae/toyota/toyota-hilux/2026/,2026-06-12T05:47:07Z
toyota-hilux,2026,2.7 Double Cab 4x4,115000,116000,115500,"AED 115,000 - 116,000",AED,https://www.drivearabia.com/carprices/uae/toyota/toyota-hilux/2026/,2026-06-12T05:47:07Z
toyota-hilux,2026,"2.7 Single Cab 4x4AED 99,250 - 100,000",147900,148000,147950,"4.0 V6 Hilux GR SportAED 147,900 - 148,000",AED,https://www.drivearabia.com/carprices/uae/toyota/toyota-hilux/2026/,2026-06-12T05:47:07Z
toyota-hilux,2026,4.0 V6 Hilux GR Sport,147900,148000,147950,"AED 147,900 - 148,000",AED,https://www.drivearabia.com/carprices/uae/toyota/toyota-hilux/2026/,2026-06-12T05:47:07Z
toyota-hilux,2026,Unknown,2022,92000,47011,"2022 Nissan NavaraAED 76,125 - 92,000",AED,https://www.drivearabia.com/carprices/uae/toyota/toyota-hilux/2026/,2026-06-12T05:47:07Z
toyota-hilux,2026,Unknown,2022,92000,47011,"2022 Nissan NavaraAED 76,125 - 92,000",AED,https://www.drivearabia.com/carprices/uae/toyota/toyota-hilux/2026/,2026-06-12T05:47:07Z
toyota-hilux,2026,Unknown,76125,92000,84062,"AED 76,125 - 92,000",AED,https://www.drivearabia.com/carprices/uae/toyota/toyota-hilux/2026/,2026-06-12T05:47:07Z
toyota-hilux,2026,Unknown,2025,99000,50512,"2025 Mitsubishi L200AED 76,500 - 99,000",AED,https://www.drivearabia.com/carprices/uae/toyota/toyota-hilux/2026/,2026-06-12T05:47:07Z
toyota-hilux,2026,Unknown,2025,99000,50512,"2025 Mitsubishi L200AED 76,500 - 99,000",AED,https://www.drivearabia.com/carprices/uae/toyota/toyota-hilux/2026/,2026-06-12T05:47:07Z
toyota-hilux,2026,Unknown,76500,99000,87750,"AED 76,500 - 99,000",AED,https://www.drivearabia.com/carprices/uae/toyota/toyota-hilux/2026/,2026-06-12T05:47:07Z
toyota-hilux,2026,Unknown,2025,195000,98512,"2025 Ford RangerAED 134,495 - 195,000",AED,https://www.drivearabia.com/carprices/uae/toyota/toyota-hilux/2026/,2026-06-12T05:47:07Z
toyota-hilux,2026,Unknown,2025,195000,98512,"2025 Ford RangerAED 134,495 - 195,000",AED,https://www.drivearabia.com/carprices/uae/toyota/toyota-hilux/2026/,2026-06-12T05:47:07Z
toyota-hilux,2026,Unknown,134495,195000,164748,"AED 134,495 - 195,000",AED,https://www.drivearabia.com/carprices/uae/toyota/toyota-hilux/2026/,2026-06-12T05:47:07Z
toyota-hilux,2026,Unknown,2026,77700,39863,"The starting price of the 2026 Toyota Hilux in UAE is AED 77,700.",AED,https://www.drivearabia.com/carprices/uae/toyota/toyota-hilux/2026/,2026-06-12T05:47:07Z
toyota-hilux,2026,Unknown,2026,77700,39863,"The starting price of the 2026 Toyota Hilux in UAE is AED 77,700.",AED,https://www.drivearabia.com/carprices/uae/toyota/toyota-hilux/2026/,2026-06-12T05:47:07Z
toyota-hilux,2026,Trims2.7 Single Cab 4x2,,,77700,"Starting atAED 77,700",AED,https://www.drivearabia.com/carprices/uae/toyota/toyota-hilux/2026/,2026-06-12T05:47:07Z
toyota-hilux,2026,Starting at,,,77700,"AED 77,700",AED,https://www.drivearabia.com/carprices/uae/toyota/toyota-hilux/2026/,2026-06-12T05:47:07Z
toyota-hilux,2026,Starting at,,,77700,"AED 77,700",AED,https://www.drivearabia.com/carprices/uae/toyota/toyota-hilux/2026/,2026-06-12T05:47:07Z
toyota-innova,2022,Unknown,,,99650,"Original Starting PriceAED 99,650",AED,https://www.drivearabia.com/carprices/uae/toyota/toyota-innova/2022/,2026-06-12T05:47:09Z
toyota-innova,2022,Unknown,,,99650,"Original Starting PriceAED 99,650",AED,https://www.drivearabia.com/carprices/uae/toyota/toyota-innova/2022/,2026-06-12T05:47:09Z
toyota-innova,2022,Unknown,,,99650,"AED 99,650",AED,https://www.drivearabia.com/carprices/uae/toyota/toyota-innova/2022/,2026-06-12T05:47:09Z
toyota-innova,2022,Original Trim Prices,99650,105550,102600,"SEAED 99,650 - 100,000SE+AED 105,550 - 106,000",AED,https://www.drivearabia.com/carprices/uae/toyota/toyota-innova/2022/,2026-06-12T05:47:09Z
toyota-innova,2022,Original Trim Prices,99650,105550,102600,"SEAED 99,650 - 100,000SE+AED 105,550 - 106,000",AED,https://www.drivearabia.com/carprices/uae/toyota/toyota-innova/2022/,2026-06-12T05:47:09Z
toyota-innova,2022,Unknown,99650,100000,99825,"SEAED 99,650 - 100,000",AED,https://www.drivearabia.com/carprices/uae/toyota/toyota-innova/2022/,2026-06-12T05:47:09Z
toyota-innova,2022,SE,99650,100000,99825,"AED 99,650 - 100,000",AED,https://www.drivearabia.com/carprices/uae/toyota/toyota-innova/2022/,2026-06-12T05:47:09Z
toyota-innova,2022,Unknown,105550,106000,105775,"SE+AED 105,550 - 106,000",AED,https://www.drivearabia.com/carprices/uae/toyota/toyota-innova/2022/,2026-06-12T05:47:09Z
toyota-innova,2022,SE+,105550,106000,105775,"AED 105,550 - 106,000",AED,https://www.drivearabia.com/carprices/uae/toyota/toyota-innova/2022/,2026-06-12T05:47:09Z
toyota-innova,2022,Unknown,2011,90000,46006,"2011 Mitsubishi GrandisAED 84,000 - 90,000",AED,https://www.drivearabia.com/carprices/uae/toyota/toyota-innova/2022/,2026-06-12T05:47:09Z
toyota-innova,2022,Unknown,2011,90000,46006,"2011 Mitsubishi GrandisAED 84,000 - 90,000",AED,https://www.drivearabia.com/carprices/uae/toyota/toyota-innova/2022/,2026-06-12T05:47:09Z
toyota-innova,2022,Unknown,84000,90000,87000,"AED 84,000 - 90,000",AED,https://www.drivearabia.com/carprices/uae/toyota/toyota-innova/2022/,2026-06-12T05:47:09Z
toyota-innova,2022,Unknown,2009,77000,39504,"2009 Renault ScenicAED 70,000 - 77,000",AED,https://www.drivearabia.com/carprices/uae/toyota/toyota-innova/2022/,2026-06-12T05:47:09Z
toyota-innova,2022,Unknown,2009,77000,39504,"2009 Renault ScenicAED 70,000 - 77,000",AED,https://www.drivearabia.com/carprices/uae/toyota/toyota-innova/2022/,2026-06-12T05:47:09Z
toyota-innova,2022,Unknown,70000,77000,73500,"AED 70,000 - 77,000",AED,https://www.drivearabia.com/carprices/uae/toyota/toyota-innova/2022/,2026-06-12T05:47:09Z
toyota-innova,2022,Unknown,2025,95500,48762,"2025 Kia CarensAED 78,750 - 95,500",AED,https://www.drivearabia.com/carprices/uae/toyota/toyota-innova/2022/,2026-06-12T05:47:09Z
toyota-innova,2022,Unknown,2025,95500,48762,"2025 Kia CarensAED 78,750 - 95,500",AED,https://www.drivearabia.com/carprices/uae/toyota/toyota-innova/2022/,2026-06-12T05:47:09Z
toyota-innova,2022,Unknown,78750,95500,87125,"AED 78,750 - 95,500",AED,https://www.drivearabia.com/carprices/uae/toyota/toyota-innova/2022/,2026-06-12T05:47:09Z
toyota-innova,2022,Unknown,2022,99650,50836,"The starting price of the 2022 Toyota Innova in UAE is AED 99,650.",AED,https://www.drivearabia.com/carprices/uae/toyota/toyota-innova/2022/,2026-06-12T05:47:09Z
toyota-innova,2022,Unknown,2022,99650,50836,"The starting price of the 2022 Toyota Innova in UAE is AED 99,650.",AED,https://www.drivearabia.com/carprices/uae/toyota/toyota-innova/2022/,2026-06-12T05:47:09Z
toyota-innova,2022,TrimsSE,,,99650,"Original Starting PriceAED 99,650",AED,https://www.drivearabia.com/carprices/uae/toyota/toyota-innova/2022/,2026-06-12T05:47:09Z
toyota-innova,2022,TrimsSE,,,99650,"AED 99,650",AED,https://www.drivearabia.com/carprices/uae/toyota/toyota-innova/2022/,2026-06-12T05:47:09Z
toyota-innova,2022,Unknown,,,99650,"AED 99,650",AED,https://www.drivearabia.com/carprices/uae/toyota/toyota-innova/2022/,2026-06-12T05:47:09Z
toyota-innova,2023,Unknown,,,137900,"Original Starting PriceAED 137,900",AED,https://www.drivearabia.com/carprices/uae/toyota/toyota-innova/2023/,2026-06-12T05:47:11Z
toyota-innova,2023,Unknown,,,137900,"Original Starting PriceAED 137,900",AED,https://www.drivearabia.com/carprices/uae/toyota/toyota-innova/2023/,2026-06-12T05:47:11Z
toyota-innova,2023,Unknown,,,137900,"AED 137,900",AED,https://www.drivearabia.com/carprices/uae/toyota/toyota-innova/2023/,2026-06-12T05:47:11Z
toyota-innova,2023,Original Trim Prices,137900,138900,138400,"2.0H I4 HEV FWDAED 137,900 - 138,900",AED,https://www.drivearabia.com/carprices/uae/toyota/toyota-innova/2023/,2026-06-12T05:47:11Z
toyota-innova,2023,Original Trim Prices,137900,138900,138400,"2.0H I4 HEV FWDAED 137,900 - 138,900",AED,https://www.drivearabia.com/carprices/uae/toyota/toyota-innova/2023/,2026-06-12T05:47:11Z
toyota-innova,2023,Unknown,137900,138900,138400,"2.0H I4 HEV FWDAED 137,900 - 138,900",AED,https://www.drivearabia.com/carprices/uae/toyota/toyota-innova/2023/,2026-06-12T05:47:11Z
toyota-innova,2023,2.0H I4 HEV FWD,137900,138900,138400,"AED 137,900 - 138,900",AED,https://www.drivearabia.com/carprices/uae/toyota/toyota-innova/2023/,2026-06-12T05:47:11Z
toyota-innova,2023,Unknown,2011,90000,46006,"2011 Mitsubishi GrandisAED 84,000 - 90,000",AED,https://www.drivearabia.com/carprices/uae/toyota/toyota-innova/2023/,2026-06-12T05:47:11Z
toyota-innova,2023,Unknown,2011,90000,46006,"2011 Mitsubishi GrandisAED 84,000 - 90,000",AED,https://www.drivearabia.com/carprices/uae/toyota/toyota-innova/2023/,2026-06-12T05:47:11Z
toyota-innova,2023,Unknown,84000,90000,87000,"AED 84,000 - 90,000",AED,https://www.drivearabia.com/carprices/uae/toyota/toyota-innova/2023/,2026-06-12T05:47:11Z
toyota-innova,2023,Unknown,2009,77000,39504,"2009 Renault ScenicAED 70,000 - 77,000",AED,https://www.drivearabia.com/carprices/uae/toyota/toyota-innova/2023/,2026-06-12T05:47:11Z
toyota-innova,2023,Unknown,2009,77000,39504,"2009 Renault ScenicAED 70,000 - 77,000",AED,https://www.drivearabia.com/carprices/uae/toyota/toyota-innova/2023/,2026-06-12T05:47:11Z
toyota-innova,2023,Unknown,70000,77000,73500,"AED 70,000 - 77,000",AED,https://www.drivearabia.com/carprices/uae/toyota/toyota-innova/2023/,2026-06-12T05:47:11Z
toyota-innova,2023,Unknown,2025,95500,48762,"2025 Kia CarensAED 78,750 - 95,500",AED,https://www.drivearabia.com/carprices/uae/toyota/toyota-innova/2023/,2026-06-12T05:47:11Z
toyota-innova,2023,Unknown,2025,95500,48762,"2025 Kia CarensAED 78,750 - 95,500",AED,https://www.drivearabia.com/carprices/uae/toyota/toyota-innova/2023/,2026-06-12T05:47:11Z
toyota-innova,2023,Unknown,78750,95500,87125,"AED 78,750 - 95,500",AED,https://www.drivearabia.com/carprices/uae/toyota/toyota-innova/2023/,2026-06-12T05:47:11Z
toyota-innova,2023,Unknown,2023,137900,69962,"The starting price of the 2023 Toyota Innova in UAE is AED 137,900.",AED,https://www.drivearabia.com/carprices/uae/toyota/toyota-innova/2023/,2026-06-12T05:47:11Z
toyota-innova,2023,Unknown,2023,137900,69962,"The starting price of the 2023 Toyota Innova in UAE is AED 137,900.",AED,https://www.drivearabia.com/carprices/uae/toyota/toyota-innova/2023/,2026-06-12T05:47:11Z
toyota-innova,2023,Trims2.0H I4 HEV FWD,,,137900,"Original Starting PriceAED 137,900",AED,https://www.drivearabia.com/carprices/uae/toyota/toyota-innova/2023/,2026-06-12T05:47:11Z
toyota-innova,2023,Trims2.0H I4 HEV FWD,,,137900,"AED 137,900",AED,https://www.drivearabia.com/carprices/uae/toyota/toyota-innova/2023/,2026-06-12T05:47:11Z
toyota-innova,2023,Unknown,,,137900,"AED 137,900",AED,https://www.drivearabia.com/carprices/uae/toyota/toyota-innova/2023/,2026-06-12T05:47:11Z
toyota-innova,2025,Unknown,,,126900,"Starting atAED 126,900",AED,https://www.drivearabia.com/carprices/uae/toyota/toyota-innova/2025/,2026-06-12T05:47:14Z
toyota-innova,2025,Unknown,,,126900,"Starting atAED 126,900",AED,https://www.drivearabia.com/carprices/uae/toyota/toyota-innova/2025/,2026-06-12T05:47:14Z
toyota-innova,2025,Starting at,,,126900,"AED 126,900",AED,https://www.drivearabia.com/carprices/uae/toyota/toyota-innova/2025/,2026-06-12T05:47:14Z
toyota-innova,2025,Trim Prices,126900,138900,132900,"2.0H I4 HEV FWDAED 126,900 - 138,900",AED,https://www.drivearabia.com/carprices/uae/toyota/toyota-innova/2025/,2026-06-12T05:47:14Z
toyota-innova,2025,Trim Prices,126900,138900,132900,"2.0H I4 HEV FWDAED 126,900 - 138,900",AED,https://www.drivearabia.com/carprices/uae/toyota/toyota-innova/2025/,2026-06-12T05:47:14Z
toyota-innova,2025,Unknown,126900,138900,132900,"2.0H I4 HEV FWDAED 126,900 - 138,900",AED,https://www.drivearabia.com/carprices/uae/toyota/toyota-innova/2025/,2026-06-12T05:47:14Z
toyota-innova,2025,2.0H I4 HEV FWD,126900,138900,132900,"AED 126,900 - 138,900",AED,https://www.drivearabia.com/carprices/uae/toyota/toyota-innova/2025/,2026-06-12T05:47:14Z
toyota-innova,2025,Unknown,2011,90000,46006,"2011 Mitsubishi GrandisAED 84,000 - 90,000",AED,https://www.drivearabia.com/carprices/uae/toyota/toyota-innova/2025/,2026-06-12T05:47:14Z
toyota-innova,2025,Unknown,2011,90000,46006,"2011 Mitsubishi GrandisAED 84,000 - 90,000",AED,https://www.drivearabia.com/carprices/uae/toyota/toyota-innova/2025/,2026-06-12T05:47:14Z
toyota-innova,2025,Unknown,84000,90000,87000,"AED 84,000 - 90,000",AED,https://www.drivearabia.com/carprices/uae/toyota/toyota-innova/2025/,2026-06-12T05:47:14Z
toyota-innova,2025,Unknown,2009,77000,39504,"2009 Renault ScenicAED 70,000 - 77,000",AED,https://www.drivearabia.com/carprices/uae/toyota/toyota-innova/2025/,2026-06-12T05:47:14Z
toyota-innova,2025,Unknown,2009,77000,39504,"2009 Renault ScenicAED 70,000 - 77,000",AED,https://www.drivearabia.com/carprices/uae/toyota/toyota-innova/2025/,2026-06-12T05:47:14Z
toyota-innova,2025,Unknown,70000,77000,73500,"AED 70,000 - 77,000",AED,https://www.drivearabia.com/carprices/uae/toyota/toyota-innova/2025/,2026-06-12T05:47:14Z
toyota-innova,2025,Unknown,2025,95500,48762,"2025 Kia CarensAED 78,750 - 95,500",AED,https://www.drivearabia.com/carprices/uae/toyota/toyota-innova/2025/,2026-06-12T05:47:14Z
toyota-innova,2025,Unknown,2025,95500,48762,"2025 Kia CarensAED 78,750 - 95,500",AED,https://www.drivearabia.com/carprices/uae/toyota/toyota-innova/2025/,2026-06-12T05:47:14Z
toyota-innova,2025,Unknown,78750,95500,87125,"AED 78,750 - 95,500",AED,https://www.drivearabia.com/carprices/uae/toyota/toyota-innova/2025/,2026-06-12T05:47:14Z
toyota-innova,2025,Unknown,2025,126900,64462,"The starting price of the 2025 Toyota Innova in UAE is AED 126,900.",AED,https://www.drivearabia.com/carprices/uae/toyota/toyota-innova/2025/,2026-06-12T05:47:14Z
toyota-innova,2025,Unknown,2025,126900,64462,"The starting price of the 2025 Toyota Innova in UAE is AED 126,900.",AED,https://www.drivearabia.com/carprices/uae/toyota/toyota-innova/2025/,2026-06-12T05:47:14Z
toyota-innova,2025,Trims2.0H I4 HEV FWD,,,126900,"Starting atAED 126,900",AED,https://www.drivearabia.com/carprices/uae/toyota/toyota-innova/2025/,2026-06-12T05:47:14Z
toyota-innova,2025,Starting at,,,126900,"AED 126,900",AED,https://www.drivearabia.com/carprices/uae/toyota/toyota-innova/2025/,2026-06-12T05:47:14Z
toyota-innova,2025,Starting at,,,126900,"AED 126,900",AED,https://www.drivearabia.com/carprices/uae/toyota/toyota-innova/2025/,2026-06-12T05:47:14Z
toyota-innova,2026,Unknown,,,126900,"Starting atAED 126,900",AED,https://www.drivearabia.com/carprices/uae/toyota/toyota-innova/2026/,2026-06-12T05:47:16Z
toyota-innova,2026,Unknown,,,126900,"Starting atAED 126,900",AED,https://www.drivearabia.com/carprices/uae/toyota/toyota-innova/2026/,2026-06-12T05:47:16Z
toyota-innova,2026,Starting at,,,126900,"AED 126,900",AED,https://www.drivearabia.com/carprices/uae/toyota/toyota-innova/2026/,2026-06-12T05:47:16Z
toyota-innova,2026,Trim Prices,126900,138900,132900,"2.0H I4 HEV FWDAED 126,900 - 138,900",AED,https://www.drivearabia.com/carprices/uae/toyota/toyota-innova/2026/,2026-06-12T05:47:16Z
toyota-innova,2026,Trim Prices,126900,138900,132900,"2.0H I4 HEV FWDAED 126,900 - 138,900",AED,https://www.drivearabia.com/carprices/uae/toyota/toyota-innova/2026/,2026-06-12T05:47:16Z
toyota-innova,2026,Unknown,126900,138900,132900,"2.0H I4 HEV FWDAED 126,900 - 138,900",AED,https://www.drivearabia.com/carprices/uae/toyota/toyota-innova/2026/,2026-06-12T05:47:16Z
toyota-innova,2026,2.0H I4 HEV FWD,126900,138900,132900,"AED 126,900 - 138,900",AED,https://www.drivearabia.com/carprices/uae/toyota/toyota-innova/2026/,2026-06-12T05:47:16Z
toyota-innova,2026,Unknown,2011,90000,46006,"2011 Mitsubishi GrandisAED 84,000 - 90,000",AED,https://www.drivearabia.com/carprices/uae/toyota/toyota-innova/2026/,2026-06-12T05:47:16Z
toyota-innova,2026,Unknown,2011,90000,46006,"2011 Mitsubishi GrandisAED 84,000 - 90,000",AED,https://www.drivearabia.com/carprices/uae/toyota/toyota-innova/2026/,2026-06-12T05:47:16Z
toyota-innova,2026,Unknown,84000,90000,87000,"AED 84,000 - 90,000",AED,https://www.drivearabia.com/carprices/uae/toyota/toyota-innova/2026/,2026-06-12T05:47:16Z
toyota-innova,2026,Unknown,2009,77000,39504,"2009 Renault ScenicAED 70,000 - 77,000",AED,https://www.drivearabia.com/carprices/uae/toyota/toyota-innova/2026/,2026-06-12T05:47:16Z
toyota-innova,2026,Unknown,2009,77000,39504,"2009 Renault ScenicAED 70,000 - 77,000",AED,https://www.drivearabia.com/carprices/uae/toyota/toyota-innova/2026/,2026-06-12T05:47:16Z
toyota-innova,2026,Unknown,70000,77000,73500,"AED 70,000 - 77,000",AED,https://www.drivearabia.com/carprices/uae/toyota/toyota-innova/2026/,2026-06-12T05:47:16Z
toyota-innova,2026,Unknown,2025,95500,48762,"2025 Kia CarensAED 78,750 - 95,500",AED,https://www.drivearabia.com/carprices/uae/toyota/toyota-innova/2026/,2026-06-12T05:47:16Z
toyota-innova,2026,Unknown,2025,95500,48762,"2025 Kia CarensAED 78,750 - 95,500",AED,https://www.drivearabia.com/carprices/uae/toyota/toyota-innova/2026/,2026-06-12T05:47:16Z
toyota-innova,2026,Unknown,78750,95500,87125,"AED 78,750 - 95,500",AED,https://www.drivearabia.com/carprices/uae/toyota/toyota-innova/2026/,2026-06-12T05:47:16Z
toyota-innova,2026,Unknown,2026,126900,64463,"The starting price of the 2026 Toyota Innova in UAE is AED 126,900.",AED,https://www.drivearabia.com/carprices/uae/toyota/toyota-innova/2026/,2026-06-12T05:47:16Z
toyota-innova,2026,Unknown,2026,126900,64463,"The starting price of the 2026 Toyota Innova in UAE is AED 126,900.",AED,https://www.drivearabia.com/carprices/uae/toyota/toyota-innova/2026/,2026-06-12T05:47:16Z
toyota-innova,2026,Trims2.0H I4 HEV FWD,,,126900,"Starting atAED 126,900",AED,https://www.drivearabia.com/carprices/uae/toyota/toyota-innova/2026/,2026-06-12T05:47:16Z
toyota-innova,2026,Starting at,,,126900,"AED 126,900",AED,https://www.drivearabia.com/carprices/uae/toyota/toyota-innova/2026/,2026-06-12T05:47:16Z
toyota-innova,2026,Starting at,,,126900,"AED 126,900",AED,https://www.drivearabia.com/carprices/uae/toyota/toyota-innova/2026/,2026-06-12T05:47:16Z
toyota-land-cruiser,2022,Unknown,,,229900,"Original Starting PriceAED 229,900",AED,https://www.drivearabia.com/carprices/uae/toyota/toyota-land-cruiser/2022/,2026-06-12T05:47:18Z
toyota-land-cruiser,2022,Unknown,,,229900,"Original Starting PriceAED 229,900",AED,https://www.drivearabia.com/carprices/uae/toyota/toyota-land-cruiser/2022/,2026-06-12T05:47:18Z
toyota-land-cruiser,2022,Unknown,,,229900,"AED 229,900",AED,https://www.drivearabia.com/carprices/uae/toyota/toyota-land-cruiser/2022/,2026-06-12T05:47:18Z
toyota-land-cruiser,2022,Unknown,229900,230000,229950,"4.0 V6 EXRAED 229,900 - 230,000",AED,https://www.drivearabia.com/carprices/uae/toyota/toyota-land-cruiser/2022/,2026-06-12T05:47:18Z
toyota-land-cruiser,2022,4.0 V6 EXR,229900,230000,229950,"AED 229,900 - 230,000",AED,https://www.drivearabia.com/carprices/uae/toyota/toyota-land-cruiser/2022/,2026-06-12T05:47:18Z
toyota-land-cruiser,2022,Unknown,259900,260000,259950,"4.0 V6 GXRAED 259,900 - 260,000",AED,https://www.drivearabia.com/carprices/uae/toyota/toyota-land-cruiser/2022/,2026-06-12T05:47:18Z
toyota-land-cruiser,2022,4.0 V6 GXR,259900,260000,259950,"AED 259,900 - 260,000",AED,https://www.drivearabia.com/carprices/uae/toyota/toyota-land-cruiser/2022/,2026-06-12T05:47:18Z
toyota-land-cruiser,2022,Unknown,289900,290000,289950,"4.0 V6 VXRAED 289,900 - 290,000",AED,https://www.drivearabia.com/carprices/uae/toyota/toyota-land-cruiser/2022/,2026-06-12T05:47:18Z
toyota-land-cruiser,2022,4.0 V6 VXR,289900,290000,289950,"AED 289,900 - 290,000",AED,https://www.drivearabia.com/carprices/uae/toyota/toyota-land-cruiser/2022/,2026-06-12T05:47:18Z
toyota-land-cruiser,2022,Unknown,297900,298000,297950,"3.5T V6 EXRAED 297,900 - 298,000",AED,https://www.drivearabia.com/carprices/uae/toyota/toyota-land-cruiser/2022/,2026-06-12T05:47:18Z
toyota-land-cruiser,2022,3.5T V6 EXR,297900,298000,297950,"AED 297,900 - 298,000",AED,https://www.drivearabia.com/carprices/uae/toyota/toyota-land-cruiser/2022/,2026-06-12T05:47:18Z
toyota-land-cruiser,2022,Unknown,319900,320000,319950,"3.5T V6 GXRAED 319,900 - 320,000",AED,https://www.drivearabia.com/carprices/uae/toyota/toyota-land-cruiser/2022/,2026-06-12T05:47:18Z
toyota-land-cruiser,2022,3.5T V6 GXR,319900,320000,319950,"AED 319,900 - 320,000",AED,https://www.drivearabia.com/carprices/uae/toyota/toyota-land-cruiser/2022/,2026-06-12T05:47:18Z
toyota-land-cruiser,2022,Unknown,354900,355000,354950,"3.5T V6 VXRAED 354,900 - 355,000",AED,https://www.drivearabia.com/carprices/uae/toyota/toyota-land-cruiser/2022/,2026-06-12T05:47:18Z
toyota-land-cruiser,2022,3.5T V6 VXR,354900,355000,354950,"AED 354,900 - 355,000",AED,https://www.drivearabia.com/carprices/uae/toyota/toyota-land-cruiser/2022/,2026-06-12T05:47:18Z
toyota-land-cruiser,2022,Unknown,2022,335000,168511,"2022 Nissan PatrolAED 199,900 - 335,000",AED,https://www.drivearabia.com/carprices/uae/toyota/toyota-land-cruiser/2022/,2026-06-12T05:47:18Z
toyota-land-cruiser,2022,Unknown,2022,335000,168511,"2022 Nissan PatrolAED 199,900 - 335,000",AED,https://www.drivearabia.com/carprices/uae/toyota/toyota-land-cruiser/2022/,2026-06-12T05:47:18Z
toyota-land-cruiser,2022,Unknown,199900,335000,267450,"AED 199,900 - 335,000",AED,https://www.drivearabia.com/carprices/uae/toyota/toyota-land-cruiser/2022/,2026-06-12T05:47:18Z
toyota-land-cruiser,2022,Unknown,2022,350000,176011,"2022 Ford ExpeditionAED 273,945 - 350,000",AED,https://www.drivearabia.com/carprices/uae/toyota/toyota-land-cruiser/2022/,2026-06-12T05:47:18Z
toyota-land-cruiser,2022,Unknown,2022,350000,176011,"2022 Ford ExpeditionAED 273,945 - 350,000",AED,https://www.drivearabia.com/carprices/uae/toyota/toyota-land-cruiser/2022/,2026-06-12T05:47:18Z
toyota-land-cruiser,2022,Unknown,273945,350000,311972,"AED 273,945 - 350,000",AED,https://www.drivearabia.com/carprices/uae/toyota/toyota-land-cruiser/2022/,2026-06-12T05:47:18Z
toyota-land-cruiser,2022,Unknown,2022,300000,151011,"2022 GMC YukonAED 197,000 - 300,000",AED,https://www.drivearabia.com/carprices/uae/toyota/toyota-land-cruiser/2022/,2026-06-12T05:47:18Z
toyota-land-cruiser,2022,Unknown,2022,300000,151011,"2022 GMC YukonAED 197,000 - 300,000",AED,https://www.drivearabia.com/carprices/uae/toyota/toyota-land-cruiser/2022/,2026-06-12T05:47:18Z
toyota-land-cruiser,2022,Unknown,197000,300000,248500,"AED 197,000 - 300,000",AED,https://www.drivearabia.com/carprices/uae/toyota/toyota-land-cruiser/2022/,2026-06-12T05:47:18Z
toyota-land-cruiser,2022,Unknown,2022,229900,115961,"The starting price of the 2022 Toyota Land Cruiser in UAE is AED 229,900.",AED,https://www.drivearabia.com/carprices/uae/toyota/toyota-land-cruiser/2022/,2026-06-12T05:47:18Z
toyota-land-cruiser,2022,Unknown,2022,229900,115961,"The starting price of the 2022 Toyota Land Cruiser in UAE is AED 229,900.",AED,https://www.drivearabia.com/carprices/uae/toyota/toyota-land-cruiser/2022/,2026-06-12T05:47:18Z
toyota-land-cruiser,2022,Trims4.0 V6 EXR,,,229900,"Original Starting PriceAED 229,900",AED,https://www.drivearabia.com/carprices/uae/toyota/toyota-land-cruiser/2022/,2026-06-12T05:47:18Z
toyota-land-cruiser,2022,Trims4.0 V6 EXR,,,229900,"AED 229,900",AED,https://www.drivearabia.com/carprices/uae/toyota/toyota-land-cruiser/2022/,2026-06-12T05:47:18Z
toyota-land-cruiser,2022,Unknown,,,229900,"AED 229,900",AED,https://www.drivearabia.com/carprices/uae/toyota/toyota-land-cruiser/2022/,2026-06-12T05:47:18Z
toyota-land-cruiser,2023,Unknown,,,238900,"Original Starting PriceAED 238,900",AED,https://www.drivearabia.com/carprices/uae/toyota/toyota-land-cruiser/2023/,2026-06-12T05:47:20Z
toyota-land-cruiser,2023,Unknown,,,238900,"Original Starting PriceAED 238,900",AED,https://www.drivearabia.com/carprices/uae/toyota/toyota-land-cruiser/2023/,2026-06-12T05:47:20Z
toyota-land-cruiser,2023,Unknown,,,238900,"AED 238,900",AED,https://www.drivearabia.com/carprices/uae/toyota/toyota-land-cruiser/2023/,2026-06-12T05:47:20Z
toyota-land-cruiser,2023,Unknown,238900,239000,238950,"4.0 V6 EXR 4WDAED 238,900 - 239,000",AED,https://www.drivearabia.com/carprices/uae/toyota/toyota-land-cruiser/2023/,2026-06-12T05:47:20Z
toyota-land-cruiser,2023,4.0 V6 EXR 4WD,238900,239000,238950,"AED 238,900 - 239,000",AED,https://www.drivearabia.com/carprices/uae/toyota/toyota-land-cruiser/2023/,2026-06-12T05:47:20Z
toyota-land-cruiser,2023,Unknown,269900,270000,269950,"4.0 V6 GXR 4WDAED 269,900 - 270,000",AED,https://www.drivearabia.com/carprices/uae/toyota/toyota-land-cruiser/2023/,2026-06-12T05:47:20Z
toyota-land-cruiser,2023,4.0 V6 GXR 4WD,269900,270000,269950,"AED 269,900 - 270,000",AED,https://www.drivearabia.com/carprices/uae/toyota/toyota-land-cruiser/2023/,2026-06-12T05:47:20Z
toyota-land-cruiser,2023,Unknown,307900,308000,307950,"3.5TC V6 EXR 4WDAED 307,900 - 308,000",AED,https://www.drivearabia.com/carprices/uae/toyota/toyota-land-cruiser/2023/,2026-06-12T05:47:20Z
toyota-land-cruiser,2023,3.5TC V6 EXR 4WD,307900,308000,307950,"AED 307,900 - 308,000",AED,https://www.drivearabia.com/carprices/uae/toyota/toyota-land-cruiser/2023/,2026-06-12T05:47:20Z
toyota-land-cruiser,2023,Unknown,307900,308000,307950,"3.5TC V6 Black Edition 4WDAED 307,900 - 308,000",AED,https://www.drivearabia.com/carprices/uae/toyota/toyota-land-cruiser/2023/,2026-06-12T05:47:20Z
toyota-land-cruiser,2023,3.5TC V6 Black Edition 4WD,307900,308000,307950,"AED 307,900 - 308,000",AED,https://www.drivearabia.com/carprices/uae/toyota/toyota-land-cruiser/2023/,2026-06-12T05:47:20Z
toyota-land-cruiser,2023,"3.5TC V6 Black Edition 4WDAED 307,900 - 308,000",308900,309000,308950,"4.0 V6 VXR 4WDAED 308,900 - 309,000",AED,https://www.drivearabia.com/carprices/uae/toyota/toyota-land-cruiser/2023/,2026-06-12T05:47:20Z
toyota-land-cruiser,2023,4.0 V6 VXR 4WD,308900,309000,308950,"AED 308,900 - 309,000",AED,https://www.drivearabia.com/carprices/uae/toyota/toyota-land-cruiser/2023/,2026-06-12T05:47:20Z
toyota-land-cruiser,2023,"3.5TC V6 Black Edition 4WDAED 307,900 - 308,000",329900,330000,329950,"3.5TC V6 GXR 4WDAED 329,900 - 330,000",AED,https://www.drivearabia.com/carprices/uae/toyota/toyota-land-cruiser/2023/,2026-06-12T05:47:20Z
toyota-land-cruiser,2023,3.5TC V6 GXR 4WD,329900,330000,329950,"AED 329,900 - 330,000",AED,https://www.drivearabia.com/carprices/uae/toyota/toyota-land-cruiser/2023/,2026-06-12T05:47:20Z
toyota-land-cruiser,2023,"3.5TC V6 Black Edition 4WDAED 307,900 - 308,000",377900,378000,377950,"3.5TC V6 VXR 4WDAED 377,900 - 378,000",AED,https://www.drivearabia.com/carprices/uae/toyota/toyota-land-cruiser/2023/,2026-06-12T05:47:20Z
toyota-land-cruiser,2023,3.5TC V6 VXR 4WD,377900,378000,377950,"AED 377,900 - 378,000",AED,https://www.drivearabia.com/carprices/uae/toyota/toyota-land-cruiser/2023/,2026-06-12T05:47:20Z
toyota-land-cruiser,2023,Unknown,2023,348000,175012,"2023 Nissan PatrolAED 210,000 - 348,000",AED,https://www.drivearabia.com/carprices/uae/toyota/toyota-land-cruiser/2023/,2026-06-12T05:47:20Z
toyota-land-cruiser,2023,Unknown,2023,348000,175012,"2023 Nissan PatrolAED 210,000 - 348,000",AED,https://www.drivearabia.com/carprices/uae/toyota/toyota-land-cruiser/2023/,2026-06-12T05:47:20Z
toyota-land-cruiser,2023,Unknown,210000,348000,279000,"AED 210,000 - 348,000",AED,https://www.drivearabia.com/carprices/uae/toyota/toyota-land-cruiser/2023/,2026-06-12T05:47:20Z
toyota-land-cruiser,2023,Unknown,2023,350000,176012,"2023 Ford ExpeditionAED 273,945 - 350,000",AED,https://www.drivearabia.com/carprices/uae/toyota/toyota-land-cruiser/2023/,2026-06-12T05:47:20Z
toyota-land-cruiser,2023,Unknown,2023,350000,176012,"2023 Ford ExpeditionAED 273,945 - 350,000",AED,https://www.drivearabia.com/carprices/uae/toyota/toyota-land-cruiser/2023/,2026-06-12T05:47:20Z
toyota-land-cruiser,2023,Unknown,273945,350000,311972,"AED 273,945 - 350,000",AED,https://www.drivearabia.com/carprices/uae/toyota/toyota-land-cruiser/2023/,2026-06-12T05:47:20Z
toyota-land-cruiser,2023,Unknown,2023,300000,151012,"2023 GMC YukonAED 197,000 - 300,000",AED,https://www.drivearabia.com/carprices/uae/toyota/toyota-land-cruiser/2023/,2026-06-12T05:47:20Z
toyota-land-cruiser,2023,Unknown,2023,300000,151012,"2023 GMC YukonAED 197,000 - 300,000",AED,https://www.drivearabia.com/carprices/uae/toyota/toyota-land-cruiser/2023/,2026-06-12T05:47:20Z
toyota-land-cruiser,2023,Unknown,197000,300000,248500,"AED 197,000 - 300,000",AED,https://www.drivearabia.com/carprices/uae/toyota/toyota-land-cruiser/2023/,2026-06-12T05:47:20Z
toyota-land-cruiser,2023,Unknown,2023,238900,120462,"The starting price of the 2023 Toyota Land Cruiser in UAE is AED 238,900.",AED,https://www.drivearabia.com/carprices/uae/toyota/toyota-land-cruiser/2023/,2026-06-12T05:47:20Z
toyota-land-cruiser,2023,Unknown,2023,238900,120462,"The starting price of the 2023 Toyota Land Cruiser in UAE is AED 238,900.",AED,https://www.drivearabia.com/carprices/uae/toyota/toyota-land-cruiser/2023/,2026-06-12T05:47:20Z
toyota-land-cruiser,2023,Trims4.0 V6 EXR 4WD,,,238900,"Original Starting PriceAED 238,900",AED,https://www.drivearabia.com/carprices/uae/toyota/toyota-land-cruiser/2023/,2026-06-12T05:47:20Z
toyota-land-cruiser,2023,Trims4.0 V6 EXR 4WD,,,238900,"AED 238,900",AED,https://www.drivearabia.com/carprices/uae/toyota/toyota-land-cruiser/2023/,2026-06-12T05:47:20Z
toyota-land-cruiser,2023,Unknown,,,238900,"AED 238,900",AED,https://www.drivearabia.com/carprices/uae/toyota/toyota-land-cruiser/2023/,2026-06-12T05:47:20Z
toyota-land-cruiser,2024,Unknown,,,238900,"Original Starting PriceAED 238,900",AED,https://www.drivearabia.com/carprices/uae/toyota/toyota-land-cruiser/2024/,2026-06-12T05:47:22Z
toyota-land-cruiser,2024,Unknown,,,238900,"Original Starting PriceAED 238,900",AED,https://www.drivearabia.com/carprices/uae/toyota/toyota-land-cruiser/2024/,2026-06-12T05:47:22Z
toyota-land-cruiser,2024,Unknown,,,238900,"AED 238,900",AED,https://www.drivearabia.com/carprices/uae/toyota/toyota-land-cruiser/2024/,2026-06-12T05:47:22Z
toyota-land-cruiser,2024,Unknown,238900,239000,238950,"4.0 V6 EXR 4WDAED 238,900 - 239,000",AED,https://www.drivearabia.com/carprices/uae/toyota/toyota-land-cruiser/2024/,2026-06-12T05:47:22Z
toyota-land-cruiser,2024,4.0 V6 EXR 4WD,238900,239000,238950,"AED 238,900 - 239,000",AED,https://www.drivearabia.com/carprices/uae/toyota/toyota-land-cruiser/2024/,2026-06-12T05:47:22Z
toyota-land-cruiser,2024,Unknown,269900,270000,269950,"4.0 V6 GXR 4WDAED 269,900 - 270,000",AED,https://www.drivearabia.com/carprices/uae/toyota/toyota-land-cruiser/2024/,2026-06-12T05:47:22Z
toyota-land-cruiser,2024,4.0 V6 GXR 4WD,269900,270000,269950,"AED 269,900 - 270,000",AED,https://www.drivearabia.com/carprices/uae/toyota/toyota-land-cruiser/2024/,2026-06-12T05:47:22Z
toyota-land-cruiser,2024,Unknown,307900,308000,307950,"3.5TC V6 EXR 4WDAED 307,900 - 308,000",AED,https://www.drivearabia.com/carprices/uae/toyota/toyota-land-cruiser/2024/,2026-06-12T05:47:22Z
toyota-land-cruiser,2024,3.5TC V6 EXR 4WD,307900,308000,307950,"AED 307,900 - 308,000",AED,https://www.drivearabia.com/carprices/uae/toyota/toyota-land-cruiser/2024/,2026-06-12T05:47:22Z
toyota-land-cruiser,2024,Unknown,307900,308000,307950,"3.5TC V6 Black Edition 4WDAED 307,900 - 308,000",AED,https://www.drivearabia.com/carprices/uae/toyota/toyota-land-cruiser/2024/,2026-06-12T05:47:22Z
toyota-land-cruiser,2024,3.5TC V6 Black Edition 4WD,307900,308000,307950,"AED 307,900 - 308,000",AED,https://www.drivearabia.com/carprices/uae/toyota/toyota-land-cruiser/2024/,2026-06-12T05:47:22Z
toyota-land-cruiser,2024,"3.5TC V6 Black Edition 4WDAED 307,900 - 308,000",308900,309000,308950,"4.0 V6 VXR 4WDAED 308,900 - 309,000",AED,https://www.drivearabia.com/carprices/uae/toyota/toyota-land-cruiser/2024/,2026-06-12T05:47:22Z
toyota-land-cruiser,2024,4.0 V6 VXR 4WD,308900,309000,308950,"AED 308,900 - 309,000",AED,https://www.drivearabia.com/carprices/uae/toyota/toyota-land-cruiser/2024/,2026-06-12T05:47:22Z
toyota-land-cruiser,2024,"3.5TC V6 Black Edition 4WDAED 307,900 - 308,000",329900,330000,329950,"3.5TC V6 GXR 4WDAED 329,900 - 330,000",AED,https://www.drivearabia.com/carprices/uae/toyota/toyota-land-cruiser/2024/,2026-06-12T05:47:22Z
toyota-land-cruiser,2024,3.5TC V6 GXR 4WD,329900,330000,329950,"AED 329,900 - 330,000",AED,https://www.drivearabia.com/carprices/uae/toyota/toyota-land-cruiser/2024/,2026-06-12T05:47:22Z
toyota-land-cruiser,2024,"3.5TC V6 Black Edition 4WDAED 307,900 - 308,000",377900,378000,377950,"3.5TC V6 VXR 4WDAED 377,900 - 378,000",AED,https://www.drivearabia.com/carprices/uae/toyota/toyota-land-cruiser/2024/,2026-06-12T05:47:22Z
toyota-land-cruiser,2024,3.5TC V6 VXR 4WD,377900,378000,377950,"AED 377,900 - 378,000",AED,https://www.drivearabia.com/carprices/uae/toyota/toyota-land-cruiser/2024/,2026-06-12T05:47:22Z
toyota-land-cruiser,2024,Unknown,2024,348000,175012,"2024 Nissan PatrolAED 210,000 - 348,000",AED,https://www.drivearabia.com/carprices/uae/toyota/toyota-land-cruiser/2024/,2026-06-12T05:47:22Z
toyota-land-cruiser,2024,Unknown,2024,348000,175012,"2024 Nissan PatrolAED 210,000 - 348,000",AED,https://www.drivearabia.com/carprices/uae/toyota/toyota-land-cruiser/2024/,2026-06-12T05:47:22Z
toyota-land-cruiser,2024,Unknown,210000,348000,279000,"AED 210,000 - 348,000",AED,https://www.drivearabia.com/carprices/uae/toyota/toyota-land-cruiser/2024/,2026-06-12T05:47:22Z
toyota-land-cruiser,2024,Unknown,2024,350000,176012,"2024 Ford ExpeditionAED 273,945 - 350,000",AED,https://www.drivearabia.com/carprices/uae/toyota/toyota-land-cruiser/2024/,2026-06-12T05:47:22Z
toyota-land-cruiser,2024,Unknown,2024,350000,176012,"2024 Ford ExpeditionAED 273,945 - 350,000",AED,https://www.drivearabia.com/carprices/uae/toyota/toyota-land-cruiser/2024/,2026-06-12T05:47:22Z
toyota-land-cruiser,2024,Unknown,273945,350000,311972,"AED 273,945 - 350,000",AED,https://www.drivearabia.com/carprices/uae/toyota/toyota-land-cruiser/2024/,2026-06-12T05:47:22Z
toyota-land-cruiser,2024,Unknown,2024,347000,174512,"2024 GMC YukonAED 300,000 - 347,000",AED,https://www.drivearabia.com/carprices/uae/toyota/toyota-land-cruiser/2024/,2026-06-12T05:47:22Z
toyota-land-cruiser,2024,Unknown,2024,347000,174512,"2024 GMC YukonAED 300,000 - 347,000",AED,https://www.drivearabia.com/carprices/uae/toyota/toyota-land-cruiser/2024/,2026-06-12T05:47:22Z
toyota-land-cruiser,2024,Unknown,300000,347000,323500,"AED 300,000 - 347,000",AED,https://www.drivearabia.com/carprices/uae/toyota/toyota-land-cruiser/2024/,2026-06-12T05:47:22Z
toyota-land-cruiser,2024,Unknown,2024,238900,120462,"The starting price of the 2024 Toyota Land Cruiser in UAE is AED 238,900.",AED,https://www.drivearabia.com/carprices/uae/toyota/toyota-land-cruiser/2024/,2026-06-12T05:47:22Z
toyota-land-cruiser,2024,Unknown,2024,238900,120462,"The starting price of the 2024 Toyota Land Cruiser in UAE is AED 238,900.",AED,https://www.drivearabia.com/carprices/uae/toyota/toyota-land-cruiser/2024/,2026-06-12T05:47:22Z
toyota-land-cruiser,2024,Trims4.0 V6 EXR 4WD,,,238900,"Original Starting PriceAED 238,900",AED,https://www.drivearabia.com/carprices/uae/toyota/toyota-land-cruiser/2024/,2026-06-12T05:47:22Z
toyota-land-cruiser,2024,Trims4.0 V6 EXR 4WD,,,238900,"AED 238,900",AED,https://www.drivearabia.com/carprices/uae/toyota/toyota-land-cruiser/2024/,2026-06-12T05:47:22Z
toyota-land-cruiser,2024,Unknown,,,238900,"AED 238,900",AED,https://www.drivearabia.com/carprices/uae/toyota/toyota-land-cruiser/2024/,2026-06-12T05:47:22Z
toyota-land-cruiser,2025,Unknown,,,238900,"Starting atAED 238,900",AED,https://www.drivearabia.com/carprices/uae/toyota/toyota-land-cruiser/2025/,2026-06-12T05:47:24Z
toyota-land-cruiser,2025,Unknown,,,238900,"Starting atAED 238,900",AED,https://www.drivearabia.com/carprices/uae/toyota/toyota-land-cruiser/2025/,2026-06-12T05:47:24Z
toyota-land-cruiser,2025,Starting at,,,238900,"AED 238,900",AED,https://www.drivearabia.com/carprices/uae/toyota/toyota-land-cruiser/2025/,2026-06-12T05:47:24Z
toyota-land-cruiser,2025,Unknown,238900,239000,238950,"4.0 V6 EXR 4WDAED 238,900 - 239,000",AED,https://www.drivearabia.com/carprices/uae/toyota/toyota-land-cruiser/2025/,2026-06-12T05:47:24Z
toyota-land-cruiser,2025,4.0 V6 EXR 4WD,238900,239000,238950,"AED 238,900 - 239,000",AED,https://www.drivearabia.com/carprices/uae/toyota/toyota-land-cruiser/2025/,2026-06-12T05:47:24Z
toyota-land-cruiser,2025,Unknown,269900,270000,269950,"4.0 V6 GXR 4WDAED 269,900 - 270,000",AED,https://www.drivearabia.com/carprices/uae/toyota/toyota-land-cruiser/2025/,2026-06-12T05:47:24Z
toyota-land-cruiser,2025,4.0 V6 GXR 4WD,269900,270000,269950,"AED 269,900 - 270,000",AED,https://www.drivearabia.com/carprices/uae/toyota/toyota-land-cruiser/2025/,2026-06-12T05:47:24Z
toyota-land-cruiser,2025,Unknown,307900,308000,307950,"3.5TC V6 EXR 4WDAED 307,900 - 308,000",AED,https://www.drivearabia.com/carprices/uae/toyota/toyota-land-cruiser/2025/,2026-06-12T05:47:24Z
toyota-land-cruiser,2025,3.5TC V6 EXR 4WD,307900,308000,307950,"AED 307,900 - 308,000",AED,https://www.drivearabia.com/carprices/uae/toyota/toyota-land-cruiser/2025/,2026-06-12T05:47:24Z
toyota-land-cruiser,2025,Unknown,307900,308000,307950,"3.5TC V6 Black Edition 4WDAED 307,900 - 308,000",AED,https://www.drivearabia.com/carprices/uae/toyota/toyota-land-cruiser/2025/,2026-06-12T05:47:24Z
toyota-land-cruiser,2025,3.5TC V6 Black Edition 4WD,307900,308000,307950,"AED 307,900 - 308,000",AED,https://www.drivearabia.com/carprices/uae/toyota/toyota-land-cruiser/2025/,2026-06-12T05:47:24Z
toyota-land-cruiser,2025,"3.5TC V6 Black Edition 4WDAED 307,900 - 308,000",308900,309000,308950,"4.0 V6 VXR 4WDAED 308,900 - 309,000",AED,https://www.drivearabia.com/carprices/uae/toyota/toyota-land-cruiser/2025/,2026-06-12T05:47:24Z
toyota-land-cruiser,2025,4.0 V6 VXR 4WD,308900,309000,308950,"AED 308,900 - 309,000",AED,https://www.drivearabia.com/carprices/uae/toyota/toyota-land-cruiser/2025/,2026-06-12T05:47:24Z
toyota-land-cruiser,2025,"3.5TC V6 Black Edition 4WDAED 307,900 - 308,000",329900,330000,329950,"3.5TC V6 GXR 4WDAED 329,900 - 330,000",AED,https://www.drivearabia.com/carprices/uae/toyota/toyota-land-cruiser/2025/,2026-06-12T05:47:24Z
toyota-land-cruiser,2025,3.5TC V6 GXR 4WD,329900,330000,329950,"AED 329,900 - 330,000",AED,https://www.drivearabia.com/carprices/uae/toyota/toyota-land-cruiser/2025/,2026-06-12T05:47:24Z
toyota-land-cruiser,2025,"3.5TC V6 Black Edition 4WDAED 307,900 - 308,000",377900,378000,377950,"3.5TC V6 VXR 4WDAED 377,900 - 378,000",AED,https://www.drivearabia.com/carprices/uae/toyota/toyota-land-cruiser/2025/,2026-06-12T05:47:24Z
toyota-land-cruiser,2025,3.5TC V6 VXR 4WD,377900,378000,377950,"AED 377,900 - 378,000",AED,https://www.drivearabia.com/carprices/uae/toyota/toyota-land-cruiser/2025/,2026-06-12T05:47:24Z
toyota-land-cruiser,2025,"3.5TC V6 Black Edition 4WDAED 307,900 - 308,000",389900,390000,389950,"3.5TC V6 VXR Hybrid 4WDAED 389,900 - 390,000",AED,https://www.drivearabia.com/carprices/uae/toyota/toyota-land-cruiser/2025/,2026-06-12T05:47:24Z
toyota-land-cruiser,2025,3.5TC V6 VXR Hybrid 4WD,389900,390000,389950,"AED 389,900 - 390,000",AED,https://www.drivearabia.com/carprices/uae/toyota/toyota-land-cruiser/2025/,2026-06-12T05:47:24Z
toyota-land-cruiser,2025,"3.5TC V6 VXR Hybrid 4WDAED 389,900 - 390,000",,,409900,"3.5TC V6 GR-S Hybrid 4WDAED 409,900 - 410,000",AED,https://www.drivearabia.com/carprices/uae/toyota/toyota-land-cruiser/2025/,2026-06-12T05:47:24Z
toyota-land-cruiser,2025,3.5TC V6 GR-S Hybrid 4WD,409900,410000,409950,"AED 409,900 - 410,000",AED,https://www.drivearabia.com/carprices/uae/toyota/toyota-land-cruiser/2025/,2026-06-12T05:47:24Z
toyota-land-cruiser,2025,Unknown,2025,390000,196012,"2025 Nissan PatrolAED 239,900 - 390,000",AED,https://www.drivearabia.com/carprices/uae/toyota/toyota-land-cruiser/2025/,2026-06-12T05:47:24Z
toyota-land-cruiser,2025,Unknown,2025,390000,196012,"2025 Nissan PatrolAED 239,900 - 390,000",AED,https://www.drivearabia.com/carprices/uae/toyota/toyota-land-cruiser/2025/,2026-06-12T05:47:24Z
toyota-land-cruiser,2025,Unknown,239900,390000,314950,"AED 239,900 - 390,000",AED,https://www.drivearabia.com/carprices/uae/toyota/toyota-land-cruiser/2025/,2026-06-12T05:47:24Z
toyota-land-cruiser,2025,Unknown,2025,354995,178510,"2025 Ford ExpeditionAED 273,945 - 354,995",AED,https://www.drivearabia.com/carprices/uae/toyota/toyota-land-cruiser/2025/,2026-06-12T05:47:24Z
toyota-land-cruiser,2025,Unknown,2025,354995,178510,"2025 Ford ExpeditionAED 273,945 - 354,995",AED,https://www.drivearabia.com/carprices/uae/toyota/toyota-land-cruiser/2025/,2026-06-12T05:47:24Z
toyota-land-cruiser,2025,Unknown,273945,354995,314470,"AED 273,945 - 354,995",AED,https://www.drivearabia.com/carprices/uae/toyota/toyota-land-cruiser/2025/,2026-06-12T05:47:24Z
toyota-land-cruiser,2025,Unknown,2025,380000,191012,"2025 GMC YukonAED 320,000 - 380,000",AED,https://www.drivearabia.com/carprices/uae/toyota/toyota-land-cruiser/2025/,2026-06-12T05:47:24Z
toyota-land-cruiser,2025,Unknown,2025,380000,191012,"2025 GMC YukonAED 320,000 - 380,000",AED,https://www.drivearabia.com/carprices/uae/toyota/toyota-land-cruiser/2025/,2026-06-12T05:47:24Z
toyota-land-cruiser,2025,Unknown,320000,380000,350000,"AED 320,000 - 380,000",AED,https://www.drivearabia.com/carprices/uae/toyota/toyota-land-cruiser/2025/,2026-06-12T05:47:24Z
toyota-land-cruiser,2025,Unknown,2025,238900,120462,"The starting price of the 2025 Toyota Land Cruiser in UAE is AED 238,900.",AED,https://www.drivearabia.com/carprices/uae/toyota/toyota-land-cruiser/2025/,2026-06-12T05:47:24Z
toyota-land-cruiser,2025,Unknown,2025,238900,120462,"The starting price of the 2025 Toyota Land Cruiser in UAE is AED 238,900.",AED,https://www.drivearabia.com/carprices/uae/toyota/toyota-land-cruiser/2025/,2026-06-12T05:47:24Z
toyota-land-cruiser,2025,Trims4.0 V6 EXR 4WD,,,238900,"Starting atAED 238,900",AED,https://www.drivearabia.com/carprices/uae/toyota/toyota-land-cruiser/2025/,2026-06-12T05:47:24Z
toyota-land-cruiser,2025,Starting at,,,238900,"AED 238,900",AED,https://www.drivearabia.com/carprices/uae/toyota/toyota-land-cruiser/2025/,2026-06-12T05:47:24Z
toyota-land-cruiser,2025,Starting at,,,238900,"AED 238,900",AED,https://www.drivearabia.com/carprices/uae/toyota/toyota-land-cruiser/2025/,2026-06-12T05:47:24Z
toyota-land-cruiser,2026,Unknown,,,239900,"Starting atAED 239,900",AED,https://www.drivearabia.com/carprices/uae/toyota/toyota-land-cruiser/2026/,2026-06-12T05:47:26Z
toyota-land-cruiser,2026,Unknown,,,239900,"Starting atAED 239,900",AED,https://www.drivearabia.com/carprices/uae/toyota/toyota-land-cruiser/2026/,2026-06-12T05:47:26Z
toyota-land-cruiser,2026,Starting at,,,239900,"AED 239,900",AED,https://www.drivearabia.com/carprices/uae/toyota/toyota-land-cruiser/2026/,2026-06-12T05:47:26Z
toyota-land-cruiser,2026,Unknown,239900,240000,239950,"4.0 V6 EXR 4WDAED 239,900 - 240,000",AED,https://www.drivearabia.com/carprices/uae/toyota/toyota-land-cruiser/2026/,2026-06-12T05:47:26Z
toyota-land-cruiser,2026,4.0 V6 EXR 4WD,239900,240000,239950,"AED 239,900 - 240,000",AED,https://www.drivearabia.com/carprices/uae/toyota/toyota-land-cruiser/2026/,2026-06-12T05:47:26Z
toyota-land-cruiser,2026,Unknown,274900,275000,274950,"4.0 V6 GXR 4WDAED 274,900 - 275,000",AED,https://www.drivearabia.com/carprices/uae/toyota/toyota-land-cruiser/2026/,2026-06-12T05:47:26Z
toyota-land-cruiser,2026,4.0 V6 GXR 4WD,274900,275000,274950,"AED 274,900 - 275,000",AED,https://www.drivearabia.com/carprices/uae/toyota/toyota-land-cruiser/2026/,2026-06-12T05:47:26Z
toyota-land-cruiser,2026,Unknown,307900,308000,307950,"3.5TC V6 Black Edition 4WDAED 307,900 - 308,000",AED,https://www.drivearabia.com/carprices/uae/toyota/toyota-land-cruiser/2026/,2026-06-12T05:47:26Z
toyota-land-cruiser,2026,3.5TC V6 Black Edition 4WD,307900,308000,307950,"AED 307,900 - 308,000",AED,https://www.drivearabia.com/carprices/uae/toyota/toyota-land-cruiser/2026/,2026-06-12T05:47:26Z
toyota-land-cruiser,2026,"3.5TC V6 Black Edition 4WDAED 307,900 - 308,000",316900,317000,316950,"4.0 V6 VXR 4WDAED 316,900 - 317,000",AED,https://www.drivearabia.com/carprices/uae/toyota/toyota-land-cruiser/2026/,2026-06-12T05:47:26Z
toyota-land-cruiser,2026,4.0 V6 VXR 4WD,316900,317000,316950,"AED 316,900 - 317,000",AED,https://www.drivearabia.com/carprices/uae/toyota/toyota-land-cruiser/2026/,2026-06-12T05:47:26Z
toyota-land-cruiser,2026,"3.5TC V6 Black Edition 4WDAED 307,900 - 308,000",335900,336000,335950,"3.5TC V6 GXR 4WDAED 335,900 - 336,000",AED,https://www.drivearabia.com/carprices/uae/toyota/toyota-land-cruiser/2026/,2026-06-12T05:47:26Z
toyota-land-cruiser,2026,3.5TC V6 GXR 4WD,335900,336000,335950,"AED 335,900 - 336,000",AED,https://www.drivearabia.com/carprices/uae/toyota/toyota-land-cruiser/2026/,2026-06-12T05:47:26Z
toyota-land-cruiser,2026,"3.5TC V6 Black Edition 4WDAED 307,900 - 308,000",379900,380000,379950,"3.5TC V6 VXR 4WDAED 379,900 - 380,000",AED,https://www.drivearabia.com/carprices/uae/toyota/toyota-land-cruiser/2026/,2026-06-12T05:47:26Z
toyota-land-cruiser,2026,3.5TC V6 VXR 4WD,379900,380000,379950,"AED 379,900 - 380,000",AED,https://www.drivearabia.com/carprices/uae/toyota/toyota-land-cruiser/2026/,2026-06-12T05:47:26Z
toyota-land-cruiser,2026,"3.5TC V6 Black Edition 4WDAED 307,900 - 308,000",389900,390000,389950,"3.5TC V6 VXR Hybrid 4WDAED 389,900 - 390,000",AED,https://www.drivearabia.com/carprices/uae/toyota/toyota-land-cruiser/2026/,2026-06-12T05:47:26Z
toyota-land-cruiser,2026,3.5TC V6 VXR Hybrid 4WD,389900,390000,389950,"AED 389,900 - 390,000",AED,https://www.drivearabia.com/carprices/uae/toyota/toyota-land-cruiser/2026/,2026-06-12T05:47:26Z
toyota-land-cruiser,2026,"3.5TC V6 VXR Hybrid 4WDAED 389,900 - 390,000",,,409900,"3.5TC V6 GR-S Hybrid 4WDAED 409,900 - 410,000",AED,https://www.drivearabia.com/carprices/uae/toyota/toyota-land-cruiser/2026/,2026-06-12T05:47:26Z
toyota-land-cruiser,2026,3.5TC V6 GR-S Hybrid 4WD,409900,410000,409950,"AED 409,900 - 410,000",AED,https://www.drivearabia.com/carprices/uae/toyota/toyota-land-cruiser/2026/,2026-06-12T05:47:26Z
toyota-land-cruiser,2026,Unknown,2025,390000,196012,"2025 Nissan PatrolAED 239,900 - 390,000",AED,https://www.drivearabia.com/carprices/uae/toyota/toyota-land-cruiser/2026/,2026-06-12T05:47:26Z
toyota-land-cruiser,2026,Unknown,2025,390000,196012,"2025 Nissan PatrolAED 239,900 - 390,000",AED,https://www.drivearabia.com/carprices/uae/toyota/toyota-land-cruiser/2026/,2026-06-12T05:47:26Z
toyota-land-cruiser,2026,Unknown,239900,390000,314950,"AED 239,900 - 390,000",AED,https://www.drivearabia.com/carprices/uae/toyota/toyota-land-cruiser/2026/,2026-06-12T05:47:26Z
toyota-land-cruiser,2026,Unknown,2025,354995,178510,"2025 Ford ExpeditionAED 273,945 - 354,995",AED,https://www.drivearabia.com/carprices/uae/toyota/toyota-land-cruiser/2026/,2026-06-12T05:47:26Z
toyota-land-cruiser,2026,Unknown,2025,354995,178510,"2025 Ford ExpeditionAED 273,945 - 354,995",AED,https://www.drivearabia.com/carprices/uae/toyota/toyota-land-cruiser/2026/,2026-06-12T05:47:26Z
toyota-land-cruiser,2026,Unknown,273945,354995,314470,"AED 273,945 - 354,995",AED,https://www.drivearabia.com/carprices/uae/toyota/toyota-land-cruiser/2026/,2026-06-12T05:47:26Z
toyota-land-cruiser,2026,Unknown,2025,380000,191012,"2025 GMC YukonAED 320,000 - 380,000",AED,https://www.drivearabia.com/carprices/uae/toyota/toyota-land-cruiser/2026/,2026-06-12T05:47:26Z
toyota-land-cruiser,2026,Unknown,2025,380000,191012,"2025 GMC YukonAED 320,000 - 380,000",AED,https://www.drivearabia.com/carprices/uae/toyota/toyota-land-cruiser/2026/,2026-06-12T05:47:26Z
toyota-land-cruiser,2026,Unknown,320000,380000,350000,"AED 320,000 - 380,000",AED,https://www.drivearabia.com/carprices/uae/toyota/toyota-land-cruiser/2026/,2026-06-12T05:47:26Z
toyota-land-cruiser,2026,Unknown,2026,239900,120963,"The starting price of the 2026 Toyota Land Cruiser in UAE is AED 239,900.",AED,https://www.drivearabia.com/carprices/uae/toyota/toyota-land-cruiser/2026/,2026-06-12T05:47:26Z
toyota-land-cruiser,2026,Unknown,2026,239900,120963,"The starting price of the 2026 Toyota Land Cruiser in UAE is AED 239,900.",AED,https://www.drivearabia.com/carprices/uae/toyota/toyota-land-cruiser/2026/,2026-06-12T05:47:26Z
toyota-land-cruiser,2026,Trims4.0 V6 EXR 4WD,,,239900,"Starting atAED 239,900",AED,https://www.drivearabia.com/carprices/uae/toyota/toyota-land-cruiser/2026/,2026-06-12T05:47:26Z
toyota-land-cruiser,2026,Starting at,,,239900,"AED 239,900",AED,https://www.drivearabia.com/carprices/uae/toyota/toyota-land-cruiser/2026/,2026-06-12T05:47:26Z
toyota-land-cruiser,2026,Starting at,,,239900,"AED 239,900",AED,https://www.drivearabia.com/carprices/uae/toyota/toyota-land-cruiser/2026/,2026-06-12T05:47:26Z
toyota-land-cruiser-70,2022,Unknown,,,150700,"Original Starting PriceAED 150,700",AED,https://www.drivearabia.com/carprices/uae/toyota/toyota-land-cruiser-70/2022/,2026-06-12T05:47:27Z
toyota-land-cruiser-70,2022,Unknown,,,150700,"Original Starting PriceAED 150,700",AED,https://www.drivearabia.com/carprices/uae/toyota/toyota-land-cruiser-70/2022/,2026-06-12T05:47:27Z
toyota-land-cruiser-70,2022,Unknown,,,150700,"AED 150,700",AED,https://www.drivearabia.com/carprices/uae/toyota/toyota-land-cruiser-70/2022/,2026-06-12T05:47:27Z
toyota-land-cruiser-70,2022,Original Trim Prices,,,150700,"3-doorAED 150,700 - 151,000LC70 Overlander 5-doorAED 190,000 - 190,500",AED,https://www.drivearabia.com/carprices/uae/toyota/toyota-land-cruiser-70/2022/,2026-06-12T05:47:27Z
toyota-land-cruiser-70,2022,Original Trim Prices,,,150700,"3-doorAED 150,700 - 151,000LC70 Overlander 5-doorAED 190,000 - 190,500",AED,https://www.drivearabia.com/carprices/uae/toyota/toyota-land-cruiser-70/2022/,2026-06-12T05:47:27Z
toyota-land-cruiser-70,2022,Unknown,,,150700,"3-doorAED 150,700 - 151,000",AED,https://www.drivearabia.com/carprices/uae/toyota/toyota-land-cruiser-70/2022/,2026-06-12T05:47:27Z
toyota-land-cruiser-70,2022,3-door,150700,151000,150850,"AED 150,700 - 151,000",AED,https://www.drivearabia.com/carprices/uae/toyota/toyota-land-cruiser-70/2022/,2026-06-12T05:47:27Z
toyota-land-cruiser-70,2022,Unknown,,,190000,"LC70 Overlander 5-doorAED 190,000 - 190,500",AED,https://www.drivearabia.com/carprices/uae/toyota/toyota-land-cruiser-70/2022/,2026-06-12T05:47:27Z
toyota-land-cruiser-70,2022,LC70 Overlander 5-door,190000,190500,190250,"AED 190,000 - 190,500",AED,https://www.drivearabia.com/carprices/uae/toyota/toyota-land-cruiser-70/2022/,2026-06-12T05:47:27Z
toyota-land-cruiser-70,2022,Unknown,2022,134000,68011,"2022 Nissan XterraAED 99,900 - 134,000",AED,https://www.drivearabia.com/carprices/uae/toyota/toyota-land-cruiser-70/2022/,2026-06-12T05:47:27Z
toyota-land-cruiser-70,2022,Unknown,2022,134000,68011,"2022 Nissan XterraAED 99,900 - 134,000",AED,https://www.drivearabia.com/carprices/uae/toyota/toyota-land-cruiser-70/2022/,2026-06-12T05:47:27Z
toyota-land-cruiser-70,2022,Unknown,99900,134000,116950,"AED 99,900 - 134,000",AED,https://www.drivearabia.com/carprices/uae/toyota/toyota-land-cruiser-70/2022/,2026-06-12T05:47:27Z
toyota-land-cruiser-70,2022,Unknown,2022,193000,97511,"2022 Jeep WranglerAED 144,900 - 193,000",AED,https://www.drivearabia.com/carprices/uae/toyota/toyota-land-cruiser-70/2022/,2026-06-12T05:47:27Z
toyota-land-cruiser-70,2022,Unknown,2022,193000,97511,"2022 Jeep WranglerAED 144,900 - 193,000",AED,https://www.drivearabia.com/carprices/uae/toyota/toyota-land-cruiser-70/2022/,2026-06-12T05:47:27Z
toyota-land-cruiser-70,2022,Unknown,144900,193000,168950,"AED 144,900 - 193,000",AED,https://www.drivearabia.com/carprices/uae/toyota/toyota-land-cruiser-70/2022/,2026-06-12T05:47:27Z
toyota-land-cruiser-70,2022,Unknown,2022,630000,316011,"2022 Land Rover Defender 110AED 240,000 - 630,000",AED,https://www.drivearabia.com/carprices/uae/toyota/toyota-land-cruiser-70/2022/,2026-06-12T05:47:27Z
toyota-land-cruiser-70,2022,Unknown,2022,630000,316011,"2022 Land Rover Defender 110AED 240,000 - 630,000",AED,https://www.drivearabia.com/carprices/uae/toyota/toyota-land-cruiser-70/2022/,2026-06-12T05:47:27Z
toyota-land-cruiser-70,2022,Unknown,240000,630000,435000,"AED 240,000 - 630,000",AED,https://www.drivearabia.com/carprices/uae/toyota/toyota-land-cruiser-70/2022/,2026-06-12T05:47:27Z
toyota-land-cruiser-70,2022,Unknown,2022,150700,76361,"The starting price of the 2022 Toyota Land Cruiser 70 in UAE is AED 150,700.",AED,https://www.drivearabia.com/carprices/uae/toyota/toyota-land-cruiser-70/2022/,2026-06-12T05:47:27Z
toyota-land-cruiser-70,2022,Unknown,2022,150700,76361,"The starting price of the 2022 Toyota Land Cruiser 70 in UAE is AED 150,700.",AED,https://www.drivearabia.com/carprices/uae/toyota/toyota-land-cruiser-70/2022/,2026-06-12T05:47:27Z
toyota-land-cruiser-70,2022,Trims3-door,,,150700,"Original Starting PriceAED 150,700",AED,https://www.drivearabia.com/carprices/uae/toyota/toyota-land-cruiser-70/2022/,2026-06-12T05:47:27Z
toyota-land-cruiser-70,2022,Trims3-door,,,150700,"AED 150,700",AED,https://www.drivearabia.com/carprices/uae/toyota/toyota-land-cruiser-70/2022/,2026-06-12T05:47:27Z
toyota-land-cruiser-70,2022,Unknown,,,150700,"AED 150,700",AED,https://www.drivearabia.com/carprices/uae/toyota/toyota-land-cruiser-70/2022/,2026-06-12T05:47:27Z
toyota-land-cruiser-70,2023,Unknown,,,150700,"Original Starting PriceAED 150,700",AED,https://www.drivearabia.com/carprices/uae/toyota/toyota-land-cruiser-70/2023/,2026-06-12T05:47:29Z
toyota-land-cruiser-70,2023,Unknown,,,150700,"Original Starting PriceAED 150,700",AED,https://www.drivearabia.com/carprices/uae/toyota/toyota-land-cruiser-70/2023/,2026-06-12T05:47:29Z
toyota-land-cruiser-70,2023,Unknown,,,150700,"AED 150,700",AED,https://www.drivearabia.com/carprices/uae/toyota/toyota-land-cruiser-70/2023/,2026-06-12T05:47:29Z
toyota-land-cruiser-70,2023,Original Trim Prices,,,150700,"3-doorAED 150,700 - 151,000LC70 Overlander 5-doorAED 190,000 - 190,500",AED,https://www.drivearabia.com/carprices/uae/toyota/toyota-land-cruiser-70/2023/,2026-06-12T05:47:29Z
toyota-land-cruiser-70,2023,Original Trim Prices,,,150700,"3-doorAED 150,700 - 151,000LC70 Overlander 5-doorAED 190,000 - 190,500",AED,https://www.drivearabia.com/carprices/uae/toyota/toyota-land-cruiser-70/2023/,2026-06-12T05:47:29Z
toyota-land-cruiser-70,2023,Unknown,,,150700,"3-doorAED 150,700 - 151,000",AED,https://www.drivearabia.com/carprices/uae/toyota/toyota-land-cruiser-70/2023/,2026-06-12T05:47:29Z
toyota-land-cruiser-70,2023,3-door,150700,151000,150850,"AED 150,700 - 151,000",AED,https://www.drivearabia.com/carprices/uae/toyota/toyota-land-cruiser-70/2023/,2026-06-12T05:47:29Z
toyota-land-cruiser-70,2023,Unknown,,,190000,"LC70 Overlander 5-doorAED 190,000 - 190,500",AED,https://www.drivearabia.com/carprices/uae/toyota/toyota-land-cruiser-70/2023/,2026-06-12T05:47:29Z
toyota-land-cruiser-70,2023,LC70 Overlander 5-door,190000,190500,190250,"AED 190,000 - 190,500",AED,https://www.drivearabia.com/carprices/uae/toyota/toyota-land-cruiser-70/2023/,2026-06-12T05:47:29Z
toyota-land-cruiser-70,2023,Unknown,2023,144000,73012,"2023 Nissan XterraAED 104,000 - 144,000",AED,https://www.drivearabia.com/carprices/uae/toyota/toyota-land-cruiser-70/2023/,2026-06-12T05:47:29Z
toyota-land-cruiser-70,2023,Unknown,2023,144000,73012,"2023 Nissan XterraAED 104,000 - 144,000",AED,https://www.drivearabia.com/carprices/uae/toyota/toyota-land-cruiser-70/2023/,2026-06-12T05:47:29Z
toyota-land-cruiser-70,2023,Unknown,104000,144000,124000,"AED 104,000 - 144,000",AED,https://www.drivearabia.com/carprices/uae/toyota/toyota-land-cruiser-70/2023/,2026-06-12T05:47:29Z
toyota-land-cruiser-70,2023,Unknown,2023,193000,97512,"2023 Jeep WranglerAED 144,900 - 193,000",AED,https://www.drivearabia.com/carprices/uae/toyota/toyota-land-cruiser-70/2023/,2026-06-12T05:47:29Z
toyota-land-cruiser-70,2023,Unknown,2023,193000,97512,"2023 Jeep WranglerAED 144,900 - 193,000",AED,https://www.drivearabia.com/carprices/uae/toyota/toyota-land-cruiser-70/2023/,2026-06-12T05:47:29Z
toyota-land-cruiser-70,2023,Unknown,144900,193000,168950,"AED 144,900 - 193,000",AED,https://www.drivearabia.com/carprices/uae/toyota/toyota-land-cruiser-70/2023/,2026-06-12T05:47:29Z
toyota-land-cruiser-70,2023,Unknown,2023,662000,332012,"2023 Land Rover Defender 110AED 232,785 - 662,000",AED,https://www.drivearabia.com/carprices/uae/toyota/toyota-land-cruiser-70/2023/,2026-06-12T05:47:29Z
toyota-land-cruiser-70,2023,Unknown,2023,662000,332012,"2023 Land Rover Defender 110AED 232,785 - 662,000",AED,https://www.drivearabia.com/carprices/uae/toyota/toyota-land-cruiser-70/2023/,2026-06-12T05:47:29Z
toyota-land-cruiser-70,2023,Unknown,232785,662000,447392,"AED 232,785 - 662,000",AED,https://www.drivearabia.com/carprices/uae/toyota/toyota-land-cruiser-70/2023/,2026-06-12T05:47:29Z
toyota-land-cruiser-70,2023,Unknown,2023,150700,76362,"The starting price of the 2023 Toyota Land Cruiser 70 in UAE is AED 150,700.",AED,https://www.drivearabia.com/carprices/uae/toyota/toyota-land-cruiser-70/2023/,2026-06-12T05:47:29Z
toyota-land-cruiser-70,2023,Unknown,2023,150700,76362,"The starting price of the 2023 Toyota Land Cruiser 70 in UAE is AED 150,700.",AED,https://www.drivearabia.com/carprices/uae/toyota/toyota-land-cruiser-70/2023/,2026-06-12T05:47:29Z
toyota-land-cruiser-70,2023,Trims3-door,,,150700,"Original Starting PriceAED 150,700",AED,https://www.drivearabia.com/carprices/uae/toyota/toyota-land-cruiser-70/2023/,2026-06-12T05:47:29Z
toyota-land-cruiser-70,2023,Trims3-door,,,150700,"AED 150,700",AED,https://www.drivearabia.com/carprices/uae/toyota/toyota-land-cruiser-70/2023/,2026-06-12T05:47:29Z
toyota-land-cruiser-70,2023,Unknown,,,150700,"AED 150,700",AED,https://www.drivearabia.com/carprices/uae/toyota/toyota-land-cruiser-70/2023/,2026-06-12T05:47:29Z
toyota-land-cruiser-70,2024,Unknown,,,169900,"Original Starting PriceAED 169,900",AED,https://www.drivearabia.com/carprices/uae/toyota/toyota-land-cruiser-70/2024/,2026-06-12T05:47:31Z
toyota-land-cruiser-70,2024,Unknown,,,169900,"Original Starting PriceAED 169,900",AED,https://www.drivearabia.com/carprices/uae/toyota/toyota-land-cruiser-70/2024/,2026-06-12T05:47:31Z
toyota-land-cruiser-70,2024,Unknown,,,169900,"AED 169,900",AED,https://www.drivearabia.com/carprices/uae/toyota/toyota-land-cruiser-70/2024/,2026-06-12T05:47:31Z
toyota-land-cruiser-70,2024,Original Trim Prices,,,169900,"4.0L V6 3-door 4WDAED 169,900 - 171,0004.0L V6 5-door 4WDAED 179,900 - 181,000",AED,https://www.drivearabia.com/carprices/uae/toyota/toyota-land-cruiser-70/2024/,2026-06-12T05:47:31Z
toyota-land-cruiser-70,2024,Original Trim Prices,,,169900,"4.0L V6 3-door 4WDAED 169,900 - 171,0004.0L V6 5-door 4WDAED 179,900 - 181,000",AED,https://www.drivearabia.com/carprices/uae/toyota/toyota-land-cruiser-70/2024/,2026-06-12T05:47:31Z
toyota-land-cruiser-70,2024,Unknown,,,169900,"4.0L V6 3-door 4WDAED 169,900 - 171,000",AED,https://www.drivearabia.com/carprices/uae/toyota/toyota-land-cruiser-70/2024/,2026-06-12T05:47:31Z
toyota-land-cruiser-70,2024,4.0L V6 3-door 4WD,169900,171000,170450,"AED 169,900 - 171,000",AED,https://www.drivearabia.com/carprices/uae/toyota/toyota-land-cruiser-70/2024/,2026-06-12T05:47:31Z
toyota-land-cruiser-70,2024,Unknown,,,179900,"4.0L V6 5-door 4WDAED 179,900 - 181,000",AED,https://www.drivearabia.com/carprices/uae/toyota/toyota-land-cruiser-70/2024/,2026-06-12T05:47:31Z
toyota-land-cruiser-70,2024,4.0L V6 5-door 4WD,179900,181000,180450,"AED 179,900 - 181,000",AED,https://www.drivearabia.com/carprices/uae/toyota/toyota-land-cruiser-70/2024/,2026-06-12T05:47:31Z
toyota-land-cruiser-70,2024,Unknown,2024,144000,73012,"2024 Nissan XterraAED 104,000 - 144,000",AED,https://www.drivearabia.com/carprices/uae/toyota/toyota-land-cruiser-70/2024/,2026-06-12T05:47:31Z
toyota-land-cruiser-70,2024,Unknown,2024,144000,73012,"2024 Nissan XterraAED 104,000 - 144,000",AED,https://www.drivearabia.com/carprices/uae/toyota/toyota-land-cruiser-70/2024/,2026-06-12T05:47:31Z
toyota-land-cruiser-70,2024,Unknown,104000,144000,124000,"AED 104,000 - 144,000",AED,https://www.drivearabia.com/carprices/uae/toyota/toyota-land-cruiser-70/2024/,2026-06-12T05:47:31Z
toyota-land-cruiser-70,2024,Unknown,2024,262000,132012,"2024 Jeep WranglerAED 207,900 - 262,000",AED,https://www.drivearabia.com/carprices/uae/toyota/toyota-land-cruiser-70/2024/,2026-06-12T05:47:31Z
toyota-land-cruiser-70,2024,Unknown,2024,262000,132012,"2024 Jeep WranglerAED 207,900 - 262,000",AED,https://www.drivearabia.com/carprices/uae/toyota/toyota-land-cruiser-70/2024/,2026-06-12T05:47:31Z
toyota-land-cruiser-70,2024,Unknown,207900,262000,234950,"AED 207,900 - 262,000",AED,https://www.drivearabia.com/carprices/uae/toyota/toyota-land-cruiser-70/2024/,2026-06-12T05:47:31Z
toyota-land-cruiser-70,2024,Unknown,2024,662000,332012,"2024 Land Rover Defender 110AED 232,785 - 662,000",AED,https://www.drivearabia.com/carprices/uae/toyota/toyota-land-cruiser-70/2024/,2026-06-12T05:47:31Z
toyota-land-cruiser-70,2024,Unknown,2024,662000,332012,"2024 Land Rover Defender 110AED 232,785 - 662,000",AED,https://www.drivearabia.com/carprices/uae/toyota/toyota-land-cruiser-70/2024/,2026-06-12T05:47:31Z
toyota-land-cruiser-70,2024,Unknown,232785,662000,447392,"AED 232,785 - 662,000",AED,https://www.drivearabia.com/carprices/uae/toyota/toyota-land-cruiser-70/2024/,2026-06-12T05:47:31Z
toyota-land-cruiser-70,2024,Unknown,2024,169900,85962,"The starting price of the 2024 Toyota Land Cruiser 70 in UAE is AED 169,900.",AED,https://www.drivearabia.com/carprices/uae/toyota/toyota-land-cruiser-70/2024/,2026-06-12T05:47:31Z
toyota-land-cruiser-70,2024,Unknown,2024,169900,85962,"The starting price of the 2024 Toyota Land Cruiser 70 in UAE is AED 169,900.",AED,https://www.drivearabia.com/carprices/uae/toyota/toyota-land-cruiser-70/2024/,2026-06-12T05:47:31Z
toyota-land-cruiser-70,2024,Trims4.0L V6 3-door 4WD,,,169900,"Original Starting PriceAED 169,900",AED,https://www.drivearabia.com/carprices/uae/toyota/toyota-land-cruiser-70/2024/,2026-06-12T05:47:31Z
toyota-land-cruiser-70,2024,Trims4.0L V6 3-door 4WD,,,169900,"AED 169,900",AED,https://www.drivearabia.com/carprices/uae/toyota/toyota-land-cruiser-70/2024/,2026-06-12T05:47:31Z
toyota-land-cruiser-70,2024,Unknown,,,169900,"AED 169,900",AED,https://www.drivearabia.com/carprices/uae/toyota/toyota-land-cruiser-70/2024/,2026-06-12T05:47:31Z
toyota-land-cruiser-70,2025,Unknown,,,172900,"Starting atAED 172,900",AED,https://www.drivearabia.com/carprices/uae/toyota/toyota-land-cruiser-70/2025/,2026-06-12T05:47:33Z
toyota-land-cruiser-70,2025,Unknown,,,172900,"Starting atAED 172,900",AED,https://www.drivearabia.com/carprices/uae/toyota/toyota-land-cruiser-70/2025/,2026-06-12T05:47:33Z
toyota-land-cruiser-70,2025,Starting at,,,172900,"AED 172,900",AED,https://www.drivearabia.com/carprices/uae/toyota/toyota-land-cruiser-70/2025/,2026-06-12T05:47:33Z
toyota-land-cruiser-70,2025,Trim Prices,,,172900,"4.0L V6 3-door 4WDAED 172,900 - 173,0004.0L V6 5-door 4WDAED 182,900 - 183,000",AED,https://www.drivearabia.com/carprices/uae/toyota/toyota-land-cruiser-70/2025/,2026-06-12T05:47:33Z
toyota-land-cruiser-70,2025,Trim Prices,,,172900,"4.0L V6 3-door 4WDAED 172,900 - 173,0004.0L V6 5-door 4WDAED 182,900 - 183,000",AED,https://www.drivearabia.com/carprices/uae/toyota/toyota-land-cruiser-70/2025/,2026-06-12T05:47:33Z
toyota-land-cruiser-70,2025,Unknown,,,172900,"4.0L V6 3-door 4WDAED 172,900 - 173,000",AED,https://www.drivearabia.com/carprices/uae/toyota/toyota-land-cruiser-70/2025/,2026-06-12T05:47:33Z
toyota-land-cruiser-70,2025,4.0L V6 3-door 4WD,172900,173000,172950,"AED 172,900 - 173,000",AED,https://www.drivearabia.com/carprices/uae/toyota/toyota-land-cruiser-70/2025/,2026-06-12T05:47:33Z
toyota-land-cruiser-70,2025,Unknown,,,182900,"4.0L V6 5-door 4WDAED 182,900 - 183,000",AED,https://www.drivearabia.com/carprices/uae/toyota/toyota-land-cruiser-70/2025/,2026-06-12T05:47:33Z
toyota-land-cruiser-70,2025,4.0L V6 5-door 4WD,182900,183000,182950,"AED 182,900 - 183,000",AED,https://www.drivearabia.com/carprices/uae/toyota/toyota-land-cruiser-70/2025/,2026-06-12T05:47:33Z
toyota-land-cruiser-70,2025,Unknown,2025,144000,73012,"2025 Nissan XterraAED 104,000 - 144,000",AED,https://www.drivearabia.com/carprices/uae/toyota/toyota-land-cruiser-70/2025/,2026-06-12T05:47:33Z
toyota-land-cruiser-70,2025,Unknown,2025,144000,73012,"2025 Nissan XterraAED 104,000 - 144,000",AED,https://www.drivearabia.com/carprices/uae/toyota/toyota-land-cruiser-70/2025/,2026-06-12T05:47:33Z
toyota-land-cruiser-70,2025,Unknown,104000,144000,124000,"AED 104,000 - 144,000",AED,https://www.drivearabia.com/carprices/uae/toyota/toyota-land-cruiser-70/2025/,2026-06-12T05:47:33Z
toyota-land-cruiser-70,2025,Unknown,2025,268000,135012,"2025 Jeep WranglerAED 195,900 - 268,000",AED,https://www.drivearabia.com/carprices/uae/toyota/toyota-land-cruiser-70/2025/,2026-06-12T05:47:33Z
toyota-land-cruiser-70,2025,Unknown,2025,268000,135012,"2025 Jeep WranglerAED 195,900 - 268,000",AED,https://www.drivearabia.com/carprices/uae/toyota/toyota-land-cruiser-70/2025/,2026-06-12T05:47:33Z
toyota-land-cruiser-70,2025,Unknown,195900,268000,231950,"AED 195,900 - 268,000",AED,https://www.drivearabia.com/carprices/uae/toyota/toyota-land-cruiser-70/2025/,2026-06-12T05:47:33Z
toyota-land-cruiser-70,2025,Unknown,2025,662000,332012,"2025 Land Rover Defender 110AED 232,785 - 662,000",AED,https://www.drivearabia.com/carprices/uae/toyota/toyota-land-cruiser-70/2025/,2026-06-12T05:47:33Z
toyota-land-cruiser-70,2025,Unknown,2025,662000,332012,"2025 Land Rover Defender 110AED 232,785 - 662,000",AED,https://www.drivearabia.com/carprices/uae/toyota/toyota-land-cruiser-70/2025/,2026-06-12T05:47:33Z
toyota-land-cruiser-70,2025,Unknown,232785,662000,447392,"AED 232,785 - 662,000",AED,https://www.drivearabia.com/carprices/uae/toyota/toyota-land-cruiser-70/2025/,2026-06-12T05:47:33Z
toyota-land-cruiser-70,2025,Unknown,2025,172900,87462,"The starting price of the 2025 Toyota Land Cruiser 70 in UAE is AED 172,900.",AED,https://www.drivearabia.com/carprices/uae/toyota/toyota-land-cruiser-70/2025/,2026-06-12T05:47:33Z
toyota-land-cruiser-70,2025,Unknown,2025,172900,87462,"The starting price of the 2025 Toyota Land Cruiser 70 in UAE is AED 172,900.",AED,https://www.drivearabia.com/carprices/uae/toyota/toyota-land-cruiser-70/2025/,2026-06-12T05:47:33Z
toyota-land-cruiser-70,2025,Trims4.0L V6 3-door 4WD,,,172900,"Starting atAED 172,900",AED,https://www.drivearabia.com/carprices/uae/toyota/toyota-land-cruiser-70/2025/,2026-06-12T05:47:33Z
toyota-land-cruiser-70,2025,Starting at,,,172900,"AED 172,900",AED,https://www.drivearabia.com/carprices/uae/toyota/toyota-land-cruiser-70/2025/,2026-06-12T05:47:33Z
toyota-land-cruiser-70,2025,Starting at,,,172900,"AED 172,900",AED,https://www.drivearabia.com/carprices/uae/toyota/toyota-land-cruiser-70/2025/,2026-06-12T05:47:33Z
toyota-land-cruiser-70,2026,Unknown,,,177900,"Starting atAED 177,900",AED,https://www.drivearabia.com/carprices/uae/toyota/toyota-land-cruiser-70/2026/,2026-06-12T05:47:35Z
toyota-land-cruiser-70,2026,Unknown,,,177900,"Starting atAED 177,900",AED,https://www.drivearabia.com/carprices/uae/toyota/toyota-land-cruiser-70/2026/,2026-06-12T05:47:35Z
toyota-land-cruiser-70,2026,Starting at,,,177900,"AED 177,900",AED,https://www.drivearabia.com/carprices/uae/toyota/toyota-land-cruiser-70/2026/,2026-06-12T05:47:35Z
toyota-land-cruiser-70,2026,Trim Prices,,,177900,"4.0L V6 3-door 4WDAED 177,900 - 178,0004.0L V6 5-door 4WDAED 187,900 - 188,000",AED,https://www.drivearabia.com/carprices/uae/toyota/toyota-land-cruiser-70/2026/,2026-06-12T05:47:35Z
toyota-land-cruiser-70,2026,Trim Prices,,,177900,"4.0L V6 3-door 4WDAED 177,900 - 178,0004.0L V6 5-door 4WDAED 187,900 - 188,000",AED,https://www.drivearabia.com/carprices/uae/toyota/toyota-land-cruiser-70/2026/,2026-06-12T05:47:35Z
toyota-land-cruiser-70,2026,Unknown,,,177900,"4.0L V6 3-door 4WDAED 177,900 - 178,000",AED,https://www.drivearabia.com/carprices/uae/toyota/toyota-land-cruiser-70/2026/,2026-06-12T05:47:35Z
toyota-land-cruiser-70,2026,4.0L V6 3-door 4WD,177900,178000,177950,"AED 177,900 - 178,000",AED,https://www.drivearabia.com/carprices/uae/toyota/toyota-land-cruiser-70/2026/,2026-06-12T05:47:35Z
toyota-land-cruiser-70,2026,Unknown,,,187900,"4.0L V6 5-door 4WDAED 187,900 - 188,000",AED,https://www.drivearabia.com/carprices/uae/toyota/toyota-land-cruiser-70/2026/,2026-06-12T05:47:35Z
toyota-land-cruiser-70,2026,4.0L V6 5-door 4WD,187900,188000,187950,"AED 187,900 - 188,000",AED,https://www.drivearabia.com/carprices/uae/toyota/toyota-land-cruiser-70/2026/,2026-06-12T05:47:35Z
toyota-land-cruiser-70,2026,Unknown,2025,144000,73012,"2025 Nissan XterraAED 104,000 - 144,000",AED,https://www.drivearabia.com/carprices/uae/toyota/toyota-land-cruiser-70/2026/,2026-06-12T05:47:35Z
toyota-land-cruiser-70,2026,Unknown,2025,144000,73012,"2025 Nissan XterraAED 104,000 - 144,000",AED,https://www.drivearabia.com/carprices/uae/toyota/toyota-land-cruiser-70/2026/,2026-06-12T05:47:35Z
toyota-land-cruiser-70,2026,Unknown,104000,144000,124000,"AED 104,000 - 144,000",AED,https://www.drivearabia.com/carprices/uae/toyota/toyota-land-cruiser-70/2026/,2026-06-12T05:47:35Z
toyota-land-cruiser-70,2026,Unknown,2025,268000,135012,"2025 Jeep WranglerAED 195,900 - 268,000",AED,https://www.drivearabia.com/carprices/uae/toyota/toyota-land-cruiser-70/2026/,2026-06-12T05:47:35Z
toyota-land-cruiser-70,2026,Unknown,2025,268000,135012,"2025 Jeep WranglerAED 195,900 - 268,000",AED,https://www.drivearabia.com/carprices/uae/toyota/toyota-land-cruiser-70/2026/,2026-06-12T05:47:35Z
toyota-land-cruiser-70,2026,Unknown,195900,268000,231950,"AED 195,900 - 268,000",AED,https://www.drivearabia.com/carprices/uae/toyota/toyota-land-cruiser-70/2026/,2026-06-12T05:47:35Z
toyota-land-cruiser-70,2026,Unknown,2025,662000,332012,"2025 Land Rover Defender 110AED 232,785 - 662,000",AED,https://www.drivearabia.com/carprices/uae/toyota/toyota-land-cruiser-70/2026/,2026-06-12T05:47:35Z
toyota-land-cruiser-70,2026,Unknown,2025,662000,332012,"2025 Land Rover Defender 110AED 232,785 - 662,000",AED,https://www.drivearabia.com/carprices/uae/toyota/toyota-land-cruiser-70/2026/,2026-06-12T05:47:35Z
toyota-land-cruiser-70,2026,Unknown,232785,662000,447392,"AED 232,785 - 662,000",AED,https://www.drivearabia.com/carprices/uae/toyota/toyota-land-cruiser-70/2026/,2026-06-12T05:47:35Z
toyota-land-cruiser-70,2026,Unknown,2026,177900,89963,"The starting price of the 2026 Toyota Land Cruiser 70 in UAE is AED 177,900.",AED,https://www.drivearabia.com/carprices/uae/toyota/toyota-land-cruiser-70/2026/,2026-06-12T05:47:35Z
toyota-land-cruiser-70,2026,Unknown,2026,177900,89963,"The starting price of the 2026 Toyota Land Cruiser 70 in UAE is AED 177,900.",AED,https://www.drivearabia.com/carprices/uae/toyota/toyota-land-cruiser-70/2026/,2026-06-12T05:47:35Z
toyota-land-cruiser-70,2026,Trims4.0L V6 3-door 4WD,,,177900,"Starting atAED 177,900",AED,https://www.drivearabia.com/carprices/uae/toyota/toyota-land-cruiser-70/2026/,2026-06-12T05:47:35Z
toyota-land-cruiser-70,2026,Starting at,,,177900,"AED 177,900",AED,https://www.drivearabia.com/carprices/uae/toyota/toyota-land-cruiser-70/2026/,2026-06-12T05:47:35Z
toyota-land-cruiser-70,2026,Starting at,,,177900,"AED 177,900",AED,https://www.drivearabia.com/carprices/uae/toyota/toyota-land-cruiser-70/2026/,2026-06-12T05:47:35Z
toyota-land-cruiser-gr-sport,2022,Unknown,,,397900,"Original Starting PriceAED 397,900",AED,https://www.drivearabia.com/carprices/uae/toyota/toyota-land-cruiser-gr-sport/2022/,2026-06-12T05:47:37Z
toyota-land-cruiser-gr-sport,2022,Unknown,,,397900,"Original Starting PriceAED 397,900",AED,https://www.drivearabia.com/carprices/uae/toyota/toyota-land-cruiser-gr-sport/2022/,2026-06-12T05:47:37Z
toyota-land-cruiser-gr-sport,2022,Unknown,,,397900,"AED 397,900",AED,https://www.drivearabia.com/carprices/uae/toyota/toyota-land-cruiser-gr-sport/2022/,2026-06-12T05:47:37Z
toyota-land-cruiser-gr-sport,2022,Original Trim Prices,2022,397900,199961,"2022 Toyota Land Cruiser GR SportAED 397,900 - 398,000",AED,https://www.drivearabia.com/carprices/uae/toyota/toyota-land-cruiser-gr-sport/2022/,2026-06-12T05:47:37Z
toyota-land-cruiser-gr-sport,2022,Original Trim Prices,2022,397900,199961,"2022 Toyota Land Cruiser GR SportAED 397,900 - 398,000",AED,https://www.drivearabia.com/carprices/uae/toyota/toyota-land-cruiser-gr-sport/2022/,2026-06-12T05:47:37Z
toyota-land-cruiser-gr-sport,2022,Unknown,2022,397900,199961,"2022 Toyota Land Cruiser GR SportAED 397,900 - 398,000",AED,https://www.drivearabia.com/carprices/uae/toyota/toyota-land-cruiser-gr-sport/2022/,2026-06-12T05:47:37Z
toyota-land-cruiser-gr-sport,2022,Unknown,397900,398000,397950,"AED 397,900 - 398,000",AED,https://www.drivearabia.com/carprices/uae/toyota/toyota-land-cruiser-gr-sport/2022/,2026-06-12T05:47:37Z
toyota-land-cruiser-gr-sport,2022,Unknown,2022,386000,194011,"2022 Nissan Patrol NismoAED 385,000 - 386,000",AED,https://www.drivearabia.com/carprices/uae/toyota/toyota-land-cruiser-gr-sport/2022/,2026-06-12T05:47:37Z
toyota-land-cruiser-gr-sport,2022,Unknown,2022,386000,194011,"2022 Nissan Patrol NismoAED 385,000 - 386,000",AED,https://www.drivearabia.com/carprices/uae/toyota/toyota-land-cruiser-gr-sport/2022/,2026-06-12T05:47:37Z
toyota-land-cruiser-gr-sport,2022,Unknown,385000,386000,385500,"AED 385,000 - 386,000",AED,https://www.drivearabia.com/carprices/uae/toyota/toyota-land-cruiser-gr-sport/2022/,2026-06-12T05:47:37Z
toyota-land-cruiser-gr-sport,2022,Unknown,2022,350000,176011,"2022 Ford ExpeditionAED 273,945 - 350,000",AED,https://www.drivearabia.com/carprices/uae/toyota/toyota-land-cruiser-gr-sport/2022/,2026-06-12T05:47:37Z
toyota-land-cruiser-gr-sport,2022,Unknown,2022,350000,176011,"2022 Ford ExpeditionAED 273,945 - 350,000",AED,https://www.drivearabia.com/carprices/uae/toyota/toyota-land-cruiser-gr-sport/2022/,2026-06-12T05:47:37Z
toyota-land-cruiser-gr-sport,2022,Unknown,273945,350000,311972,"AED 273,945 - 350,000",AED,https://www.drivearabia.com/carprices/uae/toyota/toyota-land-cruiser-gr-sport/2022/,2026-06-12T05:47:37Z
toyota-land-cruiser-gr-sport,2022,Unknown,2022,300000,151011,"2022 GMC YukonAED 197,000 - 300,000",AED,https://www.drivearabia.com/carprices/uae/toyota/toyota-land-cruiser-gr-sport/2022/,2026-06-12T05:47:37Z
toyota-land-cruiser-gr-sport,2022,Unknown,2022,300000,151011,"2022 GMC YukonAED 197,000 - 300,000",AED,https://www.drivearabia.com/carprices/uae/toyota/toyota-land-cruiser-gr-sport/2022/,2026-06-12T05:47:37Z
toyota-land-cruiser-gr-sport,2022,Unknown,197000,300000,248500,"AED 197,000 - 300,000",AED,https://www.drivearabia.com/carprices/uae/toyota/toyota-land-cruiser-gr-sport/2022/,2026-06-12T05:47:37Z
toyota-land-cruiser-gr-sport,2022,Unknown,,,397900,"Original Starting PriceAED 397,900",AED,https://www.drivearabia.com/carprices/uae/toyota/toyota-land-cruiser-gr-sport/2022/,2026-06-12T05:47:37Z
toyota-land-cruiser-gr-sport,2022,Unknown,,,397900,"AED 397,900",AED,https://www.drivearabia.com/carprices/uae/toyota/toyota-land-cruiser-gr-sport/2022/,2026-06-12T05:47:37Z
toyota-land-cruiser-gr-sport,2022,Unknown,,,397900,"AED 397,900",AED,https://www.drivearabia.com/carprices/uae/toyota/toyota-land-cruiser-gr-sport/2022/,2026-06-12T05:47:37Z
toyota-land-cruiser-gr-sport,2023,Unknown,,,412900,"Original Starting PriceAED 412,900",AED,https://www.drivearabia.com/carprices/uae/toyota/toyota-land-cruiser-gr-sport/2023/,2026-06-12T05:47:39Z
toyota-land-cruiser-gr-sport,2023,Unknown,,,412900,"Original Starting PriceAED 412,900",AED,https://www.drivearabia.com/carprices/uae/toyota/toyota-land-cruiser-gr-sport/2023/,2026-06-12T05:47:39Z
toyota-land-cruiser-gr-sport,2023,Unknown,,,412900,"AED 412,900",AED,https://www.drivearabia.com/carprices/uae/toyota/toyota-land-cruiser-gr-sport/2023/,2026-06-12T05:47:39Z
toyota-land-cruiser-gr-sport,2023,Original Trim Prices,412900,413000,412950,"3.5TC V6 GR 4WDAED 412,900 - 413,000",AED,https://www.drivearabia.com/carprices/uae/toyota/toyota-land-cruiser-gr-sport/2023/,2026-06-12T05:47:39Z
toyota-land-cruiser-gr-sport,2023,Original Trim Prices,412900,413000,412950,"3.5TC V6 GR 4WDAED 412,900 - 413,000",AED,https://www.drivearabia.com/carprices/uae/toyota/toyota-land-cruiser-gr-sport/2023/,2026-06-12T05:47:39Z
toyota-land-cruiser-gr-sport,2023,Unknown,412900,413000,412950,"3.5TC V6 GR 4WDAED 412,900 - 413,000",AED,https://www.drivearabia.com/carprices/uae/toyota/toyota-land-cruiser-gr-sport/2023/,2026-06-12T05:47:39Z
toyota-land-cruiser-gr-sport,2023,3.5TC V6 GR 4WD,412900,413000,412950,"AED 412,900 - 413,000",AED,https://www.drivearabia.com/carprices/uae/toyota/toyota-land-cruiser-gr-sport/2023/,2026-06-12T05:47:39Z
toyota-land-cruiser-gr-sport,2023,Unknown,2023,396000,199012,"2023 Nissan Patrol NismoAED 395,000 - 396,000",AED,https://www.drivearabia.com/carprices/uae/toyota/toyota-land-cruiser-gr-sport/2023/,2026-06-12T05:47:39Z
toyota-land-cruiser-gr-sport,2023,Unknown,2023,396000,199012,"2023 Nissan Patrol NismoAED 395,000 - 396,000",AED,https://www.drivearabia.com/carprices/uae/toyota/toyota-land-cruiser-gr-sport/2023/,2026-06-12T05:47:39Z
toyota-land-cruiser-gr-sport,2023,Unknown,395000,396000,395500,"AED 395,000 - 396,000",AED,https://www.drivearabia.com/carprices/uae/toyota/toyota-land-cruiser-gr-sport/2023/,2026-06-12T05:47:39Z
toyota-land-cruiser-gr-sport,2023,Unknown,2023,350000,176012,"2023 Ford ExpeditionAED 273,945 - 350,000",AED,https://www.drivearabia.com/carprices/uae/toyota/toyota-land-cruiser-gr-sport/2023/,2026-06-12T05:47:39Z
toyota-land-cruiser-gr-sport,2023,Unknown,2023,350000,176012,"2023 Ford ExpeditionAED 273,945 - 350,000",AED,https://www.drivearabia.com/carprices/uae/toyota/toyota-land-cruiser-gr-sport/2023/,2026-06-12T05:47:39Z
toyota-land-cruiser-gr-sport,2023,Unknown,273945,350000,311972,"AED 273,945 - 350,000",AED,https://www.drivearabia.com/carprices/uae/toyota/toyota-land-cruiser-gr-sport/2023/,2026-06-12T05:47:39Z
toyota-land-cruiser-gr-sport,2023,Unknown,2023,300000,151012,"2023 GMC YukonAED 197,000 - 300,000",AED,https://www.drivearabia.com/carprices/uae/toyota/toyota-land-cruiser-gr-sport/2023/,2026-06-12T05:47:39Z
toyota-land-cruiser-gr-sport,2023,Unknown,2023,300000,151012,"2023 GMC YukonAED 197,000 - 300,000",AED,https://www.drivearabia.com/carprices/uae/toyota/toyota-land-cruiser-gr-sport/2023/,2026-06-12T05:47:39Z
toyota-land-cruiser-gr-sport,2023,Unknown,197000,300000,248500,"AED 197,000 - 300,000",AED,https://www.drivearabia.com/carprices/uae/toyota/toyota-land-cruiser-gr-sport/2023/,2026-06-12T05:47:39Z
toyota-land-cruiser-gr-sport,2023,Trims3.5TC V6 GR 4WD,,,412900,"Original Starting PriceAED 412,900",AED,https://www.drivearabia.com/carprices/uae/toyota/toyota-land-cruiser-gr-sport/2023/,2026-06-12T05:47:39Z
toyota-land-cruiser-gr-sport,2023,Trims3.5TC V6 GR 4WD,,,412900,"AED 412,900",AED,https://www.drivearabia.com/carprices/uae/toyota/toyota-land-cruiser-gr-sport/2023/,2026-06-12T05:47:39Z
toyota-land-cruiser-gr-sport,2023,Unknown,,,412900,"AED 412,900",AED,https://www.drivearabia.com/carprices/uae/toyota/toyota-land-cruiser-gr-sport/2023/,2026-06-12T05:47:39Z
toyota-land-cruiser-gr-sport,2024,Unknown,,,412900,"Original Starting PriceAED 412,900",AED,https://www.drivearabia.com/carprices/uae/toyota/toyota-land-cruiser-gr-sport/2024/,2026-06-12T05:47:41Z
toyota-land-cruiser-gr-sport,2024,Unknown,,,412900,"Original Starting PriceAED 412,900",AED,https://www.drivearabia.com/carprices/uae/toyota/toyota-land-cruiser-gr-sport/2024/,2026-06-12T05:47:41Z
toyota-land-cruiser-gr-sport,2024,Unknown,,,412900,"AED 412,900",AED,https://www.drivearabia.com/carprices/uae/toyota/toyota-land-cruiser-gr-sport/2024/,2026-06-12T05:47:41Z
toyota-land-cruiser-gr-sport,2024,Original Trim Prices,412900,413000,412950,"3.5TC V6 GR 4WDAED 412,900 - 413,000",AED,https://www.drivearabia.com/carprices/uae/toyota/toyota-land-cruiser-gr-sport/2024/,2026-06-12T05:47:41Z
toyota-land-cruiser-gr-sport,2024,Original Trim Prices,412900,413000,412950,"3.5TC V6 GR 4WDAED 412,900 - 413,000",AED,https://www.drivearabia.com/carprices/uae/toyota/toyota-land-cruiser-gr-sport/2024/,2026-06-12T05:47:41Z
toyota-land-cruiser-gr-sport,2024,Unknown,412900,413000,412950,"3.5TC V6 GR 4WDAED 412,900 - 413,000",AED,https://www.drivearabia.com/carprices/uae/toyota/toyota-land-cruiser-gr-sport/2024/,2026-06-12T05:47:41Z
toyota-land-cruiser-gr-sport,2024,3.5TC V6 GR 4WD,412900,413000,412950,"AED 412,900 - 413,000",AED,https://www.drivearabia.com/carprices/uae/toyota/toyota-land-cruiser-gr-sport/2024/,2026-06-12T05:47:41Z
toyota-land-cruiser-gr-sport,2024,Unknown,2024,399000,200512,"2024 Nissan Patrol NismoAED 398,500 - 399,000",AED,https://www.drivearabia.com/carprices/uae/toyota/toyota-land-cruiser-gr-sport/2024/,2026-06-12T05:47:41Z
toyota-land-cruiser-gr-sport,2024,Unknown,2024,399000,200512,"2024 Nissan Patrol NismoAED 398,500 - 399,000",AED,https://www.drivearabia.com/carprices/uae/toyota/toyota-land-cruiser-gr-sport/2024/,2026-06-12T05:47:41Z
toyota-land-cruiser-gr-sport,2024,Unknown,398500,399000,398750,"AED 398,500 - 399,000",AED,https://www.drivearabia.com/carprices/uae/toyota/toyota-land-cruiser-gr-sport/2024/,2026-06-12T05:47:41Z
toyota-land-cruiser-gr-sport,2024,Unknown,2024,350000,176012,"2024 Ford ExpeditionAED 273,945 - 350,000",AED,https://www.drivearabia.com/carprices/uae/toyota/toyota-land-cruiser-gr-sport/2024/,2026-06-12T05:47:41Z
toyota-land-cruiser-gr-sport,2024,Unknown,2024,350000,176012,"2024 Ford ExpeditionAED 273,945 - 350,000",AED,https://www.drivearabia.com/carprices/uae/toyota/toyota-land-cruiser-gr-sport/2024/,2026-06-12T05:47:41Z
toyota-land-cruiser-gr-sport,2024,Unknown,273945,350000,311972,"AED 273,945 - 350,000",AED,https://www.drivearabia.com/carprices/uae/toyota/toyota-land-cruiser-gr-sport/2024/,2026-06-12T05:47:41Z
toyota-land-cruiser-gr-sport,2024,Unknown,2024,347000,174512,"2024 GMC YukonAED 300,000 - 347,000",AED,https://www.drivearabia.com/carprices/uae/toyota/toyota-land-cruiser-gr-sport/2024/,2026-06-12T05:47:41Z
toyota-land-cruiser-gr-sport,2024,Unknown,2024,347000,174512,"2024 GMC YukonAED 300,000 - 347,000",AED,https://www.drivearabia.com/carprices/uae/toyota/toyota-land-cruiser-gr-sport/2024/,2026-06-12T05:47:41Z
toyota-land-cruiser-gr-sport,2024,Unknown,300000,347000,323500,"AED 300,000 - 347,000",AED,https://www.drivearabia.com/carprices/uae/toyota/toyota-land-cruiser-gr-sport/2024/,2026-06-12T05:47:41Z
toyota-land-cruiser-gr-sport,2024,Trims3.5TC V6 GR 4WD,,,412900,"Original Starting PriceAED 412,900",AED,https://www.drivearabia.com/carprices/uae/toyota/toyota-land-cruiser-gr-sport/2024/,2026-06-12T05:47:41Z
toyota-land-cruiser-gr-sport,2024,Trims3.5TC V6 GR 4WD,,,412900,"AED 412,900",AED,https://www.drivearabia.com/carprices/uae/toyota/toyota-land-cruiser-gr-sport/2024/,2026-06-12T05:47:41Z
toyota-land-cruiser-gr-sport,2024,Unknown,,,412900,"AED 412,900",AED,https://www.drivearabia.com/carprices/uae/toyota/toyota-land-cruiser-gr-sport/2024/,2026-06-12T05:47:41Z
toyota-land-cruiser-gr-sport,2025,Unknown,,,399900,"Starting atAED 399,900",AED,https://www.drivearabia.com/carprices/uae/toyota/toyota-land-cruiser-gr-sport/2025/,2026-06-12T05:47:43Z
toyota-land-cruiser-gr-sport,2025,Unknown,,,399900,"Starting atAED 399,900",AED,https://www.drivearabia.com/carprices/uae/toyota/toyota-land-cruiser-gr-sport/2025/,2026-06-12T05:47:43Z
toyota-land-cruiser-gr-sport,2025,Starting at,,,399900,"AED 399,900",AED,https://www.drivearabia.com/carprices/uae/toyota/toyota-land-cruiser-gr-sport/2025/,2026-06-12T05:47:43Z
toyota-land-cruiser-gr-sport,2025,Trim Prices,9003,399900,204452,"3.5TC V6 GR 4WDAED 399,900 - 412,9003.5TC+E V6 GR 4WDAED 409,900 - 410,000",AED,https://www.drivearabia.com/carprices/uae/toyota/toyota-land-cruiser-gr-sport/2025/,2026-06-12T05:47:43Z
toyota-land-cruiser-gr-sport,2025,Trim Prices,9003,399900,204452,"3.5TC V6 GR 4WDAED 399,900 - 412,9003.5TC+E V6 GR 4WDAED 409,900 - 410,000",AED,https://www.drivearabia.com/carprices/uae/toyota/toyota-land-cruiser-gr-sport/2025/,2026-06-12T05:47:43Z
toyota-land-cruiser-gr-sport,2025,Unknown,399900,412900,406400,"3.5TC V6 GR 4WDAED 399,900 - 412,900",AED,https://www.drivearabia.com/carprices/uae/toyota/toyota-land-cruiser-gr-sport/2025/,2026-06-12T05:47:43Z
toyota-land-cruiser-gr-sport,2025,3.5TC V6 GR 4WD,399900,412900,406400,"AED 399,900 - 412,900",AED,https://www.drivearabia.com/carprices/uae/toyota/toyota-land-cruiser-gr-sport/2025/,2026-06-12T05:47:43Z
toyota-land-cruiser-gr-sport,2025,Unknown,409900,410000,409950,"3.5TC+E V6 GR 4WDAED 409,900 - 410,000",AED,https://www.drivearabia.com/carprices/uae/toyota/toyota-land-cruiser-gr-sport/2025/,2026-06-12T05:47:43Z
toyota-land-cruiser-gr-sport,2025,3.5TC+E V6 GR 4WD,409900,410000,409950,"AED 409,900 - 410,000",AED,https://www.drivearabia.com/carprices/uae/toyota/toyota-land-cruiser-gr-sport/2025/,2026-06-12T05:47:43Z
toyota-land-cruiser-gr-sport,2025,Unknown,2025,354995,178510,"2025 Ford ExpeditionAED 273,945 - 354,995",AED,https://www.drivearabia.com/carprices/uae/toyota/toyota-land-cruiser-gr-sport/2025/,2026-06-12T05:47:43Z
toyota-land-cruiser-gr-sport,2025,Unknown,2025,354995,178510,"2025 Ford ExpeditionAED 273,945 - 354,995",AED,https://www.drivearabia.com/carprices/uae/toyota/toyota-land-cruiser-gr-sport/2025/,2026-06-12T05:47:43Z
toyota-land-cruiser-gr-sport,2025,Unknown,273945,354995,314470,"AED 273,945 - 354,995",AED,https://www.drivearabia.com/carprices/uae/toyota/toyota-land-cruiser-gr-sport/2025/,2026-06-12T05:47:43Z
toyota-land-cruiser-gr-sport,2025,Unknown,2025,380000,191012,"2025 GMC YukonAED 320,000 - 380,000",AED,https://www.drivearabia.com/carprices/uae/toyota/toyota-land-cruiser-gr-sport/2025/,2026-06-12T05:47:43Z
toyota-land-cruiser-gr-sport,2025,Unknown,2025,380000,191012,"2025 GMC YukonAED 320,000 - 380,000",AED,https://www.drivearabia.com/carprices/uae/toyota/toyota-land-cruiser-gr-sport/2025/,2026-06-12T05:47:43Z
toyota-land-cruiser-gr-sport,2025,Unknown,320000,380000,350000,"AED 320,000 - 380,000",AED,https://www.drivearabia.com/carprices/uae/toyota/toyota-land-cruiser-gr-sport/2025/,2026-06-12T05:47:43Z
toyota-land-cruiser-gr-sport,2025,Unknown,2025,450000,226012,"2025 Nissan Patrol NismoAED 449,900 - 450,000",AED,https://www.drivearabia.com/carprices/uae/toyota/toyota-land-cruiser-gr-sport/2025/,2026-06-12T05:47:43Z
toyota-land-cruiser-gr-sport,2025,Unknown,2025,450000,226012,"2025 Nissan Patrol NismoAED 449,900 - 450,000",AED,https://www.drivearabia.com/carprices/uae/toyota/toyota-land-cruiser-gr-sport/2025/,2026-06-12T05:47:43Z
toyota-land-cruiser-gr-sport,2025,Unknown,449900,450000,449950,"AED 449,900 - 450,000",AED,https://www.drivearabia.com/carprices/uae/toyota/toyota-land-cruiser-gr-sport/2025/,2026-06-12T05:47:43Z
toyota-land-cruiser-gr-sport,2025,Trims3.5TC V6 GR 4WD,,,399900,"Starting atAED 399,900",AED,https://www.drivearabia.com/carprices/uae/toyota/toyota-land-cruiser-gr-sport/2025/,2026-06-12T05:47:43Z
toyota-land-cruiser-gr-sport,2025,Starting at,,,399900,"AED 399,900",AED,https://www.drivearabia.com/carprices/uae/toyota/toyota-land-cruiser-gr-sport/2025/,2026-06-12T05:47:43Z
toyota-land-cruiser-gr-sport,2025,Starting at,,,399900,"AED 399,900",AED,https://www.drivearabia.com/carprices/uae/toyota/toyota-land-cruiser-gr-sport/2025/,2026-06-12T05:47:43Z
toyota-land-cruiser-gr-sport,2026,Unknown,,,399900,"Starting atAED 399,900",AED,https://www.drivearabia.com/carprices/uae/toyota/toyota-land-cruiser-gr-sport/2026/,2026-06-12T05:47:45Z
toyota-land-cruiser-gr-sport,2026,Unknown,,,399900,"Starting atAED 399,900",AED,https://www.drivearabia.com/carprices/uae/toyota/toyota-land-cruiser-gr-sport/2026/,2026-06-12T05:47:45Z
toyota-land-cruiser-gr-sport,2026,Starting at,,,399900,"AED 399,900",AED,https://www.drivearabia.com/carprices/uae/toyota/toyota-land-cruiser-gr-sport/2026/,2026-06-12T05:47:45Z
toyota-land-cruiser-gr-sport,2026,Trim Prices,9003,399900,204452,"3.5TC V6 GR 4WDAED 399,900 - 412,9003.5TC+E V6 GR 4WDAED 409,900 - 410,000",AED,https://www.drivearabia.com/carprices/uae/toyota/toyota-land-cruiser-gr-sport/2026/,2026-06-12T05:47:45Z
toyota-land-cruiser-gr-sport,2026,Trim Prices,9003,399900,204452,"3.5TC V6 GR 4WDAED 399,900 - 412,9003.5TC+E V6 GR 4WDAED 409,900 - 410,000",AED,https://www.drivearabia.com/carprices/uae/toyota/toyota-land-cruiser-gr-sport/2026/,2026-06-12T05:47:45Z
toyota-land-cruiser-gr-sport,2026,Unknown,399900,412900,406400,"3.5TC V6 GR 4WDAED 399,900 - 412,900",AED,https://www.drivearabia.com/carprices/uae/toyota/toyota-land-cruiser-gr-sport/2026/,2026-06-12T05:47:45Z
toyota-land-cruiser-gr-sport,2026,3.5TC V6 GR 4WD,399900,412900,406400,"AED 399,900 - 412,900",AED,https://www.drivearabia.com/carprices/uae/toyota/toyota-land-cruiser-gr-sport/2026/,2026-06-12T05:47:45Z
toyota-land-cruiser-gr-sport,2026,Unknown,409900,410000,409950,"3.5TC+E V6 GR 4WDAED 409,900 - 410,000",AED,https://www.drivearabia.com/carprices/uae/toyota/toyota-land-cruiser-gr-sport/2026/,2026-06-12T05:47:45Z
toyota-land-cruiser-gr-sport,2026,3.5TC+E V6 GR 4WD,409900,410000,409950,"AED 409,900 - 410,000",AED,https://www.drivearabia.com/carprices/uae/toyota/toyota-land-cruiser-gr-sport/2026/,2026-06-12T05:47:45Z
toyota-land-cruiser-gr-sport,2026,Unknown,2025,354995,178510,"2025 Ford ExpeditionAED 273,945 - 354,995",AED,https://www.drivearabia.com/carprices/uae/toyota/toyota-land-cruiser-gr-sport/2026/,2026-06-12T05:47:45Z
toyota-land-cruiser-gr-sport,2026,Unknown,2025,354995,178510,"2025 Ford ExpeditionAED 273,945 - 354,995",AED,https://www.drivearabia.com/carprices/uae/toyota/toyota-land-cruiser-gr-sport/2026/,2026-06-12T05:47:45Z
toyota-land-cruiser-gr-sport,2026,Unknown,273945,354995,314470,"AED 273,945 - 354,995",AED,https://www.drivearabia.com/carprices/uae/toyota/toyota-land-cruiser-gr-sport/2026/,2026-06-12T05:47:45Z
toyota-land-cruiser-gr-sport,2026,Unknown,2025,380000,191012,"2025 GMC YukonAED 320,000 - 380,000",AED,https://www.drivearabia.com/carprices/uae/toyota/toyota-land-cruiser-gr-sport/2026/,2026-06-12T05:47:45Z
toyota-land-cruiser-gr-sport,2026,Unknown,2025,380000,191012,"2025 GMC YukonAED 320,000 - 380,000",AED,https://www.drivearabia.com/carprices/uae/toyota/toyota-land-cruiser-gr-sport/2026/,2026-06-12T05:47:45Z
toyota-land-cruiser-gr-sport,2026,Unknown,320000,380000,350000,"AED 320,000 - 380,000",AED,https://www.drivearabia.com/carprices/uae/toyota/toyota-land-cruiser-gr-sport/2026/,2026-06-12T05:47:45Z
toyota-land-cruiser-gr-sport,2026,Unknown,2025,450000,226012,"2025 Nissan Patrol NismoAED 449,900 - 450,000",AED,https://www.drivearabia.com/carprices/uae/toyota/toyota-land-cruiser-gr-sport/2026/,2026-06-12T05:47:45Z
toyota-land-cruiser-gr-sport,2026,Unknown,2025,450000,226012,"2025 Nissan Patrol NismoAED 449,900 - 450,000",AED,https://www.drivearabia.com/carprices/uae/toyota/toyota-land-cruiser-gr-sport/2026/,2026-06-12T05:47:45Z
toyota-land-cruiser-gr-sport,2026,Unknown,449900,450000,449950,"AED 449,900 - 450,000",AED,https://www.drivearabia.com/carprices/uae/toyota/toyota-land-cruiser-gr-sport/2026/,2026-06-12T05:47:45Z
toyota-land-cruiser-gr-sport,2026,Trims3.5TC V6 GR 4WD,,,399900,"Starting atAED 399,900",AED,https://www.drivearabia.com/carprices/uae/toyota/toyota-land-cruiser-gr-sport/2026/,2026-06-12T05:47:45Z
toyota-land-cruiser-gr-sport,2026,Starting at,,,399900,"AED 399,900",AED,https://www.drivearabia.com/carprices/uae/toyota/toyota-land-cruiser-gr-sport/2026/,2026-06-12T05:47:45Z
toyota-land-cruiser-gr-sport,2026,Starting at,,,399900,"AED 399,900",AED,https://www.drivearabia.com/carprices/uae/toyota/toyota-land-cruiser-gr-sport/2026/,2026-06-12T05:47:45Z
toyota-land-cruiser-pickup,2022,Unknown,,,141750,"Original Starting PriceAED 141,750",AED,https://www.drivearabia.com/carprices/uae/toyota/toyota-land-cruiser-pickup/2022/,2026-06-12T05:47:47Z
toyota-land-cruiser-pickup,2022,Unknown,,,141750,"Original Starting PriceAED 141,750",AED,https://www.drivearabia.com/carprices/uae/toyota/toyota-land-cruiser-pickup/2022/,2026-06-12T05:47:47Z
toyota-land-cruiser-pickup,2022,Unknown,,,141750,"AED 141,750",AED,https://www.drivearabia.com/carprices/uae/toyota/toyota-land-cruiser-pickup/2022/,2026-06-12T05:47:47Z
toyota-land-cruiser-pickup,2022,Unknown,,,141750,"4-doorAED 141,750 - 142,000",AED,https://www.drivearabia.com/carprices/uae/toyota/toyota-land-cruiser-pickup/2022/,2026-06-12T05:47:47Z
toyota-land-cruiser-pickup,2022,4-door,141750,142000,141875,"AED 141,750 - 142,000",AED,https://www.drivearabia.com/carprices/uae/toyota/toyota-land-cruiser-pickup/2022/,2026-06-12T05:47:47Z
toyota-land-cruiser-pickup,2022,Unknown,,,151200,"2-doorAED 151,200 - 152,000",AED,https://www.drivearabia.com/carprices/uae/toyota/toyota-land-cruiser-pickup/2022/,2026-06-12T05:47:47Z
toyota-land-cruiser-pickup,2022,2-door,151200,152000,151600,"AED 151,200 - 152,000",AED,https://www.drivearabia.com/carprices/uae/toyota/toyota-land-cruiser-pickup/2022/,2026-06-12T05:47:47Z
toyota-land-cruiser-pickup,2022,Unknown,,,195000,"Overlander 4-doorAED 195,000 - 196,000",AED,https://www.drivearabia.com/carprices/uae/toyota/toyota-land-cruiser-pickup/2022/,2026-06-12T05:47:47Z
toyota-land-cruiser-pickup,2022,Overlander 4-door,195000,196000,195500,"AED 195,000 - 196,000",AED,https://www.drivearabia.com/carprices/uae/toyota/toyota-land-cruiser-pickup/2022/,2026-06-12T05:47:47Z
toyota-land-cruiser-pickup,2022,Other Large Pickup,2022,189000,95511,"2022 Ford F-150AED 189,000 - 301,0002022 Ram 1500AED 162,000 - 232,000",AED,https://www.drivearabia.com/carprices/uae/toyota/toyota-land-cruiser-pickup/2022/,2026-06-12T05:47:47Z
toyota-land-cruiser-pickup,2022,Unknown,2022,189000,95511,"2022 Ford F-150AED 189,000 - 301,000",AED,https://www.drivearabia.com/carprices/uae/toyota/toyota-land-cruiser-pickup/2022/,2026-06-12T05:47:47Z
toyota-land-cruiser-pickup,2022,Unknown,2022,189000,95511,"2022 Ford F-150AED 189,000 - 301,000",AED,https://www.drivearabia.com/carprices/uae/toyota/toyota-land-cruiser-pickup/2022/,2026-06-12T05:47:47Z
toyota-land-cruiser-pickup,2022,Unknown,189000,301000,245000,"AED 189,000 - 301,000",AED,https://www.drivearabia.com/carprices/uae/toyota/toyota-land-cruiser-pickup/2022/,2026-06-12T05:47:47Z
toyota-land-cruiser-pickup,2022,Unknown,2022,232000,117011,"2022 Ram 1500AED 162,000 - 232,000",AED,https://www.drivearabia.com/carprices/uae/toyota/toyota-land-cruiser-pickup/2022/,2026-06-12T05:47:47Z
toyota-land-cruiser-pickup,2022,Unknown,2022,232000,117011,"2022 Ram 1500AED 162,000 - 232,000",AED,https://www.drivearabia.com/carprices/uae/toyota/toyota-land-cruiser-pickup/2022/,2026-06-12T05:47:47Z
toyota-land-cruiser-pickup,2022,Unknown,162000,232000,197000,"AED 162,000 - 232,000",AED,https://www.drivearabia.com/carprices/uae/toyota/toyota-land-cruiser-pickup/2022/,2026-06-12T05:47:47Z
toyota-land-cruiser-pickup,2022,Trims4-door,,,141750,"Original Starting PriceAED 141,750",AED,https://www.drivearabia.com/carprices/uae/toyota/toyota-land-cruiser-pickup/2022/,2026-06-12T05:47:47Z
toyota-land-cruiser-pickup,2022,Trims4-door,,,141750,"AED 141,750",AED,https://www.drivearabia.com/carprices/uae/toyota/toyota-land-cruiser-pickup/2022/,2026-06-12T05:47:47Z
toyota-land-cruiser-pickup,2022,Unknown,,,141750,"AED 141,750",AED,https://www.drivearabia.com/carprices/uae/toyota/toyota-land-cruiser-pickup/2022/,2026-06-12T05:47:47Z
toyota-land-cruiser-pickup,2023,Unknown,,,141750,"Original Starting PriceAED 141,750",AED,https://www.drivearabia.com/carprices/uae/toyota/toyota-land-cruiser-pickup/2023/,2026-06-12T05:47:49Z
toyota-land-cruiser-pickup,2023,Unknown,,,141750,"Original Starting PriceAED 141,750",AED,https://www.drivearabia.com/carprices/uae/toyota/toyota-land-cruiser-pickup/2023/,2026-06-12T05:47:49Z
toyota-land-cruiser-pickup,2023,Unknown,,,141750,"AED 141,750",AED,https://www.drivearabia.com/carprices/uae/toyota/toyota-land-cruiser-pickup/2023/,2026-06-12T05:47:49Z
toyota-land-cruiser-pickup,2023,Unknown,,,141750,"4-doorAED 141,750 - 142,000",AED,https://www.drivearabia.com/carprices/uae/toyota/toyota-land-cruiser-pickup/2023/,2026-06-12T05:47:49Z
toyota-land-cruiser-pickup,2023,4-door,141750,142000,141875,"AED 141,750 - 142,000",AED,https://www.drivearabia.com/carprices/uae/toyota/toyota-land-cruiser-pickup/2023/,2026-06-12T05:47:49Z
toyota-land-cruiser-pickup,2023,Unknown,,,151200,"2-doorAED 151,200 - 152,000",AED,https://www.drivearabia.com/carprices/uae/toyota/toyota-land-cruiser-pickup/2023/,2026-06-12T05:47:49Z
toyota-land-cruiser-pickup,2023,2-door,151200,152000,151600,"AED 151,200 - 152,000",AED,https://www.drivearabia.com/carprices/uae/toyota/toyota-land-cruiser-pickup/2023/,2026-06-12T05:47:49Z
toyota-land-cruiser-pickup,2023,Unknown,,,195000,"Overlander 4-doorAED 195,000 - 196,000",AED,https://www.drivearabia.com/carprices/uae/toyota/toyota-land-cruiser-pickup/2023/,2026-06-12T05:47:49Z
toyota-land-cruiser-pickup,2023,Overlander 4-door,195000,196000,195500,"AED 195,000 - 196,000",AED,https://www.drivearabia.com/carprices/uae/toyota/toyota-land-cruiser-pickup/2023/,2026-06-12T05:47:49Z
toyota-land-cruiser-pickup,2023,Other Large Pickup,2023,189000,95512,"2023 Ford F-150AED 189,000 - 301,0002023 Ram 1500AED 182,000 - 285,000",AED,https://www.drivearabia.com/carprices/uae/toyota/toyota-land-cruiser-pickup/2023/,2026-06-12T05:47:49Z
toyota-land-cruiser-pickup,2023,Unknown,2023,189000,95512,"2023 Ford F-150AED 189,000 - 301,000",AED,https://www.drivearabia.com/carprices/uae/toyota/toyota-land-cruiser-pickup/2023/,2026-06-12T05:47:49Z
toyota-land-cruiser-pickup,2023,Unknown,2023,189000,95512,"2023 Ford F-150AED 189,000 - 301,000",AED,https://www.drivearabia.com/carprices/uae/toyota/toyota-land-cruiser-pickup/2023/,2026-06-12T05:47:49Z
toyota-land-cruiser-pickup,2023,Unknown,189000,301000,245000,"AED 189,000 - 301,000",AED,https://www.drivearabia.com/carprices/uae/toyota/toyota-land-cruiser-pickup/2023/,2026-06-12T05:47:49Z
toyota-land-cruiser-pickup,2023,Unknown,2023,285000,143512,"2023 Ram 1500AED 182,000 - 285,000",AED,https://www.drivearabia.com/carprices/uae/toyota/toyota-land-cruiser-pickup/2023/,2026-06-12T05:47:49Z
toyota-land-cruiser-pickup,2023,Unknown,2023,285000,143512,"2023 Ram 1500AED 182,000 - 285,000",AED,https://www.drivearabia.com/carprices/uae/toyota/toyota-land-cruiser-pickup/2023/,2026-06-12T05:47:49Z
toyota-land-cruiser-pickup,2023,Unknown,182000,285000,233500,"AED 182,000 - 285,000",AED,https://www.drivearabia.com/carprices/uae/toyota/toyota-land-cruiser-pickup/2023/,2026-06-12T05:47:49Z
toyota-land-cruiser-pickup,2023,Trims4-door,,,141750,"Original Starting PriceAED 141,750",AED,https://www.drivearabia.com/carprices/uae/toyota/toyota-land-cruiser-pickup/2023/,2026-06-12T05:47:49Z
toyota-land-cruiser-pickup,2023,Trims4-door,,,141750,"AED 141,750",AED,https://www.drivearabia.com/carprices/uae/toyota/toyota-land-cruiser-pickup/2023/,2026-06-12T05:47:49Z
toyota-land-cruiser-pickup,2023,Unknown,,,141750,"AED 141,750",AED,https://www.drivearabia.com/carprices/uae/toyota/toyota-land-cruiser-pickup/2023/,2026-06-12T05:47:49Z
toyota-land-cruiser-pickup,2024,Unknown,,,141750,"Original Starting PriceAED 141,750",AED,https://www.drivearabia.com/carprices/uae/toyota/toyota-land-cruiser-pickup/2024/,2026-06-12T05:47:51Z
toyota-land-cruiser-pickup,2024,Unknown,,,141750,"Original Starting PriceAED 141,750",AED,https://www.drivearabia.com/carprices/uae/toyota/toyota-land-cruiser-pickup/2024/,2026-06-12T05:47:51Z
toyota-land-cruiser-pickup,2024,Unknown,,,141750,"AED 141,750",AED,https://www.drivearabia.com/carprices/uae/toyota/toyota-land-cruiser-pickup/2024/,2026-06-12T05:47:51Z
toyota-land-cruiser-pickup,2024,Unknown,,,141750,"4-doorAED 141,750 - 142,000",AED,https://www.drivearabia.com/carprices/uae/toyota/toyota-land-cruiser-pickup/2024/,2026-06-12T05:47:51Z
toyota-land-cruiser-pickup,2024,4-door,141750,142000,141875,"AED 141,750 - 142,000",AED,https://www.drivearabia.com/carprices/uae/toyota/toyota-land-cruiser-pickup/2024/,2026-06-12T05:47:51Z
toyota-land-cruiser-pickup,2024,Unknown,,,151200,"2-doorAED 151,200 - 152,000",AED,https://www.drivearabia.com/carprices/uae/toyota/toyota-land-cruiser-pickup/2024/,2026-06-12T05:47:51Z
toyota-land-cruiser-pickup,2024,2-door,151200,152000,151600,"AED 151,200 - 152,000",AED,https://www.drivearabia.com/carprices/uae/toyota/toyota-land-cruiser-pickup/2024/,2026-06-12T05:47:51Z
toyota-land-cruiser-pickup,2024,Unknown,,,195000,"Overlander 4-doorAED 195,000 - 196,000",AED,https://www.drivearabia.com/carprices/uae/toyota/toyota-land-cruiser-pickup/2024/,2026-06-12T05:47:51Z
toyota-land-cruiser-pickup,2024,Overlander 4-door,195000,196000,195500,"AED 195,000 - 196,000",AED,https://www.drivearabia.com/carprices/uae/toyota/toyota-land-cruiser-pickup/2024/,2026-06-12T05:47:51Z
toyota-land-cruiser-pickup,2024,Other Large Pickup,2024,189000,95512,"2024 Ford F-150AED 189,000 - 301,0002024 Ram 1500AED 259,900 - 285,000",AED,https://www.drivearabia.com/carprices/uae/toyota/toyota-land-cruiser-pickup/2024/,2026-06-12T05:47:51Z
toyota-land-cruiser-pickup,2024,Unknown,2024,189000,95512,"2024 Ford F-150AED 189,000 - 301,000",AED,https://www.drivearabia.com/carprices/uae/toyota/toyota-land-cruiser-pickup/2024/,2026-06-12T05:47:51Z
toyota-land-cruiser-pickup,2024,Unknown,2024,189000,95512,"2024 Ford F-150AED 189,000 - 301,000",AED,https://www.drivearabia.com/carprices/uae/toyota/toyota-land-cruiser-pickup/2024/,2026-06-12T05:47:51Z
toyota-land-cruiser-pickup,2024,Unknown,189000,301000,245000,"AED 189,000 - 301,000",AED,https://www.drivearabia.com/carprices/uae/toyota/toyota-land-cruiser-pickup/2024/,2026-06-12T05:47:51Z
toyota-land-cruiser-pickup,2024,Unknown,2024,285000,143512,"2024 Ram 1500AED 259,900 - 285,000",AED,https://www.drivearabia.com/carprices/uae/toyota/toyota-land-cruiser-pickup/2024/,2026-06-12T05:47:51Z
toyota-land-cruiser-pickup,2024,Unknown,2024,285000,143512,"2024 Ram 1500AED 259,900 - 285,000",AED,https://www.drivearabia.com/carprices/uae/toyota/toyota-land-cruiser-pickup/2024/,2026-06-12T05:47:51Z
toyota-land-cruiser-pickup,2024,Unknown,259900,285000,272450,"AED 259,900 - 285,000",AED,https://www.drivearabia.com/carprices/uae/toyota/toyota-land-cruiser-pickup/2024/,2026-06-12T05:47:51Z
toyota-land-cruiser-pickup,2024,Trims4-door,,,141750,"Original Starting PriceAED 141,750",AED,https://www.drivearabia.com/carprices/uae/toyota/toyota-land-cruiser-pickup/2024/,2026-06-12T05:47:51Z
toyota-land-cruiser-pickup,2024,Trims4-door,,,141750,"AED 141,750",AED,https://www.drivearabia.com/carprices/uae/toyota/toyota-land-cruiser-pickup/2024/,2026-06-12T05:47:51Z
toyota-land-cruiser-pickup,2024,Unknown,,,141750,"AED 141,750",AED,https://www.drivearabia.com/carprices/uae/toyota/toyota-land-cruiser-pickup/2024/,2026-06-12T05:47:51Z
toyota-land-cruiser-prado,2022,Unknown,,,165900,"Original Starting PriceAED 165,900",AED,https://www.drivearabia.com/carprices/uae/toyota/toyota-land-cruiser-prado/2022/,2026-06-12T05:47:55Z
toyota-land-cruiser-prado,2022,Unknown,,,165900,"Original Starting PriceAED 165,900",AED,https://www.drivearabia.com/carprices/uae/toyota/toyota-land-cruiser-prado/2022/,2026-06-12T05:47:55Z
toyota-land-cruiser-prado,2022,Unknown,,,165900,"AED 165,900",AED,https://www.drivearabia.com/carprices/uae/toyota/toyota-land-cruiser-prado/2022/,2026-06-12T05:47:55Z
toyota-land-cruiser-prado,2022,Unknown,165900,166000,165950,"4.0 V6 EXRAED 165,900 - 166,000",AED,https://www.drivearabia.com/carprices/uae/toyota/toyota-land-cruiser-prado/2022/,2026-06-12T05:47:55Z
toyota-land-cruiser-prado,2022,4.0 V6 EXR,165900,166000,165950,"AED 165,900 - 166,000",AED,https://www.drivearabia.com/carprices/uae/toyota/toyota-land-cruiser-prado/2022/,2026-06-12T05:47:55Z
toyota-land-cruiser-prado,2022,Unknown,183900,184000,183950,"4.0 V6 GXRAED 183,900 - 184,000",AED,https://www.drivearabia.com/carprices/uae/toyota/toyota-land-cruiser-prado/2022/,2026-06-12T05:47:55Z
toyota-land-cruiser-prado,2022,4.0 V6 GXR,183900,184000,183950,"AED 183,900 - 184,000",AED,https://www.drivearabia.com/carprices/uae/toyota/toyota-land-cruiser-prado/2022/,2026-06-12T05:47:55Z
toyota-land-cruiser-prado,2022,Unknown,198900,199000,198950,"4.0 V6 VXRAED 198,900 - 199,000",AED,https://www.drivearabia.com/carprices/uae/toyota/toyota-land-cruiser-prado/2022/,2026-06-12T05:47:55Z
toyota-land-cruiser-prado,2022,4.0 V6 VXR,198900,199000,198950,"AED 198,900 - 199,000",AED,https://www.drivearabia.com/carprices/uae/toyota/toyota-land-cruiser-prado/2022/,2026-06-12T05:47:55Z
toyota-land-cruiser-prado,2022,Unknown,2022,237000,119511,"2022 Ford ExplorerAED 155,000 - 237,000",AED,https://www.drivearabia.com/carprices/uae/toyota/toyota-land-cruiser-prado/2022/,2026-06-12T05:47:55Z
toyota-land-cruiser-prado,2022,Unknown,2022,237000,119511,"2022 Ford ExplorerAED 155,000 - 237,000",AED,https://www.drivearabia.com/carprices/uae/toyota/toyota-land-cruiser-prado/2022/,2026-06-12T05:47:55Z
toyota-land-cruiser-prado,2022,Unknown,155000,237000,196000,"AED 155,000 - 237,000",AED,https://www.drivearabia.com/carprices/uae/toyota/toyota-land-cruiser-prado/2022/,2026-06-12T05:47:55Z
toyota-land-cruiser-prado,2022,Unknown,2022,208000,105011,"2022 Jeep Wrangler UnlimitedAED 159,900 - 208,000",AED,https://www.drivearabia.com/carprices/uae/toyota/toyota-land-cruiser-prado/2022/,2026-06-12T05:47:55Z
toyota-land-cruiser-prado,2022,Unknown,2022,208000,105011,"2022 Jeep Wrangler UnlimitedAED 159,900 - 208,000",AED,https://www.drivearabia.com/carprices/uae/toyota/toyota-land-cruiser-prado/2022/,2026-06-12T05:47:55Z
toyota-land-cruiser-prado,2022,Unknown,159900,208000,183950,"AED 159,900 - 208,000",AED,https://www.drivearabia.com/carprices/uae/toyota/toyota-land-cruiser-prado/2022/,2026-06-12T05:47:55Z
toyota-land-cruiser-prado,2022,Unknown,2022,165900,83961,"The starting price of the 2022 Toyota Land Cruiser Prado in UAE is AED 165,900.",AED,https://www.drivearabia.com/carprices/uae/toyota/toyota-land-cruiser-prado/2022/,2026-06-12T05:47:55Z
toyota-land-cruiser-prado,2022,Unknown,2022,165900,83961,"The starting price of the 2022 Toyota Land Cruiser Prado in UAE is AED 165,900.",AED,https://www.drivearabia.com/carprices/uae/toyota/toyota-land-cruiser-prado/2022/,2026-06-12T05:47:55Z
toyota-land-cruiser-prado,2022,Trims4.0 V6 EXR,,,165900,"Original Starting PriceAED 165,900",AED,https://www.drivearabia.com/carprices/uae/toyota/toyota-land-cruiser-prado/2022/,2026-06-12T05:47:55Z
toyota-land-cruiser-prado,2022,Trims4.0 V6 EXR,,,165900,"AED 165,900",AED,https://www.drivearabia.com/carprices/uae/toyota/toyota-land-cruiser-prado/2022/,2026-06-12T05:47:55Z
toyota-land-cruiser-prado,2022,Unknown,,,165900,"AED 165,900",AED,https://www.drivearabia.com/carprices/uae/toyota/toyota-land-cruiser-prado/2022/,2026-06-12T05:47:55Z
toyota-land-cruiser-prado,2023,Unknown,,,167900,"Original Starting PriceAED 167,900",AED,https://www.drivearabia.com/carprices/uae/toyota/toyota-land-cruiser-prado/2023/,2026-06-12T05:47:57Z
toyota-land-cruiser-prado,2023,Unknown,,,167900,"Original Starting PriceAED 167,900",AED,https://www.drivearabia.com/carprices/uae/toyota/toyota-land-cruiser-prado/2023/,2026-06-12T05:47:57Z
toyota-land-cruiser-prado,2023,Unknown,,,167900,"AED 167,900",AED,https://www.drivearabia.com/carprices/uae/toyota/toyota-land-cruiser-prado/2023/,2026-06-12T05:47:57Z
toyota-land-cruiser-prado,2023,Unknown,167900,168000,167950,"4.0 V6 EXRAED 167,900 - 168,000",AED,https://www.drivearabia.com/carprices/uae/toyota/toyota-land-cruiser-prado/2023/,2026-06-12T05:47:57Z
toyota-land-cruiser-prado,2023,4.0 V6 EXR,167900,168000,167950,"AED 167,900 - 168,000",AED,https://www.drivearabia.com/carprices/uae/toyota/toyota-land-cruiser-prado/2023/,2026-06-12T05:47:57Z
toyota-land-cruiser-prado,2023,Unknown,183900,184000,183950,"4.0 V6 GXRAED 183,900 - 184,000",AED,https://www.drivearabia.com/carprices/uae/toyota/toyota-land-cruiser-prado/2023/,2026-06-12T05:47:57Z
toyota-land-cruiser-prado,2023,4.0 V6 GXR,183900,184000,183950,"AED 183,900 - 184,000",AED,https://www.drivearabia.com/carprices/uae/toyota/toyota-land-cruiser-prado/2023/,2026-06-12T05:47:57Z
toyota-land-cruiser-prado,2023,Unknown,200900,201000,200950,"4.0 V6 VXRAED 200,900 - 201,000",AED,https://www.drivearabia.com/carprices/uae/toyota/toyota-land-cruiser-prado/2023/,2026-06-12T05:47:57Z
toyota-land-cruiser-prado,2023,4.0 V6 VXR,200900,201000,200950,"AED 200,900 - 201,000",AED,https://www.drivearabia.com/carprices/uae/toyota/toyota-land-cruiser-prado/2023/,2026-06-12T05:47:57Z
toyota-land-cruiser-prado,2023,Unknown,229900,230000,229950,"4.0 V6 LimitedAED 229,900 - 230,000",AED,https://www.drivearabia.com/carprices/uae/toyota/toyota-land-cruiser-prado/2023/,2026-06-12T05:47:57Z
toyota-land-cruiser-prado,2023,4.0 V6 Limited,229900,230000,229950,"AED 229,900 - 230,000",AED,https://www.drivearabia.com/carprices/uae/toyota/toyota-land-cruiser-prado/2023/,2026-06-12T05:47:57Z
toyota-land-cruiser-prado,2023,Unknown,2023,237000,119512,"2023 Ford ExplorerAED 155,000 - 237,000",AED,https://www.drivearabia.com/carprices/uae/toyota/toyota-land-cruiser-prado/2023/,2026-06-12T05:47:57Z
toyota-land-cruiser-prado,2023,Unknown,2023,237000,119512,"2023 Ford ExplorerAED 155,000 - 237,000",AED,https://www.drivearabia.com/carprices/uae/toyota/toyota-land-cruiser-prado/2023/,2026-06-12T05:47:57Z
toyota-land-cruiser-prado,2023,Unknown,155000,237000,196000,"AED 155,000 - 237,000",AED,https://www.drivearabia.com/carprices/uae/toyota/toyota-land-cruiser-prado/2023/,2026-06-12T05:47:57Z
toyota-land-cruiser-prado,2023,Unknown,2023,208000,105012,"2023 Jeep Wrangler UnlimitedAED 159,900 - 208,000",AED,https://www.drivearabia.com/carprices/uae/toyota/toyota-land-cruiser-prado/2023/,2026-06-12T05:47:57Z
toyota-land-cruiser-prado,2023,Unknown,2023,208000,105012,"2023 Jeep Wrangler UnlimitedAED 159,900 - 208,000",AED,https://www.drivearabia.com/carprices/uae/toyota/toyota-land-cruiser-prado/2023/,2026-06-12T05:47:57Z
toyota-land-cruiser-prado,2023,Unknown,159900,208000,183950,"AED 159,900 - 208,000",AED,https://www.drivearabia.com/carprices/uae/toyota/toyota-land-cruiser-prado/2023/,2026-06-12T05:47:57Z
toyota-land-cruiser-prado,2023,Unknown,2023,135000,68512,"2023 Mitsubishi Montero SportAED 79,900 - 135,000",AED,https://www.drivearabia.com/carprices/uae/toyota/toyota-land-cruiser-prado/2023/,2026-06-12T05:47:57Z
toyota-land-cruiser-prado,2023,Unknown,2023,135000,68512,"2023 Mitsubishi Montero SportAED 79,900 - 135,000",AED,https://www.drivearabia.com/carprices/uae/toyota/toyota-land-cruiser-prado/2023/,2026-06-12T05:47:57Z
toyota-land-cruiser-prado,2023,Unknown,79900,135000,107450,"AED 79,900 - 135,000",AED,https://www.drivearabia.com/carprices/uae/toyota/toyota-land-cruiser-prado/2023/,2026-06-12T05:47:57Z
toyota-land-cruiser-prado,2023,Unknown,2023,167900,84962,"The starting price of the 2023 Toyota Land Cruiser Prado in UAE is AED 167,900.",AED,https://www.drivearabia.com/carprices/uae/toyota/toyota-land-cruiser-prado/2023/,2026-06-12T05:47:57Z
toyota-land-cruiser-prado,2023,Unknown,2023,167900,84962,"The starting price of the 2023 Toyota Land Cruiser Prado in UAE is AED 167,900.",AED,https://www.drivearabia.com/carprices/uae/toyota/toyota-land-cruiser-prado/2023/,2026-06-12T05:47:57Z
toyota-land-cruiser-prado,2023,Trims4.0 V6 EXR,,,167900,"Original Starting PriceAED 167,900",AED,https://www.drivearabia.com/carprices/uae/toyota/toyota-land-cruiser-prado/2023/,2026-06-12T05:47:57Z
toyota-land-cruiser-prado,2023,Trims4.0 V6 EXR,,,167900,"AED 167,900",AED,https://www.drivearabia.com/carprices/uae/toyota/toyota-land-cruiser-prado/2023/,2026-06-12T05:47:57Z
toyota-land-cruiser-prado,2023,Unknown,,,167900,"AED 167,900",AED,https://www.drivearabia.com/carprices/uae/toyota/toyota-land-cruiser-prado/2023/,2026-06-12T05:47:57Z
toyota-land-cruiser-prado,2024,Unknown,,,199900,"Original Starting PriceAED 199,900",AED,https://www.drivearabia.com/carprices/uae/toyota/toyota-land-cruiser-prado/2024/,2026-06-12T05:47:59Z
toyota-land-cruiser-prado,2024,Unknown,,,199900,"Original Starting PriceAED 199,900",AED,https://www.drivearabia.com/carprices/uae/toyota/toyota-land-cruiser-prado/2024/,2026-06-12T05:47:59Z
toyota-land-cruiser-prado,2024,Unknown,,,199900,"AED 199,900",AED,https://www.drivearabia.com/carprices/uae/toyota/toyota-land-cruiser-prado/2024/,2026-06-12T05:47:59Z
toyota-land-cruiser-prado,2024,Unknown,199900,200000,199950,"2.4TC I4 TXR 4WDAED 199,900 - 200,000",AED,https://www.drivearabia.com/carprices/uae/toyota/toyota-land-cruiser-prado/2024/,2026-06-12T05:47:59Z
toyota-land-cruiser-prado,2024,2.4TC I4 TXR 4WD,199900,200000,199950,"AED 199,900 - 200,000",AED,https://www.drivearabia.com/carprices/uae/toyota/toyota-land-cruiser-prado/2024/,2026-06-12T05:47:59Z
toyota-land-cruiser-prado,2024,Unknown,219900,220000,219950,"2.4TC I4 GXR 4WDAED 219,900 - 220,000",AED,https://www.drivearabia.com/carprices/uae/toyota/toyota-land-cruiser-prado/2024/,2026-06-12T05:47:59Z
toyota-land-cruiser-prado,2024,2.4TC I4 GXR 4WD,219900,220000,219950,"AED 219,900 - 220,000",AED,https://www.drivearabia.com/carprices/uae/toyota/toyota-land-cruiser-prado/2024/,2026-06-12T05:47:59Z
toyota-land-cruiser-prado,2024,Unknown,229900,230000,229950,"2.4TC I4 GXL 4WDAED 229,900 - 230,000",AED,https://www.drivearabia.com/carprices/uae/toyota/toyota-land-cruiser-prado/2024/,2026-06-12T05:47:59Z
toyota-land-cruiser-prado,2024,2.4TC I4 GXL 4WD,229900,230000,229950,"AED 229,900 - 230,000",AED,https://www.drivearabia.com/carprices/uae/toyota/toyota-land-cruiser-prado/2024/,2026-06-12T05:47:59Z
toyota-land-cruiser-prado,2024,Unknown,254900,255000,254950,"2.4TC I4 Adventure 4WDAED 254,900 - 255,000",AED,https://www.drivearabia.com/carprices/uae/toyota/toyota-land-cruiser-prado/2024/,2026-06-12T05:47:59Z
toyota-land-cruiser-prado,2024,2.4TC I4 Adventure 4WD,254900,255000,254950,"AED 254,900 - 255,000",AED,https://www.drivearabia.com/carprices/uae/toyota/toyota-land-cruiser-prado/2024/,2026-06-12T05:47:59Z
toyota-land-cruiser-prado,2024,"2.4TC I4 Adventure 4WDAED 254,900 - 255,000",264900,265000,264950,"2.4 TC I4 Adventure First Edition 4WDAED 264,900 - 265,000",AED,https://www.drivearabia.com/carprices/uae/toyota/toyota-land-cruiser-prado/2024/,2026-06-12T05:47:59Z
toyota-land-cruiser-prado,2024,2.4 TC I4 Adventure First Edition 4WD,264900,265000,264950,"AED 264,900 - 265,000",AED,https://www.drivearabia.com/carprices/uae/toyota/toyota-land-cruiser-prado/2024/,2026-06-12T05:47:59Z
toyota-land-cruiser-prado,2024,Unknown,2024,237000,119512,"2024 Ford ExplorerAED 155,000 - 237,000",AED,https://www.drivearabia.com/carprices/uae/toyota/toyota-land-cruiser-prado/2024/,2026-06-12T05:47:59Z
toyota-land-cruiser-prado,2024,Unknown,2024,237000,119512,"2024 Ford ExplorerAED 155,000 - 237,000",AED,https://www.drivearabia.com/carprices/uae/toyota/toyota-land-cruiser-prado/2024/,2026-06-12T05:47:59Z
toyota-land-cruiser-prado,2024,Unknown,155000,237000,196000,"AED 155,000 - 237,000",AED,https://www.drivearabia.com/carprices/uae/toyota/toyota-land-cruiser-prado/2024/,2026-06-12T05:47:59Z
toyota-land-cruiser-prado,2024,Unknown,2024,291000,146512,"2024 Jeep Wrangler UnlimitedAED 207,500 - 291,000",AED,https://www.drivearabia.com/carprices/uae/toyota/toyota-land-cruiser-prado/2024/,2026-06-12T05:47:59Z
toyota-land-cruiser-prado,2024,Unknown,2024,291000,146512,"2024 Jeep Wrangler UnlimitedAED 207,500 - 291,000",AED,https://www.drivearabia.com/carprices/uae/toyota/toyota-land-cruiser-prado/2024/,2026-06-12T05:47:59Z
toyota-land-cruiser-prado,2024,Unknown,207500,291000,249250,"AED 207,500 - 291,000",AED,https://www.drivearabia.com/carprices/uae/toyota/toyota-land-cruiser-prado/2024/,2026-06-12T05:47:59Z
toyota-land-cruiser-prado,2024,Unknown,2024,135000,68512,"2024 Mitsubishi Montero SportAED 93,350 - 135,000",AED,https://www.drivearabia.com/carprices/uae/toyota/toyota-land-cruiser-prado/2024/,2026-06-12T05:47:59Z
toyota-land-cruiser-prado,2024,Unknown,2024,135000,68512,"2024 Mitsubishi Montero SportAED 93,350 - 135,000",AED,https://www.drivearabia.com/carprices/uae/toyota/toyota-land-cruiser-prado/2024/,2026-06-12T05:47:59Z
toyota-land-cruiser-prado,2024,Unknown,93350,135000,114175,"AED 93,350 - 135,000",AED,https://www.drivearabia.com/carprices/uae/toyota/toyota-land-cruiser-prado/2024/,2026-06-12T05:47:59Z
toyota-land-cruiser-prado,2024,Unknown,2024,199900,100962,"The starting price of the 2024 Toyota Land Cruiser Prado in UAE is AED 199,900.",AED,https://www.drivearabia.com/carprices/uae/toyota/toyota-land-cruiser-prado/2024/,2026-06-12T05:47:59Z
toyota-land-cruiser-prado,2024,Unknown,2024,199900,100962,"The starting price of the 2024 Toyota Land Cruiser Prado in UAE is AED 199,900.",AED,https://www.drivearabia.com/carprices/uae/toyota/toyota-land-cruiser-prado/2024/,2026-06-12T05:47:59Z
toyota-land-cruiser-prado,2024,Trims2.4TC I4 TXR 4WD,,,199900,"Original Starting PriceAED 199,900",AED,https://www.drivearabia.com/carprices/uae/toyota/toyota-land-cruiser-prado/2024/,2026-06-12T05:47:59Z
toyota-land-cruiser-prado,2024,Trims2.4TC I4 TXR 4WD,,,199900,"AED 199,900",AED,https://www.drivearabia.com/carprices/uae/toyota/toyota-land-cruiser-prado/2024/,2026-06-12T05:47:59Z
toyota-land-cruiser-prado,2024,Unknown,,,199900,"AED 199,900",AED,https://www.drivearabia.com/carprices/uae/toyota/toyota-land-cruiser-prado/2024/,2026-06-12T05:47:59Z
toyota-land-cruiser-prado,2025,Unknown,,,199900,"Starting atAED 199,900",AED,https://www.drivearabia.com/carprices/uae/toyota/toyota-land-cruiser-prado/2025/,2026-06-12T05:48:01Z
toyota-land-cruiser-prado,2025,Unknown,,,199900,"Starting atAED 199,900",AED,https://www.drivearabia.com/carprices/uae/toyota/toyota-land-cruiser-prado/2025/,2026-06-12T05:48:01Z
toyota-land-cruiser-prado,2025,Starting at,,,199900,"AED 199,900",AED,https://www.drivearabia.com/carprices/uae/toyota/toyota-land-cruiser-prado/2025/,2026-06-12T05:48:01Z
toyota-land-cruiser-prado,2025,Unknown,199900,200000,199950,"2.4TC I4 TXR 4WDAED 199,900 - 200,000",AED,https://www.drivearabia.com/carprices/uae/toyota/toyota-land-cruiser-prado/2025/,2026-06-12T05:48:01Z
toyota-land-cruiser-prado,2025,2.4TC I4 TXR 4WD,199900,200000,199950,"AED 199,900 - 200,000",AED,https://www.drivearabia.com/carprices/uae/toyota/toyota-land-cruiser-prado/2025/,2026-06-12T05:48:01Z
toyota-land-cruiser-prado,2025,Unknown,219900,220000,219950,"2.4TC I4 GXR 4WDAED 219,900 - 220,000",AED,https://www.drivearabia.com/carprices/uae/toyota/toyota-land-cruiser-prado/2025/,2026-06-12T05:48:01Z
toyota-land-cruiser-prado,2025,2.4TC I4 GXR 4WD,219900,220000,219950,"AED 219,900 - 220,000",AED,https://www.drivearabia.com/carprices/uae/toyota/toyota-land-cruiser-prado/2025/,2026-06-12T05:48:01Z
toyota-land-cruiser-prado,2025,Unknown,229900,230000,229950,"2.4TC I4 GXL 4WDAED 229,900 - 230,000",AED,https://www.drivearabia.com/carprices/uae/toyota/toyota-land-cruiser-prado/2025/,2026-06-12T05:48:01Z
toyota-land-cruiser-prado,2025,2.4TC I4 GXL 4WD,229900,230000,229950,"AED 229,900 - 230,000",AED,https://www.drivearabia.com/carprices/uae/toyota/toyota-land-cruiser-prado/2025/,2026-06-12T05:48:01Z
toyota-land-cruiser-prado,2025,Unknown,254900,255000,254950,"2.4TC I4 Adventure 4WDAED 254,900 - 255,000",AED,https://www.drivearabia.com/carprices/uae/toyota/toyota-land-cruiser-prado/2025/,2026-06-12T05:48:01Z
toyota-land-cruiser-prado,2025,2.4TC I4 Adventure 4WD,254900,255000,254950,"AED 254,900 - 255,000",AED,https://www.drivearabia.com/carprices/uae/toyota/toyota-land-cruiser-prado/2025/,2026-06-12T05:48:01Z
toyota-land-cruiser-prado,2025,"2.4TC I4 Adventure 4WDAED 254,900 - 255,000",264900,265000,264950,"2.4 TC I4 VXR 4WDAED 264,900 - 265,000",AED,https://www.drivearabia.com/carprices/uae/toyota/toyota-land-cruiser-prado/2025/,2026-06-12T05:48:01Z
toyota-land-cruiser-prado,2025,2.4 TC I4 VXR 4WD,264900,265000,264950,"AED 264,900 - 265,000",AED,https://www.drivearabia.com/carprices/uae/toyota/toyota-land-cruiser-prado/2025/,2026-06-12T05:48:01Z
toyota-land-cruiser-prado,2025,Unknown,2025,246000,124012,"2025 Ford ExplorerAED 213,045 - 246,000",AED,https://www.drivearabia.com/carprices/uae/toyota/toyota-land-cruiser-prado/2025/,2026-06-12T05:48:01Z
toyota-land-cruiser-prado,2025,Unknown,2025,246000,124012,"2025 Ford ExplorerAED 213,045 - 246,000",AED,https://www.drivearabia.com/carprices/uae/toyota/toyota-land-cruiser-prado/2025/,2026-06-12T05:48:01Z
toyota-land-cruiser-prado,2025,Unknown,213045,246000,229522,"AED 213,045 - 246,000",AED,https://www.drivearabia.com/carprices/uae/toyota/toyota-land-cruiser-prado/2025/,2026-06-12T05:48:01Z
toyota-land-cruiser-prado,2025,Unknown,2025,135000,68512,"2025 Mitsubishi Montero SportAED 93,350 - 135,000",AED,https://www.drivearabia.com/carprices/uae/toyota/toyota-land-cruiser-prado/2025/,2026-06-12T05:48:01Z
toyota-land-cruiser-prado,2025,Unknown,2025,135000,68512,"2025 Mitsubishi Montero SportAED 93,350 - 135,000",AED,https://www.drivearabia.com/carprices/uae/toyota/toyota-land-cruiser-prado/2025/,2026-06-12T05:48:01Z
toyota-land-cruiser-prado,2025,Unknown,93350,135000,114175,"AED 93,350 - 135,000",AED,https://www.drivearabia.com/carprices/uae/toyota/toyota-land-cruiser-prado/2025/,2026-06-12T05:48:01Z
toyota-land-cruiser-prado,2025,Unknown,2025,291000,146512,"2025 Jeep Wrangler UnlimitedAED 207,500 - 291,000",AED,https://www.drivearabia.com/carprices/uae/toyota/toyota-land-cruiser-prado/2025/,2026-06-12T05:48:01Z
toyota-land-cruiser-prado,2025,Unknown,2025,291000,146512,"2025 Jeep Wrangler UnlimitedAED 207,500 - 291,000",AED,https://www.drivearabia.com/carprices/uae/toyota/toyota-land-cruiser-prado/2025/,2026-06-12T05:48:01Z
toyota-land-cruiser-prado,2025,Unknown,207500,291000,249250,"AED 207,500 - 291,000",AED,https://www.drivearabia.com/carprices/uae/toyota/toyota-land-cruiser-prado/2025/,2026-06-12T05:48:01Z
toyota-land-cruiser-prado,2025,Unknown,2025,199900,100962,"The starting price of the 2025 Toyota Land Cruiser Prado in UAE is AED 199,900.",AED,https://www.drivearabia.com/carprices/uae/toyota/toyota-land-cruiser-prado/2025/,2026-06-12T05:48:01Z
toyota-land-cruiser-prado,2025,Unknown,2025,199900,100962,"The starting price of the 2025 Toyota Land Cruiser Prado in UAE is AED 199,900.",AED,https://www.drivearabia.com/carprices/uae/toyota/toyota-land-cruiser-prado/2025/,2026-06-12T05:48:01Z
toyota-land-cruiser-prado,2025,Trims2.4TC I4 TXR 4WD,,,199900,"Starting atAED 199,900",AED,https://www.drivearabia.com/carprices/uae/toyota/toyota-land-cruiser-prado/2025/,2026-06-12T05:48:01Z
toyota-land-cruiser-prado,2025,Starting at,,,199900,"AED 199,900",AED,https://www.drivearabia.com/carprices/uae/toyota/toyota-land-cruiser-prado/2025/,2026-06-12T05:48:01Z
toyota-land-cruiser-prado,2025,Starting at,,,199900,"AED 199,900",AED,https://www.drivearabia.com/carprices/uae/toyota/toyota-land-cruiser-prado/2025/,2026-06-12T05:48:01Z
toyota-land-cruiser-prado,2026,Unknown,,,199900,"Starting atAED 199,900",AED,https://www.drivearabia.com/carprices/uae/toyota/toyota-land-cruiser-prado/2026/,2026-06-12T05:48:03Z
toyota-land-cruiser-prado,2026,Unknown,,,199900,"Starting atAED 199,900",AED,https://www.drivearabia.com/carprices/uae/toyota/toyota-land-cruiser-prado/2026/,2026-06-12T05:48:03Z
toyota-land-cruiser-prado,2026,Starting at,,,199900,"AED 199,900",AED,https://www.drivearabia.com/carprices/uae/toyota/toyota-land-cruiser-prado/2026/,2026-06-12T05:48:03Z
toyota-land-cruiser-prado,2026,Unknown,199900,200000,199950,"2.4TC I4 TXR 4WDAED 199,900 - 200,000",AED,https://www.drivearabia.com/carprices/uae/toyota/toyota-land-cruiser-prado/2026/,2026-06-12T05:48:03Z
toyota-land-cruiser-prado,2026,2.4TC I4 TXR 4WD,199900,200000,199950,"AED 199,900 - 200,000",AED,https://www.drivearabia.com/carprices/uae/toyota/toyota-land-cruiser-prado/2026/,2026-06-12T05:48:03Z
toyota-land-cruiser-prado,2026,Unknown,219900,220000,219950,"2.4TC I4 GXR 4WDAED 219,900 - 220,000",AED,https://www.drivearabia.com/carprices/uae/toyota/toyota-land-cruiser-prado/2026/,2026-06-12T05:48:03Z
toyota-land-cruiser-prado,2026,2.4TC I4 GXR 4WD,219900,220000,219950,"AED 219,900 - 220,000",AED,https://www.drivearabia.com/carprices/uae/toyota/toyota-land-cruiser-prado/2026/,2026-06-12T05:48:03Z
toyota-land-cruiser-prado,2026,Unknown,229900,230000,229950,"2.4TC I4 GXL 4WDAED 229,900 - 230,000",AED,https://www.drivearabia.com/carprices/uae/toyota/toyota-land-cruiser-prado/2026/,2026-06-12T05:48:03Z
toyota-land-cruiser-prado,2026,2.4TC I4 GXL 4WD,229900,230000,229950,"AED 229,900 - 230,000",AED,https://www.drivearabia.com/carprices/uae/toyota/toyota-land-cruiser-prado/2026/,2026-06-12T05:48:03Z
toyota-land-cruiser-prado,2026,Unknown,254900,255000,254950,"2.4TC I4 Adventure 4WDAED 254,900 - 255,000",AED,https://www.drivearabia.com/carprices/uae/toyota/toyota-land-cruiser-prado/2026/,2026-06-12T05:48:03Z
toyota-land-cruiser-prado,2026,2.4TC I4 Adventure 4WD,254900,255000,254950,"AED 254,900 - 255,000",AED,https://www.drivearabia.com/carprices/uae/toyota/toyota-land-cruiser-prado/2026/,2026-06-12T05:48:03Z
toyota-land-cruiser-prado,2026,"2.4TC I4 Adventure 4WDAED 254,900 - 255,000",264900,265000,264950,"2.4 TC I4 VXR 4WDAED 264,900 - 265,000",AED,https://www.drivearabia.com/carprices/uae/toyota/toyota-land-cruiser-prado/2026/,2026-06-12T05:48:03Z
toyota-land-cruiser-prado,2026,2.4 TC I4 VXR 4WD,264900,265000,264950,"AED 264,900 - 265,000",AED,https://www.drivearabia.com/carprices/uae/toyota/toyota-land-cruiser-prado/2026/,2026-06-12T05:48:03Z
toyota-land-cruiser-prado,2026,Unknown,2025,246000,124012,"2025 Ford ExplorerAED 213,045 - 246,000",AED,https://www.drivearabia.com/carprices/uae/toyota/toyota-land-cruiser-prado/2026/,2026-06-12T05:48:03Z
toyota-land-cruiser-prado,2026,Unknown,2025,246000,124012,"2025 Ford ExplorerAED 213,045 - 246,000",AED,https://www.drivearabia.com/carprices/uae/toyota/toyota-land-cruiser-prado/2026/,2026-06-12T05:48:03Z
toyota-land-cruiser-prado,2026,Unknown,213045,246000,229522,"AED 213,045 - 246,000",AED,https://www.drivearabia.com/carprices/uae/toyota/toyota-land-cruiser-prado/2026/,2026-06-12T05:48:03Z
toyota-land-cruiser-prado,2026,Unknown,2025,135000,68512,"2025 Mitsubishi Montero SportAED 93,350 - 135,000",AED,https://www.drivearabia.com/carprices/uae/toyota/toyota-land-cruiser-prado/2026/,2026-06-12T05:48:03Z
toyota-land-cruiser-prado,2026,Unknown,2025,135000,68512,"2025 Mitsubishi Montero SportAED 93,350 - 135,000",AED,https://www.drivearabia.com/carprices/uae/toyota/toyota-land-cruiser-prado/2026/,2026-06-12T05:48:03Z
toyota-land-cruiser-prado,2026,Unknown,93350,135000,114175,"AED 93,350 - 135,000",AED,https://www.drivearabia.com/carprices/uae/toyota/toyota-land-cruiser-prado/2026/,2026-06-12T05:48:03Z
toyota-land-cruiser-prado,2026,Unknown,2025,291000,146512,"2025 Jeep Wrangler UnlimitedAED 207,500 - 291,000",AED,https://www.drivearabia.com/carprices/uae/toyota/toyota-land-cruiser-prado/2026/,2026-06-12T05:48:03Z
toyota-land-cruiser-prado,2026,Unknown,2025,291000,146512,"2025 Jeep Wrangler UnlimitedAED 207,500 - 291,000",AED,https://www.drivearabia.com/carprices/uae/toyota/toyota-land-cruiser-prado/2026/,2026-06-12T05:48:03Z
toyota-land-cruiser-prado,2026,Unknown,207500,291000,249250,"AED 207,500 - 291,000",AED,https://www.drivearabia.com/carprices/uae/toyota/toyota-land-cruiser-prado/2026/,2026-06-12T05:48:03Z
toyota-land-cruiser-prado,2026,Unknown,2026,199900,100963,"The starting price of the 2026 Toyota Land Cruiser Prado in UAE is AED 199,900.",AED,https://www.drivearabia.com/carprices/uae/toyota/toyota-land-cruiser-prado/2026/,2026-06-12T05:48:03Z
toyota-land-cruiser-prado,2026,Unknown,2026,199900,100963,"The starting price of the 2026 Toyota Land Cruiser Prado in UAE is AED 199,900.",AED,https://www.drivearabia.com/carprices/uae/toyota/toyota-land-cruiser-prado/2026/,2026-06-12T05:48:03Z
toyota-land-cruiser-prado,2026,Trims2.4TC I4 TXR 4WD,,,199900,"Starting atAED 199,900",AED,https://www.drivearabia.com/carprices/uae/toyota/toyota-land-cruiser-prado/2026/,2026-06-12T05:48:03Z
toyota-land-cruiser-prado,2026,Starting at,,,199900,"AED 199,900",AED,https://www.drivearabia.com/carprices/uae/toyota/toyota-land-cruiser-prado/2026/,2026-06-12T05:48:03Z
toyota-land-cruiser-prado,2026,Starting at,,,199900,"AED 199,900",AED,https://www.drivearabia.com/carprices/uae/toyota/toyota-land-cruiser-prado/2026/,2026-06-12T05:48:03Z
toyota-land-cruiser-prado-swb,2022,Unknown,2020,125000,63510,"2020 Mitsubishi PajeroAED 96,500 - 125,000",AED,https://www.drivearabia.com/carprices/uae/toyota/toyota-land-cruiser-prado-swb/2022/,2026-06-12T05:48:04Z
toyota-land-cruiser-prado-swb,2022,Unknown,2020,125000,63510,"2020 Mitsubishi PajeroAED 96,500 - 125,000",AED,https://www.drivearabia.com/carprices/uae/toyota/toyota-land-cruiser-prado-swb/2022/,2026-06-12T05:48:04Z
toyota-land-cruiser-prado-swb,2022,Unknown,96500,125000,110750,"AED 96,500 - 125,000",AED,https://www.drivearabia.com/carprices/uae/toyota/toyota-land-cruiser-prado-swb/2022/,2026-06-12T05:48:04Z
toyota-land-cruiser-prado-swb,2022,Unknown,2022,284000,143011,"2022 Ford BroncoAED 193,095 - 284,000",AED,https://www.drivearabia.com/carprices/uae/toyota/toyota-land-cruiser-prado-swb/2022/,2026-06-12T05:48:04Z
toyota-land-cruiser-prado-swb,2022,Unknown,2022,284000,143011,"2022 Ford BroncoAED 193,095 - 284,000",AED,https://www.drivearabia.com/carprices/uae/toyota/toyota-land-cruiser-prado-swb/2022/,2026-06-12T05:48:04Z
toyota-land-cruiser-prado-swb,2022,Unknown,193095,284000,238548,"AED 193,095 - 284,000",AED,https://www.drivearabia.com/carprices/uae/toyota/toyota-land-cruiser-prado-swb/2022/,2026-06-12T05:48:04Z
toyota-land-cruiser-prado-swb,2022,Unknown,2022,193000,97511,"2022 Jeep WranglerAED 144,900 - 193,000",AED,https://www.drivearabia.com/carprices/uae/toyota/toyota-land-cruiser-prado-swb/2022/,2026-06-12T05:48:04Z
toyota-land-cruiser-prado-swb,2022,Unknown,2022,193000,97511,"2022 Jeep WranglerAED 144,900 - 193,000",AED,https://www.drivearabia.com/carprices/uae/toyota/toyota-land-cruiser-prado-swb/2022/,2026-06-12T05:48:04Z
toyota-land-cruiser-prado-swb,2022,Unknown,144900,193000,168950,"AED 144,900 - 193,000",AED,https://www.drivearabia.com/carprices/uae/toyota/toyota-land-cruiser-prado-swb/2022/,2026-06-12T05:48:04Z
toyota-land-cruiser-prado-swb,2023,Unknown,,,160000,"Original Starting PriceAED 160,000",AED,https://www.drivearabia.com/carprices/uae/toyota/toyota-land-cruiser-prado-swb/2023/,2026-06-12T05:48:07Z
toyota-land-cruiser-prado-swb,2023,Unknown,,,160000,"Original Starting PriceAED 160,000",AED,https://www.drivearabia.com/carprices/uae/toyota/toyota-land-cruiser-prado-swb/2023/,2026-06-12T05:48:07Z
toyota-land-cruiser-prado-swb,2023,Unknown,,,160000,"AED 160,000",AED,https://www.drivearabia.com/carprices/uae/toyota/toyota-land-cruiser-prado-swb/2023/,2026-06-12T05:48:07Z
toyota-land-cruiser-prado-swb,2023,Original Trim Prices,160000,161000,160500,"2.7 I4 SWB 4WDAED 160,000 - 161,000",AED,https://www.drivearabia.com/carprices/uae/toyota/toyota-land-cruiser-prado-swb/2023/,2026-06-12T05:48:07Z
toyota-land-cruiser-prado-swb,2023,Original Trim Prices,160000,161000,160500,"2.7 I4 SWB 4WDAED 160,000 - 161,000",AED,https://www.drivearabia.com/carprices/uae/toyota/toyota-land-cruiser-prado-swb/2023/,2026-06-12T05:48:07Z
toyota-land-cruiser-prado-swb,2023,Unknown,160000,161000,160500,"2.7 I4 SWB 4WDAED 160,000 - 161,000",AED,https://www.drivearabia.com/carprices/uae/toyota/toyota-land-cruiser-prado-swb/2023/,2026-06-12T05:48:07Z
toyota-land-cruiser-prado-swb,2023,2.7 I4 SWB 4WD,160000,161000,160500,"AED 160,000 - 161,000",AED,https://www.drivearabia.com/carprices/uae/toyota/toyota-land-cruiser-prado-swb/2023/,2026-06-12T05:48:07Z
toyota-land-cruiser-prado-swb,2023,Unknown,2020,125000,63510,"2020 Mitsubishi PajeroAED 96,500 - 125,000",AED,https://www.drivearabia.com/carprices/uae/toyota/toyota-land-cruiser-prado-swb/2023/,2026-06-12T05:48:07Z
toyota-land-cruiser-prado-swb,2023,Unknown,2020,125000,63510,"2020 Mitsubishi PajeroAED 96,500 - 125,000",AED,https://www.drivearabia.com/carprices/uae/toyota/toyota-land-cruiser-prado-swb/2023/,2026-06-12T05:48:07Z
toyota-land-cruiser-prado-swb,2023,Unknown,96500,125000,110750,"AED 96,500 - 125,000",AED,https://www.drivearabia.com/carprices/uae/toyota/toyota-land-cruiser-prado-swb/2023/,2026-06-12T05:48:07Z
toyota-land-cruiser-prado-swb,2023,Unknown,2023,284000,143012,"2023 Ford BroncoAED 193,095 - 284,000",AED,https://www.drivearabia.com/carprices/uae/toyota/toyota-land-cruiser-prado-swb/2023/,2026-06-12T05:48:07Z
toyota-land-cruiser-prado-swb,2023,Unknown,2023,284000,143012,"2023 Ford BroncoAED 193,095 - 284,000",AED,https://www.drivearabia.com/carprices/uae/toyota/toyota-land-cruiser-prado-swb/2023/,2026-06-12T05:48:07Z
toyota-land-cruiser-prado-swb,2023,Unknown,193095,284000,238548,"AED 193,095 - 284,000",AED,https://www.drivearabia.com/carprices/uae/toyota/toyota-land-cruiser-prado-swb/2023/,2026-06-12T05:48:07Z
toyota-land-cruiser-prado-swb,2023,Unknown,2023,193000,97512,"2023 Jeep WranglerAED 144,900 - 193,000",AED,https://www.drivearabia.com/carprices/uae/toyota/toyota-land-cruiser-prado-swb/2023/,2026-06-12T05:48:07Z
toyota-land-cruiser-prado-swb,2023,Unknown,2023,193000,97512,"2023 Jeep WranglerAED 144,900 - 193,000",AED,https://www.drivearabia.com/carprices/uae/toyota/toyota-land-cruiser-prado-swb/2023/,2026-06-12T05:48:07Z
toyota-land-cruiser-prado-swb,2023,Unknown,144900,193000,168950,"AED 144,900 - 193,000",AED,https://www.drivearabia.com/carprices/uae/toyota/toyota-land-cruiser-prado-swb/2023/,2026-06-12T05:48:07Z
toyota-land-cruiser-prado-swb,2023,Trims2.7 I4 SWB 4WD,,,160000,"Original Starting PriceAED 160,000",AED,https://www.drivearabia.com/carprices/uae/toyota/toyota-land-cruiser-prado-swb/2023/,2026-06-12T05:48:07Z
toyota-land-cruiser-prado-swb,2023,Trims2.7 I4 SWB 4WD,,,160000,"AED 160,000",AED,https://www.drivearabia.com/carprices/uae/toyota/toyota-land-cruiser-prado-swb/2023/,2026-06-12T05:48:07Z
toyota-land-cruiser-prado-swb,2023,Unknown,,,160000,"AED 160,000",AED,https://www.drivearabia.com/carprices/uae/toyota/toyota-land-cruiser-prado-swb/2023/,2026-06-12T05:48:07Z
toyota-liteace,2022,Unknown,,,68900,"Original Starting PriceAED 68,900",AED,https://www.drivearabia.com/carprices/uae/toyota/toyota-liteace/2022/,2026-06-12T05:48:12Z
toyota-liteace,2022,Unknown,,,68900,"Original Starting PriceAED 68,900",AED,https://www.drivearabia.com/carprices/uae/toyota/toyota-liteace/2022/,2026-06-12T05:48:12Z
toyota-liteace,2022,Unknown,,,68900,"AED 68,900",AED,https://www.drivearabia.com/carprices/uae/toyota/toyota-liteace/2022/,2026-06-12T05:48:12Z
toyota-liteace,2022,Original Trim Prices,68900,71000,69950,"1.5 I4 GL FWDAED 68,900 - 71,000",AED,https://www.drivearabia.com/carprices/uae/toyota/toyota-liteace/2022/,2026-06-12T05:48:12Z
toyota-liteace,2022,Original Trim Prices,68900,71000,69950,"1.5 I4 GL FWDAED 68,900 - 71,000",AED,https://www.drivearabia.com/carprices/uae/toyota/toyota-liteace/2022/,2026-06-12T05:48:12Z
toyota-liteace,2022,Unknown,68900,71000,69950,"1.5 I4 GL FWDAED 68,900 - 71,000",AED,https://www.drivearabia.com/carprices/uae/toyota/toyota-liteace/2022/,2026-06-12T05:48:12Z
toyota-liteace,2022,1.5 I4 GL FWD,68900,71000,69950,"AED 68,900 - 71,000",AED,https://www.drivearabia.com/carprices/uae/toyota/toyota-liteace/2022/,2026-06-12T05:48:12Z
toyota-liteace,2022,Unknown,2022,104000,53011,"2022 Nissan UrvanAED 77,175 - 104,000",AED,https://www.drivearabia.com/carprices/uae/toyota/toyota-liteace/2022/,2026-06-12T05:48:12Z
toyota-liteace,2022,Unknown,2022,104000,53011,"2022 Nissan UrvanAED 77,175 - 104,000",AED,https://www.drivearabia.com/carprices/uae/toyota/toyota-liteace/2022/,2026-06-12T05:48:12Z
toyota-liteace,2022,Unknown,77175,104000,90588,"AED 77,175 - 104,000",AED,https://www.drivearabia.com/carprices/uae/toyota/toyota-liteace/2022/,2026-06-12T05:48:12Z
toyota-liteace,2022,Unknown,2022,48000,25011,"2022 Fiat FiorinoAED 43,000 - 48,000",AED,https://www.drivearabia.com/carprices/uae/toyota/toyota-liteace/2022/,2026-06-12T05:48:12Z
toyota-liteace,2022,Unknown,2022,48000,25011,"2022 Fiat FiorinoAED 43,000 - 48,000",AED,https://www.drivearabia.com/carprices/uae/toyota/toyota-liteace/2022/,2026-06-12T05:48:12Z
toyota-liteace,2022,Unknown,43000,48000,45500,"AED 43,000 - 48,000",AED,https://www.drivearabia.com/carprices/uae/toyota/toyota-liteace/2022/,2026-06-12T05:48:12Z
toyota-liteace,2022,Unknown,2022,65000,33511,"2022 Peugeot PartnerAED 64,900 - 65,000",AED,https://www.drivearabia.com/carprices/uae/toyota/toyota-liteace/2022/,2026-06-12T05:48:12Z
toyota-liteace,2022,Unknown,2022,65000,33511,"2022 Peugeot PartnerAED 64,900 - 65,000",AED,https://www.drivearabia.com/carprices/uae/toyota/toyota-liteace/2022/,2026-06-12T05:48:12Z
toyota-liteace,2022,Unknown,64900,65000,64950,"AED 64,900 - 65,000",AED,https://www.drivearabia.com/carprices/uae/toyota/toyota-liteace/2022/,2026-06-12T05:48:12Z
toyota-liteace,2022,Unknown,2022,68900,35461,"The starting price of the 2022 Toyota LiteAce in UAE is AED 68,900.",AED,https://www.drivearabia.com/carprices/uae/toyota/toyota-liteace/2022/,2026-06-12T05:48:12Z
toyota-liteace,2022,Unknown,2022,68900,35461,"The starting price of the 2022 Toyota LiteAce in UAE is AED 68,900.",AED,https://www.drivearabia.com/carprices/uae/toyota/toyota-liteace/2022/,2026-06-12T05:48:12Z
toyota-liteace,2022,Trims1.5 I4 GL FWD,,,68900,"Original Starting PriceAED 68,900",AED,https://www.drivearabia.com/carprices/uae/toyota/toyota-liteace/2022/,2026-06-12T05:48:12Z
toyota-liteace,2022,Trims1.5 I4 GL FWD,,,68900,"AED 68,900",AED,https://www.drivearabia.com/carprices/uae/toyota/toyota-liteace/2022/,2026-06-12T05:48:12Z
toyota-liteace,2022,Unknown,,,68900,"AED 68,900",AED,https://www.drivearabia.com/carprices/uae/toyota/toyota-liteace/2022/,2026-06-12T05:48:12Z
toyota-liteace,2023,Unknown,,,74900,"Original Starting PriceAED 74,900",AED,https://www.drivearabia.com/carprices/uae/toyota/toyota-liteace/2023/,2026-06-12T05:48:14Z
toyota-liteace,2023,Unknown,,,74900,"Original Starting PriceAED 74,900",AED,https://www.drivearabia.com/carprices/uae/toyota/toyota-liteace/2023/,2026-06-12T05:48:14Z
toyota-liteace,2023,Unknown,,,74900,"AED 74,900",AED,https://www.drivearabia.com/carprices/uae/toyota/toyota-liteace/2023/,2026-06-12T05:48:14Z
toyota-liteace,2023,Original Trim Prices,74900,75000,74950,"1.5 I4 GL FWDAED 74,900 - 75,000",AED,https://www.drivearabia.com/carprices/uae/toyota/toyota-liteace/2023/,2026-06-12T05:48:14Z
toyota-liteace,2023,Original Trim Prices,74900,75000,74950,"1.5 I4 GL FWDAED 74,900 - 75,000",AED,https://www.drivearabia.com/carprices/uae/toyota/toyota-liteace/2023/,2026-06-12T05:48:14Z
toyota-liteace,2023,Unknown,74900,75000,74950,"1.5 I4 GL FWDAED 74,900 - 75,000",AED,https://www.drivearabia.com/carprices/uae/toyota/toyota-liteace/2023/,2026-06-12T05:48:14Z
toyota-liteace,2023,1.5 I4 GL FWD,74900,75000,74950,"AED 74,900 - 75,000",AED,https://www.drivearabia.com/carprices/uae/toyota/toyota-liteace/2023/,2026-06-12T05:48:14Z
toyota-liteace,2023,Unknown,2022,48000,25011,"2022 Fiat FiorinoAED 43,000 - 48,000",AED,https://www.drivearabia.com/carprices/uae/toyota/toyota-liteace/2023/,2026-06-12T05:48:14Z
toyota-liteace,2023,Unknown,2022,48000,25011,"2022 Fiat FiorinoAED 43,000 - 48,000",AED,https://www.drivearabia.com/carprices/uae/toyota/toyota-liteace/2023/,2026-06-12T05:48:14Z
toyota-liteace,2023,Unknown,43000,48000,45500,"AED 43,000 - 48,000",AED,https://www.drivearabia.com/carprices/uae/toyota/toyota-liteace/2023/,2026-06-12T05:48:14Z
toyota-liteace,2023,Unknown,2023,68000,35012,"2023 Peugeot PartnerAED 64,900 - 68,000",AED,https://www.drivearabia.com/carprices/uae/toyota/toyota-liteace/2023/,2026-06-12T05:48:14Z
toyota-liteace,2023,Unknown,2023,68000,35012,"2023 Peugeot PartnerAED 64,900 - 68,000",AED,https://www.drivearabia.com/carprices/uae/toyota/toyota-liteace/2023/,2026-06-12T05:48:14Z
toyota-liteace,2023,Unknown,64900,68000,66450,"AED 64,900 - 68,000",AED,https://www.drivearabia.com/carprices/uae/toyota/toyota-liteace/2023/,2026-06-12T05:48:14Z
toyota-liteace,2023,Unknown,2023,104000,53012,"2023 Nissan UrvanAED 77,175 - 104,000",AED,https://www.drivearabia.com/carprices/uae/toyota/toyota-liteace/2023/,2026-06-12T05:48:14Z
toyota-liteace,2023,Unknown,2023,104000,53012,"2023 Nissan UrvanAED 77,175 - 104,000",AED,https://www.drivearabia.com/carprices/uae/toyota/toyota-liteace/2023/,2026-06-12T05:48:14Z
toyota-liteace,2023,Unknown,77175,104000,90588,"AED 77,175 - 104,000",AED,https://www.drivearabia.com/carprices/uae/toyota/toyota-liteace/2023/,2026-06-12T05:48:14Z
toyota-liteace,2023,Unknown,2023,74900,38462,"The starting price of the 2023 Toyota LiteAce in UAE is AED 74,900.",AED,https://www.drivearabia.com/carprices/uae/toyota/toyota-liteace/2023/,2026-06-12T05:48:14Z
toyota-liteace,2023,Unknown,2023,74900,38462,"The starting price of the 2023 Toyota LiteAce in UAE is AED 74,900.",AED,https://www.drivearabia.com/carprices/uae/toyota/toyota-liteace/2023/,2026-06-12T05:48:14Z
toyota-liteace,2023,Trims1.5 I4 GL FWD,,,74900,"Original Starting PriceAED 74,900",AED,https://www.drivearabia.com/carprices/uae/toyota/toyota-liteace/2023/,2026-06-12T05:48:14Z
toyota-liteace,2023,Trims1.5 I4 GL FWD,,,74900,"AED 74,900",AED,https://www.drivearabia.com/carprices/uae/toyota/toyota-liteace/2023/,2026-06-12T05:48:14Z
toyota-liteace,2023,Unknown,,,74900,"AED 74,900",AED,https://www.drivearabia.com/carprices/uae/toyota/toyota-liteace/2023/,2026-06-12T05:48:14Z
toyota-liteace,2024,Unknown,,,74900,"Original Starting PriceAED 74,900",AED,https://www.drivearabia.com/carprices/uae/toyota/toyota-liteace/2024/,2026-06-12T05:48:16Z
toyota-liteace,2024,Unknown,,,74900,"Original Starting PriceAED 74,900",AED,https://www.drivearabia.com/carprices/uae/toyota/toyota-liteace/2024/,2026-06-12T05:48:16Z
toyota-liteace,2024,Unknown,,,74900,"AED 74,900",AED,https://www.drivearabia.com/carprices/uae/toyota/toyota-liteace/2024/,2026-06-12T05:48:16Z
toyota-liteace,2024,Original Trim Prices,74900,75000,74950,"1.5 I4 GL FWDAED 74,900 - 75,000",AED,https://www.drivearabia.com/carprices/uae/toyota/toyota-liteace/2024/,2026-06-12T05:48:16Z
toyota-liteace,2024,Original Trim Prices,74900,75000,74950,"1.5 I4 GL FWDAED 74,900 - 75,000",AED,https://www.drivearabia.com/carprices/uae/toyota/toyota-liteace/2024/,2026-06-12T05:48:16Z
toyota-liteace,2024,Unknown,74900,75000,74950,"1.5 I4 GL FWDAED 74,900 - 75,000",AED,https://www.drivearabia.com/carprices/uae/toyota/toyota-liteace/2024/,2026-06-12T05:48:16Z
toyota-liteace,2024,1.5 I4 GL FWD,74900,75000,74950,"AED 74,900 - 75,000",AED,https://www.drivearabia.com/carprices/uae/toyota/toyota-liteace/2024/,2026-06-12T05:48:16Z
toyota-liteace,2024,Unknown,2022,48000,25011,"2022 Fiat FiorinoAED 43,000 - 48,000",AED,https://www.drivearabia.com/carprices/uae/toyota/toyota-liteace/2024/,2026-06-12T05:48:16Z
toyota-liteace,2024,Unknown,2022,48000,25011,"2022 Fiat FiorinoAED 43,000 - 48,000",AED,https://www.drivearabia.com/carprices/uae/toyota/toyota-liteace/2024/,2026-06-12T05:48:16Z
toyota-liteace,2024,Unknown,43000,48000,45500,"AED 43,000 - 48,000",AED,https://www.drivearabia.com/carprices/uae/toyota/toyota-liteace/2024/,2026-06-12T05:48:16Z
toyota-liteace,2024,Unknown,2024,104000,53012,"2024 Nissan UrvanAED 77,175 - 104,000",AED,https://www.drivearabia.com/carprices/uae/toyota/toyota-liteace/2024/,2026-06-12T05:48:16Z
toyota-liteace,2024,Unknown,2024,104000,53012,"2024 Nissan UrvanAED 77,175 - 104,000",AED,https://www.drivearabia.com/carprices/uae/toyota/toyota-liteace/2024/,2026-06-12T05:48:16Z
toyota-liteace,2024,Unknown,77175,104000,90588,"AED 77,175 - 104,000",AED,https://www.drivearabia.com/carprices/uae/toyota/toyota-liteace/2024/,2026-06-12T05:48:16Z
toyota-liteace,2024,Unknown,2024,68000,35012,"2024 Peugeot PartnerAED 64,900 - 68,000",AED,https://www.drivearabia.com/carprices/uae/toyota/toyota-liteace/2024/,2026-06-12T05:48:16Z
toyota-liteace,2024,Unknown,2024,68000,35012,"2024 Peugeot PartnerAED 64,900 - 68,000",AED,https://www.drivearabia.com/carprices/uae/toyota/toyota-liteace/2024/,2026-06-12T05:48:16Z
toyota-liteace,2024,Unknown,64900,68000,66450,"AED 64,900 - 68,000",AED,https://www.drivearabia.com/carprices/uae/toyota/toyota-liteace/2024/,2026-06-12T05:48:16Z
toyota-liteace,2024,Unknown,2024,74900,38462,"The starting price of the 2024 Toyota LiteAce in UAE is AED 74,900.",AED,https://www.drivearabia.com/carprices/uae/toyota/toyota-liteace/2024/,2026-06-12T05:48:16Z
toyota-liteace,2024,Unknown,2024,74900,38462,"The starting price of the 2024 Toyota LiteAce in UAE is AED 74,900.",AED,https://www.drivearabia.com/carprices/uae/toyota/toyota-liteace/2024/,2026-06-12T05:48:16Z
toyota-liteace,2024,Trims1.5 I4 GL FWD,,,74900,"Original Starting PriceAED 74,900",AED,https://www.drivearabia.com/carprices/uae/toyota/toyota-liteace/2024/,2026-06-12T05:48:16Z
toyota-liteace,2024,Trims1.5 I4 GL FWD,,,74900,"AED 74,900",AED,https://www.drivearabia.com/carprices/uae/toyota/toyota-liteace/2024/,2026-06-12T05:48:16Z
toyota-liteace,2024,Unknown,,,74900,"AED 74,900",AED,https://www.drivearabia.com/carprices/uae/toyota/toyota-liteace/2024/,2026-06-12T05:48:16Z
toyota-liteace,2025,Unknown,,,74900,"Starting atAED 74,900",AED,https://www.drivearabia.com/carprices/uae/toyota/toyota-liteace/2025/,2026-06-12T05:48:18Z
toyota-liteace,2025,Unknown,,,74900,"Starting atAED 74,900",AED,https://www.drivearabia.com/carprices/uae/toyota/toyota-liteace/2025/,2026-06-12T05:48:18Z
toyota-liteace,2025,Starting at,,,74900,"AED 74,900",AED,https://www.drivearabia.com/carprices/uae/toyota/toyota-liteace/2025/,2026-06-12T05:48:18Z
toyota-liteace,2025,Trim Prices,74900,75000,74950,"1.5 I4 GL FWDAED 74,900 - 75,000",AED,https://www.drivearabia.com/carprices/uae/toyota/toyota-liteace/2025/,2026-06-12T05:48:18Z
toyota-liteace,2025,Trim Prices,74900,75000,74950,"1.5 I4 GL FWDAED 74,900 - 75,000",AED,https://www.drivearabia.com/carprices/uae/toyota/toyota-liteace/2025/,2026-06-12T05:48:18Z
toyota-liteace,2025,Unknown,74900,75000,74950,"1.5 I4 GL FWDAED 74,900 - 75,000",AED,https://www.drivearabia.com/carprices/uae/toyota/toyota-liteace/2025/,2026-06-12T05:48:18Z
toyota-liteace,2025,1.5 I4 GL FWD,74900,75000,74950,"AED 74,900 - 75,000",AED,https://www.drivearabia.com/carprices/uae/toyota/toyota-liteace/2025/,2026-06-12T05:48:18Z
toyota-liteace,2025,Unknown,2022,48000,25011,"2022 Fiat FiorinoAED 43,000 - 48,000",AED,https://www.drivearabia.com/carprices/uae/toyota/toyota-liteace/2025/,2026-06-12T05:48:18Z
toyota-liteace,2025,Unknown,2022,48000,25011,"2022 Fiat FiorinoAED 43,000 - 48,000",AED,https://www.drivearabia.com/carprices/uae/toyota/toyota-liteace/2025/,2026-06-12T05:48:18Z
toyota-liteace,2025,Unknown,43000,48000,45500,"AED 43,000 - 48,000",AED,https://www.drivearabia.com/carprices/uae/toyota/toyota-liteace/2025/,2026-06-12T05:48:18Z
toyota-liteace,2025,Unknown,2025,69000,35512,"2025 Peugeot PartnerAED 68,250 - 69,000",AED,https://www.drivearabia.com/carprices/uae/toyota/toyota-liteace/2025/,2026-06-12T05:48:18Z
toyota-liteace,2025,Unknown,2025,69000,35512,"2025 Peugeot PartnerAED 68,250 - 69,000",AED,https://www.drivearabia.com/carprices/uae/toyota/toyota-liteace/2025/,2026-06-12T05:48:18Z
toyota-liteace,2025,Unknown,68250,69000,68625,"AED 68,250 - 69,000",AED,https://www.drivearabia.com/carprices/uae/toyota/toyota-liteace/2025/,2026-06-12T05:48:18Z
toyota-liteace,2025,Unknown,2025,104000,53012,"2025 Nissan UrvanAED 77,175 - 104,000",AED,https://www.drivearabia.com/carprices/uae/toyota/toyota-liteace/2025/,2026-06-12T05:48:18Z
toyota-liteace,2025,Unknown,2025,104000,53012,"2025 Nissan UrvanAED 77,175 - 104,000",AED,https://www.drivearabia.com/carprices/uae/toyota/toyota-liteace/2025/,2026-06-12T05:48:18Z
toyota-liteace,2025,Unknown,77175,104000,90588,"AED 77,175 - 104,000",AED,https://www.drivearabia.com/carprices/uae/toyota/toyota-liteace/2025/,2026-06-12T05:48:18Z
toyota-liteace,2025,Unknown,2025,74900,38462,"The starting price of the 2025 Toyota LiteAce in UAE is AED 74,900.",AED,https://www.drivearabia.com/carprices/uae/toyota/toyota-liteace/2025/,2026-06-12T05:48:18Z
toyota-liteace,2025,Unknown,2025,74900,38462,"The starting price of the 2025 Toyota LiteAce in UAE is AED 74,900.",AED,https://www.drivearabia.com/carprices/uae/toyota/toyota-liteace/2025/,2026-06-12T05:48:18Z
toyota-liteace,2025,Trims1.5 I4 GL FWD,,,74900,"Starting atAED 74,900",AED,https://www.drivearabia.com/carprices/uae/toyota/toyota-liteace/2025/,2026-06-12T05:48:18Z
toyota-liteace,2025,Starting at,,,74900,"AED 74,900",AED,https://www.drivearabia.com/carprices/uae/toyota/toyota-liteace/2025/,2026-06-12T05:48:18Z
toyota-liteace,2025,Starting at,,,74900,"AED 74,900",AED,https://www.drivearabia.com/carprices/uae/toyota/toyota-liteace/2025/,2026-06-12T05:48:18Z
toyota-raize,2022,Unknown,,,57900,"Original Starting PriceAED 57,900",AED,https://www.drivearabia.com/carprices/uae/toyota/toyota-raize/2022/,2026-06-12T05:48:33Z
toyota-raize,2022,Unknown,,,57900,"Original Starting PriceAED 57,900",AED,https://www.drivearabia.com/carprices/uae/toyota/toyota-raize/2022/,2026-06-12T05:48:33Z
toyota-raize,2022,Unknown,,,57900,"AED 57,900",AED,https://www.drivearabia.com/carprices/uae/toyota/toyota-raize/2022/,2026-06-12T05:48:33Z
toyota-raize,2022,Original Trim Prices,1,57900,28950,"1.2L EAED 57,900 - 60,0001.0T EAED 61,900 - 62,0001.0T GAED 63,900 - 64,000",AED,https://www.drivearabia.com/carprices/uae/toyota/toyota-raize/2022/,2026-06-12T05:48:33Z
toyota-raize,2022,Original Trim Prices,1,57900,28950,"1.2L EAED 57,900 - 60,0001.0T EAED 61,900 - 62,0001.0T GAED 63,900 - 64,000",AED,https://www.drivearabia.com/carprices/uae/toyota/toyota-raize/2022/,2026-06-12T05:48:33Z
toyota-raize,2022,Unknown,57900,60000,58950,"1.2L EAED 57,900 - 60,000",AED,https://www.drivearabia.com/carprices/uae/toyota/toyota-raize/2022/,2026-06-12T05:48:33Z
toyota-raize,2022,1.2L E,57900,60000,58950,"AED 57,900 - 60,000",AED,https://www.drivearabia.com/carprices/uae/toyota/toyota-raize/2022/,2026-06-12T05:48:33Z
toyota-raize,2022,Unknown,61900,62000,61950,"1.0T EAED 61,900 - 62,000",AED,https://www.drivearabia.com/carprices/uae/toyota/toyota-raize/2022/,2026-06-12T05:48:33Z
toyota-raize,2022,1.0T E,61900,62000,61950,"AED 61,900 - 62,000",AED,https://www.drivearabia.com/carprices/uae/toyota/toyota-raize/2022/,2026-06-12T05:48:33Z
toyota-raize,2022,Unknown,63900,64000,63950,"1.0T GAED 63,900 - 64,000",AED,https://www.drivearabia.com/carprices/uae/toyota/toyota-raize/2022/,2026-06-12T05:48:33Z
toyota-raize,2022,1.0T G,63900,64000,63950,"AED 63,900 - 64,000",AED,https://www.drivearabia.com/carprices/uae/toyota/toyota-raize/2022/,2026-06-12T05:48:33Z
toyota-raize,2022,Unknown,2021,80000,41010,"2021 Ford EcosportAED 58,000 - 80,000",AED,https://www.drivearabia.com/carprices/uae/toyota/toyota-raize/2022/,2026-06-12T05:48:33Z
toyota-raize,2022,Unknown,2021,80000,41010,"2021 Ford EcosportAED 58,000 - 80,000",AED,https://www.drivearabia.com/carprices/uae/toyota/toyota-raize/2022/,2026-06-12T05:48:33Z
toyota-raize,2022,Unknown,58000,80000,69000,"AED 58,000 - 80,000",AED,https://www.drivearabia.com/carprices/uae/toyota/toyota-raize/2022/,2026-06-12T05:48:33Z
toyota-raize,2022,Unknown,2022,72000,37011,"2022 Renault DusterAED 51,900 - 72,000",AED,https://www.drivearabia.com/carprices/uae/toyota/toyota-raize/2022/,2026-06-12T05:48:33Z
toyota-raize,2022,Unknown,2022,72000,37011,"2022 Renault DusterAED 51,900 - 72,000",AED,https://www.drivearabia.com/carprices/uae/toyota/toyota-raize/2022/,2026-06-12T05:48:33Z
toyota-raize,2022,Unknown,51900,72000,61950,"AED 51,900 - 72,000",AED,https://www.drivearabia.com/carprices/uae/toyota/toyota-raize/2022/,2026-06-12T05:48:33Z
toyota-raize,2022,Unknown,2022,78000,40011,"2022 Suzuki JimnyAED 72,000 - 78,000",AED,https://www.drivearabia.com/carprices/uae/toyota/toyota-raize/2022/,2026-06-12T05:48:33Z
toyota-raize,2022,Unknown,2022,78000,40011,"2022 Suzuki JimnyAED 72,000 - 78,000",AED,https://www.drivearabia.com/carprices/uae/toyota/toyota-raize/2022/,2026-06-12T05:48:33Z
toyota-raize,2022,Unknown,72000,78000,75000,"AED 72,000 - 78,000",AED,https://www.drivearabia.com/carprices/uae/toyota/toyota-raize/2022/,2026-06-12T05:48:33Z
toyota-raize,2022,Unknown,2022,57900,29961,"The starting price of the 2022 Toyota Raize in UAE is AED 57,900.",AED,https://www.drivearabia.com/carprices/uae/toyota/toyota-raize/2022/,2026-06-12T05:48:33Z
toyota-raize,2022,Unknown,2022,57900,29961,"The starting price of the 2022 Toyota Raize in UAE is AED 57,900.",AED,https://www.drivearabia.com/carprices/uae/toyota/toyota-raize/2022/,2026-06-12T05:48:33Z
toyota-raize,2022,Trims1.2L E,,,57900,"Original Starting PriceAED 57,900",AED,https://www.drivearabia.com/carprices/uae/toyota/toyota-raize/2022/,2026-06-12T05:48:33Z
toyota-raize,2022,Trims1.2L E,,,57900,"AED 57,900",AED,https://www.drivearabia.com/carprices/uae/toyota/toyota-raize/2022/,2026-06-12T05:48:33Z
toyota-raize,2022,Unknown,,,57900,"AED 57,900",AED,https://www.drivearabia.com/carprices/uae/toyota/toyota-raize/2022/,2026-06-12T05:48:33Z
toyota-raize,2023,Unknown,,,61900,"Original Starting PriceAED 61,900",AED,https://www.drivearabia.com/carprices/uae/toyota/toyota-raize/2023/,2026-06-12T05:48:34Z
toyota-raize,2023,Unknown,,,61900,"Original Starting PriceAED 61,900",AED,https://www.drivearabia.com/carprices/uae/toyota/toyota-raize/2023/,2026-06-12T05:48:34Z
toyota-raize,2023,Unknown,,,61900,"AED 61,900",AED,https://www.drivearabia.com/carprices/uae/toyota/toyota-raize/2023/,2026-06-12T05:48:34Z
toyota-raize,2023,Original Trim Prices,1,61900,30950,"1.2L I3 E 2WDAED 61,900 - 62,0001.0TC I3 G 2WDAED 66,900 - 67,000",AED,https://www.drivearabia.com/carprices/uae/toyota/toyota-raize/2023/,2026-06-12T05:48:34Z
toyota-raize,2023,Original Trim Prices,1,61900,30950,"1.2L I3 E 2WDAED 61,900 - 62,0001.0TC I3 G 2WDAED 66,900 - 67,000",AED,https://www.drivearabia.com/carprices/uae/toyota/toyota-raize/2023/,2026-06-12T05:48:34Z
toyota-raize,2023,Unknown,61900,62000,61950,"1.2L I3 E 2WDAED 61,900 - 62,000",AED,https://www.drivearabia.com/carprices/uae/toyota/toyota-raize/2023/,2026-06-12T05:48:34Z
toyota-raize,2023,1.2L I3 E 2WD,61900,62000,61950,"AED 61,900 - 62,000",AED,https://www.drivearabia.com/carprices/uae/toyota/toyota-raize/2023/,2026-06-12T05:48:34Z
toyota-raize,2023,Unknown,66900,67000,66950,"1.0TC I3 G 2WDAED 66,900 - 67,000",AED,https://www.drivearabia.com/carprices/uae/toyota/toyota-raize/2023/,2026-06-12T05:48:34Z
toyota-raize,2023,1.0TC I3 G 2WD,66900,67000,66950,"AED 66,900 - 67,000",AED,https://www.drivearabia.com/carprices/uae/toyota/toyota-raize/2023/,2026-06-12T05:48:34Z
toyota-raize,2023,Unknown,2021,80000,41010,"2021 Ford EcosportAED 58,000 - 80,000",AED,https://www.drivearabia.com/carprices/uae/toyota/toyota-raize/2023/,2026-06-12T05:48:34Z
toyota-raize,2023,Unknown,2021,80000,41010,"2021 Ford EcosportAED 58,000 - 80,000",AED,https://www.drivearabia.com/carprices/uae/toyota/toyota-raize/2023/,2026-06-12T05:48:34Z
toyota-raize,2023,Unknown,58000,80000,69000,"AED 58,000 - 80,000",AED,https://www.drivearabia.com/carprices/uae/toyota/toyota-raize/2023/,2026-06-12T05:48:34Z
toyota-raize,2023,Unknown,2023,72000,37012,"2023 Renault DusterAED 51,900 - 72,000",AED,https://www.drivearabia.com/carprices/uae/toyota/toyota-raize/2023/,2026-06-12T05:48:34Z
toyota-raize,2023,Unknown,2023,72000,37012,"2023 Renault DusterAED 51,900 - 72,000",AED,https://www.drivearabia.com/carprices/uae/toyota/toyota-raize/2023/,2026-06-12T05:48:34Z
toyota-raize,2023,Unknown,51900,72000,61950,"AED 51,900 - 72,000",AED,https://www.drivearabia.com/carprices/uae/toyota/toyota-raize/2023/,2026-06-12T05:48:34Z
toyota-raize,2023,Unknown,2023,78000,40012,"2023 Suzuki JimnyAED 72,000 - 78,000",AED,https://www.drivearabia.com/carprices/uae/toyota/toyota-raize/2023/,2026-06-12T05:48:34Z
toyota-raize,2023,Unknown,2023,78000,40012,"2023 Suzuki JimnyAED 72,000 - 78,000",AED,https://www.drivearabia.com/carprices/uae/toyota/toyota-raize/2023/,2026-06-12T05:48:34Z
toyota-raize,2023,Unknown,72000,78000,75000,"AED 72,000 - 78,000",AED,https://www.drivearabia.com/carprices/uae/toyota/toyota-raize/2023/,2026-06-12T05:48:34Z
toyota-raize,2023,Unknown,2023,61900,31962,"The starting price of the 2023 Toyota Raize in UAE is AED 61,900.",AED,https://www.drivearabia.com/carprices/uae/toyota/toyota-raize/2023/,2026-06-12T05:48:34Z
toyota-raize,2023,Unknown,2023,61900,31962,"The starting price of the 2023 Toyota Raize in UAE is AED 61,900.",AED,https://www.drivearabia.com/carprices/uae/toyota/toyota-raize/2023/,2026-06-12T05:48:34Z
toyota-raize,2023,Trims1.2L I3 E 2WD,,,61900,"Original Starting PriceAED 61,900",AED,https://www.drivearabia.com/carprices/uae/toyota/toyota-raize/2023/,2026-06-12T05:48:34Z
toyota-raize,2023,Trims1.2L I3 E 2WD,,,61900,"AED 61,900",AED,https://www.drivearabia.com/carprices/uae/toyota/toyota-raize/2023/,2026-06-12T05:48:34Z
toyota-raize,2023,Unknown,,,61900,"AED 61,900",AED,https://www.drivearabia.com/carprices/uae/toyota/toyota-raize/2023/,2026-06-12T05:48:34Z
toyota-raize,2024,Unknown,,,61900,"Original Starting PriceAED 61,900",AED,https://www.drivearabia.com/carprices/uae/toyota/toyota-raize/2024/,2026-06-12T05:48:36Z
toyota-raize,2024,Unknown,,,61900,"Original Starting PriceAED 61,900",AED,https://www.drivearabia.com/carprices/uae/toyota/toyota-raize/2024/,2026-06-12T05:48:36Z
toyota-raize,2024,Unknown,,,61900,"AED 61,900",AED,https://www.drivearabia.com/carprices/uae/toyota/toyota-raize/2024/,2026-06-12T05:48:36Z
toyota-raize,2024,Original Trim Prices,1,61900,30950,"1.2L I3 E 2WDAED 61,900 - 62,0001.0TC I3 G 2WDAED 66,900 - 67,000",AED,https://www.drivearabia.com/carprices/uae/toyota/toyota-raize/2024/,2026-06-12T05:48:36Z
toyota-raize,2024,Original Trim Prices,1,61900,30950,"1.2L I3 E 2WDAED 61,900 - 62,0001.0TC I3 G 2WDAED 66,900 - 67,000",AED,https://www.drivearabia.com/carprices/uae/toyota/toyota-raize/2024/,2026-06-12T05:48:36Z
toyota-raize,2024,Unknown,61900,62000,61950,"1.2L I3 E 2WDAED 61,900 - 62,000",AED,https://www.drivearabia.com/carprices/uae/toyota/toyota-raize/2024/,2026-06-12T05:48:36Z
toyota-raize,2024,1.2L I3 E 2WD,61900,62000,61950,"AED 61,900 - 62,000",AED,https://www.drivearabia.com/carprices/uae/toyota/toyota-raize/2024/,2026-06-12T05:48:36Z
toyota-raize,2024,Unknown,66900,67000,66950,"1.0TC I3 G 2WDAED 66,900 - 67,000",AED,https://www.drivearabia.com/carprices/uae/toyota/toyota-raize/2024/,2026-06-12T05:48:36Z
toyota-raize,2024,1.0TC I3 G 2WD,66900,67000,66950,"AED 66,900 - 67,000",AED,https://www.drivearabia.com/carprices/uae/toyota/toyota-raize/2024/,2026-06-12T05:48:36Z
toyota-raize,2024,Unknown,2021,80000,41010,"2021 Ford EcosportAED 58,000 - 80,000",AED,https://www.drivearabia.com/carprices/uae/toyota/toyota-raize/2024/,2026-06-12T05:48:36Z
toyota-raize,2024,Unknown,2021,80000,41010,"2021 Ford EcosportAED 58,000 - 80,000",AED,https://www.drivearabia.com/carprices/uae/toyota/toyota-raize/2024/,2026-06-12T05:48:36Z
toyota-raize,2024,Unknown,58000,80000,69000,"AED 58,000 - 80,000",AED,https://www.drivearabia.com/carprices/uae/toyota/toyota-raize/2024/,2026-06-12T05:48:36Z
toyota-raize,2024,Unknown,2024,72000,37012,"2024 Renault DusterAED 51,900 - 72,000",AED,https://www.drivearabia.com/carprices/uae/toyota/toyota-raize/2024/,2026-06-12T05:48:36Z
toyota-raize,2024,Unknown,2024,72000,37012,"2024 Renault DusterAED 51,900 - 72,000",AED,https://www.drivearabia.com/carprices/uae/toyota/toyota-raize/2024/,2026-06-12T05:48:36Z
toyota-raize,2024,Unknown,51900,72000,61950,"AED 51,900 - 72,000",AED,https://www.drivearabia.com/carprices/uae/toyota/toyota-raize/2024/,2026-06-12T05:48:36Z
toyota-raize,2024,Unknown,2024,80000,41012,"2024 Suzuki JimnyAED 75,000 - 80,000",AED,https://www.drivearabia.com/carprices/uae/toyota/toyota-raize/2024/,2026-06-12T05:48:36Z
toyota-raize,2024,Unknown,2024,80000,41012,"2024 Suzuki JimnyAED 75,000 - 80,000",AED,https://www.drivearabia.com/carprices/uae/toyota/toyota-raize/2024/,2026-06-12T05:48:36Z
toyota-raize,2024,Unknown,75000,80000,77500,"AED 75,000 - 80,000",AED,https://www.drivearabia.com/carprices/uae/toyota/toyota-raize/2024/,2026-06-12T05:48:36Z
toyota-raize,2024,Unknown,2024,61900,31962,"The starting price of the 2024 Toyota Raize in UAE is AED 61,900.",AED,https://www.drivearabia.com/carprices/uae/toyota/toyota-raize/2024/,2026-06-12T05:48:36Z
toyota-raize,2024,Unknown,2024,61900,31962,"The starting price of the 2024 Toyota Raize in UAE is AED 61,900.",AED,https://www.drivearabia.com/carprices/uae/toyota/toyota-raize/2024/,2026-06-12T05:48:36Z
toyota-raize,2024,Trims1.2L I3 E 2WD,,,61900,"Original Starting PriceAED 61,900",AED,https://www.drivearabia.com/carprices/uae/toyota/toyota-raize/2024/,2026-06-12T05:48:36Z
toyota-raize,2024,Trims1.2L I3 E 2WD,,,61900,"AED 61,900",AED,https://www.drivearabia.com/carprices/uae/toyota/toyota-raize/2024/,2026-06-12T05:48:36Z
toyota-raize,2024,Unknown,,,61900,"AED 61,900",AED,https://www.drivearabia.com/carprices/uae/toyota/toyota-raize/2024/,2026-06-12T05:48:36Z
toyota-raize,2025,Unknown,,,61900,"Starting atAED 61,900",AED,https://www.drivearabia.com/carprices/uae/toyota/toyota-raize/2025/,2026-06-12T05:48:38Z
toyota-raize,2025,Unknown,,,61900,"Starting atAED 61,900",AED,https://www.drivearabia.com/carprices/uae/toyota/toyota-raize/2025/,2026-06-12T05:48:38Z
toyota-raize,2025,Starting at,,,61900,"AED 61,900",AED,https://www.drivearabia.com/carprices/uae/toyota/toyota-raize/2025/,2026-06-12T05:48:38Z
toyota-raize,2025,Trim Prices,1,61900,30950,"1.2L I3 E 2WDAED 61,900 - 62,0001.0TC I3 G 2WDAED 66,900 - 67,000",AED,https://www.drivearabia.com/carprices/uae/toyota/toyota-raize/2025/,2026-06-12T05:48:38Z
toyota-raize,2025,Trim Prices,1,61900,30950,"1.2L I3 E 2WDAED 61,900 - 62,0001.0TC I3 G 2WDAED 66,900 - 67,000",AED,https://www.drivearabia.com/carprices/uae/toyota/toyota-raize/2025/,2026-06-12T05:48:38Z
toyota-raize,2025,Unknown,61900,62000,61950,"1.2L I3 E 2WDAED 61,900 - 62,000",AED,https://www.drivearabia.com/carprices/uae/toyota/toyota-raize/2025/,2026-06-12T05:48:38Z
toyota-raize,2025,1.2L I3 E 2WD,61900,62000,61950,"AED 61,900 - 62,000",AED,https://www.drivearabia.com/carprices/uae/toyota/toyota-raize/2025/,2026-06-12T05:48:38Z
toyota-raize,2025,Unknown,66900,67000,66950,"1.0TC I3 G 2WDAED 66,900 - 67,000",AED,https://www.drivearabia.com/carprices/uae/toyota/toyota-raize/2025/,2026-06-12T05:48:38Z
toyota-raize,2025,1.0TC I3 G 2WD,66900,67000,66950,"AED 66,900 - 67,000",AED,https://www.drivearabia.com/carprices/uae/toyota/toyota-raize/2025/,2026-06-12T05:48:38Z
toyota-raize,2025,Unknown,2021,80000,41010,"2021 Ford EcosportAED 58,000 - 80,000",AED,https://www.drivearabia.com/carprices/uae/toyota/toyota-raize/2025/,2026-06-12T05:48:38Z
toyota-raize,2025,Unknown,2021,80000,41010,"2021 Ford EcosportAED 58,000 - 80,000",AED,https://www.drivearabia.com/carprices/uae/toyota/toyota-raize/2025/,2026-06-12T05:48:38Z
toyota-raize,2025,Unknown,58000,80000,69000,"AED 58,000 - 80,000",AED,https://www.drivearabia.com/carprices/uae/toyota/toyota-raize/2025/,2026-06-12T05:48:38Z
toyota-raize,2025,Unknown,2025,113000,57512,"2025 Suzuki JimnyAED 78,900 - 113,000",AED,https://www.drivearabia.com/carprices/uae/toyota/toyota-raize/2025/,2026-06-12T05:48:38Z
toyota-raize,2025,Unknown,2025,113000,57512,"2025 Suzuki JimnyAED 78,900 - 113,000",AED,https://www.drivearabia.com/carprices/uae/toyota/toyota-raize/2025/,2026-06-12T05:48:38Z
toyota-raize,2025,Unknown,78900,113000,95950,"AED 78,900 - 113,000",AED,https://www.drivearabia.com/carprices/uae/toyota/toyota-raize/2025/,2026-06-12T05:48:38Z
toyota-raize,2025,Unknown,2025,76000,39012,"2025 Renault DusterAED 69,900 - 76,000",AED,https://www.drivearabia.com/carprices/uae/toyota/toyota-raize/2025/,2026-06-12T05:48:38Z
toyota-raize,2025,Unknown,2025,76000,39012,"2025 Renault DusterAED 69,900 - 76,000",AED,https://www.drivearabia.com/carprices/uae/toyota/toyota-raize/2025/,2026-06-12T05:48:38Z
toyota-raize,2025,Unknown,69900,76000,72950,"AED 69,900 - 76,000",AED,https://www.drivearabia.com/carprices/uae/toyota/toyota-raize/2025/,2026-06-12T05:48:38Z
toyota-raize,2025,Unknown,2025,61900,31962,"The starting price of the 2025 Toyota Raize in UAE is AED 61,900.",AED,https://www.drivearabia.com/carprices/uae/toyota/toyota-raize/2025/,2026-06-12T05:48:38Z
toyota-raize,2025,Unknown,2025,61900,31962,"The starting price of the 2025 Toyota Raize in UAE is AED 61,900.",AED,https://www.drivearabia.com/carprices/uae/toyota/toyota-raize/2025/,2026-06-12T05:48:38Z
toyota-raize,2025,Trims1.2L I3 E 2WD,,,61900,"Starting atAED 61,900",AED,https://www.drivearabia.com/carprices/uae/toyota/toyota-raize/2025/,2026-06-12T05:48:38Z
toyota-raize,2025,Starting at,,,61900,"AED 61,900",AED,https://www.drivearabia.com/carprices/uae/toyota/toyota-raize/2025/,2026-06-12T05:48:38Z
toyota-raize,2025,Starting at,,,61900,"AED 61,900",AED,https://www.drivearabia.com/carprices/uae/toyota/toyota-raize/2025/,2026-06-12T05:48:38Z
toyota-raize,2026,Unknown,,,63900,"Starting atAED 63,900",AED,https://www.drivearabia.com/carprices/uae/toyota/toyota-raize/2026/,2026-06-12T05:48:40Z
toyota-raize,2026,Unknown,,,63900,"Starting atAED 63,900",AED,https://www.drivearabia.com/carprices/uae/toyota/toyota-raize/2026/,2026-06-12T05:48:40Z
toyota-raize,2026,Starting at,,,63900,"AED 63,900",AED,https://www.drivearabia.com/carprices/uae/toyota/toyota-raize/2026/,2026-06-12T05:48:40Z
toyota-raize,2026,Trim Prices,1,63900,31950,"1.2L I3 E 2WDAED 63,900 - 64,0001.0TC I3 G 2WDAED 66,900 - 67,000",AED,https://www.drivearabia.com/carprices/uae/toyota/toyota-raize/2026/,2026-06-12T05:48:40Z
toyota-raize,2026,Trim Prices,1,63900,31950,"1.2L I3 E 2WDAED 63,900 - 64,0001.0TC I3 G 2WDAED 66,900 - 67,000",AED,https://www.drivearabia.com/carprices/uae/toyota/toyota-raize/2026/,2026-06-12T05:48:40Z
toyota-raize,2026,Unknown,63900,64000,63950,"1.2L I3 E 2WDAED 63,900 - 64,000",AED,https://www.drivearabia.com/carprices/uae/toyota/toyota-raize/2026/,2026-06-12T05:48:40Z
toyota-raize,2026,1.2L I3 E 2WD,63900,64000,63950,"AED 63,900 - 64,000",AED,https://www.drivearabia.com/carprices/uae/toyota/toyota-raize/2026/,2026-06-12T05:48:40Z
toyota-raize,2026,Unknown,66900,67000,66950,"1.0TC I3 G 2WDAED 66,900 - 67,000",AED,https://www.drivearabia.com/carprices/uae/toyota/toyota-raize/2026/,2026-06-12T05:48:40Z
toyota-raize,2026,1.0TC I3 G 2WD,66900,67000,66950,"AED 66,900 - 67,000",AED,https://www.drivearabia.com/carprices/uae/toyota/toyota-raize/2026/,2026-06-12T05:48:40Z
toyota-raize,2026,Unknown,2025,92500,47262,"2025 Hyundai KonaAED 62,000 - 92,500",AED,https://www.drivearabia.com/carprices/uae/toyota/toyota-raize/2026/,2026-06-12T05:48:40Z
toyota-raize,2026,Unknown,2025,92500,47262,"2025 Hyundai KonaAED 62,000 - 92,500",AED,https://www.drivearabia.com/carprices/uae/toyota/toyota-raize/2026/,2026-06-12T05:48:40Z
toyota-raize,2026,Unknown,62000,92500,77250,"AED 62,000 - 92,500",AED,https://www.drivearabia.com/carprices/uae/toyota/toyota-raize/2026/,2026-06-12T05:48:40Z
toyota-raize,2026,Unknown,2025,113000,57512,"2025 Suzuki JimnyAED 78,900 - 113,000",AED,https://www.drivearabia.com/carprices/uae/toyota/toyota-raize/2026/,2026-06-12T05:48:40Z
toyota-raize,2026,Unknown,2025,113000,57512,"2025 Suzuki JimnyAED 78,900 - 113,000",AED,https://www.drivearabia.com/carprices/uae/toyota/toyota-raize/2026/,2026-06-12T05:48:40Z
toyota-raize,2026,Unknown,78900,113000,95950,"AED 78,900 - 113,000",AED,https://www.drivearabia.com/carprices/uae/toyota/toyota-raize/2026/,2026-06-12T05:48:40Z
toyota-raize,2026,Unknown,2025,76000,39012,"2025 Renault DusterAED 69,900 - 76,000",AED,https://www.drivearabia.com/carprices/uae/toyota/toyota-raize/2026/,2026-06-12T05:48:40Z
toyota-raize,2026,Unknown,2025,76000,39012,"2025 Renault DusterAED 69,900 - 76,000",AED,https://www.drivearabia.com/carprices/uae/toyota/toyota-raize/2026/,2026-06-12T05:48:40Z
toyota-raize,2026,Unknown,69900,76000,72950,"AED 69,900 - 76,000",AED,https://www.drivearabia.com/carprices/uae/toyota/toyota-raize/2026/,2026-06-12T05:48:40Z
toyota-raize,2026,Unknown,2026,63900,32963,"The starting price of the 2026 Toyota Raize in UAE is AED 63,900.",AED,https://www.drivearabia.com/carprices/uae/toyota/toyota-raize/2026/,2026-06-12T05:48:40Z
toyota-raize,2026,Unknown,2026,63900,32963,"The starting price of the 2026 Toyota Raize in UAE is AED 63,900.",AED,https://www.drivearabia.com/carprices/uae/toyota/toyota-raize/2026/,2026-06-12T05:48:40Z
toyota-raize,2026,Trims1.2L I3 E 2WD,,,63900,"Starting atAED 63,900",AED,https://www.drivearabia.com/carprices/uae/toyota/toyota-raize/2026/,2026-06-12T05:48:40Z
toyota-raize,2026,Starting at,,,63900,"AED 63,900",AED,https://www.drivearabia.com/carprices/uae/toyota/toyota-raize/2026/,2026-06-12T05:48:40Z
toyota-raize,2026,Starting at,,,63900,"AED 63,900",AED,https://www.drivearabia.com/carprices/uae/toyota/toyota-raize/2026/,2026-06-12T05:48:40Z
toyota-rav-4,2022,Unknown,,,89900,"Original Starting PriceAED 89,900",AED,https://www.drivearabia.com/carprices/uae/toyota/toyota-rav-4/2022/,2026-06-12T05:48:42Z
toyota-rav-4,2022,Unknown,,,89900,"Original Starting PriceAED 89,900",AED,https://www.drivearabia.com/carprices/uae/toyota/toyota-rav-4/2022/,2026-06-12T05:48:42Z
toyota-rav-4,2022,Unknown,,,89900,"AED 89,900",AED,https://www.drivearabia.com/carprices/uae/toyota/toyota-rav-4/2022/,2026-06-12T05:48:42Z
toyota-rav-4,2022,Unknown,89900,90000,89950,"2.5L EXAED 89,900 - 90,000",AED,https://www.drivearabia.com/carprices/uae/toyota/toyota-rav-4/2022/,2026-06-12T05:48:42Z
toyota-rav-4,2022,2.5L EX,89900,90000,89950,"AED 89,900 - 90,000",AED,https://www.drivearabia.com/carprices/uae/toyota/toyota-rav-4/2022/,2026-06-12T05:48:42Z
toyota-rav-4,2022,Unknown,102900,103000,102950,"2.5L EXRAED 102,900 - 103,000",AED,https://www.drivearabia.com/carprices/uae/toyota/toyota-rav-4/2022/,2026-06-12T05:48:42Z
toyota-rav-4,2022,2.5L EXR,102900,103000,102950,"AED 102,900 - 103,000",AED,https://www.drivearabia.com/carprices/uae/toyota/toyota-rav-4/2022/,2026-06-12T05:48:42Z
toyota-rav-4,2022,Unknown,129900,130000,129950,"2.5L AdventureAED 129,900 - 130,000",AED,https://www.drivearabia.com/carprices/uae/toyota/toyota-rav-4/2022/,2026-06-12T05:48:42Z
toyota-rav-4,2022,2.5L Adventure,129900,130000,129950,"AED 129,900 - 130,000",AED,https://www.drivearabia.com/carprices/uae/toyota/toyota-rav-4/2022/,2026-06-12T05:48:42Z
toyota-rav-4,2022,"2.5L AdventureAED 129,900 - 130,000",139900,140000,139950,"2.5 HybridAED 139,900 - 140,000",AED,https://www.drivearabia.com/carprices/uae/toyota/toyota-rav-4/2022/,2026-06-12T05:48:42Z
toyota-rav-4,2022,2.5 Hybrid,139900,140000,139950,"AED 139,900 - 140,000",AED,https://www.drivearabia.com/carprices/uae/toyota/toyota-rav-4/2022/,2026-06-12T05:48:42Z
toyota-rav-4,2022,Unknown,2022,90000,46011,"2022 Nissan X-TrailAED 90,000 - 137,000",AED,https://www.drivearabia.com/carprices/uae/toyota/toyota-rav-4/2022/,2026-06-12T05:48:42Z
toyota-rav-4,2022,Unknown,2022,90000,46011,"2022 Nissan X-TrailAED 90,000 - 137,000",AED,https://www.drivearabia.com/carprices/uae/toyota/toyota-rav-4/2022/,2026-06-12T05:48:42Z
toyota-rav-4,2022,Unknown,90000,137000,113500,"AED 90,000 - 137,000",AED,https://www.drivearabia.com/carprices/uae/toyota/toyota-rav-4/2022/,2026-06-12T05:48:42Z
toyota-rav-4,2022,Unknown,2022,99900,50961,"2022 Honda CR-VAED 99,900 - 140,000",AED,https://www.drivearabia.com/carprices/uae/toyota/toyota-rav-4/2022/,2026-06-12T05:48:42Z
toyota-rav-4,2022,Unknown,2022,99900,50961,"2022 Honda CR-VAED 99,900 - 140,000",AED,https://www.drivearabia.com/carprices/uae/toyota/toyota-rav-4/2022/,2026-06-12T05:48:42Z
toyota-rav-4,2022,Unknown,99900,140000,119950,"AED 99,900 - 140,000",AED,https://www.drivearabia.com/carprices/uae/toyota/toyota-rav-4/2022/,2026-06-12T05:48:42Z
toyota-rav-4,2022,Unknown,2022,147000,74511,"2022 GMC TerrainAED 96,100 - 147,000",AED,https://www.drivearabia.com/carprices/uae/toyota/toyota-rav-4/2022/,2026-06-12T05:48:42Z
toyota-rav-4,2022,Unknown,2022,147000,74511,"2022 GMC TerrainAED 96,100 - 147,000",AED,https://www.drivearabia.com/carprices/uae/toyota/toyota-rav-4/2022/,2026-06-12T05:48:42Z
toyota-rav-4,2022,Unknown,96100,147000,121550,"AED 96,100 - 147,000",AED,https://www.drivearabia.com/carprices/uae/toyota/toyota-rav-4/2022/,2026-06-12T05:48:42Z
toyota-rav-4,2022,Unknown,2022,89900,45961,"The starting price of the 2022 Toyota RAV 4 in UAE is AED 89,900.",AED,https://www.drivearabia.com/carprices/uae/toyota/toyota-rav-4/2022/,2026-06-12T05:48:42Z
toyota-rav-4,2022,Unknown,2022,89900,45961,"The starting price of the 2022 Toyota RAV 4 in UAE is AED 89,900.",AED,https://www.drivearabia.com/carprices/uae/toyota/toyota-rav-4/2022/,2026-06-12T05:48:42Z
toyota-rav-4,2022,Trims2.5L EX,,,89900,"Original Starting PriceAED 89,900",AED,https://www.drivearabia.com/carprices/uae/toyota/toyota-rav-4/2022/,2026-06-12T05:48:42Z
toyota-rav-4,2022,Trims2.5L EX,,,89900,"AED 89,900",AED,https://www.drivearabia.com/carprices/uae/toyota/toyota-rav-4/2022/,2026-06-12T05:48:42Z
toyota-rav-4,2022,Unknown,,,89900,"AED 89,900",AED,https://www.drivearabia.com/carprices/uae/toyota/toyota-rav-4/2022/,2026-06-12T05:48:42Z
toyota-rav-4,2023,Unknown,,,99900,"Original Starting PriceAED 99,900",AED,https://www.drivearabia.com/carprices/uae/toyota/toyota-rav-4/2023/,2026-06-12T05:48:44Z
toyota-rav-4,2023,Unknown,,,99900,"Original Starting PriceAED 99,900",AED,https://www.drivearabia.com/carprices/uae/toyota/toyota-rav-4/2023/,2026-06-12T05:48:44Z
toyota-rav-4,2023,Unknown,,,99900,"AED 99,900",AED,https://www.drivearabia.com/carprices/uae/toyota/toyota-rav-4/2023/,2026-06-12T05:48:44Z
toyota-rav-4,2023,Unknown,99900,100000,99950,"2.5L I4 EX 2WDAED 99,900 - 100,000",AED,https://www.drivearabia.com/carprices/uae/toyota/toyota-rav-4/2023/,2026-06-12T05:48:44Z
toyota-rav-4,2023,2.5L I4 EX 2WD,99900,100000,99950,"AED 99,900 - 100,000",AED,https://www.drivearabia.com/carprices/uae/toyota/toyota-rav-4/2023/,2026-06-12T05:48:44Z
toyota-rav-4,2023,Unknown,112900,113000,112950,"2.5L I4 EXR 2WDAED 112,900 - 113,000",AED,https://www.drivearabia.com/carprices/uae/toyota/toyota-rav-4/2023/,2026-06-12T05:48:44Z
toyota-rav-4,2023,2.5L I4 EXR 2WD,112900,113000,112950,"AED 112,900 - 113,000",AED,https://www.drivearabia.com/carprices/uae/toyota/toyota-rav-4/2023/,2026-06-12T05:48:44Z
toyota-rav-4,2023,Unknown,120900,121000,120950,"2.5H I4 EXR Hybrid 4WDAED 120,900 - 121,000",AED,https://www.drivearabia.com/carprices/uae/toyota/toyota-rav-4/2023/,2026-06-12T05:48:44Z
toyota-rav-4,2023,2.5H I4 EXR Hybrid 4WD,120900,121000,120950,"AED 120,900 - 121,000",AED,https://www.drivearabia.com/carprices/uae/toyota/toyota-rav-4/2023/,2026-06-12T05:48:44Z
toyota-rav-4,2023,"2.5H I4 EXR Hybrid 4WDAED 120,900 - 121,000",123900,124000,123950,"2.5L I4 VX 2WDAED 123,900 - 124,000",AED,https://www.drivearabia.com/carprices/uae/toyota/toyota-rav-4/2023/,2026-06-12T05:48:44Z
toyota-rav-4,2023,2.5L I4 VX 2WD,123900,124000,123950,"AED 123,900 - 124,000",AED,https://www.drivearabia.com/carprices/uae/toyota/toyota-rav-4/2023/,2026-06-12T05:48:44Z
toyota-rav-4,2023,"2.5H I4 EXR Hybrid 4WDAED 120,900 - 121,000",139900,140000,139950,"2.5L I4 Adventure 4WDAED 139,900 - 140,000",AED,https://www.drivearabia.com/carprices/uae/toyota/toyota-rav-4/2023/,2026-06-12T05:48:44Z
toyota-rav-4,2023,2.5L I4 Adventure 4WD,139900,140000,139950,"AED 139,900 - 140,000",AED,https://www.drivearabia.com/carprices/uae/toyota/toyota-rav-4/2023/,2026-06-12T05:48:44Z
toyota-rav-4,2023,"2.5L I4 Adventure 4WDAED 139,900 - 140,000",152900,153000,152950,"2.5H I4 VXR Hybrid 4WDAED 152,900 - 153,000",AED,https://www.drivearabia.com/carprices/uae/toyota/toyota-rav-4/2023/,2026-06-12T05:48:44Z
toyota-rav-4,2023,2.5H I4 VXR Hybrid 4WD,152900,153000,152950,"AED 152,900 - 153,000",AED,https://www.drivearabia.com/carprices/uae/toyota/toyota-rav-4/2023/,2026-06-12T05:48:44Z
toyota-rav-4,2023,Unknown,2023,99900,50962,"2023 Nissan X-TrailAED 99,900 - 149,000",AED,https://www.drivearabia.com/carprices/uae/toyota/toyota-rav-4/2023/,2026-06-12T05:48:44Z
toyota-rav-4,2023,Unknown,2023,99900,50962,"2023 Nissan X-TrailAED 99,900 - 149,000",AED,https://www.drivearabia.com/carprices/uae/toyota/toyota-rav-4/2023/,2026-06-12T05:48:44Z
toyota-rav-4,2023,Unknown,99900,149000,124450,"AED 99,900 - 149,000",AED,https://www.drivearabia.com/carprices/uae/toyota/toyota-rav-4/2023/,2026-06-12T05:48:44Z
toyota-rav-4,2023,Unknown,2023,99900,50962,"2023 Honda CR-VAED 99,900 - 140,000",AED,https://www.drivearabia.com/carprices/uae/toyota/toyota-rav-4/2023/,2026-06-12T05:48:44Z
toyota-rav-4,2023,Unknown,2023,99900,50962,"2023 Honda CR-VAED 99,900 - 140,000",AED,https://www.drivearabia.com/carprices/uae/toyota/toyota-rav-4/2023/,2026-06-12T05:48:44Z
toyota-rav-4,2023,Unknown,99900,140000,119950,"AED 99,900 - 140,000",AED,https://www.drivearabia.com/carprices/uae/toyota/toyota-rav-4/2023/,2026-06-12T05:48:44Z
toyota-rav-4,2023,Unknown,2023,147000,74512,"2023 GMC TerrainAED 96,100 - 147,000",AED,https://www.drivearabia.com/carprices/uae/toyota/toyota-rav-4/2023/,2026-06-12T05:48:44Z
toyota-rav-4,2023,Unknown,2023,147000,74512,"2023 GMC TerrainAED 96,100 - 147,000",AED,https://www.drivearabia.com/carprices/uae/toyota/toyota-rav-4/2023/,2026-06-12T05:48:44Z
toyota-rav-4,2023,Unknown,96100,147000,121550,"AED 96,100 - 147,000",AED,https://www.drivearabia.com/carprices/uae/toyota/toyota-rav-4/2023/,2026-06-12T05:48:44Z
toyota-rav-4,2023,Unknown,2023,99900,50962,"The starting price of the 2023 Toyota RAV 4 in UAE is AED 99,900.",AED,https://www.drivearabia.com/carprices/uae/toyota/toyota-rav-4/2023/,2026-06-12T05:48:44Z
toyota-rav-4,2023,Unknown,2023,99900,50962,"The starting price of the 2023 Toyota RAV 4 in UAE is AED 99,900.",AED,https://www.drivearabia.com/carprices/uae/toyota/toyota-rav-4/2023/,2026-06-12T05:48:44Z
toyota-rav-4,2023,Trims2.5L I4 EX 2WD,,,99900,"Original Starting PriceAED 99,900",AED,https://www.drivearabia.com/carprices/uae/toyota/toyota-rav-4/2023/,2026-06-12T05:48:44Z
toyota-rav-4,2023,Trims2.5L I4 EX 2WD,,,99900,"AED 99,900",AED,https://www.drivearabia.com/carprices/uae/toyota/toyota-rav-4/2023/,2026-06-12T05:48:44Z
toyota-rav-4,2023,Unknown,,,99900,"AED 99,900",AED,https://www.drivearabia.com/carprices/uae/toyota/toyota-rav-4/2023/,2026-06-12T05:48:44Z
toyota-rav-4,2024,Unknown,,,99900,"Original Starting PriceAED 99,900",AED,https://www.drivearabia.com/carprices/uae/toyota/toyota-rav-4/2024/,2026-06-12T05:48:46Z
toyota-rav-4,2024,Unknown,,,99900,"Original Starting PriceAED 99,900",AED,https://www.drivearabia.com/carprices/uae/toyota/toyota-rav-4/2024/,2026-06-12T05:48:46Z
toyota-rav-4,2024,Unknown,,,99900,"AED 99,900",AED,https://www.drivearabia.com/carprices/uae/toyota/toyota-rav-4/2024/,2026-06-12T05:48:46Z
toyota-rav-4,2024,Unknown,99900,100000,99950,"2.5L I4 EX 2WDAED 99,900 - 100,000",AED,https://www.drivearabia.com/carprices/uae/toyota/toyota-rav-4/2024/,2026-06-12T05:48:46Z
toyota-rav-4,2024,2.5L I4 EX 2WD,99900,100000,99950,"AED 99,900 - 100,000",AED,https://www.drivearabia.com/carprices/uae/toyota/toyota-rav-4/2024/,2026-06-12T05:48:46Z
toyota-rav-4,2024,Unknown,112900,113000,112950,"2.5L I4 EXR 2WDAED 112,900 - 113,000",AED,https://www.drivearabia.com/carprices/uae/toyota/toyota-rav-4/2024/,2026-06-12T05:48:46Z
toyota-rav-4,2024,2.5L I4 EXR 2WD,112900,113000,112950,"AED 112,900 - 113,000",AED,https://www.drivearabia.com/carprices/uae/toyota/toyota-rav-4/2024/,2026-06-12T05:48:46Z
toyota-rav-4,2024,Unknown,120900,121000,120950,"2.5H I4 EXR Hybrid 4WDAED 120,900 - 121,000",AED,https://www.drivearabia.com/carprices/uae/toyota/toyota-rav-4/2024/,2026-06-12T05:48:46Z
toyota-rav-4,2024,2.5H I4 EXR Hybrid 4WD,120900,121000,120950,"AED 120,900 - 121,000",AED,https://www.drivearabia.com/carprices/uae/toyota/toyota-rav-4/2024/,2026-06-12T05:48:46Z
toyota-rav-4,2024,"2.5H I4 EXR Hybrid 4WDAED 120,900 - 121,000",123900,124000,123950,"2.5L I4 VX 2WDAED 123,900 - 124,000",AED,https://www.drivearabia.com/carprices/uae/toyota/toyota-rav-4/2024/,2026-06-12T05:48:46Z
toyota-rav-4,2024,2.5L I4 VX 2WD,123900,124000,123950,"AED 123,900 - 124,000",AED,https://www.drivearabia.com/carprices/uae/toyota/toyota-rav-4/2024/,2026-06-12T05:48:46Z
toyota-rav-4,2024,"2.5H I4 EXR Hybrid 4WDAED 120,900 - 121,000",139900,140000,139950,"2.5L I4 Adventure 4WDAED 139,900 - 140,000",AED,https://www.drivearabia.com/carprices/uae/toyota/toyota-rav-4/2024/,2026-06-12T05:48:46Z
toyota-rav-4,2024,2.5L I4 Adventure 4WD,139900,140000,139950,"AED 139,900 - 140,000",AED,https://www.drivearabia.com/carprices/uae/toyota/toyota-rav-4/2024/,2026-06-12T05:48:46Z
toyota-rav-4,2024,"2.5L I4 Adventure 4WDAED 139,900 - 140,000",152900,153000,152950,"2.5H I4 VXR Hybrid 4WDAED 152,900 - 153,000",AED,https://www.drivearabia.com/carprices/uae/toyota/toyota-rav-4/2024/,2026-06-12T05:48:46Z
toyota-rav-4,2024,2.5H I4 VXR Hybrid 4WD,152900,153000,152950,"AED 152,900 - 153,000",AED,https://www.drivearabia.com/carprices/uae/toyota/toyota-rav-4/2024/,2026-06-12T05:48:46Z
toyota-rav-4,2024,Unknown,2024,99900,50962,"2024 Nissan X-TrailAED 99,900 - 149,000",AED,https://www.drivearabia.com/carprices/uae/toyota/toyota-rav-4/2024/,2026-06-12T05:48:46Z
toyota-rav-4,2024,Unknown,2024,99900,50962,"2024 Nissan X-TrailAED 99,900 - 149,000",AED,https://www.drivearabia.com/carprices/uae/toyota/toyota-rav-4/2024/,2026-06-12T05:48:46Z
toyota-rav-4,2024,Unknown,99900,149000,124450,"AED 99,900 - 149,000",AED,https://www.drivearabia.com/carprices/uae/toyota/toyota-rav-4/2024/,2026-06-12T05:48:46Z
toyota-rav-4,2024,Unknown,2024,147000,74512,"2024 GMC TerrainAED 96,100 - 147,000",AED,https://www.drivearabia.com/carprices/uae/toyota/toyota-rav-4/2024/,2026-06-12T05:48:46Z
toyota-rav-4,2024,Unknown,2024,147000,74512,"2024 GMC TerrainAED 96,100 - 147,000",AED,https://www.drivearabia.com/carprices/uae/toyota/toyota-rav-4/2024/,2026-06-12T05:48:46Z
toyota-rav-4,2024,Unknown,96100,147000,121550,"AED 96,100 - 147,000",AED,https://www.drivearabia.com/carprices/uae/toyota/toyota-rav-4/2024/,2026-06-12T05:48:46Z
toyota-rav-4,2024,Unknown,2024,124900,63462,"2024 Honda CR-VAED 124,900 - 161,000",AED,https://www.drivearabia.com/carprices/uae/toyota/toyota-rav-4/2024/,2026-06-12T05:48:46Z
toyota-rav-4,2024,Unknown,2024,124900,63462,"2024 Honda CR-VAED 124,900 - 161,000",AED,https://www.drivearabia.com/carprices/uae/toyota/toyota-rav-4/2024/,2026-06-12T05:48:46Z
toyota-rav-4,2024,Unknown,124900,161000,142950,"AED 124,900 - 161,000",AED,https://www.drivearabia.com/carprices/uae/toyota/toyota-rav-4/2024/,2026-06-12T05:48:46Z
toyota-rav-4,2024,Unknown,2024,99900,50962,"The starting price of the 2024 Toyota RAV 4 in UAE is AED 99,900.",AED,https://www.drivearabia.com/carprices/uae/toyota/toyota-rav-4/2024/,2026-06-12T05:48:46Z
toyota-rav-4,2024,Unknown,2024,99900,50962,"The starting price of the 2024 Toyota RAV 4 in UAE is AED 99,900.",AED,https://www.drivearabia.com/carprices/uae/toyota/toyota-rav-4/2024/,2026-06-12T05:48:46Z
toyota-rav-4,2024,Trims2.5L I4 EX 2WD,,,99900,"Original Starting PriceAED 99,900",AED,https://www.drivearabia.com/carprices/uae/toyota/toyota-rav-4/2024/,2026-06-12T05:48:46Z
toyota-rav-4,2024,Trims2.5L I4 EX 2WD,,,99900,"AED 99,900",AED,https://www.drivearabia.com/carprices/uae/toyota/toyota-rav-4/2024/,2026-06-12T05:48:46Z
toyota-rav-4,2024,Unknown,,,99900,"AED 99,900",AED,https://www.drivearabia.com/carprices/uae/toyota/toyota-rav-4/2024/,2026-06-12T05:48:46Z
toyota-rav-4,2025,Unknown,,,99900,"Starting atAED 99,900",AED,https://www.drivearabia.com/carprices/uae/toyota/toyota-rav-4/2025/,2026-06-12T05:48:48Z
toyota-rav-4,2025,Unknown,,,99900,"Starting atAED 99,900",AED,https://www.drivearabia.com/carprices/uae/toyota/toyota-rav-4/2025/,2026-06-12T05:48:48Z
toyota-rav-4,2025,Starting at,,,99900,"AED 99,900",AED,https://www.drivearabia.com/carprices/uae/toyota/toyota-rav-4/2025/,2026-06-12T05:48:48Z
toyota-rav-4,2025,Unknown,99900,100000,99950,"2.5L I4 EX 2WDAED 99,900 - 100,000",AED,https://www.drivearabia.com/carprices/uae/toyota/toyota-rav-4/2025/,2026-06-12T05:48:48Z
toyota-rav-4,2025,2.5L I4 EX 2WD,99900,100000,99950,"AED 99,900 - 100,000",AED,https://www.drivearabia.com/carprices/uae/toyota/toyota-rav-4/2025/,2026-06-12T05:48:48Z
toyota-rav-4,2025,Unknown,112900,113000,112950,"2.5L I4 EXR 2WDAED 112,900 - 113,000",AED,https://www.drivearabia.com/carprices/uae/toyota/toyota-rav-4/2025/,2026-06-12T05:48:48Z
toyota-rav-4,2025,2.5L I4 EXR 2WD,112900,113000,112950,"AED 112,900 - 113,000",AED,https://www.drivearabia.com/carprices/uae/toyota/toyota-rav-4/2025/,2026-06-12T05:48:48Z
toyota-rav-4,2025,Unknown,120900,121000,120950,"2.5H I4 EXR Hybrid 4WDAED 120,900 - 121,000",AED,https://www.drivearabia.com/carprices/uae/toyota/toyota-rav-4/2025/,2026-06-12T05:48:48Z
toyota-rav-4,2025,2.5H I4 EXR Hybrid 4WD,120900,121000,120950,"AED 120,900 - 121,000",AED,https://www.drivearabia.com/carprices/uae/toyota/toyota-rav-4/2025/,2026-06-12T05:48:48Z
toyota-rav-4,2025,"2.5H I4 EXR Hybrid 4WDAED 120,900 - 121,000",123900,124000,123950,"2.5L I4 VX 2WDAED 123,900 - 124,000",AED,https://www.drivearabia.com/carprices/uae/toyota/toyota-rav-4/2025/,2026-06-12T05:48:48Z
toyota-rav-4,2025,2.5L I4 VX 2WD,123900,124000,123950,"AED 123,900 - 124,000",AED,https://www.drivearabia.com/carprices/uae/toyota/toyota-rav-4/2025/,2026-06-12T05:48:48Z
toyota-rav-4,2025,"2.5H I4 EXR Hybrid 4WDAED 120,900 - 121,000",139900,140000,139950,"2.5L I4 Adventure 4WDAED 139,900 - 140,000",AED,https://www.drivearabia.com/carprices/uae/toyota/toyota-rav-4/2025/,2026-06-12T05:48:48Z
toyota-rav-4,2025,2.5L I4 Adventure 4WD,139900,140000,139950,"AED 139,900 - 140,000",AED,https://www.drivearabia.com/carprices/uae/toyota/toyota-rav-4/2025/,2026-06-12T05:48:48Z
toyota-rav-4,2025,"2.5L I4 Adventure 4WDAED 139,900 - 140,000",152900,153000,152950,"2.5H I4 VXR Hybrid 4WDAED 152,900 - 153,000",AED,https://www.drivearabia.com/carprices/uae/toyota/toyota-rav-4/2025/,2026-06-12T05:48:48Z
toyota-rav-4,2025,2.5H I4 VXR Hybrid 4WD,152900,153000,152950,"AED 152,900 - 153,000",AED,https://www.drivearabia.com/carprices/uae/toyota/toyota-rav-4/2025/,2026-06-12T05:48:48Z
toyota-rav-4,2025,Unknown,2025,101900,51962,"2025 Nissan X-TrailAED 101,900 - 154,000",AED,https://www.drivearabia.com/carprices/uae/toyota/toyota-rav-4/2025/,2026-06-12T05:48:48Z
toyota-rav-4,2025,Unknown,2025,101900,51962,"2025 Nissan X-TrailAED 101,900 - 154,000",AED,https://www.drivearabia.com/carprices/uae/toyota/toyota-rav-4/2025/,2026-06-12T05:48:48Z
toyota-rav-4,2025,Unknown,101900,154000,127950,"AED 101,900 - 154,000",AED,https://www.drivearabia.com/carprices/uae/toyota/toyota-rav-4/2025/,2026-06-12T05:48:48Z
toyota-rav-4,2025,Unknown,2025,129900,65962,"2025 Honda CR-VAED 129,900 - 165,000",AED,https://www.drivearabia.com/carprices/uae/toyota/toyota-rav-4/2025/,2026-06-12T05:48:48Z
toyota-rav-4,2025,Unknown,2025,129900,65962,"2025 Honda CR-VAED 129,900 - 165,000",AED,https://www.drivearabia.com/carprices/uae/toyota/toyota-rav-4/2025/,2026-06-12T05:48:48Z
toyota-rav-4,2025,Unknown,129900,165000,147450,"AED 129,900 - 165,000",AED,https://www.drivearabia.com/carprices/uae/toyota/toyota-rav-4/2025/,2026-06-12T05:48:48Z
toyota-rav-4,2025,Unknown,2026,165000,83513,"2026 GMC TerrainAED 115,000 - 165,000",AED,https://www.drivearabia.com/carprices/uae/toyota/toyota-rav-4/2025/,2026-06-12T05:48:48Z
toyota-rav-4,2025,Unknown,2026,165000,83513,"2026 GMC TerrainAED 115,000 - 165,000",AED,https://www.drivearabia.com/carprices/uae/toyota/toyota-rav-4/2025/,2026-06-12T05:48:48Z
toyota-rav-4,2025,Unknown,115000,165000,140000,"AED 115,000 - 165,000",AED,https://www.drivearabia.com/carprices/uae/toyota/toyota-rav-4/2025/,2026-06-12T05:48:48Z
toyota-rav-4,2025,Unknown,2025,99900,50962,"The starting price of the 2025 Toyota RAV 4 in UAE is AED 99,900.",AED,https://www.drivearabia.com/carprices/uae/toyota/toyota-rav-4/2025/,2026-06-12T05:48:48Z
toyota-rav-4,2025,Unknown,2025,99900,50962,"The starting price of the 2025 Toyota RAV 4 in UAE is AED 99,900.",AED,https://www.drivearabia.com/carprices/uae/toyota/toyota-rav-4/2025/,2026-06-12T05:48:48Z
toyota-rav-4,2025,Trims2.5L I4 EX 2WD,,,99900,"Starting atAED 99,900",AED,https://www.drivearabia.com/carprices/uae/toyota/toyota-rav-4/2025/,2026-06-12T05:48:48Z
toyota-rav-4,2025,Starting at,,,99900,"AED 99,900",AED,https://www.drivearabia.com/carprices/uae/toyota/toyota-rav-4/2025/,2026-06-12T05:48:48Z
toyota-rav-4,2025,Starting at,,,99900,"AED 99,900",AED,https://www.drivearabia.com/carprices/uae/toyota/toyota-rav-4/2025/,2026-06-12T05:48:48Z
toyota-rav-4,2026,Unknown,,,105900,"Starting atAED 105,900",AED,https://www.drivearabia.com/carprices/uae/toyota/toyota-rav-4/2026/,2026-06-12T05:48:50Z
toyota-rav-4,2026,Unknown,,,105900,"Starting atAED 105,900",AED,https://www.drivearabia.com/carprices/uae/toyota/toyota-rav-4/2026/,2026-06-12T05:48:50Z
toyota-rav-4,2026,Starting at,,,105900,"AED 105,900",AED,https://www.drivearabia.com/carprices/uae/toyota/toyota-rav-4/2026/,2026-06-12T05:48:50Z
toyota-rav-4,2026,Unknown,105900,106000,105950,"2.0 EX FWDAED 105,900 - 106,000",AED,https://www.drivearabia.com/carprices/uae/toyota/toyota-rav-4/2026/,2026-06-12T05:48:50Z
toyota-rav-4,2026,2.0 EX FWD,105900,106000,105950,"AED 105,900 - 106,000",AED,https://www.drivearabia.com/carprices/uae/toyota/toyota-rav-4/2026/,2026-06-12T05:48:50Z
toyota-rav-4,2026,Unknown,113900,114000,113950,"2.0 EXR FWDAED 113,900 - 114,000",AED,https://www.drivearabia.com/carprices/uae/toyota/toyota-rav-4/2026/,2026-06-12T05:48:50Z
toyota-rav-4,2026,2.0 EXR FWD,113900,114000,113950,"AED 113,900 - 114,000",AED,https://www.drivearabia.com/carprices/uae/toyota/toyota-rav-4/2026/,2026-06-12T05:48:50Z
toyota-rav-4,2026,Unknown,114900,115000,114950,"2.5H HEV EX 2WDAED 114,900 - 115,000",AED,https://www.drivearabia.com/carprices/uae/toyota/toyota-rav-4/2026/,2026-06-12T05:48:50Z
toyota-rav-4,2026,2.5H HEV EX 2WD,114900,115000,114950,"AED 114,900 - 115,000",AED,https://www.drivearabia.com/carprices/uae/toyota/toyota-rav-4/2026/,2026-06-12T05:48:50Z
toyota-rav-4,2026,Unknown,122900,123000,122950,"2.5 HEV EXR AWDAED 122,900 - 123,000",AED,https://www.drivearabia.com/carprices/uae/toyota/toyota-rav-4/2026/,2026-06-12T05:48:50Z
toyota-rav-4,2026,2.5 HEV EXR AWD,122900,123000,122950,"AED 122,900 - 123,000",AED,https://www.drivearabia.com/carprices/uae/toyota/toyota-rav-4/2026/,2026-06-12T05:48:50Z
toyota-rav-4,2026,"2.5 HEV EXR AWDAED 122,900 - 123,000",142900,143000,142950,"2.5H Adventure AWDAED 142,900 - 143,000",AED,https://www.drivearabia.com/carprices/uae/toyota/toyota-rav-4/2026/,2026-06-12T05:48:50Z
toyota-rav-4,2026,2.5H Adventure AWD,142900,143000,142950,"AED 142,900 - 143,000",AED,https://www.drivearabia.com/carprices/uae/toyota/toyota-rav-4/2026/,2026-06-12T05:48:50Z
toyota-rav-4,2026,Unknown,2026,101900,51963,"2026 Nissan X-TrailAED 101,900 - 154,000",AED,https://www.drivearabia.com/carprices/uae/toyota/toyota-rav-4/2026/,2026-06-12T05:48:50Z
toyota-rav-4,2026,Unknown,2026,101900,51963,"2026 Nissan X-TrailAED 101,900 - 154,000",AED,https://www.drivearabia.com/carprices/uae/toyota/toyota-rav-4/2026/,2026-06-12T05:48:50Z
toyota-rav-4,2026,Unknown,101900,154000,127950,"AED 101,900 - 154,000",AED,https://www.drivearabia.com/carprices/uae/toyota/toyota-rav-4/2026/,2026-06-12T05:48:50Z
toyota-rav-4,2026,Unknown,2026,129900,65963,"2026 Honda CR-VAED 129,900 - 165,000",AED,https://www.drivearabia.com/carprices/uae/toyota/toyota-rav-4/2026/,2026-06-12T05:48:50Z
toyota-rav-4,2026,Unknown,2026,129900,65963,"2026 Honda CR-VAED 129,900 - 165,000",AED,https://www.drivearabia.com/carprices/uae/toyota/toyota-rav-4/2026/,2026-06-12T05:48:50Z
toyota-rav-4,2026,Unknown,129900,165000,147450,"AED 129,900 - 165,000",AED,https://www.drivearabia.com/carprices/uae/toyota/toyota-rav-4/2026/,2026-06-12T05:48:50Z
toyota-rav-4,2026,Unknown,2026,165000,83513,"2026 GMC TerrainAED 115,000 - 165,000",AED,https://www.drivearabia.com/carprices/uae/toyota/toyota-rav-4/2026/,2026-06-12T05:48:50Z
toyota-rav-4,2026,Unknown,2026,165000,83513,"2026 GMC TerrainAED 115,000 - 165,000",AED,https://www.drivearabia.com/carprices/uae/toyota/toyota-rav-4/2026/,2026-06-12T05:48:50Z
toyota-rav-4,2026,Unknown,115000,165000,140000,"AED 115,000 - 165,000",AED,https://www.drivearabia.com/carprices/uae/toyota/toyota-rav-4/2026/,2026-06-12T05:48:50Z
toyota-rav-4,2026,Unknown,2026,105900,53963,"The starting price of the 2026 Toyota RAV 4 in UAE is AED 105,900.",AED,https://www.drivearabia.com/carprices/uae/toyota/toyota-rav-4/2026/,2026-06-12T05:48:50Z
toyota-rav-4,2026,Unknown,2026,105900,53963,"The starting price of the 2026 Toyota RAV 4 in UAE is AED 105,900.",AED,https://www.drivearabia.com/carprices/uae/toyota/toyota-rav-4/2026/,2026-06-12T05:48:50Z
toyota-rav-4,2026,Trims2.0 EX FWD,,,105900,"Starting atAED 105,900",AED,https://www.drivearabia.com/carprices/uae/toyota/toyota-rav-4/2026/,2026-06-12T05:48:50Z
toyota-rav-4,2026,Starting at,,,105900,"AED 105,900",AED,https://www.drivearabia.com/carprices/uae/toyota/toyota-rav-4/2026/,2026-06-12T05:48:50Z
toyota-rav-4,2026,Starting at,,,105900,"AED 105,900",AED,https://www.drivearabia.com/carprices/uae/toyota/toyota-rav-4/2026/,2026-06-12T05:48:50Z
toyota-rush,2022,Unknown,,,68500,"Original Starting PriceAED 68,500",AED,https://www.drivearabia.com/carprices/uae/toyota/toyota-rush/2022/,2026-06-12T05:48:52Z
toyota-rush,2022,Unknown,,,68500,"Original Starting PriceAED 68,500",AED,https://www.drivearabia.com/carprices/uae/toyota/toyota-rush/2022/,2026-06-12T05:48:52Z
toyota-rush,2022,Unknown,,,68500,"AED 68,500",AED,https://www.drivearabia.com/carprices/uae/toyota/toyota-rush/2022/,2026-06-12T05:48:52Z
toyota-rush,2022,Original Trim Prices,68500,73000,70750,"EXAED 68,500 - 69,000GXAED 73,000 - 74,000",AED,https://www.drivearabia.com/carprices/uae/toyota/toyota-rush/2022/,2026-06-12T05:48:52Z
toyota-rush,2022,Original Trim Prices,68500,73000,70750,"EXAED 68,500 - 69,000GXAED 73,000 - 74,000",AED,https://www.drivearabia.com/carprices/uae/toyota/toyota-rush/2022/,2026-06-12T05:48:52Z
toyota-rush,2022,Unknown,68500,69000,68750,"EXAED 68,500 - 69,000",AED,https://www.drivearabia.com/carprices/uae/toyota/toyota-rush/2022/,2026-06-12T05:48:52Z
toyota-rush,2022,EX,68500,69000,68750,"AED 68,500 - 69,000",AED,https://www.drivearabia.com/carprices/uae/toyota/toyota-rush/2022/,2026-06-12T05:48:52Z
toyota-rush,2022,Unknown,73000,74000,73500,"GXAED 73,000 - 74,000",AED,https://www.drivearabia.com/carprices/uae/toyota/toyota-rush/2022/,2026-06-12T05:48:52Z
toyota-rush,2022,GX,73000,74000,73500,"AED 73,000 - 74,000",AED,https://www.drivearabia.com/carprices/uae/toyota/toyota-rush/2022/,2026-06-12T05:48:52Z
toyota-rush,2022,Unknown,2022,72000,37011,"2022 Renault DusterAED 51,900 - 72,000",AED,https://www.drivearabia.com/carprices/uae/toyota/toyota-rush/2022/,2026-06-12T05:48:52Z
toyota-rush,2022,Unknown,2022,72000,37011,"2022 Renault DusterAED 51,900 - 72,000",AED,https://www.drivearabia.com/carprices/uae/toyota/toyota-rush/2022/,2026-06-12T05:48:52Z
toyota-rush,2022,Unknown,51900,72000,61950,"AED 51,900 - 72,000",AED,https://www.drivearabia.com/carprices/uae/toyota/toyota-rush/2022/,2026-06-12T05:48:52Z
toyota-rush,2022,Unknown,2022,90000,46011,"2022 Mitsubishi ASXAED 69,900 - 90,000",AED,https://www.drivearabia.com/carprices/uae/toyota/toyota-rush/2022/,2026-06-12T05:48:52Z
toyota-rush,2022,Unknown,2022,90000,46011,"2022 Mitsubishi ASXAED 69,900 - 90,000",AED,https://www.drivearabia.com/carprices/uae/toyota/toyota-rush/2022/,2026-06-12T05:48:52Z
toyota-rush,2022,Unknown,69900,90000,79950,"AED 69,900 - 90,000",AED,https://www.drivearabia.com/carprices/uae/toyota/toyota-rush/2022/,2026-06-12T05:48:52Z
toyota-rush,2022,Unknown,2025,115900,58962,"2025 Nissan KicksAED 84,900 - 115,900",AED,https://www.drivearabia.com/carprices/uae/toyota/toyota-rush/2022/,2026-06-12T05:48:52Z
toyota-rush,2022,Unknown,2025,115900,58962,"2025 Nissan KicksAED 84,900 - 115,900",AED,https://www.drivearabia.com/carprices/uae/toyota/toyota-rush/2022/,2026-06-12T05:48:52Z
toyota-rush,2022,Unknown,84900,115900,100400,"AED 84,900 - 115,900",AED,https://www.drivearabia.com/carprices/uae/toyota/toyota-rush/2022/,2026-06-12T05:48:52Z
toyota-rush,2022,Unknown,2022,68500,35261,"The starting price of the 2022 Toyota Rush in UAE is AED 68,500.",AED,https://www.drivearabia.com/carprices/uae/toyota/toyota-rush/2022/,2026-06-12T05:48:52Z
toyota-rush,2022,Unknown,2022,68500,35261,"The starting price of the 2022 Toyota Rush in UAE is AED 68,500.",AED,https://www.drivearabia.com/carprices/uae/toyota/toyota-rush/2022/,2026-06-12T05:48:52Z
toyota-rush,2022,TrimsEX,,,68500,"Original Starting PriceAED 68,500",AED,https://www.drivearabia.com/carprices/uae/toyota/toyota-rush/2022/,2026-06-12T05:48:52Z
toyota-rush,2022,TrimsEX,,,68500,"AED 68,500",AED,https://www.drivearabia.com/carprices/uae/toyota/toyota-rush/2022/,2026-06-12T05:48:52Z
toyota-rush,2022,Unknown,,,68500,"AED 68,500",AED,https://www.drivearabia.com/carprices/uae/toyota/toyota-rush/2022/,2026-06-12T05:48:52Z
toyota-rush,2023,Unknown,,,69900,"Original Starting PriceAED 69,900",AED,https://www.drivearabia.com/carprices/uae/toyota/toyota-rush/2023/,2026-06-12T05:48:53Z
toyota-rush,2023,Unknown,,,69900,"Original Starting PriceAED 69,900",AED,https://www.drivearabia.com/carprices/uae/toyota/toyota-rush/2023/,2026-06-12T05:48:53Z
toyota-rush,2023,Unknown,,,69900,"AED 69,900",AED,https://www.drivearabia.com/carprices/uae/toyota/toyota-rush/2023/,2026-06-12T05:48:53Z
toyota-rush,2023,Original Trim Prices,69900,74900,72400,"EXAED 69,900 - 70,000GXAED 74,900 - 75,000",AED,https://www.drivearabia.com/carprices/uae/toyota/toyota-rush/2023/,2026-06-12T05:48:53Z
toyota-rush,2023,Original Trim Prices,69900,74900,72400,"EXAED 69,900 - 70,000GXAED 74,900 - 75,000",AED,https://www.drivearabia.com/carprices/uae/toyota/toyota-rush/2023/,2026-06-12T05:48:53Z
toyota-rush,2023,Unknown,69900,70000,69950,"EXAED 69,900 - 70,000",AED,https://www.drivearabia.com/carprices/uae/toyota/toyota-rush/2023/,2026-06-12T05:48:53Z
toyota-rush,2023,EX,69900,70000,69950,"AED 69,900 - 70,000",AED,https://www.drivearabia.com/carprices/uae/toyota/toyota-rush/2023/,2026-06-12T05:48:53Z
toyota-rush,2023,Unknown,74900,75000,74950,"GXAED 74,900 - 75,000",AED,https://www.drivearabia.com/carprices/uae/toyota/toyota-rush/2023/,2026-06-12T05:48:53Z
toyota-rush,2023,GX,74900,75000,74950,"AED 74,900 - 75,000",AED,https://www.drivearabia.com/carprices/uae/toyota/toyota-rush/2023/,2026-06-12T05:48:53Z
toyota-rush,2023,Unknown,2023,90000,46012,"2023 Nissan KicksAED 71,000 - 90,000",AED,https://www.drivearabia.com/carprices/uae/toyota/toyota-rush/2023/,2026-06-12T05:48:53Z
toyota-rush,2023,Unknown,2023,90000,46012,"2023 Nissan KicksAED 71,000 - 90,000",AED,https://www.drivearabia.com/carprices/uae/toyota/toyota-rush/2023/,2026-06-12T05:48:53Z
toyota-rush,2023,Unknown,71000,90000,80500,"AED 71,000 - 90,000",AED,https://www.drivearabia.com/carprices/uae/toyota/toyota-rush/2023/,2026-06-12T05:48:53Z
toyota-rush,2023,Unknown,2023,72000,37012,"2023 Renault DusterAED 51,900 - 72,000",AED,https://www.drivearabia.com/carprices/uae/toyota/toyota-rush/2023/,2026-06-12T05:48:53Z
toyota-rush,2023,Unknown,2023,72000,37012,"2023 Renault DusterAED 51,900 - 72,000",AED,https://www.drivearabia.com/carprices/uae/toyota/toyota-rush/2023/,2026-06-12T05:48:53Z
toyota-rush,2023,Unknown,51900,72000,61950,"AED 51,900 - 72,000",AED,https://www.drivearabia.com/carprices/uae/toyota/toyota-rush/2023/,2026-06-12T05:48:53Z
toyota-rush,2023,Unknown,2023,90000,46012,"2023 Mitsubishi ASXAED 69,900 - 90,000",AED,https://www.drivearabia.com/carprices/uae/toyota/toyota-rush/2023/,2026-06-12T05:48:53Z
toyota-rush,2023,Unknown,2023,90000,46012,"2023 Mitsubishi ASXAED 69,900 - 90,000",AED,https://www.drivearabia.com/carprices/uae/toyota/toyota-rush/2023/,2026-06-12T05:48:53Z
toyota-rush,2023,Unknown,69900,90000,79950,"AED 69,900 - 90,000",AED,https://www.drivearabia.com/carprices/uae/toyota/toyota-rush/2023/,2026-06-12T05:48:53Z
toyota-rush,2023,Unknown,2023,69900,35962,"The starting price of the 2023 Toyota Rush in UAE is AED 69,900.",AED,https://www.drivearabia.com/carprices/uae/toyota/toyota-rush/2023/,2026-06-12T05:48:53Z
toyota-rush,2023,Unknown,2023,69900,35962,"The starting price of the 2023 Toyota Rush in UAE is AED 69,900.",AED,https://www.drivearabia.com/carprices/uae/toyota/toyota-rush/2023/,2026-06-12T05:48:53Z
toyota-rush,2023,TrimsEX,,,69900,"Original Starting PriceAED 69,900",AED,https://www.drivearabia.com/carprices/uae/toyota/toyota-rush/2023/,2026-06-12T05:48:53Z
toyota-rush,2023,TrimsEX,,,69900,"AED 69,900",AED,https://www.drivearabia.com/carprices/uae/toyota/toyota-rush/2023/,2026-06-12T05:48:53Z
toyota-rush,2023,Unknown,,,69900,"AED 69,900",AED,https://www.drivearabia.com/carprices/uae/toyota/toyota-rush/2023/,2026-06-12T05:48:53Z
toyota-supra,2022,Unknown,,,179900,"Original Starting PriceAED 179,900",AED,https://www.drivearabia.com/carprices/uae/toyota/toyota-supra/2022/,2026-06-12T05:49:05Z
toyota-supra,2022,Unknown,,,179900,"Original Starting PriceAED 179,900",AED,https://www.drivearabia.com/carprices/uae/toyota/toyota-supra/2022/,2026-06-12T05:49:05Z
toyota-supra,2022,Unknown,,,179900,"AED 179,900",AED,https://www.drivearabia.com/carprices/uae/toyota/toyota-supra/2022/,2026-06-12T05:49:05Z
toyota-supra,2022,Unknown,179900,180000,179950,"2.0T GRAED 179,900 - 180,000",AED,https://www.drivearabia.com/carprices/uae/toyota/toyota-supra/2022/,2026-06-12T05:49:05Z
toyota-supra,2022,2.0T GR,179900,180000,179950,"AED 179,900 - 180,000",AED,https://www.drivearabia.com/carprices/uae/toyota/toyota-supra/2022/,2026-06-12T05:49:05Z
toyota-supra,2022,Unknown,199000,200000,199500,"3.0T GRAED 199,000 - 200,000",AED,https://www.drivearabia.com/carprices/uae/toyota/toyota-supra/2022/,2026-06-12T05:49:05Z
toyota-supra,2022,3.0T GR,199000,200000,199500,"AED 199,000 - 200,000",AED,https://www.drivearabia.com/carprices/uae/toyota/toyota-supra/2022/,2026-06-12T05:49:05Z
toyota-supra,2022,Unknown,204900,205000,204950,"3.0T GR Blue EditionAED 204,900 - 205,000",AED,https://www.drivearabia.com/carprices/uae/toyota/toyota-supra/2022/,2026-06-12T05:49:05Z
toyota-supra,2022,3.0T GR Blue Edition,204900,205000,204950,"AED 204,900 - 205,000",AED,https://www.drivearabia.com/carprices/uae/toyota/toyota-supra/2022/,2026-06-12T05:49:05Z
toyota-supra,2022,Unknown,2022,310000,156011,"2022 BMW Z4AED 230,000 - 310,000",AED,https://www.drivearabia.com/carprices/uae/toyota/toyota-supra/2022/,2026-06-12T05:49:05Z
toyota-supra,2022,Unknown,2022,310000,156011,"2022 BMW Z4AED 230,000 - 310,000",AED,https://www.drivearabia.com/carprices/uae/toyota/toyota-supra/2022/,2026-06-12T05:49:05Z
toyota-supra,2022,Unknown,230000,310000,270000,"AED 230,000 - 310,000",AED,https://www.drivearabia.com/carprices/uae/toyota/toyota-supra/2022/,2026-06-12T05:49:05Z
toyota-supra,2022,Unknown,2022,228000,115011,"2022 Ford MustangAED 179,500 - 228,000",AED,https://www.drivearabia.com/carprices/uae/toyota/toyota-supra/2022/,2026-06-12T05:49:05Z
toyota-supra,2022,Unknown,2022,228000,115011,"2022 Ford MustangAED 179,500 - 228,000",AED,https://www.drivearabia.com/carprices/uae/toyota/toyota-supra/2022/,2026-06-12T05:49:05Z
toyota-supra,2022,Unknown,179500,228000,203750,"AED 179,500 - 228,000",AED,https://www.drivearabia.com/carprices/uae/toyota/toyota-supra/2022/,2026-06-12T05:49:05Z
toyota-supra,2022,Unknown,2022,320000,161011,"2022 Porsche CaymanAED 210,000 - 320,000",AED,https://www.drivearabia.com/carprices/uae/toyota/toyota-supra/2022/,2026-06-12T05:49:05Z
toyota-supra,2022,Unknown,2022,320000,161011,"2022 Porsche CaymanAED 210,000 - 320,000",AED,https://www.drivearabia.com/carprices/uae/toyota/toyota-supra/2022/,2026-06-12T05:49:05Z
toyota-supra,2022,Unknown,210000,320000,265000,"AED 210,000 - 320,000",AED,https://www.drivearabia.com/carprices/uae/toyota/toyota-supra/2022/,2026-06-12T05:49:05Z
toyota-supra,2022,Unknown,2022,179900,90961,"The starting price of the 2022 Toyota Supra in UAE is AED 179,900.",AED,https://www.drivearabia.com/carprices/uae/toyota/toyota-supra/2022/,2026-06-12T05:49:05Z
toyota-supra,2022,Unknown,2022,179900,90961,"The starting price of the 2022 Toyota Supra in UAE is AED 179,900.",AED,https://www.drivearabia.com/carprices/uae/toyota/toyota-supra/2022/,2026-06-12T05:49:05Z
toyota-supra,2022,Trims2.0T GR,,,179900,"Original Starting PriceAED 179,900",AED,https://www.drivearabia.com/carprices/uae/toyota/toyota-supra/2022/,2026-06-12T05:49:05Z
toyota-supra,2022,Trims2.0T GR,,,179900,"AED 179,900",AED,https://www.drivearabia.com/carprices/uae/toyota/toyota-supra/2022/,2026-06-12T05:49:05Z
toyota-supra,2022,Unknown,,,179900,"AED 179,900",AED,https://www.drivearabia.com/carprices/uae/toyota/toyota-supra/2022/,2026-06-12T05:49:05Z
toyota-supra,2023,Unknown,,,179900,"Original Starting PriceAED 179,900",AED,https://www.drivearabia.com/carprices/uae/toyota/toyota-supra/2023/,2026-06-12T05:49:07Z
toyota-supra,2023,Unknown,,,179900,"Original Starting PriceAED 179,900",AED,https://www.drivearabia.com/carprices/uae/toyota/toyota-supra/2023/,2026-06-12T05:49:07Z
toyota-supra,2023,Unknown,,,179900,"AED 179,900",AED,https://www.drivearabia.com/carprices/uae/toyota/toyota-supra/2023/,2026-06-12T05:49:07Z
toyota-supra,2023,Unknown,179900,180000,179950,"2.0T GRAED 179,900 - 180,000",AED,https://www.drivearabia.com/carprices/uae/toyota/toyota-supra/2023/,2026-06-12T05:49:07Z
toyota-supra,2023,2.0T GR,179900,180000,179950,"AED 179,900 - 180,000",AED,https://www.drivearabia.com/carprices/uae/toyota/toyota-supra/2023/,2026-06-12T05:49:07Z
toyota-supra,2023,Unknown,,,207000,"3.0T GR autoAED 207,000 - 213,000",AED,https://www.drivearabia.com/carprices/uae/toyota/toyota-supra/2023/,2026-06-12T05:49:07Z
toyota-supra,2023,3.0T GR auto,207000,213000,210000,"AED 207,000 - 213,000",AED,https://www.drivearabia.com/carprices/uae/toyota/toyota-supra/2023/,2026-06-12T05:49:07Z
toyota-supra,2023,Unknown,207900,213000,210450,"3.0T GR manualAED 207,900 - 213,000",AED,https://www.drivearabia.com/carprices/uae/toyota/toyota-supra/2023/,2026-06-12T05:49:07Z
toyota-supra,2023,3.0T GR manual,207900,213000,210450,"AED 207,900 - 213,000",AED,https://www.drivearabia.com/carprices/uae/toyota/toyota-supra/2023/,2026-06-12T05:49:07Z
toyota-supra,2023,Unknown,2023,228000,115012,"2023 Ford MustangAED 179,500 - 228,000",AED,https://www.drivearabia.com/carprices/uae/toyota/toyota-supra/2023/,2026-06-12T05:49:07Z
toyota-supra,2023,Unknown,2023,228000,115012,"2023 Ford MustangAED 179,500 - 228,000",AED,https://www.drivearabia.com/carprices/uae/toyota/toyota-supra/2023/,2026-06-12T05:49:07Z
toyota-supra,2023,Unknown,179500,228000,203750,"AED 179,500 - 228,000",AED,https://www.drivearabia.com/carprices/uae/toyota/toyota-supra/2023/,2026-06-12T05:49:07Z
toyota-supra,2023,Unknown,2023,310000,156012,"2023 BMW Z4AED 230,000 - 310,000",AED,https://www.drivearabia.com/carprices/uae/toyota/toyota-supra/2023/,2026-06-12T05:49:07Z
toyota-supra,2023,Unknown,2023,310000,156012,"2023 BMW Z4AED 230,000 - 310,000",AED,https://www.drivearabia.com/carprices/uae/toyota/toyota-supra/2023/,2026-06-12T05:49:07Z
toyota-supra,2023,Unknown,230000,310000,270000,"AED 230,000 - 310,000",AED,https://www.drivearabia.com/carprices/uae/toyota/toyota-supra/2023/,2026-06-12T05:49:07Z
toyota-supra,2023,Unknown,2023,320000,161012,"2023 Porsche CaymanAED 210,000 - 320,000",AED,https://www.drivearabia.com/carprices/uae/toyota/toyota-supra/2023/,2026-06-12T05:49:07Z
toyota-supra,2023,Unknown,2023,320000,161012,"2023 Porsche CaymanAED 210,000 - 320,000",AED,https://www.drivearabia.com/carprices/uae/toyota/toyota-supra/2023/,2026-06-12T05:49:07Z
toyota-supra,2023,Unknown,210000,320000,265000,"AED 210,000 - 320,000",AED,https://www.drivearabia.com/carprices/uae/toyota/toyota-supra/2023/,2026-06-12T05:49:07Z
toyota-supra,2023,Unknown,2023,179900,90962,"The starting price of the 2023 Toyota Supra in UAE is AED 179,900.",AED,https://www.drivearabia.com/carprices/uae/toyota/toyota-supra/2023/,2026-06-12T05:49:07Z
toyota-supra,2023,Unknown,2023,179900,90962,"The starting price of the 2023 Toyota Supra in UAE is AED 179,900.",AED,https://www.drivearabia.com/carprices/uae/toyota/toyota-supra/2023/,2026-06-12T05:49:07Z
toyota-supra,2023,Trims2.0T GR,,,179900,"Original Starting PriceAED 179,900",AED,https://www.drivearabia.com/carprices/uae/toyota/toyota-supra/2023/,2026-06-12T05:49:07Z
toyota-supra,2023,Trims2.0T GR,,,179900,"AED 179,900",AED,https://www.drivearabia.com/carprices/uae/toyota/toyota-supra/2023/,2026-06-12T05:49:07Z
toyota-supra,2023,Unknown,,,179900,"AED 179,900",AED,https://www.drivearabia.com/carprices/uae/toyota/toyota-supra/2023/,2026-06-12T05:49:07Z
toyota-supra,2024,Unknown,,,216000,"Original Starting PriceAED 216,000",AED,https://www.drivearabia.com/carprices/uae/toyota/toyota-supra/2024/,2026-06-12T05:49:08Z
toyota-supra,2024,Unknown,,,216000,"Original Starting PriceAED 216,000",AED,https://www.drivearabia.com/carprices/uae/toyota/toyota-supra/2024/,2026-06-12T05:49:08Z
toyota-supra,2024,Unknown,,,216000,"AED 216,000",AED,https://www.drivearabia.com/carprices/uae/toyota/toyota-supra/2024/,2026-06-12T05:49:08Z
toyota-supra,2024,Unknown,,,216000,"3.0TC V6 GR RWD autoAED 216,000 - 218,000",AED,https://www.drivearabia.com/carprices/uae/toyota/toyota-supra/2024/,2026-06-12T05:49:08Z
toyota-supra,2024,3.0TC V6 GR RWD auto,216000,218000,217000,"AED 216,000 - 218,000",AED,https://www.drivearabia.com/carprices/uae/toyota/toyota-supra/2024/,2026-06-12T05:49:08Z
toyota-supra,2024,"3.0TC V6 GR RWD autoAED 216,000 - 218,000",216000,218000,217000,"3.0T GR RWD manualAED 216,000 - 218,000",AED,https://www.drivearabia.com/carprices/uae/toyota/toyota-supra/2024/,2026-06-12T05:49:08Z
toyota-supra,2024,3.0T GR RWD manual,216000,218000,217000,"AED 216,000 - 218,000",AED,https://www.drivearabia.com/carprices/uae/toyota/toyota-supra/2024/,2026-06-12T05:49:08Z
toyota-supra,2024,Unknown,2024,310000,156012,"2024 BMW Z4AED 230,000 - 310,000",AED,https://www.drivearabia.com/carprices/uae/toyota/toyota-supra/2024/,2026-06-12T05:49:08Z
toyota-supra,2024,Unknown,2024,310000,156012,"2024 BMW Z4AED 230,000 - 310,000",AED,https://www.drivearabia.com/carprices/uae/toyota/toyota-supra/2024/,2026-06-12T05:49:08Z
toyota-supra,2024,Unknown,230000,310000,270000,"AED 230,000 - 310,000",AED,https://www.drivearabia.com/carprices/uae/toyota/toyota-supra/2024/,2026-06-12T05:49:08Z
toyota-supra,2024,Unknown,2024,260000,131012,"2024 Ford MustangAED 230,000 - 260,000",AED,https://www.drivearabia.com/carprices/uae/toyota/toyota-supra/2024/,2026-06-12T05:49:08Z
toyota-supra,2024,Unknown,2024,260000,131012,"2024 Ford MustangAED 230,000 - 260,000",AED,https://www.drivearabia.com/carprices/uae/toyota/toyota-supra/2024/,2026-06-12T05:49:08Z
toyota-supra,2024,Unknown,230000,260000,245000,"AED 230,000 - 260,000",AED,https://www.drivearabia.com/carprices/uae/toyota/toyota-supra/2024/,2026-06-12T05:49:08Z
toyota-supra,2024,Unknown,2024,311000,156512,"2024 Porsche CaymanAED 260,200 - 311,000",AED,https://www.drivearabia.com/carprices/uae/toyota/toyota-supra/2024/,2026-06-12T05:49:08Z
toyota-supra,2024,Unknown,2024,311000,156512,"2024 Porsche CaymanAED 260,200 - 311,000",AED,https://www.drivearabia.com/carprices/uae/toyota/toyota-supra/2024/,2026-06-12T05:49:08Z
toyota-supra,2024,Unknown,260200,311000,285600,"AED 260,200 - 311,000",AED,https://www.drivearabia.com/carprices/uae/toyota/toyota-supra/2024/,2026-06-12T05:49:08Z
toyota-supra,2024,Unknown,2024,216000,109012,"The starting price of the 2024 Toyota Supra in UAE is AED 216,000.",AED,https://www.drivearabia.com/carprices/uae/toyota/toyota-supra/2024/,2026-06-12T05:49:08Z
toyota-supra,2024,Unknown,2024,216000,109012,"The starting price of the 2024 Toyota Supra in UAE is AED 216,000.",AED,https://www.drivearabia.com/carprices/uae/toyota/toyota-supra/2024/,2026-06-12T05:49:08Z
toyota-supra,2024,Trims3.0TC V6 GR RWD auto,,,216000,"Original Starting PriceAED 216,000",AED,https://www.drivearabia.com/carprices/uae/toyota/toyota-supra/2024/,2026-06-12T05:49:08Z
toyota-supra,2024,Trims3.0TC V6 GR RWD auto,,,216000,"AED 216,000",AED,https://www.drivearabia.com/carprices/uae/toyota/toyota-supra/2024/,2026-06-12T05:49:08Z
toyota-supra,2024,Unknown,,,216000,"AED 216,000",AED,https://www.drivearabia.com/carprices/uae/toyota/toyota-supra/2024/,2026-06-12T05:49:08Z
toyota-supra,2025,Unknown,,,216000,"Starting atAED 216,000",AED,https://www.drivearabia.com/carprices/uae/toyota/toyota-supra/2025/,2026-06-12T05:49:10Z
toyota-supra,2025,Unknown,,,216000,"Starting atAED 216,000",AED,https://www.drivearabia.com/carprices/uae/toyota/toyota-supra/2025/,2026-06-12T05:49:10Z
toyota-supra,2025,Starting at,,,216000,"AED 216,000",AED,https://www.drivearabia.com/carprices/uae/toyota/toyota-supra/2025/,2026-06-12T05:49:10Z
toyota-supra,2025,Unknown,,,216000,"3.0TC V6 GR RWD autoAED 216,000 - 218,000",AED,https://www.drivearabia.com/carprices/uae/toyota/toyota-supra/2025/,2026-06-12T05:49:10Z
toyota-supra,2025,3.0TC V6 GR RWD auto,216000,218000,217000,"AED 216,000 - 218,000",AED,https://www.drivearabia.com/carprices/uae/toyota/toyota-supra/2025/,2026-06-12T05:49:10Z
toyota-supra,2025,"3.0TC V6 GR RWD autoAED 216,000 - 218,000",216000,218000,217000,"3.0T GR RWD manualAED 216,000 - 218,000",AED,https://www.drivearabia.com/carprices/uae/toyota/toyota-supra/2025/,2026-06-12T05:49:10Z
toyota-supra,2025,3.0T GR RWD manual,216000,218000,217000,"AED 216,000 - 218,000",AED,https://www.drivearabia.com/carprices/uae/toyota/toyota-supra/2025/,2026-06-12T05:49:10Z
toyota-supra,2025,Unknown,2025,291000,146512,"2025 Ford MustangAED 230,000 - 291,000",AED,https://www.drivearabia.com/carprices/uae/toyota/toyota-supra/2025/,2026-06-12T05:49:10Z
toyota-supra,2025,Unknown,2025,291000,146512,"2025 Ford MustangAED 230,000 - 291,000",AED,https://www.drivearabia.com/carprices/uae/toyota/toyota-supra/2025/,2026-06-12T05:49:10Z
toyota-supra,2025,Unknown,230000,291000,260500,"AED 230,000 - 291,000",AED,https://www.drivearabia.com/carprices/uae/toyota/toyota-supra/2025/,2026-06-12T05:49:10Z
toyota-supra,2025,Unknown,2025,311000,156512,"2025 Porsche CaymanAED 260,200 - 311,000",AED,https://www.drivearabia.com/carprices/uae/toyota/toyota-supra/2025/,2026-06-12T05:49:10Z
toyota-supra,2025,Unknown,2025,311000,156512,"2025 Porsche CaymanAED 260,200 - 311,000",AED,https://www.drivearabia.com/carprices/uae/toyota/toyota-supra/2025/,2026-06-12T05:49:10Z
toyota-supra,2025,Unknown,260200,311000,285600,"AED 260,200 - 311,000",AED,https://www.drivearabia.com/carprices/uae/toyota/toyota-supra/2025/,2026-06-12T05:49:10Z
toyota-supra,2025,Unknown,2025,310000,156012,"2025 BMW Z4AED 230,000 - 310,000",AED,https://www.drivearabia.com/carprices/uae/toyota/toyota-supra/2025/,2026-06-12T05:49:10Z
toyota-supra,2025,Unknown,2025,310000,156012,"2025 BMW Z4AED 230,000 - 310,000",AED,https://www.drivearabia.com/carprices/uae/toyota/toyota-supra/2025/,2026-06-12T05:49:10Z
toyota-supra,2025,Unknown,230000,310000,270000,"AED 230,000 - 310,000",AED,https://www.drivearabia.com/carprices/uae/toyota/toyota-supra/2025/,2026-06-12T05:49:10Z
toyota-supra,2025,Unknown,2025,216000,109012,"The starting price of the 2025 Toyota Supra in UAE is AED 216,000.",AED,https://www.drivearabia.com/carprices/uae/toyota/toyota-supra/2025/,2026-06-12T05:49:10Z
toyota-supra,2025,Unknown,2025,216000,109012,"The starting price of the 2025 Toyota Supra in UAE is AED 216,000.",AED,https://www.drivearabia.com/carprices/uae/toyota/toyota-supra/2025/,2026-06-12T05:49:10Z
toyota-supra,2025,Trims3.0TC V6 GR RWD auto,,,216000,"Starting atAED 216,000",AED,https://www.drivearabia.com/carprices/uae/toyota/toyota-supra/2025/,2026-06-12T05:49:10Z
toyota-supra,2025,Starting at,,,216000,"AED 216,000",AED,https://www.drivearabia.com/carprices/uae/toyota/toyota-supra/2025/,2026-06-12T05:49:10Z
toyota-supra,2025,Starting at,,,216000,"AED 216,000",AED,https://www.drivearabia.com/carprices/uae/toyota/toyota-supra/2025/,2026-06-12T05:49:10Z
toyota-supra,2026,Unknown,,,238900,"Starting atAED 238,900",AED,https://www.drivearabia.com/carprices/uae/toyota/toyota-supra/2026/,2026-06-12T05:49:12Z
toyota-supra,2026,Unknown,,,238900,"Starting atAED 238,900",AED,https://www.drivearabia.com/carprices/uae/toyota/toyota-supra/2026/,2026-06-12T05:49:12Z
toyota-supra,2026,Starting at,,,238900,"AED 238,900",AED,https://www.drivearabia.com/carprices/uae/toyota/toyota-supra/2026/,2026-06-12T05:49:12Z
toyota-supra,2026,Trim Prices,,,238900,"3.0TC V6 GR RWD autoAED 238,900 - 259,900",AED,https://www.drivearabia.com/carprices/uae/toyota/toyota-supra/2026/,2026-06-12T05:49:12Z
toyota-supra,2026,Trim Prices,,,238900,"3.0TC V6 GR RWD autoAED 238,900 - 259,900",AED,https://www.drivearabia.com/carprices/uae/toyota/toyota-supra/2026/,2026-06-12T05:49:12Z
toyota-supra,2026,Unknown,,,238900,"3.0TC V6 GR RWD autoAED 238,900 - 259,900",AED,https://www.drivearabia.com/carprices/uae/toyota/toyota-supra/2026/,2026-06-12T05:49:12Z
toyota-supra,2026,3.0TC V6 GR RWD auto,238900,259900,249400,"AED 238,900 - 259,900",AED,https://www.drivearabia.com/carprices/uae/toyota/toyota-supra/2026/,2026-06-12T05:49:12Z
toyota-supra,2026,Unknown,2025,291000,146512,"2025 Ford MustangAED 230,000 - 291,000",AED,https://www.drivearabia.com/carprices/uae/toyota/toyota-supra/2026/,2026-06-12T05:49:12Z
toyota-supra,2026,Unknown,2025,291000,146512,"2025 Ford MustangAED 230,000 - 291,000",AED,https://www.drivearabia.com/carprices/uae/toyota/toyota-supra/2026/,2026-06-12T05:49:12Z
toyota-supra,2026,Unknown,230000,291000,260500,"AED 230,000 - 291,000",AED,https://www.drivearabia.com/carprices/uae/toyota/toyota-supra/2026/,2026-06-12T05:49:12Z
toyota-supra,2026,Unknown,2025,311000,156512,"2025 Porsche CaymanAED 260,200 - 311,000",AED,https://www.drivearabia.com/carprices/uae/toyota/toyota-supra/2026/,2026-06-12T05:49:12Z
toyota-supra,2026,Unknown,2025,311000,156512,"2025 Porsche CaymanAED 260,200 - 311,000",AED,https://www.drivearabia.com/carprices/uae/toyota/toyota-supra/2026/,2026-06-12T05:49:12Z
toyota-supra,2026,Unknown,260200,311000,285600,"AED 260,200 - 311,000",AED,https://www.drivearabia.com/carprices/uae/toyota/toyota-supra/2026/,2026-06-12T05:49:12Z
toyota-supra,2026,Unknown,2025,310000,156012,"2025 BMW Z4AED 230,000 - 310,000",AED,https://www.drivearabia.com/carprices/uae/toyota/toyota-supra/2026/,2026-06-12T05:49:12Z
toyota-supra,2026,Unknown,2025,310000,156012,"2025 BMW Z4AED 230,000 - 310,000",AED,https://www.drivearabia.com/carprices/uae/toyota/toyota-supra/2026/,2026-06-12T05:49:12Z
toyota-supra,2026,Unknown,230000,310000,270000,"AED 230,000 - 310,000",AED,https://www.drivearabia.com/carprices/uae/toyota/toyota-supra/2026/,2026-06-12T05:49:12Z
toyota-supra,2026,Unknown,2026,238900,120463,"The starting price of the 2026 Toyota Supra in UAE is AED 238,900.",AED,https://www.drivearabia.com/carprices/uae/toyota/toyota-supra/2026/,2026-06-12T05:49:12Z
toyota-supra,2026,Unknown,2026,238900,120463,"The starting price of the 2026 Toyota Supra in UAE is AED 238,900.",AED,https://www.drivearabia.com/carprices/uae/toyota/toyota-supra/2026/,2026-06-12T05:49:12Z
toyota-supra,2026,Trims3.0TC V6 GR RWD auto,,,238900,"Starting atAED 238,900",AED,https://www.drivearabia.com/carprices/uae/toyota/toyota-supra/2026/,2026-06-12T05:49:12Z
toyota-supra,2026,Starting at,,,238900,"AED 238,900",AED,https://www.drivearabia.com/carprices/uae/toyota/toyota-supra/2026/,2026-06-12T05:49:12Z
toyota-supra,2026,Starting at,,,238900,"AED 238,900",AED,https://www.drivearabia.com/carprices/uae/toyota/toyota-supra/2026/,2026-06-12T05:49:12Z
toyota-urban-cruiser,2023,Unknown,,,76900,"Original Starting PriceAED 76,900",AED,https://www.drivearabia.com/carprices/uae/toyota/toyota-urban-cruiser/2023/,2026-06-12T05:49:15Z
toyota-urban-cruiser,2023,Unknown,,,76900,"Original Starting PriceAED 76,900",AED,https://www.drivearabia.com/carprices/uae/toyota/toyota-urban-cruiser/2023/,2026-06-12T05:49:15Z
toyota-urban-cruiser,2023,Unknown,,,76900,"AED 76,900",AED,https://www.drivearabia.com/carprices/uae/toyota/toyota-urban-cruiser/2023/,2026-06-12T05:49:15Z
toyota-urban-cruiser,2023,Original Trim Prices,1,76900,38450,"1.5 I4 GLAED 76,900 - 77,0001.5 I4 GLXAED 82,900 - 83,000",AED,https://www.drivearabia.com/carprices/uae/toyota/toyota-urban-cruiser/2023/,2026-06-12T05:49:15Z
toyota-urban-cruiser,2023,Original Trim Prices,1,76900,38450,"1.5 I4 GLAED 76,900 - 77,0001.5 I4 GLXAED 82,900 - 83,000",AED,https://www.drivearabia.com/carprices/uae/toyota/toyota-urban-cruiser/2023/,2026-06-12T05:49:15Z
toyota-urban-cruiser,2023,Unknown,76900,77000,76950,"1.5 I4 GLAED 76,900 - 77,000",AED,https://www.drivearabia.com/carprices/uae/toyota/toyota-urban-cruiser/2023/,2026-06-12T05:49:15Z
toyota-urban-cruiser,2023,1.5 I4 GL,76900,77000,76950,"AED 76,900 - 77,000",AED,https://www.drivearabia.com/carprices/uae/toyota/toyota-urban-cruiser/2023/,2026-06-12T05:49:15Z
toyota-urban-cruiser,2023,Unknown,82900,83000,82950,"1.5 I4 GLXAED 82,900 - 83,000",AED,https://www.drivearabia.com/carprices/uae/toyota/toyota-urban-cruiser/2023/,2026-06-12T05:49:15Z
toyota-urban-cruiser,2023,1.5 I4 GLX,82900,83000,82950,"AED 82,900 - 83,000",AED,https://www.drivearabia.com/carprices/uae/toyota/toyota-urban-cruiser/2023/,2026-06-12T05:49:15Z
toyota-urban-cruiser,2023,Unknown,2023,77000,39512,"2023 MG ZSAED 69,500 - 77,000",AED,https://www.drivearabia.com/carprices/uae/toyota/toyota-urban-cruiser/2023/,2026-06-12T05:49:15Z
toyota-urban-cruiser,2023,Unknown,2023,77000,39512,"2023 MG ZSAED 69,500 - 77,000",AED,https://www.drivearabia.com/carprices/uae/toyota/toyota-urban-cruiser/2023/,2026-06-12T05:49:15Z
toyota-urban-cruiser,2023,Unknown,69500,77000,73250,"AED 69,500 - 77,000",AED,https://www.drivearabia.com/carprices/uae/toyota/toyota-urban-cruiser/2023/,2026-06-12T05:49:15Z
toyota-urban-cruiser,2023,Unknown,2023,90000,46012,"2023 Nissan KicksAED 71,000 - 90,000",AED,https://www.drivearabia.com/carprices/uae/toyota/toyota-urban-cruiser/2023/,2026-06-12T05:49:15Z
toyota-urban-cruiser,2023,Unknown,2023,90000,46012,"2023 Nissan KicksAED 71,000 - 90,000",AED,https://www.drivearabia.com/carprices/uae/toyota/toyota-urban-cruiser/2023/,2026-06-12T05:49:15Z
toyota-urban-cruiser,2023,Unknown,71000,90000,80500,"AED 71,000 - 90,000",AED,https://www.drivearabia.com/carprices/uae/toyota/toyota-urban-cruiser/2023/,2026-06-12T05:49:15Z
toyota-urban-cruiser,2023,Unknown,2023,90000,46012,"2023 Mitsubishi ASXAED 69,900 - 90,000",AED,https://www.drivearabia.com/carprices/uae/toyota/toyota-urban-cruiser/2023/,2026-06-12T05:49:15Z
toyota-urban-cruiser,2023,Unknown,2023,90000,46012,"2023 Mitsubishi ASXAED 69,900 - 90,000",AED,https://www.drivearabia.com/carprices/uae/toyota/toyota-urban-cruiser/2023/,2026-06-12T05:49:15Z
toyota-urban-cruiser,2023,Unknown,69900,90000,79950,"AED 69,900 - 90,000",AED,https://www.drivearabia.com/carprices/uae/toyota/toyota-urban-cruiser/2023/,2026-06-12T05:49:15Z
toyota-urban-cruiser,2023,Unknown,2023,76900,39462,"The starting price of the 2023 Toyota Urban Cruiser in UAE is AED 76,900.",AED,https://www.drivearabia.com/carprices/uae/toyota/toyota-urban-cruiser/2023/,2026-06-12T05:49:15Z
toyota-urban-cruiser,2023,Unknown,2023,76900,39462,"The starting price of the 2023 Toyota Urban Cruiser in UAE is AED 76,900.",AED,https://www.drivearabia.com/carprices/uae/toyota/toyota-urban-cruiser/2023/,2026-06-12T05:49:15Z
toyota-urban-cruiser,2023,Trims1.5 I4 GL,,,76900,"Original Starting PriceAED 76,900",AED,https://www.drivearabia.com/carprices/uae/toyota/toyota-urban-cruiser/2023/,2026-06-12T05:49:15Z
toyota-urban-cruiser,2023,Trims1.5 I4 GL,,,76900,"AED 76,900",AED,https://www.drivearabia.com/carprices/uae/toyota/toyota-urban-cruiser/2023/,2026-06-12T05:49:15Z
toyota-urban-cruiser,2023,Unknown,,,76900,"AED 76,900",AED,https://www.drivearabia.com/carprices/uae/toyota/toyota-urban-cruiser/2023/,2026-06-12T05:49:15Z
toyota-urban-cruiser,2024,Unknown,,,76900,"Original Starting PriceAED 76,900",AED,https://www.drivearabia.com/carprices/uae/toyota/toyota-urban-cruiser/2024/,2026-06-12T05:49:17Z
toyota-urban-cruiser,2024,Unknown,,,76900,"Original Starting PriceAED 76,900",AED,https://www.drivearabia.com/carprices/uae/toyota/toyota-urban-cruiser/2024/,2026-06-12T05:49:17Z
toyota-urban-cruiser,2024,Unknown,,,76900,"AED 76,900",AED,https://www.drivearabia.com/carprices/uae/toyota/toyota-urban-cruiser/2024/,2026-06-12T05:49:17Z
toyota-urban-cruiser,2024,Original Trim Prices,1,76900,38450,"1.5 I4 GLAED 76,900 - 77,0001.5 I4 GLXAED 82,900 - 83,000",AED,https://www.drivearabia.com/carprices/uae/toyota/toyota-urban-cruiser/2024/,2026-06-12T05:49:17Z
toyota-urban-cruiser,2024,Original Trim Prices,1,76900,38450,"1.5 I4 GLAED 76,900 - 77,0001.5 I4 GLXAED 82,900 - 83,000",AED,https://www.drivearabia.com/carprices/uae/toyota/toyota-urban-cruiser/2024/,2026-06-12T05:49:17Z
toyota-urban-cruiser,2024,Unknown,76900,77000,76950,"1.5 I4 GLAED 76,900 - 77,000",AED,https://www.drivearabia.com/carprices/uae/toyota/toyota-urban-cruiser/2024/,2026-06-12T05:49:17Z
toyota-urban-cruiser,2024,1.5 I4 GL,76900,77000,76950,"AED 76,900 - 77,000",AED,https://www.drivearabia.com/carprices/uae/toyota/toyota-urban-cruiser/2024/,2026-06-12T05:49:17Z
toyota-urban-cruiser,2024,Unknown,82900,83000,82950,"1.5 I4 GLXAED 82,900 - 83,000",AED,https://www.drivearabia.com/carprices/uae/toyota/toyota-urban-cruiser/2024/,2026-06-12T05:49:17Z
toyota-urban-cruiser,2024,1.5 I4 GLX,82900,83000,82950,"AED 82,900 - 83,000",AED,https://www.drivearabia.com/carprices/uae/toyota/toyota-urban-cruiser/2024/,2026-06-12T05:49:17Z
toyota-urban-cruiser,2024,Unknown,2024,90000,46012,"2024 Nissan KicksAED 71,000 - 90,000",AED,https://www.drivearabia.com/carprices/uae/toyota/toyota-urban-cruiser/2024/,2026-06-12T05:49:17Z
toyota-urban-cruiser,2024,Unknown,2024,90000,46012,"2024 Nissan KicksAED 71,000 - 90,000",AED,https://www.drivearabia.com/carprices/uae/toyota/toyota-urban-cruiser/2024/,2026-06-12T05:49:17Z
toyota-urban-cruiser,2024,Unknown,71000,90000,80500,"AED 71,000 - 90,000",AED,https://www.drivearabia.com/carprices/uae/toyota/toyota-urban-cruiser/2024/,2026-06-12T05:49:17Z
toyota-urban-cruiser,2024,Unknown,2024,79174,40599,"2024 MG ZSAED 60,499 - 79,174",AED,https://www.drivearabia.com/carprices/uae/toyota/toyota-urban-cruiser/2024/,2026-06-12T05:49:17Z
toyota-urban-cruiser,2024,Unknown,2024,79174,40599,"2024 MG ZSAED 60,499 - 79,174",AED,https://www.drivearabia.com/carprices/uae/toyota/toyota-urban-cruiser/2024/,2026-06-12T05:49:17Z
toyota-urban-cruiser,2024,Unknown,60499,79174,69836,"AED 60,499 - 79,174",AED,https://www.drivearabia.com/carprices/uae/toyota/toyota-urban-cruiser/2024/,2026-06-12T05:49:17Z
toyota-urban-cruiser,2024,Unknown,2024,89000,45512,"2024 Mitsubishi ASXAED 70,000 - 89,000",AED,https://www.drivearabia.com/carprices/uae/toyota/toyota-urban-cruiser/2024/,2026-06-12T05:49:17Z
toyota-urban-cruiser,2024,Unknown,2024,89000,45512,"2024 Mitsubishi ASXAED 70,000 - 89,000",AED,https://www.drivearabia.com/carprices/uae/toyota/toyota-urban-cruiser/2024/,2026-06-12T05:49:17Z
toyota-urban-cruiser,2024,Unknown,70000,89000,79500,"AED 70,000 - 89,000",AED,https://www.drivearabia.com/carprices/uae/toyota/toyota-urban-cruiser/2024/,2026-06-12T05:49:17Z
toyota-urban-cruiser,2024,Unknown,2024,76900,39462,"The starting price of the 2024 Toyota Urban Cruiser in UAE is AED 76,900.",AED,https://www.drivearabia.com/carprices/uae/toyota/toyota-urban-cruiser/2024/,2026-06-12T05:49:17Z
toyota-urban-cruiser,2024,Unknown,2024,76900,39462,"The starting price of the 2024 Toyota Urban Cruiser in UAE is AED 76,900.",AED,https://www.drivearabia.com/carprices/uae/toyota/toyota-urban-cruiser/2024/,2026-06-12T05:49:17Z
toyota-urban-cruiser,2024,Trims1.5 I4 GL,,,76900,"Original Starting PriceAED 76,900",AED,https://www.drivearabia.com/carprices/uae/toyota/toyota-urban-cruiser/2024/,2026-06-12T05:49:17Z
toyota-urban-cruiser,2024,Trims1.5 I4 GL,,,76900,"AED 76,900",AED,https://www.drivearabia.com/carprices/uae/toyota/toyota-urban-cruiser/2024/,2026-06-12T05:49:17Z
toyota-urban-cruiser,2024,Unknown,,,76900,"AED 76,900",AED,https://www.drivearabia.com/carprices/uae/toyota/toyota-urban-cruiser/2024/,2026-06-12T05:49:17Z
toyota-urban-cruiser,2025,Unknown,,,79900,"Starting atAED 79,900",AED,https://www.drivearabia.com/carprices/uae/toyota/toyota-urban-cruiser/2025/,2026-06-12T05:49:19Z
toyota-urban-cruiser,2025,Unknown,,,79900,"Starting atAED 79,900",AED,https://www.drivearabia.com/carprices/uae/toyota/toyota-urban-cruiser/2025/,2026-06-12T05:49:19Z
toyota-urban-cruiser,2025,Starting at,,,79900,"AED 79,900",AED,https://www.drivearabia.com/carprices/uae/toyota/toyota-urban-cruiser/2025/,2026-06-12T05:49:19Z
toyota-urban-cruiser,2025,Trim Prices,1,79900,39950,"1.5 I4 GL FWDAED 79,900 - 80,0001.5 I4 GLX FWDAED 85,900 - 86,000",AED,https://www.drivearabia.com/carprices/uae/toyota/toyota-urban-cruiser/2025/,2026-06-12T05:49:19Z
toyota-urban-cruiser,2025,Trim Prices,1,79900,39950,"1.5 I4 GL FWDAED 79,900 - 80,0001.5 I4 GLX FWDAED 85,900 - 86,000",AED,https://www.drivearabia.com/carprices/uae/toyota/toyota-urban-cruiser/2025/,2026-06-12T05:49:19Z
toyota-urban-cruiser,2025,Unknown,79900,80000,79950,"1.5 I4 GL FWDAED 79,900 - 80,000",AED,https://www.drivearabia.com/carprices/uae/toyota/toyota-urban-cruiser/2025/,2026-06-12T05:49:19Z
toyota-urban-cruiser,2025,1.5 I4 GL FWD,79900,80000,79950,"AED 79,900 - 80,000",AED,https://www.drivearabia.com/carprices/uae/toyota/toyota-urban-cruiser/2025/,2026-06-12T05:49:19Z
toyota-urban-cruiser,2025,Unknown,85900,86000,85950,"1.5 I4 GLX FWDAED 85,900 - 86,000",AED,https://www.drivearabia.com/carprices/uae/toyota/toyota-urban-cruiser/2025/,2026-06-12T05:49:19Z
toyota-urban-cruiser,2025,1.5 I4 GLX FWD,85900,86000,85950,"AED 85,900 - 86,000",AED,https://www.drivearabia.com/carprices/uae/toyota/toyota-urban-cruiser/2025/,2026-06-12T05:49:19Z
toyota-urban-cruiser,2025,Unknown,2025,89000,45512,"2025 Mitsubishi ASXAED 70,000 - 89,000",AED,https://www.drivearabia.com/carprices/uae/toyota/toyota-urban-cruiser/2025/,2026-06-12T05:49:19Z
toyota-urban-cruiser,2025,Unknown,2025,89000,45512,"2025 Mitsubishi ASXAED 70,000 - 89,000",AED,https://www.drivearabia.com/carprices/uae/toyota/toyota-urban-cruiser/2025/,2026-06-12T05:49:19Z
toyota-urban-cruiser,2025,Unknown,70000,89000,79500,"AED 70,000 - 89,000",AED,https://www.drivearabia.com/carprices/uae/toyota/toyota-urban-cruiser/2025/,2026-06-12T05:49:19Z
toyota-urban-cruiser,2025,Unknown,2025,115900,58962,"2025 Nissan KicksAED 84,900 - 115,900",AED,https://www.drivearabia.com/carprices/uae/toyota/toyota-urban-cruiser/2025/,2026-06-12T05:49:19Z
toyota-urban-cruiser,2025,Unknown,2025,115900,58962,"2025 Nissan KicksAED 84,900 - 115,900",AED,https://www.drivearabia.com/carprices/uae/toyota/toyota-urban-cruiser/2025/,2026-06-12T05:49:19Z
toyota-urban-cruiser,2025,Unknown,84900,115900,100400,"AED 84,900 - 115,900",AED,https://www.drivearabia.com/carprices/uae/toyota/toyota-urban-cruiser/2025/,2026-06-12T05:49:19Z
toyota-urban-cruiser,2025,Unknown,2025,79174,40600,"2025 MG ZSAED 60,499 - 79,174",AED,https://www.drivearabia.com/carprices/uae/toyota/toyota-urban-cruiser/2025/,2026-06-12T05:49:19Z
toyota-urban-cruiser,2025,Unknown,2025,79174,40600,"2025 MG ZSAED 60,499 - 79,174",AED,https://www.drivearabia.com/carprices/uae/toyota/toyota-urban-cruiser/2025/,2026-06-12T05:49:19Z
toyota-urban-cruiser,2025,Unknown,60499,79174,69836,"AED 60,499 - 79,174",AED,https://www.drivearabia.com/carprices/uae/toyota/toyota-urban-cruiser/2025/,2026-06-12T05:49:19Z
toyota-urban-cruiser,2025,Unknown,2025,79900,40962,"The starting price of the 2025 Toyota Urban Cruiser in UAE is AED 79,900.",AED,https://www.drivearabia.com/carprices/uae/toyota/toyota-urban-cruiser/2025/,2026-06-12T05:49:19Z
toyota-urban-cruiser,2025,Unknown,2025,79900,40962,"The starting price of the 2025 Toyota Urban Cruiser in UAE is AED 79,900.",AED,https://www.drivearabia.com/carprices/uae/toyota/toyota-urban-cruiser/2025/,2026-06-12T05:49:19Z
toyota-urban-cruiser,2025,Trims1.5 I4 GL FWD,,,79900,"Starting atAED 79,900",AED,https://www.drivearabia.com/carprices/uae/toyota/toyota-urban-cruiser/2025/,2026-06-12T05:49:19Z
toyota-urban-cruiser,2025,Starting at,,,79900,"AED 79,900",AED,https://www.drivearabia.com/carprices/uae/toyota/toyota-urban-cruiser/2025/,2026-06-12T05:49:19Z
toyota-urban-cruiser,2025,Starting at,,,79900,"AED 79,900",AED,https://www.drivearabia.com/carprices/uae/toyota/toyota-urban-cruiser/2025/,2026-06-12T05:49:19Z
toyota-urban-cruiser,2026,Unknown,,,79900,"Starting atAED 79,900",AED,https://www.drivearabia.com/carprices/uae/toyota/toyota-urban-cruiser/2026/,2026-06-12T05:49:21Z
toyota-urban-cruiser,2026,Unknown,,,79900,"Starting atAED 79,900",AED,https://www.drivearabia.com/carprices/uae/toyota/toyota-urban-cruiser/2026/,2026-06-12T05:49:21Z
toyota-urban-cruiser,2026,Starting at,,,79900,"AED 79,900",AED,https://www.drivearabia.com/carprices/uae/toyota/toyota-urban-cruiser/2026/,2026-06-12T05:49:21Z
toyota-urban-cruiser,2026,Trim Prices,1,79900,39950,"1.5 I4 GL FWDAED 79,900 - 80,0001.5 I4 GLX FWDAED 85,900 - 86,000",AED,https://www.drivearabia.com/carprices/uae/toyota/toyota-urban-cruiser/2026/,2026-06-12T05:49:21Z
toyota-urban-cruiser,2026,Trim Prices,1,79900,39950,"1.5 I4 GL FWDAED 79,900 - 80,0001.5 I4 GLX FWDAED 85,900 - 86,000",AED,https://www.drivearabia.com/carprices/uae/toyota/toyota-urban-cruiser/2026/,2026-06-12T05:49:21Z
toyota-urban-cruiser,2026,Unknown,79900,80000,79950,"1.5 I4 GL FWDAED 79,900 - 80,000",AED,https://www.drivearabia.com/carprices/uae/toyota/toyota-urban-cruiser/2026/,2026-06-12T05:49:21Z
toyota-urban-cruiser,2026,1.5 I4 GL FWD,79900,80000,79950,"AED 79,900 - 80,000",AED,https://www.drivearabia.com/carprices/uae/toyota/toyota-urban-cruiser/2026/,2026-06-12T05:49:21Z
toyota-urban-cruiser,2026,Unknown,85900,86000,85950,"1.5 I4 GLX FWDAED 85,900 - 86,000",AED,https://www.drivearabia.com/carprices/uae/toyota/toyota-urban-cruiser/2026/,2026-06-12T05:49:21Z
toyota-urban-cruiser,2026,1.5 I4 GLX FWD,85900,86000,85950,"AED 85,900 - 86,000",AED,https://www.drivearabia.com/carprices/uae/toyota/toyota-urban-cruiser/2026/,2026-06-12T05:49:21Z
toyota-urban-cruiser,2026,Unknown,2025,89000,45512,"2025 Mitsubishi ASXAED 70,000 - 89,000",AED,https://www.drivearabia.com/carprices/uae/toyota/toyota-urban-cruiser/2026/,2026-06-12T05:49:21Z
toyota-urban-cruiser,2026,Unknown,2025,89000,45512,"2025 Mitsubishi ASXAED 70,000 - 89,000",AED,https://www.drivearabia.com/carprices/uae/toyota/toyota-urban-cruiser/2026/,2026-06-12T05:49:21Z
toyota-urban-cruiser,2026,Unknown,70000,89000,79500,"AED 70,000 - 89,000",AED,https://www.drivearabia.com/carprices/uae/toyota/toyota-urban-cruiser/2026/,2026-06-12T05:49:21Z
toyota-urban-cruiser,2026,Unknown,2025,115900,58962,"2025 Nissan KicksAED 84,900 - 115,900",AED,https://www.drivearabia.com/carprices/uae/toyota/toyota-urban-cruiser/2026/,2026-06-12T05:49:21Z
toyota-urban-cruiser,2026,Unknown,2025,115900,58962,"2025 Nissan KicksAED 84,900 - 115,900",AED,https://www.drivearabia.com/carprices/uae/toyota/toyota-urban-cruiser/2026/,2026-06-12T05:49:21Z
toyota-urban-cruiser,2026,Unknown,84900,115900,100400,"AED 84,900 - 115,900",AED,https://www.drivearabia.com/carprices/uae/toyota/toyota-urban-cruiser/2026/,2026-06-12T05:49:21Z
toyota-urban-cruiser,2026,Unknown,2025,79174,40600,"2025 MG ZSAED 60,499 - 79,174",AED,https://www.drivearabia.com/carprices/uae/toyota/toyota-urban-cruiser/2026/,2026-06-12T05:49:21Z
toyota-urban-cruiser,2026,Unknown,2025,79174,40600,"2025 MG ZSAED 60,499 - 79,174",AED,https://www.drivearabia.com/carprices/uae/toyota/toyota-urban-cruiser/2026/,2026-06-12T05:49:21Z
toyota-urban-cruiser,2026,Unknown,60499,79174,69836,"AED 60,499 - 79,174",AED,https://www.drivearabia.com/carprices/uae/toyota/toyota-urban-cruiser/2026/,2026-06-12T05:49:21Z
toyota-urban-cruiser,2026,Unknown,2026,79900,40963,"The starting price of the 2026 Toyota Urban Cruiser in UAE is AED 79,900.",AED,https://www.drivearabia.com/carprices/uae/toyota/toyota-urban-cruiser/2026/,2026-06-12T05:49:21Z
toyota-urban-cruiser,2026,Unknown,2026,79900,40963,"The starting price of the 2026 Toyota Urban Cruiser in UAE is AED 79,900.",AED,https://www.drivearabia.com/carprices/uae/toyota/toyota-urban-cruiser/2026/,2026-06-12T05:49:21Z
toyota-urban-cruiser,2026,Trims1.5 I4 GL FWD,,,79900,"Starting atAED 79,900",AED,https://www.drivearabia.com/carprices/uae/toyota/toyota-urban-cruiser/2026/,2026-06-12T05:49:21Z
toyota-urban-cruiser,2026,Starting at,,,79900,"AED 79,900",AED,https://www.drivearabia.com/carprices/uae/toyota/toyota-urban-cruiser/2026/,2026-06-12T05:49:21Z
toyota-urban-cruiser,2026,Starting at,,,79900,"AED 79,900",AED,https://www.drivearabia.com/carprices/uae/toyota/toyota-urban-cruiser/2026/,2026-06-12T05:49:21Z
toyota-veloz,2023,Unknown,,,79900,"Original Starting PriceAED 79,900",AED,https://www.drivearabia.com/carprices/uae/toyota/toyota-veloz/2023/,2026-06-12T05:49:24Z
toyota-veloz,2023,Unknown,,,79900,"Original Starting PriceAED 79,900",AED,https://www.drivearabia.com/carprices/uae/toyota/toyota-veloz/2023/,2026-06-12T05:49:24Z
toyota-veloz,2023,Unknown,,,79900,"AED 79,900",AED,https://www.drivearabia.com/carprices/uae/toyota/toyota-veloz/2023/,2026-06-12T05:49:24Z
toyota-veloz,2023,Original Trim Prices,79900,80000,79950,"1.5 I4 GXAED 79,900 - 80,000",AED,https://www.drivearabia.com/carprices/uae/toyota/toyota-veloz/2023/,2026-06-12T05:49:24Z
toyota-veloz,2023,Original Trim Prices,79900,80000,79950,"1.5 I4 GXAED 79,900 - 80,000",AED,https://www.drivearabia.com/carprices/uae/toyota/toyota-veloz/2023/,2026-06-12T05:49:24Z
toyota-veloz,2023,Unknown,79900,80000,79950,"1.5 I4 GXAED 79,900 - 80,000",AED,https://www.drivearabia.com/carprices/uae/toyota/toyota-veloz/2023/,2026-06-12T05:49:24Z
toyota-veloz,2023,1.5 I4 GX,79900,80000,79950,"AED 79,900 - 80,000",AED,https://www.drivearabia.com/carprices/uae/toyota/toyota-veloz/2023/,2026-06-12T05:49:24Z
toyota-veloz,2023,Unknown,2023,77000,39512,"2023 MG ZSAED 69,500 - 77,000",AED,https://www.drivearabia.com/carprices/uae/toyota/toyota-veloz/2023/,2026-06-12T05:49:24Z
toyota-veloz,2023,Unknown,2023,77000,39512,"2023 MG ZSAED 69,500 - 77,000",AED,https://www.drivearabia.com/carprices/uae/toyota/toyota-veloz/2023/,2026-06-12T05:49:24Z
toyota-veloz,2023,Unknown,69500,77000,73250,"AED 69,500 - 77,000",AED,https://www.drivearabia.com/carprices/uae/toyota/toyota-veloz/2023/,2026-06-12T05:49:24Z
toyota-veloz,2023,Unknown,2023,69000,35512,"2023 GAC GS3AED 51,500 - 69,000",AED,https://www.drivearabia.com/carprices/uae/toyota/toyota-veloz/2023/,2026-06-12T05:49:24Z
toyota-veloz,2023,Unknown,2023,69000,35512,"2023 GAC GS3AED 51,500 - 69,000",AED,https://www.drivearabia.com/carprices/uae/toyota/toyota-veloz/2023/,2026-06-12T05:49:24Z
toyota-veloz,2023,Unknown,51500,69000,60250,"AED 51,500 - 69,000",AED,https://www.drivearabia.com/carprices/uae/toyota/toyota-veloz/2023/,2026-06-12T05:49:24Z
toyota-veloz,2023,Unknown,2023,72000,37012,"2023 Renault DusterAED 51,900 - 72,000",AED,https://www.drivearabia.com/carprices/uae/toyota/toyota-veloz/2023/,2026-06-12T05:49:24Z
toyota-veloz,2023,Unknown,2023,72000,37012,"2023 Renault DusterAED 51,900 - 72,000",AED,https://www.drivearabia.com/carprices/uae/toyota/toyota-veloz/2023/,2026-06-12T05:49:24Z
toyota-veloz,2023,Unknown,51900,72000,61950,"AED 51,900 - 72,000",AED,https://www.drivearabia.com/carprices/uae/toyota/toyota-veloz/2023/,2026-06-12T05:49:24Z
toyota-veloz,2023,Unknown,2023,79900,40962,"The starting price of the 2023 Toyota Veloz in UAE is AED 79,900.",AED,https://www.drivearabia.com/carprices/uae/toyota/toyota-veloz/2023/,2026-06-12T05:49:24Z
toyota-veloz,2023,Unknown,2023,79900,40962,"The starting price of the 2023 Toyota Veloz in UAE is AED 79,900.",AED,https://www.drivearabia.com/carprices/uae/toyota/toyota-veloz/2023/,2026-06-12T05:49:24Z
toyota-veloz,2023,Trims1.5 I4 GX,,,79900,"Original Starting PriceAED 79,900",AED,https://www.drivearabia.com/carprices/uae/toyota/toyota-veloz/2023/,2026-06-12T05:49:24Z
toyota-veloz,2023,Trims1.5 I4 GX,,,79900,"AED 79,900",AED,https://www.drivearabia.com/carprices/uae/toyota/toyota-veloz/2023/,2026-06-12T05:49:24Z
toyota-veloz,2023,Unknown,,,79900,"AED 79,900",AED,https://www.drivearabia.com/carprices/uae/toyota/toyota-veloz/2023/,2026-06-12T05:49:24Z
toyota-veloz,2024,Unknown,,,79900,"Original Starting PriceAED 79,900",AED,https://www.drivearabia.com/carprices/uae/toyota/toyota-veloz/2024/,2026-06-12T05:49:26Z
toyota-veloz,2024,Unknown,,,79900,"Original Starting PriceAED 79,900",AED,https://www.drivearabia.com/carprices/uae/toyota/toyota-veloz/2024/,2026-06-12T05:49:26Z
toyota-veloz,2024,Unknown,,,79900,"AED 79,900",AED,https://www.drivearabia.com/carprices/uae/toyota/toyota-veloz/2024/,2026-06-12T05:49:26Z
toyota-veloz,2024,Original Trim Prices,79900,80000,79950,"1.5 I4 GXAED 79,900 - 80,000",AED,https://www.drivearabia.com/carprices/uae/toyota/toyota-veloz/2024/,2026-06-12T05:49:26Z
toyota-veloz,2024,Original Trim Prices,79900,80000,79950,"1.5 I4 GXAED 79,900 - 80,000",AED,https://www.drivearabia.com/carprices/uae/toyota/toyota-veloz/2024/,2026-06-12T05:49:26Z
toyota-veloz,2024,Unknown,79900,80000,79950,"1.5 I4 GXAED 79,900 - 80,000",AED,https://www.drivearabia.com/carprices/uae/toyota/toyota-veloz/2024/,2026-06-12T05:49:26Z
toyota-veloz,2024,1.5 I4 GX,79900,80000,79950,"AED 79,900 - 80,000",AED,https://www.drivearabia.com/carprices/uae/toyota/toyota-veloz/2024/,2026-06-12T05:49:26Z
toyota-veloz,2024,Unknown,2023,69000,35512,"2023 GAC GS3AED 51,500 - 69,000",AED,https://www.drivearabia.com/carprices/uae/toyota/toyota-veloz/2024/,2026-06-12T05:49:26Z
toyota-veloz,2024,Unknown,2023,69000,35512,"2023 GAC GS3AED 51,500 - 69,000",AED,https://www.drivearabia.com/carprices/uae/toyota/toyota-veloz/2024/,2026-06-12T05:49:26Z
toyota-veloz,2024,Unknown,51500,69000,60250,"AED 51,500 - 69,000",AED,https://www.drivearabia.com/carprices/uae/toyota/toyota-veloz/2024/,2026-06-12T05:49:26Z
toyota-veloz,2024,Unknown,2024,79174,40599,"2024 MG ZSAED 60,499 - 79,174",AED,https://www.drivearabia.com/carprices/uae/toyota/toyota-veloz/2024/,2026-06-12T05:49:26Z
toyota-veloz,2024,Unknown,2024,79174,40599,"2024 MG ZSAED 60,499 - 79,174",AED,https://www.drivearabia.com/carprices/uae/toyota/toyota-veloz/2024/,2026-06-12T05:49:26Z
toyota-veloz,2024,Unknown,60499,79174,69836,"AED 60,499 - 79,174",AED,https://www.drivearabia.com/carprices/uae/toyota/toyota-veloz/2024/,2026-06-12T05:49:26Z
toyota-veloz,2024,Unknown,2024,72000,37012,"2024 Renault DusterAED 51,900 - 72,000",AED,https://www.drivearabia.com/carprices/uae/toyota/toyota-veloz/2024/,2026-06-12T05:49:26Z
toyota-veloz,2024,Unknown,2024,72000,37012,"2024 Renault DusterAED 51,900 - 72,000",AED,https://www.drivearabia.com/carprices/uae/toyota/toyota-veloz/2024/,2026-06-12T05:49:26Z
toyota-veloz,2024,Unknown,51900,72000,61950,"AED 51,900 - 72,000",AED,https://www.drivearabia.com/carprices/uae/toyota/toyota-veloz/2024/,2026-06-12T05:49:26Z
toyota-veloz,2024,Unknown,2024,79900,40962,"The starting price of the 2024 Toyota Veloz in UAE is AED 79,900.",AED,https://www.drivearabia.com/carprices/uae/toyota/toyota-veloz/2024/,2026-06-12T05:49:26Z
toyota-veloz,2024,Unknown,2024,79900,40962,"The starting price of the 2024 Toyota Veloz in UAE is AED 79,900.",AED,https://www.drivearabia.com/carprices/uae/toyota/toyota-veloz/2024/,2026-06-12T05:49:26Z
toyota-veloz,2024,Trims1.5 I4 GX,,,79900,"Original Starting PriceAED 79,900",AED,https://www.drivearabia.com/carprices/uae/toyota/toyota-veloz/2024/,2026-06-12T05:49:26Z
toyota-veloz,2024,Trims1.5 I4 GX,,,79900,"AED 79,900",AED,https://www.drivearabia.com/carprices/uae/toyota/toyota-veloz/2024/,2026-06-12T05:49:26Z
toyota-veloz,2024,Unknown,,,79900,"AED 79,900",AED,https://www.drivearabia.com/carprices/uae/toyota/toyota-veloz/2024/,2026-06-12T05:49:26Z
toyota-veloz,2025,Unknown,,,80900,"Starting atAED 80,900",AED,https://www.drivearabia.com/carprices/uae/toyota/toyota-veloz/2025/,2026-06-12T05:49:28Z
toyota-veloz,2025,Unknown,,,80900,"Starting atAED 80,900",AED,https://www.drivearabia.com/carprices/uae/toyota/toyota-veloz/2025/,2026-06-12T05:49:28Z
toyota-veloz,2025,Starting at,,,80900,"AED 80,900",AED,https://www.drivearabia.com/carprices/uae/toyota/toyota-veloz/2025/,2026-06-12T05:49:28Z
toyota-veloz,2025,Trim Prices,80900,81000,80950,"1.5 I4 GX FWDAED 80,900 - 81,000",AED,https://www.drivearabia.com/carprices/uae/toyota/toyota-veloz/2025/,2026-06-12T05:49:28Z
toyota-veloz,2025,Trim Prices,80900,81000,80950,"1.5 I4 GX FWDAED 80,900 - 81,000",AED,https://www.drivearabia.com/carprices/uae/toyota/toyota-veloz/2025/,2026-06-12T05:49:28Z
toyota-veloz,2025,Unknown,80900,81000,80950,"1.5 I4 GX FWDAED 80,900 - 81,000",AED,https://www.drivearabia.com/carprices/uae/toyota/toyota-veloz/2025/,2026-06-12T05:49:28Z
toyota-veloz,2025,1.5 I4 GX FWD,80900,81000,80950,"AED 80,900 - 81,000",AED,https://www.drivearabia.com/carprices/uae/toyota/toyota-veloz/2025/,2026-06-12T05:49:28Z
toyota-veloz,2025,Unknown,2023,69000,35512,"2023 GAC GS3AED 51,500 - 69,000",AED,https://www.drivearabia.com/carprices/uae/toyota/toyota-veloz/2025/,2026-06-12T05:49:28Z
toyota-veloz,2025,Unknown,2023,69000,35512,"2023 GAC GS3AED 51,500 - 69,000",AED,https://www.drivearabia.com/carprices/uae/toyota/toyota-veloz/2025/,2026-06-12T05:49:28Z
toyota-veloz,2025,Unknown,51500,69000,60250,"AED 51,500 - 69,000",AED,https://www.drivearabia.com/carprices/uae/toyota/toyota-veloz/2025/,2026-06-12T05:49:28Z
toyota-veloz,2025,Unknown,2025,76000,39012,"2025 Renault DusterAED 69,900 - 76,000",AED,https://www.drivearabia.com/carprices/uae/toyota/toyota-veloz/2025/,2026-06-12T05:49:28Z
toyota-veloz,2025,Unknown,2025,76000,39012,"2025 Renault DusterAED 69,900 - 76,000",AED,https://www.drivearabia.com/carprices/uae/toyota/toyota-veloz/2025/,2026-06-12T05:49:28Z
toyota-veloz,2025,Unknown,69900,76000,72950,"AED 69,900 - 76,000",AED,https://www.drivearabia.com/carprices/uae/toyota/toyota-veloz/2025/,2026-06-12T05:49:28Z
toyota-veloz,2025,Unknown,2025,79174,40600,"2025 MG ZSAED 60,499 - 79,174",AED,https://www.drivearabia.com/carprices/uae/toyota/toyota-veloz/2025/,2026-06-12T05:49:28Z
toyota-veloz,2025,Unknown,2025,79174,40600,"2025 MG ZSAED 60,499 - 79,174",AED,https://www.drivearabia.com/carprices/uae/toyota/toyota-veloz/2025/,2026-06-12T05:49:28Z
toyota-veloz,2025,Unknown,60499,79174,69836,"AED 60,499 - 79,174",AED,https://www.drivearabia.com/carprices/uae/toyota/toyota-veloz/2025/,2026-06-12T05:49:28Z
toyota-veloz,2025,Unknown,2025,80900,41462,"The starting price of the 2025 Toyota Veloz in UAE is AED 80,900.",AED,https://www.drivearabia.com/carprices/uae/toyota/toyota-veloz/2025/,2026-06-12T05:49:28Z
toyota-veloz,2025,Unknown,2025,80900,41462,"The starting price of the 2025 Toyota Veloz in UAE is AED 80,900.",AED,https://www.drivearabia.com/carprices/uae/toyota/toyota-veloz/2025/,2026-06-12T05:49:28Z
toyota-veloz,2025,Trims1.5 I4 GX FWD,,,80900,"Starting atAED 80,900",AED,https://www.drivearabia.com/carprices/uae/toyota/toyota-veloz/2025/,2026-06-12T05:49:28Z
toyota-veloz,2025,Starting at,,,80900,"AED 80,900",AED,https://www.drivearabia.com/carprices/uae/toyota/toyota-veloz/2025/,2026-06-12T05:49:28Z
toyota-veloz,2025,Starting at,,,80900,"AED 80,900",AED,https://www.drivearabia.com/carprices/uae/toyota/toyota-veloz/2025/,2026-06-12T05:49:28Z
toyota-veloz,2026,Unknown,,,80900,"Starting atAED 80,900",AED,https://www.drivearabia.com/carprices/uae/toyota/toyota-veloz/2026/,2026-06-12T05:49:30Z
toyota-veloz,2026,Unknown,,,80900,"Starting atAED 80,900",AED,https://www.drivearabia.com/carprices/uae/toyota/toyota-veloz/2026/,2026-06-12T05:49:30Z
toyota-veloz,2026,Starting at,,,80900,"AED 80,900",AED,https://www.drivearabia.com/carprices/uae/toyota/toyota-veloz/2026/,2026-06-12T05:49:30Z
toyota-veloz,2026,Trim Prices,80900,81000,80950,"1.5 I4 GX FWDAED 80,900 - 81,000",AED,https://www.drivearabia.com/carprices/uae/toyota/toyota-veloz/2026/,2026-06-12T05:49:30Z
toyota-veloz,2026,Trim Prices,80900,81000,80950,"1.5 I4 GX FWDAED 80,900 - 81,000",AED,https://www.drivearabia.com/carprices/uae/toyota/toyota-veloz/2026/,2026-06-12T05:49:30Z
toyota-veloz,2026,Unknown,80900,81000,80950,"1.5 I4 GX FWDAED 80,900 - 81,000",AED,https://www.drivearabia.com/carprices/uae/toyota/toyota-veloz/2026/,2026-06-12T05:49:30Z
toyota-veloz,2026,1.5 I4 GX FWD,80900,81000,80950,"AED 80,900 - 81,000",AED,https://www.drivearabia.com/carprices/uae/toyota/toyota-veloz/2026/,2026-06-12T05:49:30Z
toyota-veloz,2026,Unknown,2023,69000,35512,"2023 GAC GS3AED 51,500 - 69,000",AED,https://www.drivearabia.com/carprices/uae/toyota/toyota-veloz/2026/,2026-06-12T05:49:30Z
toyota-veloz,2026,Unknown,2023,69000,35512,"2023 GAC GS3AED 51,500 - 69,000",AED,https://www.drivearabia.com/carprices/uae/toyota/toyota-veloz/2026/,2026-06-12T05:49:30Z
toyota-veloz,2026,Unknown,51500,69000,60250,"AED 51,500 - 69,000",AED,https://www.drivearabia.com/carprices/uae/toyota/toyota-veloz/2026/,2026-06-12T05:49:30Z
toyota-veloz,2026,Unknown,2025,76000,39012,"2025 Renault DusterAED 69,900 - 76,000",AED,https://www.drivearabia.com/carprices/uae/toyota/toyota-veloz/2026/,2026-06-12T05:49:30Z
toyota-veloz,2026,Unknown,2025,76000,39012,"2025 Renault DusterAED 69,900 - 76,000",AED,https://www.drivearabia.com/carprices/uae/toyota/toyota-veloz/2026/,2026-06-12T05:49:30Z
toyota-veloz,2026,Unknown,69900,76000,72950,"AED 69,900 - 76,000",AED,https://www.drivearabia.com/carprices/uae/toyota/toyota-veloz/2026/,2026-06-12T05:49:30Z
toyota-veloz,2026,Unknown,2025,79174,40600,"2025 MG ZSAED 60,499 - 79,174",AED,https://www.drivearabia.com/carprices/uae/toyota/toyota-veloz/2026/,2026-06-12T05:49:30Z
toyota-veloz,2026,Unknown,2025,79174,40600,"2025 MG ZSAED 60,499 - 79,174",AED,https://www.drivearabia.com/carprices/uae/toyota/toyota-veloz/2026/,2026-06-12T05:49:30Z
toyota-veloz,2026,Unknown,60499,79174,69836,"AED 60,499 - 79,174",AED,https://www.drivearabia.com/carprices/uae/toyota/toyota-veloz/2026/,2026-06-12T05:49:30Z
toyota-veloz,2026,Unknown,2026,80900,41463,"The starting price of the 2026 Toyota Veloz in UAE is AED 80,900.",AED,https://www.drivearabia.com/carprices/uae/toyota/toyota-veloz/2026/,2026-06-12T05:49:30Z
toyota-veloz,2026,Unknown,2026,80900,41463,"The starting price of the 2026 Toyota Veloz in UAE is AED 80,900.",AED,https://www.drivearabia.com/carprices/uae/toyota/toyota-veloz/2026/,2026-06-12T05:49:30Z
toyota-veloz,2026,Trims1.5 I4 GX FWD,,,80900,"Starting atAED 80,900",AED,https://www.drivearabia.com/carprices/uae/toyota/toyota-veloz/2026/,2026-06-12T05:49:30Z
toyota-veloz,2026,Starting at,,,80900,"AED 80,900",AED,https://www.drivearabia.com/carprices/uae/toyota/toyota-veloz/2026/,2026-06-12T05:49:30Z
toyota-veloz,2026,Starting at,,,80900,"AED 80,900",AED,https://www.drivearabia.com/carprices/uae/toyota/toyota-veloz/2026/,2026-06-12T05:49:30Z
toyota-yaris-sedan,2022,Unknown,,,59900,"Original Starting PriceAED 59,900",AED,https://www.drivearabia.com/carprices/uae/toyota/toyota-yaris-sedan/2022/,2026-06-12T05:49:43Z
toyota-yaris-sedan,2022,Unknown,,,59900,"Original Starting PriceAED 59,900",AED,https://www.drivearabia.com/carprices/uae/toyota/toyota-yaris-sedan/2022/,2026-06-12T05:49:43Z
toyota-yaris-sedan,2022,Unknown,,,59900,"AED 59,900",AED,https://www.drivearabia.com/carprices/uae/toyota/toyota-yaris-sedan/2022/,2026-06-12T05:49:43Z
toyota-yaris-sedan,2022,Original Trim Prices,59900,60000,59950,"1.5L CVTAED 59,900 - 60,000",AED,https://www.drivearabia.com/carprices/uae/toyota/toyota-yaris-sedan/2022/,2026-06-12T05:49:43Z
toyota-yaris-sedan,2022,Original Trim Prices,59900,60000,59950,"1.5L CVTAED 59,900 - 60,000",AED,https://www.drivearabia.com/carprices/uae/toyota/toyota-yaris-sedan/2022/,2026-06-12T05:49:43Z
toyota-yaris-sedan,2022,Unknown,59900,60000,59950,"1.5L CVTAED 59,900 - 60,000",AED,https://www.drivearabia.com/carprices/uae/toyota/toyota-yaris-sedan/2022/,2026-06-12T05:49:43Z
toyota-yaris-sedan,2022,1.5L CVT,59900,60000,59950,"AED 59,900 - 60,000",AED,https://www.drivearabia.com/carprices/uae/toyota/toyota-yaris-sedan/2022/,2026-06-12T05:49:43Z
toyota-yaris-sedan,2022,Unknown,2022,74000,38011,"2022 Hyundai AccentAED 62,000 - 74,000",AED,https://www.drivearabia.com/carprices/uae/toyota/toyota-yaris-sedan/2022/,2026-06-12T05:49:43Z
toyota-yaris-sedan,2022,Unknown,2022,74000,38011,"2022 Hyundai AccentAED 62,000 - 74,000",AED,https://www.drivearabia.com/carprices/uae/toyota/toyota-yaris-sedan/2022/,2026-06-12T05:49:43Z
toyota-yaris-sedan,2022,Unknown,62000,74000,68000,"AED 62,000 - 74,000",AED,https://www.drivearabia.com/carprices/uae/toyota/toyota-yaris-sedan/2022/,2026-06-12T05:49:43Z
toyota-yaris-sedan,2022,Unknown,2022,75000,38511,"2022 Kia RioAED 62,000 - 75,000",AED,https://www.drivearabia.com/carprices/uae/toyota/toyota-yaris-sedan/2022/,2026-06-12T05:49:43Z
toyota-yaris-sedan,2022,Unknown,2022,75000,38511,"2022 Kia RioAED 62,000 - 75,000",AED,https://www.drivearabia.com/carprices/uae/toyota/toyota-yaris-sedan/2022/,2026-06-12T05:49:43Z
toyota-yaris-sedan,2022,Unknown,62000,75000,68500,"AED 62,000 - 75,000",AED,https://www.drivearabia.com/carprices/uae/toyota/toyota-yaris-sedan/2022/,2026-06-12T05:49:43Z
toyota-yaris-sedan,2022,Unknown,2022,67000,34511,"2022 Honda CityAED 55,900 - 67,000",AED,https://www.drivearabia.com/carprices/uae/toyota/toyota-yaris-sedan/2022/,2026-06-12T05:49:43Z
toyota-yaris-sedan,2022,Unknown,2022,67000,34511,"2022 Honda CityAED 55,900 - 67,000",AED,https://www.drivearabia.com/carprices/uae/toyota/toyota-yaris-sedan/2022/,2026-06-12T05:49:43Z
toyota-yaris-sedan,2022,Unknown,55900,67000,61450,"AED 55,900 - 67,000",AED,https://www.drivearabia.com/carprices/uae/toyota/toyota-yaris-sedan/2022/,2026-06-12T05:49:43Z
toyota-yaris-sedan,2022,Unknown,2022,59900,30961,"The starting price of the 2022 Toyota Yaris Sedan in UAE is AED 59,900.",AED,https://www.drivearabia.com/carprices/uae/toyota/toyota-yaris-sedan/2022/,2026-06-12T05:49:43Z
toyota-yaris-sedan,2022,Unknown,2022,59900,30961,"The starting price of the 2022 Toyota Yaris Sedan in UAE is AED 59,900.",AED,https://www.drivearabia.com/carprices/uae/toyota/toyota-yaris-sedan/2022/,2026-06-12T05:49:43Z
toyota-yaris-sedan,2022,Trims1.5L CVT,,,59900,"Original Starting PriceAED 59,900",AED,https://www.drivearabia.com/carprices/uae/toyota/toyota-yaris-sedan/2022/,2026-06-12T05:49:43Z
toyota-yaris-sedan,2022,Trims1.5L CVT,,,59900,"AED 59,900",AED,https://www.drivearabia.com/carprices/uae/toyota/toyota-yaris-sedan/2022/,2026-06-12T05:49:43Z
toyota-yaris-sedan,2022,Unknown,,,59900,"AED 59,900",AED,https://www.drivearabia.com/carprices/uae/toyota/toyota-yaris-sedan/2022/,2026-06-12T05:49:43Z
toyota-yaris-sedan,2023,Unknown,,,63900,"Original Starting PriceAED 63,900",AED,https://www.drivearabia.com/carprices/uae/toyota/toyota-yaris-sedan/2023/,2026-06-12T05:49:45Z
toyota-yaris-sedan,2023,Unknown,,,63900,"Original Starting PriceAED 63,900",AED,https://www.drivearabia.com/carprices/uae/toyota/toyota-yaris-sedan/2023/,2026-06-12T05:49:45Z
toyota-yaris-sedan,2023,Unknown,,,63900,"AED 63,900",AED,https://www.drivearabia.com/carprices/uae/toyota/toyota-yaris-sedan/2023/,2026-06-12T05:49:45Z
toyota-yaris-sedan,2023,Original Trim Prices,1,63900,31950,"1.5L I4 E FWDAED 63,900 - 64,0001.5 I4 G FWDAED 73,900 - 74,000",AED,https://www.drivearabia.com/carprices/uae/toyota/toyota-yaris-sedan/2023/,2026-06-12T05:49:45Z
toyota-yaris-sedan,2023,Original Trim Prices,1,63900,31950,"1.5L I4 E FWDAED 63,900 - 64,0001.5 I4 G FWDAED 73,900 - 74,000",AED,https://www.drivearabia.com/carprices/uae/toyota/toyota-yaris-sedan/2023/,2026-06-12T05:49:45Z
toyota-yaris-sedan,2023,Unknown,63900,64000,63950,"1.5L I4 E FWDAED 63,900 - 64,000",AED,https://www.drivearabia.com/carprices/uae/toyota/toyota-yaris-sedan/2023/,2026-06-12T05:49:45Z
toyota-yaris-sedan,2023,1.5L I4 E FWD,63900,64000,63950,"AED 63,900 - 64,000",AED,https://www.drivearabia.com/carprices/uae/toyota/toyota-yaris-sedan/2023/,2026-06-12T05:49:45Z
toyota-yaris-sedan,2023,Unknown,73900,74000,73950,"1.5 I4 G FWDAED 73,900 - 74,000",AED,https://www.drivearabia.com/carprices/uae/toyota/toyota-yaris-sedan/2023/,2026-06-12T05:49:45Z
toyota-yaris-sedan,2023,1.5 I4 G FWD,73900,74000,73950,"AED 73,900 - 74,000",AED,https://www.drivearabia.com/carprices/uae/toyota/toyota-yaris-sedan/2023/,2026-06-12T05:49:45Z
toyota-yaris-sedan,2023,Unknown,2023,74000,38012,"2023 Hyundai AccentAED 62,000 - 74,000",AED,https://www.drivearabia.com/carprices/uae/toyota/toyota-yaris-sedan/2023/,2026-06-12T05:49:45Z
toyota-yaris-sedan,2023,Unknown,2023,74000,38012,"2023 Hyundai AccentAED 62,000 - 74,000",AED,https://www.drivearabia.com/carprices/uae/toyota/toyota-yaris-sedan/2023/,2026-06-12T05:49:45Z
toyota-yaris-sedan,2023,Unknown,62000,74000,68000,"AED 62,000 - 74,000",AED,https://www.drivearabia.com/carprices/uae/toyota/toyota-yaris-sedan/2023/,2026-06-12T05:49:45Z
toyota-yaris-sedan,2023,Unknown,2023,75000,38512,"2023 Kia RioAED 62,000 - 75,000",AED,https://www.drivearabia.com/carprices/uae/toyota/toyota-yaris-sedan/2023/,2026-06-12T05:49:45Z
toyota-yaris-sedan,2023,Unknown,2023,75000,38512,"2023 Kia RioAED 62,000 - 75,000",AED,https://www.drivearabia.com/carprices/uae/toyota/toyota-yaris-sedan/2023/,2026-06-12T05:49:45Z
toyota-yaris-sedan,2023,Unknown,62000,75000,68500,"AED 62,000 - 75,000",AED,https://www.drivearabia.com/carprices/uae/toyota/toyota-yaris-sedan/2023/,2026-06-12T05:49:45Z
toyota-yaris-sedan,2023,Unknown,2023,85000,43512,"2023 Honda CityAED 72,500 - 85,000",AED,https://www.drivearabia.com/carprices/uae/toyota/toyota-yaris-sedan/2023/,2026-06-12T05:49:45Z
toyota-yaris-sedan,2023,Unknown,2023,85000,43512,"2023 Honda CityAED 72,500 - 85,000",AED,https://www.drivearabia.com/carprices/uae/toyota/toyota-yaris-sedan/2023/,2026-06-12T05:49:45Z
toyota-yaris-sedan,2023,Unknown,72500,85000,78750,"AED 72,500 - 85,000",AED,https://www.drivearabia.com/carprices/uae/toyota/toyota-yaris-sedan/2023/,2026-06-12T05:49:45Z
toyota-yaris-sedan,2023,Unknown,2023,63900,32962,"The starting price of the 2023 Toyota Yaris Sedan in UAE is AED 63,900.",AED,https://www.drivearabia.com/carprices/uae/toyota/toyota-yaris-sedan/2023/,2026-06-12T05:49:45Z
toyota-yaris-sedan,2023,Unknown,2023,63900,32962,"The starting price of the 2023 Toyota Yaris Sedan in UAE is AED 63,900.",AED,https://www.drivearabia.com/carprices/uae/toyota/toyota-yaris-sedan/2023/,2026-06-12T05:49:45Z
toyota-yaris-sedan,2023,Trims1.5L I4 E FWD,,,63900,"Original Starting PriceAED 63,900",AED,https://www.drivearabia.com/carprices/uae/toyota/toyota-yaris-sedan/2023/,2026-06-12T05:49:45Z
toyota-yaris-sedan,2023,Trims1.5L I4 E FWD,,,63900,"AED 63,900",AED,https://www.drivearabia.com/carprices/uae/toyota/toyota-yaris-sedan/2023/,2026-06-12T05:49:45Z
toyota-yaris-sedan,2023,Unknown,,,63900,"AED 63,900",AED,https://www.drivearabia.com/carprices/uae/toyota/toyota-yaris-sedan/2023/,2026-06-12T05:49:45Z
toyota-yaris-sedan,2025,Unknown,,,63900,"Starting atAED 63,900",AED,https://www.drivearabia.com/carprices/uae/toyota/toyota-yaris-sedan/2025/,2026-06-12T05:49:48Z
toyota-yaris-sedan,2025,Unknown,,,63900,"Starting atAED 63,900",AED,https://www.drivearabia.com/carprices/uae/toyota/toyota-yaris-sedan/2025/,2026-06-12T05:49:48Z
toyota-yaris-sedan,2025,Starting at,,,63900,"AED 63,900",AED,https://www.drivearabia.com/carprices/uae/toyota/toyota-yaris-sedan/2025/,2026-06-12T05:49:48Z
toyota-yaris-sedan,2025,Trim Prices,1,63900,31950,"1.5L I4 E FWDAED 63,900 - 64,0001.5 I4 G FWDAED 73,900 - 74,000",AED,https://www.drivearabia.com/carprices/uae/toyota/toyota-yaris-sedan/2025/,2026-06-12T05:49:48Z
toyota-yaris-sedan,2025,Trim Prices,1,63900,31950,"1.5L I4 E FWDAED 63,900 - 64,0001.5 I4 G FWDAED 73,900 - 74,000",AED,https://www.drivearabia.com/carprices/uae/toyota/toyota-yaris-sedan/2025/,2026-06-12T05:49:48Z
toyota-yaris-sedan,2025,Unknown,63900,64000,63950,"1.5L I4 E FWDAED 63,900 - 64,000",AED,https://www.drivearabia.com/carprices/uae/toyota/toyota-yaris-sedan/2025/,2026-06-12T05:49:48Z
toyota-yaris-sedan,2025,1.5L I4 E FWD,63900,64000,63950,"AED 63,900 - 64,000",AED,https://www.drivearabia.com/carprices/uae/toyota/toyota-yaris-sedan/2025/,2026-06-12T05:49:48Z
toyota-yaris-sedan,2025,Unknown,73900,74000,73950,"1.5 I4 G FWDAED 73,900 - 74,000",AED,https://www.drivearabia.com/carprices/uae/toyota/toyota-yaris-sedan/2025/,2026-06-12T05:49:48Z
toyota-yaris-sedan,2025,1.5 I4 G FWD,73900,74000,73950,"AED 73,900 - 74,000",AED,https://www.drivearabia.com/carprices/uae/toyota/toyota-yaris-sedan/2025/,2026-06-12T05:49:48Z
toyota-yaris-sedan,2025,Unknown,2023,75000,38512,"2023 Kia RioAED 62,000 - 75,000",AED,https://www.drivearabia.com/carprices/uae/toyota/toyota-yaris-sedan/2025/,2026-06-12T05:49:48Z
toyota-yaris-sedan,2025,Unknown,2023,75000,38512,"2023 Kia RioAED 62,000 - 75,000",AED,https://www.drivearabia.com/carprices/uae/toyota/toyota-yaris-sedan/2025/,2026-06-12T05:49:48Z
toyota-yaris-sedan,2025,Unknown,62000,75000,68500,"AED 62,000 - 75,000",AED,https://www.drivearabia.com/carprices/uae/toyota/toyota-yaris-sedan/2025/,2026-06-12T05:49:48Z
toyota-yaris-sedan,2025,Unknown,2025,83000,42512,"2025 Hyundai AccentAED 73,999 - 83,000",AED,https://www.drivearabia.com/carprices/uae/toyota/toyota-yaris-sedan/2025/,2026-06-12T05:49:48Z
toyota-yaris-sedan,2025,Unknown,2025,83000,42512,"2025 Hyundai AccentAED 73,999 - 83,000",AED,https://www.drivearabia.com/carprices/uae/toyota/toyota-yaris-sedan/2025/,2026-06-12T05:49:48Z
toyota-yaris-sedan,2025,Unknown,73999,83000,78500,"AED 73,999 - 83,000",AED,https://www.drivearabia.com/carprices/uae/toyota/toyota-yaris-sedan/2025/,2026-06-12T05:49:48Z
toyota-yaris-sedan,2025,Unknown,2025,76000,39012,"2025 Honda CityAED 67,900 - 76,000",AED,https://www.drivearabia.com/carprices/uae/toyota/toyota-yaris-sedan/2025/,2026-06-12T05:49:48Z
toyota-yaris-sedan,2025,Unknown,2025,76000,39012,"2025 Honda CityAED 67,900 - 76,000",AED,https://www.drivearabia.com/carprices/uae/toyota/toyota-yaris-sedan/2025/,2026-06-12T05:49:48Z
toyota-yaris-sedan,2025,Unknown,67900,76000,71950,"AED 67,900 - 76,000",AED,https://www.drivearabia.com/carprices/uae/toyota/toyota-yaris-sedan/2025/,2026-06-12T05:49:48Z
toyota-yaris-sedan,2025,Unknown,2025,63900,32962,"The starting price of the 2025 Toyota Yaris Sedan in UAE is AED 63,900.",AED,https://www.drivearabia.com/carprices/uae/toyota/toyota-yaris-sedan/2025/,2026-06-12T05:49:48Z
toyota-yaris-sedan,2025,Unknown,2025,63900,32962,"The starting price of the 2025 Toyota Yaris Sedan in UAE is AED 63,900.",AED,https://www.drivearabia.com/carprices/uae/toyota/toyota-yaris-sedan/2025/,2026-06-12T05:49:48Z
toyota-yaris-sedan,2025,Trims1.5L I4 E FWD,,,63900,"Starting atAED 63,900",AED,https://www.drivearabia.com/carprices/uae/toyota/toyota-yaris-sedan/2025/,2026-06-12T05:49:48Z
toyota-yaris-sedan,2025,Starting at,,,63900,"AED 63,900",AED,https://www.drivearabia.com/carprices/uae/toyota/toyota-yaris-sedan/2025/,2026-06-12T05:49:48Z
toyota-yaris-sedan,2025,Starting at,,,63900,"AED 63,900",AED,https://www.drivearabia.com/carprices/uae/toyota/toyota-yaris-sedan/2025/,2026-06-12T05:49:48Z
toyota-yaris-sedan,2026,Unknown,,,64900,"Starting atAED 64,900",AED,https://www.drivearabia.com/carprices/uae/toyota/toyota-yaris-sedan/2026/,2026-06-12T05:49:50Z
toyota-yaris-sedan,2026,Unknown,,,64900,"Starting atAED 64,900",AED,https://www.drivearabia.com/carprices/uae/toyota/toyota-yaris-sedan/2026/,2026-06-12T05:49:50Z
toyota-yaris-sedan,2026,Starting at,,,64900,"AED 64,900",AED,https://www.drivearabia.com/carprices/uae/toyota/toyota-yaris-sedan/2026/,2026-06-12T05:49:50Z
toyota-yaris-sedan,2026,Trim Prices,64900,74900,69900,"EAED 64,900 - 65,000GAED 74,900 - 75,000",AED,https://www.drivearabia.com/carprices/uae/toyota/toyota-yaris-sedan/2026/,2026-06-12T05:49:50Z
toyota-yaris-sedan,2026,Trim Prices,64900,74900,69900,"EAED 64,900 - 65,000GAED 74,900 - 75,000",AED,https://www.drivearabia.com/carprices/uae/toyota/toyota-yaris-sedan/2026/,2026-06-12T05:49:50Z
toyota-yaris-sedan,2026,Unknown,64900,65000,64950,"EAED 64,900 - 65,000",AED,https://www.drivearabia.com/carprices/uae/toyota/toyota-yaris-sedan/2026/,2026-06-12T05:49:50Z
toyota-yaris-sedan,2026,E,64900,65000,64950,"AED 64,900 - 65,000",AED,https://www.drivearabia.com/carprices/uae/toyota/toyota-yaris-sedan/2026/,2026-06-12T05:49:50Z
toyota-yaris-sedan,2026,Unknown,74900,75000,74950,"GAED 74,900 - 75,000",AED,https://www.drivearabia.com/carprices/uae/toyota/toyota-yaris-sedan/2026/,2026-06-12T05:49:50Z
toyota-yaris-sedan,2026,G,74900,75000,74950,"AED 74,900 - 75,000",AED,https://www.drivearabia.com/carprices/uae/toyota/toyota-yaris-sedan/2026/,2026-06-12T05:49:50Z
toyota-yaris-sedan,2026,Unknown,2026,69000,35513,"2026 Geely EmgrandAED 63,100 - 69,000",AED,https://www.drivearabia.com/carprices/uae/toyota/toyota-yaris-sedan/2026/,2026-06-12T05:49:50Z
toyota-yaris-sedan,2026,Unknown,2026,69000,35513,"2026 Geely EmgrandAED 63,100 - 69,000",AED,https://www.drivearabia.com/carprices/uae/toyota/toyota-yaris-sedan/2026/,2026-06-12T05:49:50Z
toyota-yaris-sedan,2026,Unknown,63100,69000,66050,"AED 63,100 - 69,000",AED,https://www.drivearabia.com/carprices/uae/toyota/toyota-yaris-sedan/2026/,2026-06-12T05:49:50Z
toyota-yaris-sedan,2026,Unknown,2026,83000,42513,"2026 Hyundai AccentAED 73,999 - 83,000",AED,https://www.drivearabia.com/carprices/uae/toyota/toyota-yaris-sedan/2026/,2026-06-12T05:49:50Z
toyota-yaris-sedan,2026,Unknown,2026,83000,42513,"2026 Hyundai AccentAED 73,999 - 83,000",AED,https://www.drivearabia.com/carprices/uae/toyota/toyota-yaris-sedan/2026/,2026-06-12T05:49:50Z
toyota-yaris-sedan,2026,Unknown,73999,83000,78500,"AED 73,999 - 83,000",AED,https://www.drivearabia.com/carprices/uae/toyota/toyota-yaris-sedan/2026/,2026-06-12T05:49:50Z
toyota-yaris-sedan,2026,Unknown,2026,76000,39013,"2026 Honda CityAED 67,900 - 76,000",AED,https://www.drivearabia.com/carprices/uae/toyota/toyota-yaris-sedan/2026/,2026-06-12T05:49:50Z
toyota-yaris-sedan,2026,Unknown,2026,76000,39013,"2026 Honda CityAED 67,900 - 76,000",AED,https://www.drivearabia.com/carprices/uae/toyota/toyota-yaris-sedan/2026/,2026-06-12T05:49:50Z
toyota-yaris-sedan,2026,Unknown,67900,76000,71950,"AED 67,900 - 76,000",AED,https://www.drivearabia.com/carprices/uae/toyota/toyota-yaris-sedan/2026/,2026-06-12T05:49:50Z
toyota-yaris-sedan,2026,Unknown,2026,64900,33463,"The starting price of the 2026 Toyota Yaris Sedan in UAE is AED 64,900.",AED,https://www.drivearabia.com/carprices/uae/toyota/toyota-yaris-sedan/2026/,2026-06-12T05:49:50Z
toyota-yaris-sedan,2026,Unknown,2026,64900,33463,"The starting price of the 2026 Toyota Yaris Sedan in UAE is AED 64,900.",AED,https://www.drivearabia.com/carprices/uae/toyota/toyota-yaris-sedan/2026/,2026-06-12T05:49:50Z
toyota-yaris-sedan,2026,TrimsE,,,64900,"Starting atAED 64,900",AED,https://www.drivearabia.com/carprices/uae/toyota/toyota-yaris-sedan/2026/,2026-06-12T05:49:50Z
toyota-yaris-sedan,2026,Starting at,,,64900,"AED 64,900",AED,https://www.drivearabia.com/carprices/uae/toyota/toyota-yaris-sedan/2026/,2026-06-12T05:49:50Z
toyota-yaris-sedan,2026,Starting at,,,64900,"AED 64,900",AED,https://www.drivearabia.com/carprices/uae/toyota/toyota-yaris-sedan/2026/,2026-06-12T05:49:50Z
