model_slug,year,trim_name,price_min_aed,price_max_aed,price_avg_aed,price_raw,currency,url,scraped_at
ford-bronco,2021,2.3T Big Bend,193095,193100,193098,"AED 193,095 - 193,100",AED,https://www.drivearabia.com/carprices/uae/ford/ford-bronco/2021/,2026-06-15T08:10:34Z
ford-bronco,2021,2.7T Outer Banks,256095,256100,256098,"AED 256,095 - 256,100",AED,https://www.drivearabia.com/carprices/uae/ford/ford-bronco/2021/,2026-06-15T08:10:34Z
ford-bronco,2021,2.7T WildTrak,273945,274000,273972,"AED 273,945 - 274,000",AED,https://www.drivearabia.com/carprices/uae/ford/ford-bronco/2021/,2026-06-15T08:10:34Z
ford-bronco,2021,2.7T Badlands,283395,284000,283698,"AED 283,395 - 284,000",AED,https://www.drivearabia.com/carprices/uae/ford/ford-bronco/2021/,2026-06-15T08:10:34Z
ford-bronco,2022,2.3T Big Bend,193095,193100,193098,"AED 193,095 - 193,100",AED,https://www.drivearabia.com/carprices/uae/ford/ford-bronco/2022/,2026-06-15T08:10:36Z
ford-bronco,2022,2.7T Outer Banks,256095,256100,256098,"AED 256,095 - 256,100",AED,https://www.drivearabia.com/carprices/uae/ford/ford-bronco/2022/,2026-06-15T08:10:36Z
ford-bronco,2022,2.7T WildTrak,273945,274000,273972,"AED 273,945 - 274,000",AED,https://www.drivearabia.com/carprices/uae/ford/ford-bronco/2022/,2026-06-15T08:10:36Z
ford-bronco,2022,2.7T Badlands,283395,284000,283698,"AED 283,395 - 284,000",AED,https://www.drivearabia.com/carprices/uae/ford/ford-bronco/2022/,2026-06-15T08:10:36Z
ford-bronco,2023,2.3T Big Bend,193095,193100,193098,"AED 193,095 - 193,100",AED,https://www.drivearabia.com/carprices/uae/ford/ford-bronco/2023/,2026-06-15T08:10:38Z
ford-bronco,2023,2.7T Outer Banks,256095,256100,256098,"AED 256,095 - 256,100",AED,https://www.drivearabia.com/carprices/uae/ford/ford-bronco/2023/,2026-06-15T08:10:38Z
ford-bronco,2023,2.7T WildTrak,273945,274000,273972,"AED 273,945 - 274,000",AED,https://www.drivearabia.com/carprices/uae/ford/ford-bronco/2023/,2026-06-15T08:10:38Z
ford-bronco,2023,2.7T Badlands,283395,284000,283698,"AED 283,395 - 284,000",AED,https://www.drivearabia.com/carprices/uae/ford/ford-bronco/2023/,2026-06-15T08:10:38Z
ford-bronco,2024,2.3T Big Bend,193095,193100,193098,"AED 193,095 - 193,100",AED,https://www.drivearabia.com/carprices/uae/ford/ford-bronco/2024/,2026-06-15T08:10:40Z
ford-bronco,2024,2.7T Outer Banks,256095,256100,256098,"AED 256,095 - 256,100",AED,https://www.drivearabia.com/carprices/uae/ford/ford-bronco/2024/,2026-06-15T08:10:40Z
ford-bronco,2024,2.7T WildTrak,273945,274000,273972,"AED 273,945 - 274,000",AED,https://www.drivearabia.com/carprices/uae/ford/ford-bronco/2024/,2026-06-15T08:10:40Z
ford-bronco,2024,2.7T Badlands,283395,284000,283698,"AED 283,395 - 284,000",AED,https://www.drivearabia.com/carprices/uae/ford/ford-bronco/2024/,2026-06-15T08:10:40Z
ford-bronco,2025,2.3TC Big Bend 4WD,193095,193100,193098,"AED 193,095 - 193,100",AED,https://www.drivearabia.com/carprices/uae/ford/ford-bronco/2025/,2026-06-15T08:10:41Z
ford-bronco,2025,2.7TC Outer Banks 4WD,256095,256100,256098,"AED 256,095 - 256,100",AED,https://www.drivearabia.com/carprices/uae/ford/ford-bronco/2025/,2026-06-15T08:10:41Z
ford-bronco,2025,2.7TC WildTrak 4WD,273945,274000,273972,"AED 273,945 - 274,000",AED,https://www.drivearabia.com/carprices/uae/ford/ford-bronco/2025/,2026-06-15T08:10:41Z
ford-bronco,2025,2.7TC Badlands 4WD,283395,284000,283698,"AED 283,395 - 284,000",AED,https://www.drivearabia.com/carprices/uae/ford/ford-bronco/2025/,2026-06-15T08:10:41Z
ford-bronco,2026,2.3TC Big Bend 4WD,193095,193100,193098,"AED 193,095 - 193,100",AED,https://www.drivearabia.com/carprices/uae/ford/ford-bronco/2026/,2026-06-15T08:10:43Z
ford-bronco,2026,2.7TC Outer Banks 4WD,256095,256100,256098,"AED 256,095 - 256,100",AED,https://www.drivearabia.com/carprices/uae/ford/ford-bronco/2026/,2026-06-15T08:10:43Z
ford-bronco,2026,2.7TC WildTrak 4WD,273945,274000,273972,"AED 273,945 - 274,000",AED,https://www.drivearabia.com/carprices/uae/ford/ford-bronco/2026/,2026-06-15T08:10:43Z
ford-bronco,2026,2.7TC Badlands 4WD,283395,284000,283698,"AED 283,395 - 284,000",AED,https://www.drivearabia.com/carprices/uae/ford/ford-bronco/2026/,2026-06-15T08:10:43Z
ford-bronco-2-door,2021,2.3T Big Bend,183645,184000,183822,"AED 183,645 - 184,000",AED,https://www.drivearabia.com/carprices/uae/ford/ford-bronco-2-door/2021/,2026-06-15T08:11:14Z
ford-bronco-2-door,2021,2.7T WildTrak,252945,253000,252972,"AED 252,945 - 253,000",AED,https://www.drivearabia.com/carprices/uae/ford/ford-bronco-2-door/2021/,2026-06-15T08:11:14Z
ford-bronco-2-door,2022,2.3T Big Bend,183645,184000,183822,"AED 183,645 - 184,000",AED,https://www.drivearabia.com/carprices/uae/ford/ford-bronco-2-door/2022/,2026-06-15T08:11:16Z
ford-bronco-2-door,2022,2.7T WildTrak,252945,253000,252972,"AED 252,945 - 253,000",AED,https://www.drivearabia.com/carprices/uae/ford/ford-bronco-2-door/2022/,2026-06-15T08:11:16Z
ford-bronco-2-door,2023,2.3T Big Bend,183645,184000,183822,"AED 183,645 - 184,000",AED,https://www.drivearabia.com/carprices/uae/ford/ford-bronco-2-door/2023/,2026-06-15T08:11:18Z
ford-bronco-2-door,2023,2.7T WildTrak,252945,253000,252972,"AED 252,945 - 253,000",AED,https://www.drivearabia.com/carprices/uae/ford/ford-bronco-2-door/2023/,2026-06-15T08:11:18Z
ford-bronco-2-door,2024,2.3T Big Bend,183645,184000,183822,"AED 183,645 - 184,000",AED,https://www.drivearabia.com/carprices/uae/ford/ford-bronco-2-door/2024/,2026-06-15T08:11:20Z
ford-bronco-2-door,2024,2.7T WildTrak,252945,253000,252972,"AED 252,945 - 253,000",AED,https://www.drivearabia.com/carprices/uae/ford/ford-bronco-2-door/2024/,2026-06-15T08:11:20Z
ford-bronco-2-door,2025,2.3TC Big Bend 4WD,193095,193100,193098,"AED 193,095 - 193,100",AED,https://www.drivearabia.com/carprices/uae/ford/ford-bronco-2-door/2025/,2026-06-15T08:11:22Z
ford-bronco-2-door,2025,2.7TC Outer Banks 4WD,256095,256100,256098,"AED 256,095 - 256,100",AED,https://www.drivearabia.com/carprices/uae/ford/ford-bronco-2-door/2025/,2026-06-15T08:11:22Z
ford-bronco-2-door,2025,2.7TC WildTrak 4WD,273945,274000,273972,"AED 273,945 - 274,000",AED,https://www.drivearabia.com/carprices/uae/ford/ford-bronco-2-door/2025/,2026-06-15T08:11:22Z
ford-bronco-2-door,2025,2.7TC Badlands 4WD,283395,284000,283698,"AED 283,395 - 284,000",AED,https://www.drivearabia.com/carprices/uae/ford/ford-bronco-2-door/2025/,2026-06-15T08:11:22Z
ford-bronco-2-door,2026,2.3TC Big Bend 4WD,193095,193100,193098,"AED 193,095 - 193,100",AED,https://www.drivearabia.com/carprices/uae/ford/ford-bronco-2-door/2026/,2026-06-15T08:11:24Z
ford-bronco-2-door,2026,2.7TC Outer Banks 4WD,256095,256100,256098,"AED 256,095 - 256,100",AED,https://www.drivearabia.com/carprices/uae/ford/ford-bronco-2-door/2026/,2026-06-15T08:11:24Z
ford-bronco-2-door,2026,2.7TC WildTrak 4WD,273945,274000,273972,"AED 273,945 - 274,000",AED,https://www.drivearabia.com/carprices/uae/ford/ford-bronco-2-door/2026/,2026-06-15T08:11:24Z
ford-bronco-2-door,2026,2.7TC Badlands 4WD,283395,284000,283698,"AED 283,395 - 284,000",AED,https://www.drivearabia.com/carprices/uae/ford/ford-bronco-2-door/2026/,2026-06-15T08:11:24Z
ford-bronco-raptor,2024,3.0T V6 Raptor 4WD,420000,424000,422000,"AED 420,000 - 424,000",AED,https://www.drivearabia.com/carprices/uae/ford/ford-bronco-raptor/2024/,2026-06-15T08:11:58Z
ford-bronco-raptor,2025,3.0T V6 Raptor 4WD,420000,424000,422000,"AED 420,000 - 424,000",AED,https://www.drivearabia.com/carprices/uae/ford/ford-bronco-raptor/2025/,2026-06-15T08:12:00Z
ford-bronco-raptor,2026,3.0T V6 Raptor 4WD,420000,424000,422000,"AED 420,000 - 424,000",AED,https://www.drivearabia.com/carprices/uae/ford/ford-bronco-raptor/2026/,2026-06-15T08:12:02Z
ford-ecosport,2014,Ambiente,58000,60000,59000,"AED 58,000 - 60,000",AED,https://www.drivearabia.com/carprices/uae/ford/ford-ecosport/2014/,2026-06-15T08:13:13Z
ford-ecosport,2014,Trend,65000,67000,66000,"AED 65,000 - 67,000",AED,https://www.drivearabia.com/carprices/uae/ford/ford-ecosport/2014/,2026-06-15T08:13:13Z
ford-ecosport,2014,Titanium,75000,80000,77500,"AED 75,000 - 80,000",AED,https://www.drivearabia.com/carprices/uae/ford/ford-ecosport/2014/,2026-06-15T08:13:13Z
ford-ecosport,2015,Ambiente,58000,60000,59000,"AED 58,000 - 60,000",AED,https://www.drivearabia.com/carprices/uae/ford/ford-ecosport/2015/,2026-06-15T08:13:15Z
ford-ecosport,2015,Trend,65000,67000,66000,"AED 65,000 - 67,000",AED,https://www.drivearabia.com/carprices/uae/ford/ford-ecosport/2015/,2026-06-15T08:13:15Z
ford-ecosport,2015,Titanium,75000,80000,77500,"AED 75,000 - 80,000",AED,https://www.drivearabia.com/carprices/uae/ford/ford-ecosport/2015/,2026-06-15T08:13:15Z
ford-ecosport,2016,Ambiente,58000,60000,59000,"AED 58,000 - 60,000",AED,https://www.drivearabia.com/carprices/uae/ford/ford-ecosport/2016/,2026-06-15T08:13:17Z
ford-ecosport,2016,Trend,65000,67000,66000,"AED 65,000 - 67,000",AED,https://www.drivearabia.com/carprices/uae/ford/ford-ecosport/2016/,2026-06-15T08:13:17Z
ford-ecosport,2016,Titanium,75000,80000,77500,"AED 75,000 - 80,000",AED,https://www.drivearabia.com/carprices/uae/ford/ford-ecosport/2016/,2026-06-15T08:13:17Z
ford-ecosport,2017,Ambiente,58000,60000,59000,"AED 58,000 - 60,000",AED,https://www.drivearabia.com/carprices/uae/ford/ford-ecosport/2017/,2026-06-15T08:13:19Z
ford-ecosport,2017,Trend,65000,67000,66000,"AED 65,000 - 67,000",AED,https://www.drivearabia.com/carprices/uae/ford/ford-ecosport/2017/,2026-06-15T08:13:19Z
ford-ecosport,2017,Titanium,75000,80000,77500,"AED 75,000 - 80,000",AED,https://www.drivearabia.com/carprices/uae/ford/ford-ecosport/2017/,2026-06-15T08:13:19Z
ford-ecosport,2018,Ambiente,58000,60000,59000,"AED 58,000 - 60,000",AED,https://www.drivearabia.com/carprices/uae/ford/ford-ecosport/2018/,2026-06-15T08:13:21Z
ford-ecosport,2018,Trend,65000,67000,66000,"AED 65,000 - 67,000",AED,https://www.drivearabia.com/carprices/uae/ford/ford-ecosport/2018/,2026-06-15T08:13:21Z
ford-ecosport,2018,Titanium,75000,80000,77500,"AED 75,000 - 80,000",AED,https://www.drivearabia.com/carprices/uae/ford/ford-ecosport/2018/,2026-06-15T08:13:21Z
ford-ecosport,2019,Ambiente,58000,60000,59000,"AED 58,000 - 60,000",AED,https://www.drivearabia.com/carprices/uae/ford/ford-ecosport/2019/,2026-06-15T08:13:23Z
ford-ecosport,2019,Trend,65000,67000,66000,"AED 65,000 - 67,000",AED,https://www.drivearabia.com/carprices/uae/ford/ford-ecosport/2019/,2026-06-15T08:13:23Z
ford-ecosport,2019,Titanium,75000,80000,77500,"AED 75,000 - 80,000",AED,https://www.drivearabia.com/carprices/uae/ford/ford-ecosport/2019/,2026-06-15T08:13:23Z
ford-ecosport,2020,Ambiente,58000,60000,59000,"AED 58,000 - 60,000",AED,https://www.drivearabia.com/carprices/uae/ford/ford-ecosport/2020/,2026-06-15T08:13:25Z
ford-ecosport,2020,Trend,65000,67000,66000,"AED 65,000 - 67,000",AED,https://www.drivearabia.com/carprices/uae/ford/ford-ecosport/2020/,2026-06-15T08:13:25Z
ford-ecosport,2020,Titanium,75000,80000,77500,"AED 75,000 - 80,000",AED,https://www.drivearabia.com/carprices/uae/ford/ford-ecosport/2020/,2026-06-15T08:13:25Z
ford-ecosport,2021,Ambiente,58000,60000,59000,"AED 58,000 - 60,000",AED,https://www.drivearabia.com/carprices/uae/ford/ford-ecosport/2021/,2026-06-15T08:13:26Z
ford-ecosport,2021,Trend,65000,67000,66000,"AED 65,000 - 67,000",AED,https://www.drivearabia.com/carprices/uae/ford/ford-ecosport/2021/,2026-06-15T08:13:26Z
ford-ecosport,2021,Titanium,75000,80000,77500,"AED 75,000 - 80,000",AED,https://www.drivearabia.com/carprices/uae/ford/ford-ecosport/2021/,2026-06-15T08:13:26Z
ford-edge,2011,3.5L SE FWD,105000,110000,107500,"AED 105,000 - 110,000",AED,https://www.drivearabia.com/carprices/uae/ford/ford-edge/2011/,2026-06-15T08:13:55Z
ford-edge,2011,3.5L SEL/Limited AWD,135000,149000,142000,"AED 135,000 - 149,000",AED,https://www.drivearabia.com/carprices/uae/ford/ford-edge/2011/,2026-06-15T08:13:55Z
ford-edge,2011,3.7L Sport AWD,160000,165000,162500,"AED 160,000 - 165,000",AED,https://www.drivearabia.com/carprices/uae/ford/ford-edge/2011/,2026-06-15T08:13:55Z
ford-edge,2012,3.5L SE FWD,105000,110000,107500,"AED 105,000 - 110,000",AED,https://www.drivearabia.com/carprices/uae/ford/ford-edge/2012/,2026-06-15T08:13:57Z
ford-edge,2012,3.5L SEL/Limited AWD,135000,149000,142000,"AED 135,000 - 149,000",AED,https://www.drivearabia.com/carprices/uae/ford/ford-edge/2012/,2026-06-15T08:13:57Z
ford-edge,2012,3.7L Sport AWD,160000,165000,162500,"AED 160,000 - 165,000",AED,https://www.drivearabia.com/carprices/uae/ford/ford-edge/2012/,2026-06-15T08:13:57Z
ford-edge,2013,3.5L SE FWD,105000,110000,107500,"AED 105,000 - 110,000",AED,https://www.drivearabia.com/carprices/uae/ford/ford-edge/2013/,2026-06-15T08:13:59Z
ford-edge,2013,3.5L SEL/Limited AWD,135000,149000,142000,"AED 135,000 - 149,000",AED,https://www.drivearabia.com/carprices/uae/ford/ford-edge/2013/,2026-06-15T08:13:59Z
ford-edge,2013,3.7L Sport AWD,160000,165000,162500,"AED 160,000 - 165,000",AED,https://www.drivearabia.com/carprices/uae/ford/ford-edge/2013/,2026-06-15T08:13:59Z
ford-edge,2014,3.5L SE FWD,105000,110000,107500,"AED 105,000 - 110,000",AED,https://www.drivearabia.com/carprices/uae/ford/ford-edge/2014/,2026-06-15T08:14:00Z
ford-edge,2014,3.5L SEL/Limited AWD,135000,149000,142000,"AED 135,000 - 149,000",AED,https://www.drivearabia.com/carprices/uae/ford/ford-edge/2014/,2026-06-15T08:14:00Z
ford-edge,2014,3.7L Sport AWD,160000,165000,162500,"AED 160,000 - 165,000",AED,https://www.drivearabia.com/carprices/uae/ford/ford-edge/2014/,2026-06-15T08:14:00Z
ford-edge,2017,3.5 SE FWD,115000,116000,115500,"AED 115,000 - 116,000",AED,https://www.drivearabia.com/carprices/uae/ford/ford-edge/2017/,2026-06-15T08:14:05Z
ford-edge,2017,2.0T SE FWD,115000,116000,115500,"AED 115,000 - 116,000",AED,https://www.drivearabia.com/carprices/uae/ford/ford-edge/2017/,2026-06-15T08:14:05Z
ford-edge,2017,3.5 SE AWD,120000,121000,120500,"AED 120,000 - 121,000",AED,https://www.drivearabia.com/carprices/uae/ford/ford-edge/2017/,2026-06-15T08:14:05Z
ford-edge,2017,2.0T SE AWD,120000,121000,120500,"AED 120,000 - 121,000",AED,https://www.drivearabia.com/carprices/uae/ford/ford-edge/2017/,2026-06-15T08:14:05Z
ford-edge,2017,3.5 SEL AWD,135000,136000,135500,"AED 135,000 - 136,000",AED,https://www.drivearabia.com/carprices/uae/ford/ford-edge/2017/,2026-06-15T08:14:05Z
ford-edge,2017,2.0T SEL AWD,135000,136000,135500,"AED 135,000 - 136,000",AED,https://www.drivearabia.com/carprices/uae/ford/ford-edge/2017/,2026-06-15T08:14:05Z
ford-edge,2017,3.5 Titatinium AWD,165000,180000,172500,"AED 165,000 - 180,000",AED,https://www.drivearabia.com/carprices/uae/ford/ford-edge/2017/,2026-06-15T08:14:05Z
ford-edge,2017,2.7T Sport AWD,190000,210000,200000,"AED 190,000 - 210,000",AED,https://www.drivearabia.com/carprices/uae/ford/ford-edge/2017/,2026-06-15T08:14:05Z
ford-edge,2018,3.5 SE FWD,115000,116000,115500,"AED 115,000 - 116,000",AED,https://www.drivearabia.com/carprices/uae/ford/ford-edge/2018/,2026-06-15T08:14:07Z
ford-edge,2018,2.0T SE FWD,115000,116000,115500,"AED 115,000 - 116,000",AED,https://www.drivearabia.com/carprices/uae/ford/ford-edge/2018/,2026-06-15T08:14:07Z
ford-edge,2018,3.5 SE AWD,120000,121000,120500,"AED 120,000 - 121,000",AED,https://www.drivearabia.com/carprices/uae/ford/ford-edge/2018/,2026-06-15T08:14:07Z
ford-edge,2018,2.0T SE AWD,120000,121000,120500,"AED 120,000 - 121,000",AED,https://www.drivearabia.com/carprices/uae/ford/ford-edge/2018/,2026-06-15T08:14:07Z
ford-edge,2018,3.5 SEL AWD,135000,136000,135500,"AED 135,000 - 136,000",AED,https://www.drivearabia.com/carprices/uae/ford/ford-edge/2018/,2026-06-15T08:14:07Z
ford-edge,2018,2.0T SEL AWD,135000,136000,135500,"AED 135,000 - 136,000",AED,https://www.drivearabia.com/carprices/uae/ford/ford-edge/2018/,2026-06-15T08:14:07Z
ford-edge,2018,3.5 Titatinium AWD,165000,180000,172500,"AED 165,000 - 180,000",AED,https://www.drivearabia.com/carprices/uae/ford/ford-edge/2018/,2026-06-15T08:14:07Z
ford-edge,2018,2.7T Sport AWD,190000,210000,200000,"AED 190,000 - 210,000",AED,https://www.drivearabia.com/carprices/uae/ford/ford-edge/2018/,2026-06-15T08:14:07Z
ford-edge,2019,Ambient 2.0T FWD,128500,130000,129250,"AED 128,500 - 130,000",AED,https://www.drivearabia.com/carprices/uae/ford/ford-edge/2019/,2026-06-15T08:14:09Z
ford-edge,2019,Trend 2.0T FWD,136000,137000,136500,"AED 136,000 - 137,000",AED,https://www.drivearabia.com/carprices/uae/ford/ford-edge/2019/,2026-06-15T08:14:09Z
ford-edge,2019,Titanium 2.0T AWD,170000,171000,170500,"AED 170,000 - 171,000",AED,https://www.drivearabia.com/carprices/uae/ford/ford-edge/2019/,2026-06-15T08:14:09Z
ford-edge,2019,ST 2.7T AWD,179500,181000,180250,"AED 179,500 - 181,000",AED,https://www.drivearabia.com/carprices/uae/ford/ford-edge/2019/,2026-06-15T08:14:09Z
ford-edge,2020,3.5 SE FWD,115000,116000,115500,"AED 115,000 - 116,000",AED,https://www.drivearabia.com/carprices/uae/ford/ford-edge/2020/,2026-06-15T08:14:11Z
ford-edge,2020,2.0T SE FWD,115000,116000,115500,"AED 115,000 - 116,000",AED,https://www.drivearabia.com/carprices/uae/ford/ford-edge/2020/,2026-06-15T08:14:11Z
ford-edge,2020,3.5 SE AWD,120000,121000,120500,"AED 120,000 - 121,000",AED,https://www.drivearabia.com/carprices/uae/ford/ford-edge/2020/,2026-06-15T08:14:11Z
ford-edge,2020,2.0T SE AWD,120000,121000,120500,"AED 120,000 - 121,000",AED,https://www.drivearabia.com/carprices/uae/ford/ford-edge/2020/,2026-06-15T08:14:11Z
ford-edge,2020,3.5 SEL AWD,135000,136000,135500,"AED 135,000 - 136,000",AED,https://www.drivearabia.com/carprices/uae/ford/ford-edge/2020/,2026-06-15T08:14:11Z
ford-edge,2020,2.0T SEL AWD,135000,136000,135500,"AED 135,000 - 136,000",AED,https://www.drivearabia.com/carprices/uae/ford/ford-edge/2020/,2026-06-15T08:14:11Z
ford-edge,2020,3.5 Titatinium AWD,165000,180000,172500,"AED 165,000 - 180,000",AED,https://www.drivearabia.com/carprices/uae/ford/ford-edge/2020/,2026-06-15T08:14:11Z
ford-edge,2020,2.7T Sport AWD,190000,210000,200000,"AED 190,000 - 210,000",AED,https://www.drivearabia.com/carprices/uae/ford/ford-edge/2020/,2026-06-15T08:14:11Z
ford-edge,2021,3.5 SE FWD,115000,116000,115500,"AED 115,000 - 116,000",AED,https://www.drivearabia.com/carprices/uae/ford/ford-edge/2021/,2026-06-15T08:14:13Z
ford-edge,2021,2.0T SE FWD,115000,116000,115500,"AED 115,000 - 116,000",AED,https://www.drivearabia.com/carprices/uae/ford/ford-edge/2021/,2026-06-15T08:14:13Z
ford-edge,2021,3.5 SE AWD,120000,121000,120500,"AED 120,000 - 121,000",AED,https://www.drivearabia.com/carprices/uae/ford/ford-edge/2021/,2026-06-15T08:14:13Z
ford-edge,2021,2.0T SE AWD,120000,121000,120500,"AED 120,000 - 121,000",AED,https://www.drivearabia.com/carprices/uae/ford/ford-edge/2021/,2026-06-15T08:14:13Z
ford-edge,2021,3.5 SEL AWD,135000,136000,135500,"AED 135,000 - 136,000",AED,https://www.drivearabia.com/carprices/uae/ford/ford-edge/2021/,2026-06-15T08:14:13Z
ford-edge,2021,2.0T SEL AWD,135000,136000,135500,"AED 135,000 - 136,000",AED,https://www.drivearabia.com/carprices/uae/ford/ford-edge/2021/,2026-06-15T08:14:13Z
ford-edge,2021,3.5 Titatinium AWD,165000,180000,172500,"AED 165,000 - 180,000",AED,https://www.drivearabia.com/carprices/uae/ford/ford-edge/2021/,2026-06-15T08:14:13Z
ford-edge,2021,2.7T Sport AWD,190000,210000,200000,"AED 190,000 - 210,000",AED,https://www.drivearabia.com/carprices/uae/ford/ford-edge/2021/,2026-06-15T08:14:13Z
ford-edge,2022,2.0T Ambient FWD,120800,121000,120900,"AED 120,800 - 121,000",AED,https://www.drivearabia.com/carprices/uae/ford/ford-edge/2022/,2026-06-15T08:14:15Z
ford-edge,2022,2.0T Trend FWD,130000,131000,130500,"AED 130,000 - 131,000",AED,https://www.drivearabia.com/carprices/uae/ford/ford-edge/2022/,2026-06-15T08:14:15Z
ford-edge,2022,2.0T Titanium AWD,171895,172000,171948,"AED 171,895 - 172,000",AED,https://www.drivearabia.com/carprices/uae/ford/ford-edge/2022/,2026-06-15T08:14:15Z
ford-edge,2022,2.7T ST AWD,195000,210000,202500,"AED 195,000 - 210,000",AED,https://www.drivearabia.com/carprices/uae/ford/ford-edge/2022/,2026-06-15T08:14:15Z
ford-edge,2023,2.0TC I4 SEL FWD,167895,169000,168448,"AED 167,895 - 169,000",AED,https://www.drivearabia.com/carprices/uae/ford/ford-edge/2023/,2026-06-15T08:14:17Z
ford-edge,2023,2.0TC I4 Titanium AWD,202545,204000,203272,"AED 202,545 - 204,000",AED,https://www.drivearabia.com/carprices/uae/ford/ford-edge/2023/,2026-06-15T08:14:17Z
ford-edge,2023,2.7TC V6 ST AWD,207795,208000,207898,"AED 207,795 - 208,000",AED,https://www.drivearabia.com/carprices/uae/ford/ford-edge/2023/,2026-06-15T08:14:17Z
ford-edge,2024,2.0TC I4 SEL FWD,167895,169000,168448,"AED 167,895 - 169,000",AED,https://www.drivearabia.com/carprices/uae/ford/ford-edge/2024/,2026-06-15T08:14:19Z
ford-edge,2024,2.0TC I4 Titanium AWD,202545,204000,203272,"AED 202,545 - 204,000",AED,https://www.drivearabia.com/carprices/uae/ford/ford-edge/2024/,2026-06-15T08:14:19Z
ford-edge,2024,2.7TC V6 ST AWD,207795,208000,207898,"AED 207,795 - 208,000",AED,https://www.drivearabia.com/carprices/uae/ford/ford-edge/2024/,2026-06-15T08:14:19Z
ford-escape,2015,S,89000,91000,90000,"AED 89,000 - 91,000",AED,https://www.drivearabia.com/carprices/uae/ford/ford-escape/2015/,2026-06-15T08:14:56Z
ford-escape,2015,SE,115000,117000,116000,"AED 115,000 - 117,000",AED,https://www.drivearabia.com/carprices/uae/ford/ford-escape/2015/,2026-06-15T08:14:56Z
ford-escape,2015,Titanium,139000,140000,139500,"AED 139,000 - 140,000",AED,https://www.drivearabia.com/carprices/uae/ford/ford-escape/2015/,2026-06-15T08:14:56Z
ford-escape,2016,S,89000,91000,90000,"AED 89,000 - 91,000",AED,https://www.drivearabia.com/carprices/uae/ford/ford-escape/2016/,2026-06-15T08:14:58Z
ford-escape,2016,SE,115000,117000,116000,"AED 115,000 - 117,000",AED,https://www.drivearabia.com/carprices/uae/ford/ford-escape/2016/,2026-06-15T08:14:58Z
ford-escape,2016,Titanium,139000,140000,139500,"AED 139,000 - 140,000",AED,https://www.drivearabia.com/carprices/uae/ford/ford-escape/2016/,2026-06-15T08:14:58Z
ford-escape,2017,S,89000,95000,92000,"AED 89,000 - 95,000",AED,https://www.drivearabia.com/carprices/uae/ford/ford-escape/2017/,2026-06-15T08:15:00Z
ford-escape,2017,SE,110000,117000,113500,"AED 110,000 - 117,000",AED,https://www.drivearabia.com/carprices/uae/ford/ford-escape/2017/,2026-06-15T08:15:00Z
ford-escape,2017,Titanium,130000,140000,135000,"AED 130,000 - 140,000",AED,https://www.drivearabia.com/carprices/uae/ford/ford-escape/2017/,2026-06-15T08:15:00Z
ford-escape,2018,S,89000,95000,92000,"AED 89,000 - 95,000",AED,https://www.drivearabia.com/carprices/uae/ford/ford-escape/2018/,2026-06-15T08:15:02Z
ford-escape,2018,SE,110000,117000,113500,"AED 110,000 - 117,000",AED,https://www.drivearabia.com/carprices/uae/ford/ford-escape/2018/,2026-06-15T08:15:02Z
ford-escape,2018,Titanium,130000,140000,135000,"AED 130,000 - 140,000",AED,https://www.drivearabia.com/carprices/uae/ford/ford-escape/2018/,2026-06-15T08:15:02Z
ford-escape,2019,S,89000,95000,92000,"AED 89,000 - 95,000",AED,https://www.drivearabia.com/carprices/uae/ford/ford-escape/2019/,2026-06-15T08:15:03Z
ford-escape,2019,SE,110000,117000,113500,"AED 110,000 - 117,000",AED,https://www.drivearabia.com/carprices/uae/ford/ford-escape/2019/,2026-06-15T08:15:03Z
ford-escape,2019,Titanium,130000,140000,135000,"AED 130,000 - 140,000",AED,https://www.drivearabia.com/carprices/uae/ford/ford-escape/2019/,2026-06-15T08:15:03Z
ford-escape,2020,S,89000,95000,92000,"AED 89,000 - 95,000",AED,https://www.drivearabia.com/carprices/uae/ford/ford-escape/2020/,2026-06-15T08:15:05Z
ford-escape,2020,SE,110000,117000,113500,"AED 110,000 - 117,000",AED,https://www.drivearabia.com/carprices/uae/ford/ford-escape/2020/,2026-06-15T08:15:05Z
ford-escape,2020,Titanium,130000,140000,135000,"AED 130,000 - 140,000",AED,https://www.drivearabia.com/carprices/uae/ford/ford-escape/2020/,2026-06-15T08:15:05Z
ford-escape,2021,1.5T Ambiente,82500,83000,82750,"AED 82,500 - 83,000",AED,https://www.drivearabia.com/carprices/uae/ford/ford-escape/2021/,2026-06-15T08:15:07Z
ford-escape,2021,1.5T Trend,96500,97000,96750,"AED 96,500 - 97,000",AED,https://www.drivearabia.com/carprices/uae/ford/ford-escape/2021/,2026-06-15T08:15:07Z
ford-escape,2022,1.5T Ambiente,82500,83000,82750,"AED 82,500 - 83,000",AED,https://www.drivearabia.com/carprices/uae/ford/ford-escape/2022/,2026-06-15T08:15:09Z
ford-escape,2022,1.5T Trend,96500,97000,96750,"AED 96,500 - 97,000",AED,https://www.drivearabia.com/carprices/uae/ford/ford-escape/2022/,2026-06-15T08:15:09Z
ford-escape,2022,2.0T Titanium,130000,140000,135000,"AED 130,000 - 140,000",AED,https://www.drivearabia.com/carprices/uae/ford/ford-escape/2022/,2026-06-15T08:15:09Z
ford-escape,2023,1.5T Ambiente,82500,83000,82750,"AED 82,500 - 83,000",AED,https://www.drivearabia.com/carprices/uae/ford/ford-escape/2023/,2026-06-15T08:15:11Z
ford-escape,2023,1.5T Trend,96500,97000,96750,"AED 96,500 - 97,000",AED,https://www.drivearabia.com/carprices/uae/ford/ford-escape/2023/,2026-06-15T08:15:11Z
ford-escape,2023,2.0T Titanium,130000,140000,135000,"AED 130,000 - 140,000",AED,https://www.drivearabia.com/carprices/uae/ford/ford-escape/2023/,2026-06-15T08:15:11Z
ford-everest,2024,2.3TC I4 XLS 4WD,157395,158000,157698,"AED 157,395 - 158,000",AED,https://www.drivearabia.com/carprices/uae/ford/ford-everest/2024/,2026-06-15T08:16:31Z
ford-everest,2024,2.3TC I4 XLT 4WD,167895,168000,167948,"AED 167,895 - 168,000",AED,https://www.drivearabia.com/carprices/uae/ford/ford-everest/2024/,2026-06-15T08:16:31Z
ford-everest,2024,2.3TC I4 Limited 4WD,199395,200000,199698,"AED 199,395 - 200,000",AED,https://www.drivearabia.com/carprices/uae/ford/ford-everest/2024/,2026-06-15T08:16:31Z
ford-everest,2025,2.3TC I4 XLS 4WD,157395,158000,157698,"AED 157,395 - 158,000",AED,https://www.drivearabia.com/carprices/uae/ford/ford-everest/2025/,2026-06-15T08:16:32Z
ford-everest,2025,2.3TC I4 XLT 4WD,167895,168000,167948,"AED 167,895 - 168,000",AED,https://www.drivearabia.com/carprices/uae/ford/ford-everest/2025/,2026-06-15T08:16:32Z
ford-everest,2025,2.3TC I4 Limited 4WD,199395,200000,199698,"AED 199,395 - 200,000",AED,https://www.drivearabia.com/carprices/uae/ford/ford-everest/2025/,2026-06-15T08:16:32Z
ford-everest,2026,2.3TC I4 XLS 4WD,157395,158000,157698,"AED 157,395 - 158,000",AED,https://www.drivearabia.com/carprices/uae/ford/ford-everest/2026/,2026-06-15T08:16:34Z
ford-everest,2026,2.3TC I4 XLT 4WD,167895,168000,167948,"AED 167,895 - 168,000",AED,https://www.drivearabia.com/carprices/uae/ford/ford-everest/2026/,2026-06-15T08:16:34Z
ford-everest,2026,2.3TC I4 Limited 4WD,199395,200000,199698,"AED 199,395 - 200,000",AED,https://www.drivearabia.com/carprices/uae/ford/ford-everest/2026/,2026-06-15T08:16:34Z
ford-expedition,2007,Expedition,119000,189000,154000,"AED 119,000 - 189,000",AED,https://www.drivearabia.com/carprices/uae/ford/ford-expedition/2007/,2026-06-15T08:16:50Z
ford-expedition,2007,EL,175000,200000,187500,"AED 175,000 - 200,000",AED,https://www.drivearabia.com/carprices/uae/ford/ford-expedition/2007/,2026-06-15T08:16:50Z
ford-expedition,2008,Expedition,119000,189000,154000,"AED 119,000 - 189,000",AED,https://www.drivearabia.com/carprices/uae/ford/ford-expedition/2008/,2026-06-15T08:16:51Z
ford-expedition,2008,EL,175000,200000,187500,"AED 175,000 - 200,000",AED,https://www.drivearabia.com/carprices/uae/ford/ford-expedition/2008/,2026-06-15T08:16:51Z
ford-expedition,2009,Expedition,119000,189000,154000,"AED 119,000 - 189,000",AED,https://www.drivearabia.com/carprices/uae/ford/ford-expedition/2009/,2026-06-15T08:16:54Z
ford-expedition,2009,EL,175000,200000,187500,"AED 175,000 - 200,000",AED,https://www.drivearabia.com/carprices/uae/ford/ford-expedition/2009/,2026-06-15T08:16:54Z
ford-expedition,2010,Expedition,119000,189000,154000,"AED 119,000 - 189,000",AED,https://www.drivearabia.com/carprices/uae/ford/ford-expedition/2010/,2026-06-15T08:16:55Z
ford-expedition,2010,EL,175000,200000,187500,"AED 175,000 - 200,000",AED,https://www.drivearabia.com/carprices/uae/ford/ford-expedition/2010/,2026-06-15T08:16:55Z
ford-expedition,2011,Expedition,119000,189000,154000,"AED 119,000 - 189,000",AED,https://www.drivearabia.com/carprices/uae/ford/ford-expedition/2011/,2026-06-15T08:16:57Z
ford-expedition,2011,EL,175000,200000,187500,"AED 175,000 - 200,000",AED,https://www.drivearabia.com/carprices/uae/ford/ford-expedition/2011/,2026-06-15T08:16:57Z
ford-expedition,2012,Expedition,119000,189000,154000,"AED 119,000 - 189,000",AED,https://www.drivearabia.com/carprices/uae/ford/ford-expedition/2012/,2026-06-15T08:16:59Z
ford-expedition,2012,EL,175000,200000,187500,"AED 175,000 - 200,000",AED,https://www.drivearabia.com/carprices/uae/ford/ford-expedition/2012/,2026-06-15T08:16:59Z
ford-expedition,2013,Expedition,119000,189000,154000,"AED 119,000 - 189,000",AED,https://www.drivearabia.com/carprices/uae/ford/ford-expedition/2013/,2026-06-15T08:17:01Z
ford-expedition,2013,EL,175000,200000,187500,"AED 175,000 - 200,000",AED,https://www.drivearabia.com/carprices/uae/ford/ford-expedition/2013/,2026-06-15T08:17:01Z
ford-expedition,2014,Expedition,119000,189000,154000,"AED 119,000 - 189,000",AED,https://www.drivearabia.com/carprices/uae/ford/ford-expedition/2014/,2026-06-15T08:17:03Z
ford-expedition,2014,EL,175000,200000,187500,"AED 175,000 - 200,000",AED,https://www.drivearabia.com/carprices/uae/ford/ford-expedition/2014/,2026-06-15T08:17:03Z
ford-expedition,2018,XL 4x2,173250,174000,173625,"AED 173,250 - 174,000",AED,https://www.drivearabia.com/carprices/uae/ford/ford-expedition/2018/,2026-06-15T08:17:10Z
ford-expedition,2018,XL EL 4x2,183750,184000,183875,"AED 183,750 - 184,000",AED,https://www.drivearabia.com/carprices/uae/ford/ford-expedition/2018/,2026-06-15T08:17:10Z
ford-expedition,2018,XLT 4x4,194250,195000,194625,"AED 194,250 - 195,000",AED,https://www.drivearabia.com/carprices/uae/ford/ford-expedition/2018/,2026-06-15T08:17:10Z
ford-expedition,2018,Limited 4x4,241500,242000,241750,"AED 241,500 - 242,000",AED,https://www.drivearabia.com/carprices/uae/ford/ford-expedition/2018/,2026-06-15T08:17:10Z
ford-expedition,2018,Limited EL 4x4,252000,253000,252500,"AED 252,000 - 253,000",AED,https://www.drivearabia.com/carprices/uae/ford/ford-expedition/2018/,2026-06-15T08:17:10Z
ford-expedition,2019,XLT 4x2,215000,220000,217500,"AED 215,000 - 220,000",AED,https://www.drivearabia.com/carprices/uae/ford/ford-expedition/2019/,2026-06-15T08:17:12Z
ford-expedition,2019,XLT 4x4,230000,235000,232500,"AED 230,000 - 235,000",AED,https://www.drivearabia.com/carprices/uae/ford/ford-expedition/2019/,2026-06-15T08:17:12Z
ford-expedition,2019,Turath Edition 4x4,286181,287000,286590,"AED 286,181 - 287,000",AED,https://www.drivearabia.com/carprices/uae/ford/ford-expedition/2019/,2026-06-15T08:17:12Z
ford-expedition,2019,Platinum,293000,295000,294000,"AED 293,000 - 295,000",AED,https://www.drivearabia.com/carprices/uae/ford/ford-expedition/2019/,2026-06-15T08:17:12Z
ford-expedition,2020,XL 4x2,173250,174000,173625,"AED 173,250 - 174,000",AED,https://www.drivearabia.com/carprices/uae/ford/ford-expedition/2020/,2026-06-15T08:17:14Z
ford-expedition,2020,XL EL 4x2,183750,184000,183875,"AED 183,750 - 184,000",AED,https://www.drivearabia.com/carprices/uae/ford/ford-expedition/2020/,2026-06-15T08:17:14Z
ford-expedition,2020,XLT 4x4,194250,195000,194625,"AED 194,250 - 195,000",AED,https://www.drivearabia.com/carprices/uae/ford/ford-expedition/2020/,2026-06-15T08:17:14Z
ford-expedition,2020,Limited 4x4,241500,242000,241750,"AED 241,500 - 242,000",AED,https://www.drivearabia.com/carprices/uae/ford/ford-expedition/2020/,2026-06-15T08:17:14Z
ford-expedition,2020,Limited EL 4x4,252000,253000,252500,"AED 252,000 - 253,000",AED,https://www.drivearabia.com/carprices/uae/ford/ford-expedition/2020/,2026-06-15T08:17:14Z
ford-expedition,2021,XL 4x2,173250,174000,173625,"AED 173,250 - 174,000",AED,https://www.drivearabia.com/carprices/uae/ford/ford-expedition/2021/,2026-06-15T08:17:16Z
ford-expedition,2021,XL EL 4x2,183750,184000,183875,"AED 183,750 - 184,000",AED,https://www.drivearabia.com/carprices/uae/ford/ford-expedition/2021/,2026-06-15T08:17:16Z
ford-expedition,2021,XLT 4x4,194250,195000,194625,"AED 194,250 - 195,000",AED,https://www.drivearabia.com/carprices/uae/ford/ford-expedition/2021/,2026-06-15T08:17:16Z
ford-expedition,2021,Limited 4x4,241500,242000,241750,"AED 241,500 - 242,000",AED,https://www.drivearabia.com/carprices/uae/ford/ford-expedition/2021/,2026-06-15T08:17:16Z
ford-expedition,2021,Limited EL 4x4,252000,253000,252500,"AED 252,000 - 253,000",AED,https://www.drivearabia.com/carprices/uae/ford/ford-expedition/2021/,2026-06-15T08:17:16Z
ford-expedition,2022,3.5TC V6 XLT 4WD,273945,274000,273972,"AED 273,945 - 274,000",AED,https://www.drivearabia.com/carprices/uae/ford/ford-expedition/2022/,2026-06-15T08:17:18Z
ford-expedition,2022,3.5TC V6 Timberline 4WD,316995,320000,318498,"AED 316,995 - 320,000",AED,https://www.drivearabia.com/carprices/uae/ford/ford-expedition/2022/,2026-06-15T08:17:18Z
ford-expedition,2022,3.5TC V6 Stealth 4WD,333995,335000,334498,"AED 333,995 - 335,000",AED,https://www.drivearabia.com/carprices/uae/ford/ford-expedition/2022/,2026-06-15T08:17:18Z
ford-expedition,2022,3.5TC V6 Platinum 4WD,344995,350000,347498,"AED 344,995 - 350,000",AED,https://www.drivearabia.com/carprices/uae/ford/ford-expedition/2022/,2026-06-15T08:17:18Z
ford-expedition,2023,3.5TC V6 XLT 4WD,273945,274000,273972,"AED 273,945 - 274,000",AED,https://www.drivearabia.com/carprices/uae/ford/ford-expedition/2023/,2026-06-15T08:17:20Z
ford-expedition,2023,3.5TC V6 Timberline 4WD,316995,320000,318498,"AED 316,995 - 320,000",AED,https://www.drivearabia.com/carprices/uae/ford/ford-expedition/2023/,2026-06-15T08:17:20Z
ford-expedition,2023,3.5TC V6 Stealth 4WD,333995,335000,334498,"AED 333,995 - 335,000",AED,https://www.drivearabia.com/carprices/uae/ford/ford-expedition/2023/,2026-06-15T08:17:20Z
ford-expedition,2023,3.5TC V6 Platinum 4WD,344995,350000,347498,"AED 344,995 - 350,000",AED,https://www.drivearabia.com/carprices/uae/ford/ford-expedition/2023/,2026-06-15T08:17:20Z
ford-expedition,2024,3.5TC V6 XLT 4WD,273945,274000,273972,"AED 273,945 - 274,000",AED,https://www.drivearabia.com/carprices/uae/ford/ford-expedition/2024/,2026-06-15T08:17:22Z
ford-expedition,2024,3.5TC V6 Timberline 4WD,316995,320000,318498,"AED 316,995 - 320,000",AED,https://www.drivearabia.com/carprices/uae/ford/ford-expedition/2024/,2026-06-15T08:17:22Z
ford-expedition,2024,3.5TC V6 Stealth 4WD,333995,335000,334498,"AED 333,995 - 335,000",AED,https://www.drivearabia.com/carprices/uae/ford/ford-expedition/2024/,2026-06-15T08:17:22Z
ford-expedition,2024,3.5TC V6 Platinum 4WD,344995,350000,347498,"AED 344,995 - 350,000",AED,https://www.drivearabia.com/carprices/uae/ford/ford-expedition/2024/,2026-06-15T08:17:22Z
ford-expedition,2025,3.5TC V6 XLT FWD,273945,283945,278945,"AED 273,945 - 283,945",AED,https://www.drivearabia.com/carprices/uae/ford/ford-expedition/2025/,2026-06-15T08:17:24Z
ford-expedition,2025,3.5TC V6 Timberline 4WD,316995,326995,321995,"AED 316,995 - 326,995",AED,https://www.drivearabia.com/carprices/uae/ford/ford-expedition/2025/,2026-06-15T08:17:24Z
ford-expedition,2025,3.5TC V6 Stealth 4WD,333995,343995,338995,"AED 333,995 - 343,995",AED,https://www.drivearabia.com/carprices/uae/ford/ford-expedition/2025/,2026-06-15T08:17:24Z
ford-expedition,2025,3.5TC V6 Platinum 4WD,344995,354995,349995,"AED 344,995 - 354,995",AED,https://www.drivearabia.com/carprices/uae/ford/ford-expedition/2025/,2026-06-15T08:17:24Z
ford-expedition,2026,3.5TC V6 XLT FWD,273945,283945,278945,"AED 273,945 - 283,945",AED,https://www.drivearabia.com/carprices/uae/ford/ford-expedition/2026/,2026-06-15T08:17:26Z
ford-expedition,2026,3.5TC V6 Timberline 4WD,316995,326995,321995,"AED 316,995 - 326,995",AED,https://www.drivearabia.com/carprices/uae/ford/ford-expedition/2026/,2026-06-15T08:17:26Z
ford-expedition,2026,3.5TC V6 Stealth 4WD,333995,343995,338995,"AED 333,995 - 343,995",AED,https://www.drivearabia.com/carprices/uae/ford/ford-expedition/2026/,2026-06-15T08:17:26Z
ford-expedition,2026,3.5TC V6 Platinum 4WD,344995,354995,349995,"AED 344,995 - 354,995",AED,https://www.drivearabia.com/carprices/uae/ford/ford-expedition/2026/,2026-06-15T08:17:26Z
ford-explorer,2011,Base/XLT,130000,145000,137500,"AED 130,000 - 145,000",AED,https://www.drivearabia.com/carprices/uae/ford/ford-explorer/2011/,2026-06-15T08:17:49Z
ford-explorer,2011,Limited,175000,185000,180000,"AED 175,000 - 185,000",AED,https://www.drivearabia.com/carprices/uae/ford/ford-explorer/2011/,2026-06-15T08:17:49Z
ford-explorer,2012,Base/XLT,130000,145000,137500,"AED 130,000 - 145,000",AED,https://www.drivearabia.com/carprices/uae/ford/ford-explorer/2012/,2026-06-15T08:17:51Z
ford-explorer,2012,Limited,175000,185000,180000,"AED 175,000 - 185,000",AED,https://www.drivearabia.com/carprices/uae/ford/ford-explorer/2012/,2026-06-15T08:17:51Z
ford-explorer,2013,base,135000,140000,137500,"AED 135,000 - 140,000",AED,https://www.drivearabia.com/carprices/uae/ford/ford-explorer/2013/,2026-06-15T08:17:53Z
ford-explorer,2013,XLT,140000,145000,142500,"AED 140,000 - 145,000",AED,https://www.drivearabia.com/carprices/uae/ford/ford-explorer/2013/,2026-06-15T08:17:53Z
ford-explorer,2013,Limited,175000,185000,180000,"AED 175,000 - 185,000",AED,https://www.drivearabia.com/carprices/uae/ford/ford-explorer/2013/,2026-06-15T08:17:53Z
ford-explorer,2013,Sport,205000,210000,207500,"AED 205,000 - 210,000",AED,https://www.drivearabia.com/carprices/uae/ford/ford-explorer/2013/,2026-06-15T08:17:53Z
ford-explorer,2014,base,135000,140000,137500,"AED 135,000 - 140,000",AED,https://www.drivearabia.com/carprices/uae/ford/ford-explorer/2014/,2026-06-15T08:17:55Z
ford-explorer,2014,XLT,140000,145000,142500,"AED 140,000 - 145,000",AED,https://www.drivearabia.com/carprices/uae/ford/ford-explorer/2014/,2026-06-15T08:17:55Z
ford-explorer,2014,Limited,175000,185000,180000,"AED 175,000 - 185,000",AED,https://www.drivearabia.com/carprices/uae/ford/ford-explorer/2014/,2026-06-15T08:17:55Z
ford-explorer,2014,Sport,205000,210000,207500,"AED 205,000 - 210,000",AED,https://www.drivearabia.com/carprices/uae/ford/ford-explorer/2014/,2026-06-15T08:17:55Z
ford-explorer,2015,base,135000,140000,137500,"AED 135,000 - 140,000",AED,https://www.drivearabia.com/carprices/uae/ford/ford-explorer/2015/,2026-06-15T08:17:57Z
ford-explorer,2015,XLT,140000,145000,142500,"AED 140,000 - 145,000",AED,https://www.drivearabia.com/carprices/uae/ford/ford-explorer/2015/,2026-06-15T08:17:57Z
ford-explorer,2015,Limited,175000,185000,180000,"AED 175,000 - 185,000",AED,https://www.drivearabia.com/carprices/uae/ford/ford-explorer/2015/,2026-06-15T08:17:57Z
ford-explorer,2015,Sport,205000,210000,207500,"AED 205,000 - 210,000",AED,https://www.drivearabia.com/carprices/uae/ford/ford-explorer/2015/,2026-06-15T08:17:57Z
ford-explorer,2016,Base FWD,129000,130000,129500,"AED 129,000 - 130,000",AED,https://www.drivearabia.com/carprices/uae/ford/ford-explorer/2016/,2026-06-15T08:17:59Z
ford-explorer,2016,Base AWD,139000,140000,139500,"AED 139,000 - 140,000",AED,https://www.drivearabia.com/carprices/uae/ford/ford-explorer/2016/,2026-06-15T08:17:59Z
ford-explorer,2016,XLT,145000,146000,145500,"AED 145,000 - 146,000",AED,https://www.drivearabia.com/carprices/uae/ford/ford-explorer/2016/,2026-06-15T08:17:59Z
ford-explorer,2016,LTD,180000,181000,180500,"AED 180,000 - 181,000",AED,https://www.drivearabia.com/carprices/uae/ford/ford-explorer/2016/,2026-06-15T08:17:59Z
ford-explorer,2016,Sport Ecoboost,220000,235000,227500,"AED 220,000 - 235,000",AED,https://www.drivearabia.com/carprices/uae/ford/ford-explorer/2016/,2026-06-15T08:17:59Z
ford-explorer,2017,Base FWD,129000,130000,129500,"AED 129,000 - 130,000",AED,https://www.drivearabia.com/carprices/uae/ford/ford-explorer/2017/,2026-06-15T08:18:01Z
ford-explorer,2017,Base AWD,139000,140000,139500,"AED 139,000 - 140,000",AED,https://www.drivearabia.com/carprices/uae/ford/ford-explorer/2017/,2026-06-15T08:18:01Z
ford-explorer,2017,XLT,145000,146000,145500,"AED 145,000 - 146,000",AED,https://www.drivearabia.com/carprices/uae/ford/ford-explorer/2017/,2026-06-15T08:18:01Z
ford-explorer,2017,LTD,180000,181000,180500,"AED 180,000 - 181,000",AED,https://www.drivearabia.com/carprices/uae/ford/ford-explorer/2017/,2026-06-15T08:18:01Z
ford-explorer,2017,Sport Ecoboost,220000,235000,227500,"AED 220,000 - 235,000",AED,https://www.drivearabia.com/carprices/uae/ford/ford-explorer/2017/,2026-06-15T08:18:01Z
ford-explorer,2018,Base FWD,129000,130000,129500,"AED 129,000 - 130,000",AED,https://www.drivearabia.com/carprices/uae/ford/ford-explorer/2018/,2026-06-15T08:18:03Z
ford-explorer,2018,Base AWD,139000,140000,139500,"AED 139,000 - 140,000",AED,https://www.drivearabia.com/carprices/uae/ford/ford-explorer/2018/,2026-06-15T08:18:03Z
ford-explorer,2018,XLT,145000,146000,145500,"AED 145,000 - 146,000",AED,https://www.drivearabia.com/carprices/uae/ford/ford-explorer/2018/,2026-06-15T08:18:03Z
ford-explorer,2018,LTD,180000,181000,180500,"AED 180,000 - 181,000",AED,https://www.drivearabia.com/carprices/uae/ford/ford-explorer/2018/,2026-06-15T08:18:03Z
ford-explorer,2018,Sport Ecoboost,220000,235000,227500,"AED 220,000 - 235,000",AED,https://www.drivearabia.com/carprices/uae/ford/ford-explorer/2018/,2026-06-15T08:18:03Z
ford-explorer,2019,Base FWD,129000,130000,129500,"AED 129,000 - 130,000",AED,https://www.drivearabia.com/carprices/uae/ford/ford-explorer/2019/,2026-06-15T08:18:05Z
ford-explorer,2019,Base AWD,139000,140000,139500,"AED 139,000 - 140,000",AED,https://www.drivearabia.com/carprices/uae/ford/ford-explorer/2019/,2026-06-15T08:18:05Z
ford-explorer,2019,XLT,145000,146000,145500,"AED 145,000 - 146,000",AED,https://www.drivearabia.com/carprices/uae/ford/ford-explorer/2019/,2026-06-15T08:18:05Z
ford-explorer,2019,LTD,180000,181000,180500,"AED 180,000 - 181,000",AED,https://www.drivearabia.com/carprices/uae/ford/ford-explorer/2019/,2026-06-15T08:18:05Z
ford-explorer,2019,Sport Ecoboost,220000,235000,227500,"AED 220,000 - 235,000",AED,https://www.drivearabia.com/carprices/uae/ford/ford-explorer/2019/,2026-06-15T08:18:05Z
ford-explorer,2020,2.3T XLT 4x2,155000,160000,157500,"AED 155,000 - 160,000",AED,https://www.drivearabia.com/carprices/uae/ford/ford-explorer/2020/,2026-06-15T08:18:07Z
ford-explorer,2020,2.3T XLT 4x4,179000,182000,180500,"AED 179,000 - 182,000",AED,https://www.drivearabia.com/carprices/uae/ford/ford-explorer/2020/,2026-06-15T08:18:07Z
ford-explorer,2020,2.3T Limited 4x4,197500,200000,198750,"AED 197,500 - 200,000",AED,https://www.drivearabia.com/carprices/uae/ford/ford-explorer/2020/,2026-06-15T08:18:07Z
ford-explorer,2020,3.0T Sport 4x4,236145,237000,236572,"AED 236,145 - 237,000",AED,https://www.drivearabia.com/carprices/uae/ford/ford-explorer/2020/,2026-06-15T08:18:07Z
ford-explorer,2021,2.3T XLT 4x2,155000,160000,157500,"AED 155,000 - 160,000",AED,https://www.drivearabia.com/carprices/uae/ford/ford-explorer/2021/,2026-06-15T08:18:09Z
ford-explorer,2021,2.3T XLT 4x4,179000,182000,180500,"AED 179,000 - 182,000",AED,https://www.drivearabia.com/carprices/uae/ford/ford-explorer/2021/,2026-06-15T08:18:09Z
ford-explorer,2021,2.3T Limited 4x4,197500,200000,198750,"AED 197,500 - 200,000",AED,https://www.drivearabia.com/carprices/uae/ford/ford-explorer/2021/,2026-06-15T08:18:09Z
ford-explorer,2021,3.0T Sport 4x4,236145,237000,236572,"AED 236,145 - 237,000",AED,https://www.drivearabia.com/carprices/uae/ford/ford-explorer/2021/,2026-06-15T08:18:09Z
ford-explorer,2022,2.3T XLT 4x2,155000,160000,157500,"AED 155,000 - 160,000",AED,https://www.drivearabia.com/carprices/uae/ford/ford-explorer/2022/,2026-06-15T08:18:11Z
ford-explorer,2022,2.3T XLT 4x4,179000,182000,180500,"AED 179,000 - 182,000",AED,https://www.drivearabia.com/carprices/uae/ford/ford-explorer/2022/,2026-06-15T08:18:11Z
ford-explorer,2022,2.3T Limited 4x4,197500,200000,198750,"AED 197,500 - 200,000",AED,https://www.drivearabia.com/carprices/uae/ford/ford-explorer/2022/,2026-06-15T08:18:11Z
ford-explorer,2022,3.0T Sport 4x4,236145,237000,236572,"AED 236,145 - 237,000",AED,https://www.drivearabia.com/carprices/uae/ford/ford-explorer/2022/,2026-06-15T08:18:11Z
ford-explorer,2023,2.3T XLT 4x2,155000,160000,157500,"AED 155,000 - 160,000",AED,https://www.drivearabia.com/carprices/uae/ford/ford-explorer/2023/,2026-06-15T08:18:12Z
ford-explorer,2023,2.3T XLT 4x4,179000,182000,180500,"AED 179,000 - 182,000",AED,https://www.drivearabia.com/carprices/uae/ford/ford-explorer/2023/,2026-06-15T08:18:12Z
ford-explorer,2023,2.3T Limited 4x4,197500,200000,198750,"AED 197,500 - 200,000",AED,https://www.drivearabia.com/carprices/uae/ford/ford-explorer/2023/,2026-06-15T08:18:12Z
ford-explorer,2023,3.0T Sport 4x4,236145,237000,236572,"AED 236,145 - 237,000",AED,https://www.drivearabia.com/carprices/uae/ford/ford-explorer/2023/,2026-06-15T08:18:12Z
ford-explorer,2024,2.3T XLT 4x2,155000,160000,157500,"AED 155,000 - 160,000",AED,https://www.drivearabia.com/carprices/uae/ford/ford-explorer/2024/,2026-06-15T08:18:14Z
ford-explorer,2024,2.3T XLT 4x4,179000,182000,180500,"AED 179,000 - 182,000",AED,https://www.drivearabia.com/carprices/uae/ford/ford-explorer/2024/,2026-06-15T08:18:14Z
ford-explorer,2024,2.3T Limited 4x4,197500,200000,198750,"AED 197,500 - 200,000",AED,https://www.drivearabia.com/carprices/uae/ford/ford-explorer/2024/,2026-06-15T08:18:14Z
ford-explorer,2024,3.0T Sport 4x4,236145,237000,236572,"AED 236,145 - 237,000",AED,https://www.drivearabia.com/carprices/uae/ford/ford-explorer/2024/,2026-06-15T08:18:14Z
ford-explorer,2025,2.3TC I4 Active 4WD,213045,215000,214022,"AED 213,045 - 215,000",AED,https://www.drivearabia.com/carprices/uae/ford/ford-explorer/2025/,2026-06-15T08:18:16Z
ford-explorer,2025,2.3TC I4 Platinum 4WD,227745,228000,227872,"AED 227,745 - 228,000",AED,https://www.drivearabia.com/carprices/uae/ford/ford-explorer/2025/,2026-06-15T08:18:16Z
ford-explorer,2025,3.0TC V6 ST 4WD,245595,246000,245798,"AED 245,595 - 246,000",AED,https://www.drivearabia.com/carprices/uae/ford/ford-explorer/2025/,2026-06-15T08:18:16Z
ford-explorer,2026,2.3TC I4 Active 4WD,213045,215000,214022,"AED 213,045 - 215,000",AED,https://www.drivearabia.com/carprices/uae/ford/ford-explorer/2026/,2026-06-15T08:18:18Z
ford-explorer,2026,2.3TC I4 Platinum 4WD,227745,228000,227872,"AED 227,745 - 228,000",AED,https://www.drivearabia.com/carprices/uae/ford/ford-explorer/2026/,2026-06-15T08:18:18Z
ford-explorer,2026,3.0TC V6 ST 4WD,245595,246000,245798,"AED 245,595 - 246,000",AED,https://www.drivearabia.com/carprices/uae/ford/ford-explorer/2026/,2026-06-15T08:18:18Z
ford-f-150,2011,SVT Raptor,260000,270000,265000,"AED 260,000 - 270,000",AED,https://www.drivearabia.com/carprices/uae/ford/ford-f-150/2011/,2026-06-15T08:18:45Z
ford-f-150,2012,SVT Raptor,260000,270000,265000,"AED 260,000 - 270,000",AED,https://www.drivearabia.com/carprices/uae/ford/ford-f-150/2012/,2026-06-15T08:18:47Z
ford-f-150,2013,SVT Raptor,260000,270000,265000,"AED 260,000 - 270,000",AED,https://www.drivearabia.com/carprices/uae/ford/ford-f-150/2013/,2026-06-15T08:18:48Z
ford-f-150,2014,SVT Raptor,260000,270000,265000,"AED 260,000 - 270,000",AED,https://www.drivearabia.com/carprices/uae/ford/ford-f-150/2014/,2026-06-15T08:18:50Z
ford-f-150,2018,5.0 V8 Regular Cab XLT,155000,160000,157500,"AED 155,000 - 160,000",AED,https://www.drivearabia.com/carprices/uae/ford/ford-f-150/2018/,2026-06-15T08:18:58Z
ford-f-150,2018,5.0 V8 Super Cab XLT,175000,180000,177500,"AED 175,000 - 180,000",AED,https://www.drivearabia.com/carprices/uae/ford/ford-f-150/2018/,2026-06-15T08:18:58Z
ford-f-150,2018,5.0 V8 Regular Cab Lariat FX4,180000,185000,182500,"AED 180,000 - 185,000",AED,https://www.drivearabia.com/carprices/uae/ford/ford-f-150/2018/,2026-06-15T08:18:58Z
ford-f-150,2018,5.0 V8 Crew Cab XLT,185000,195000,190000,"AED 185,000 - 195,000",AED,https://www.drivearabia.com/carprices/uae/ford/ford-f-150/2018/,2026-06-15T08:18:58Z
ford-f-150,2018,5.0 V8 Crew Cab Lariat FX4,195000,205000,200000,"AED 195,000 - 205,000",AED,https://www.drivearabia.com/carprices/uae/ford/ford-f-150/2018/,2026-06-15T08:18:58Z
ford-f-150,2018,3.5TC V6 Crew Cab XLT,195000,200000,197500,"AED 195,000 - 200,000",AED,https://www.drivearabia.com/carprices/uae/ford/ford-f-150/2018/,2026-06-15T08:18:58Z
ford-f-150,2018,3.5TC V6 Crew Cab Lariat FX4,200000,215000,207500,"AED 200,000 - 215,000",AED,https://www.drivearabia.com/carprices/uae/ford/ford-f-150/2018/,2026-06-15T08:18:58Z
ford-f-150,2018,3.5TC V6 Crew Cab King Ranch,240000,250000,245000,"AED 240,000 - 250,000",AED,https://www.drivearabia.com/carprices/uae/ford/ford-f-150/2018/,2026-06-15T08:18:58Z
ford-f-150,2019,5.0 V8 Regular Cab XLT,155000,160000,157500,"AED 155,000 - 160,000",AED,https://www.drivearabia.com/carprices/uae/ford/ford-f-150/2019/,2026-06-15T08:19:00Z
ford-f-150,2019,5.0 V8 Super Cab XLT,175000,180000,177500,"AED 175,000 - 180,000",AED,https://www.drivearabia.com/carprices/uae/ford/ford-f-150/2019/,2026-06-15T08:19:00Z
ford-f-150,2019,5.0 V8 Regular Cab Lariat FX4,180000,185000,182500,"AED 180,000 - 185,000",AED,https://www.drivearabia.com/carprices/uae/ford/ford-f-150/2019/,2026-06-15T08:19:00Z
ford-f-150,2019,5.0 V8 Crew Cab XLT,185000,195000,190000,"AED 185,000 - 195,000",AED,https://www.drivearabia.com/carprices/uae/ford/ford-f-150/2019/,2026-06-15T08:19:00Z
ford-f-150,2019,5.0 V8 Crew Cab Lariat FX4,195000,205000,200000,"AED 195,000 - 205,000",AED,https://www.drivearabia.com/carprices/uae/ford/ford-f-150/2019/,2026-06-15T08:19:00Z
ford-f-150,2019,3.5TC V6 Crew Cab XLT,195000,200000,197500,"AED 195,000 - 200,000",AED,https://www.drivearabia.com/carprices/uae/ford/ford-f-150/2019/,2026-06-15T08:19:00Z
ford-f-150,2019,3.5TC V6 Crew Cab Lariat FX4,200000,215000,207500,"AED 200,000 - 215,000",AED,https://www.drivearabia.com/carprices/uae/ford/ford-f-150/2019/,2026-06-15T08:19:00Z
ford-f-150,2019,3.5TC V6 Crew Cab King Ranch,240000,250000,245000,"AED 240,000 - 250,000",AED,https://www.drivearabia.com/carprices/uae/ford/ford-f-150/2019/,2026-06-15T08:19:00Z
ford-f-150,2020,5.0 V8 Regular Cab XLT,155000,160000,157500,"AED 155,000 - 160,000",AED,https://www.drivearabia.com/carprices/uae/ford/ford-f-150/2020/,2026-06-15T08:19:02Z
ford-f-150,2020,5.0 V8 Super Cab XLT,175000,180000,177500,"AED 175,000 - 180,000",AED,https://www.drivearabia.com/carprices/uae/ford/ford-f-150/2020/,2026-06-15T08:19:02Z
ford-f-150,2020,5.0 V8 Regular Cab Lariat FX4,180000,185000,182500,"AED 180,000 - 185,000",AED,https://www.drivearabia.com/carprices/uae/ford/ford-f-150/2020/,2026-06-15T08:19:02Z
ford-f-150,2020,5.0 V8 Crew Cab XLT,185000,195000,190000,"AED 185,000 - 195,000",AED,https://www.drivearabia.com/carprices/uae/ford/ford-f-150/2020/,2026-06-15T08:19:02Z
ford-f-150,2020,5.0 V8 Crew Cab Lariat FX4,195000,205000,200000,"AED 195,000 - 205,000",AED,https://www.drivearabia.com/carprices/uae/ford/ford-f-150/2020/,2026-06-15T08:19:02Z
ford-f-150,2020,3.5TC V6 Crew Cab XLT,195000,200000,197500,"AED 195,000 - 200,000",AED,https://www.drivearabia.com/carprices/uae/ford/ford-f-150/2020/,2026-06-15T08:19:02Z
ford-f-150,2020,3.5TC V6 Crew Cab Lariat FX4,200000,215000,207500,"AED 200,000 - 215,000",AED,https://www.drivearabia.com/carprices/uae/ford/ford-f-150/2020/,2026-06-15T08:19:02Z
ford-f-150,2020,3.5TC V6 Crew Cab King Ranch,240000,250000,245000,"AED 240,000 - 250,000",AED,https://www.drivearabia.com/carprices/uae/ford/ford-f-150/2020/,2026-06-15T08:19:02Z
ford-f-150,2021,5.0 V8 Super Crew XLT,189000,220400,204700,"AED 189,000 - 220,400",AED,https://www.drivearabia.com/carprices/uae/ford/ford-f-150/2021/,2026-06-15T08:19:04Z
ford-f-150,2021,3.5TC V6 Super Crew Lariat,255000,256000,255500,"AED 255,000 - 256,000",AED,https://www.drivearabia.com/carprices/uae/ford/ford-f-150/2021/,2026-06-15T08:19:04Z
ford-f-150,2021,3.5 HEV V6 Super Crew Lariat,267645,268000,267822,"AED 267,645 - 268,000",AED,https://www.drivearabia.com/carprices/uae/ford/ford-f-150/2021/,2026-06-15T08:19:04Z
ford-f-150,2021,3.5 HEV V6 Super Crew Platinum,284500,285000,284750,"AED 284,500 - 285,000",AED,https://www.drivearabia.com/carprices/uae/ford/ford-f-150/2021/,2026-06-15T08:19:04Z
ford-f-150,2021,3.5 HEV V6 Super Crew Limited,287600,288000,287800,"AED 287,600 - 288,000",AED,https://www.drivearabia.com/carprices/uae/ford/ford-f-150/2021/,2026-06-15T08:19:04Z
ford-f-150,2022,5.0 V8 Super Crew XLT,189000,220400,204700,"AED 189,000 - 220,400",AED,https://www.drivearabia.com/carprices/uae/ford/ford-f-150/2022/,2026-06-15T08:19:06Z
ford-f-150,2022,3.5TC V6 Super Crew Lariat,255000,256000,255500,"AED 255,000 - 256,000",AED,https://www.drivearabia.com/carprices/uae/ford/ford-f-150/2022/,2026-06-15T08:19:06Z
ford-f-150,2022,3.5 HEV V6 Super Crew Lariat,267645,268000,267822,"AED 267,645 - 268,000",AED,https://www.drivearabia.com/carprices/uae/ford/ford-f-150/2022/,2026-06-15T08:19:06Z
ford-f-150,2022,3.5 HEV V6 Super Crew Platinum,284500,285000,284750,"AED 284,500 - 285,000",AED,https://www.drivearabia.com/carprices/uae/ford/ford-f-150/2022/,2026-06-15T08:19:06Z
ford-f-150,2022,3.5 HEV V6 Super Crew Limited,287600,288000,287800,"AED 287,600 - 288,000",AED,https://www.drivearabia.com/carprices/uae/ford/ford-f-150/2022/,2026-06-15T08:19:06Z
ford-f-150,2022,3.5TC V6 Tremor,300000,301000,300500,"AED 300,000 - 301,000",AED,https://www.drivearabia.com/carprices/uae/ford/ford-f-150/2022/,2026-06-15T08:19:06Z
ford-f-150,2023,5.0 V8 Super Crew XLT,189000,220400,204700,"AED 189,000 - 220,400",AED,https://www.drivearabia.com/carprices/uae/ford/ford-f-150/2023/,2026-06-15T08:19:08Z
ford-f-150,2023,3.5TC V6 Super Crew Lariat,255000,256000,255500,"AED 255,000 - 256,000",AED,https://www.drivearabia.com/carprices/uae/ford/ford-f-150/2023/,2026-06-15T08:19:08Z
ford-f-150,2023,3.5 HEV V6 Super Crew Lariat,267645,268000,267822,"AED 267,645 - 268,000",AED,https://www.drivearabia.com/carprices/uae/ford/ford-f-150/2023/,2026-06-15T08:19:08Z
ford-f-150,2023,3.5 HEV V6 Super Crew Platinum,284500,285000,284750,"AED 284,500 - 285,000",AED,https://www.drivearabia.com/carprices/uae/ford/ford-f-150/2023/,2026-06-15T08:19:08Z
ford-f-150,2023,3.5 HEV V6 Super Crew Limited,287600,288000,287800,"AED 287,600 - 288,000",AED,https://www.drivearabia.com/carprices/uae/ford/ford-f-150/2023/,2026-06-15T08:19:08Z
ford-f-150,2023,3.5TC V6 Tremor,300000,301000,300500,"AED 300,000 - 301,000",AED,https://www.drivearabia.com/carprices/uae/ford/ford-f-150/2023/,2026-06-15T08:19:08Z
ford-f-150,2024,5.0 V8 Super Crew XLT,189000,220400,204700,"AED 189,000 - 220,400",AED,https://www.drivearabia.com/carprices/uae/ford/ford-f-150/2024/,2026-06-15T08:19:10Z
ford-f-150,2024,3.5TC V6 Super Crew Lariat,255000,256000,255500,"AED 255,000 - 256,000",AED,https://www.drivearabia.com/carprices/uae/ford/ford-f-150/2024/,2026-06-15T08:19:10Z
ford-f-150,2024,3.5 HEV V6 Super Crew Lariat,267645,268000,267822,"AED 267,645 - 268,000",AED,https://www.drivearabia.com/carprices/uae/ford/ford-f-150/2024/,2026-06-15T08:19:10Z
ford-f-150,2024,3.5 HEV V6 Super Crew Platinum,284500,285000,284750,"AED 284,500 - 285,000",AED,https://www.drivearabia.com/carprices/uae/ford/ford-f-150/2024/,2026-06-15T08:19:10Z
ford-f-150,2024,3.5 HEV V6 Super Crew Limited,287600,288000,287800,"AED 287,600 - 288,000",AED,https://www.drivearabia.com/carprices/uae/ford/ford-f-150/2024/,2026-06-15T08:19:10Z
ford-f-150,2024,3.5TC V6 Tremor,300000,301000,300500,"AED 300,000 - 301,000",AED,https://www.drivearabia.com/carprices/uae/ford/ford-f-150/2024/,2026-06-15T08:19:10Z
ford-f-150,2025,5.0 V8 XLT 4WD,189000,220400,204700,"AED 189,000 - 220,400",AED,https://www.drivearabia.com/carprices/uae/ford/ford-f-150/2025/,2026-06-15T08:19:12Z
ford-f-150,2025,3.5TC V6 Lariat 4WD,255000,256000,255500,"AED 255,000 - 256,000",AED,https://www.drivearabia.com/carprices/uae/ford/ford-f-150/2025/,2026-06-15T08:19:12Z
ford-f-150,2025,3.5 HEV V6 Lariat 4WD,267645,268000,267822,"AED 267,645 - 268,000",AED,https://www.drivearabia.com/carprices/uae/ford/ford-f-150/2025/,2026-06-15T08:19:12Z
ford-f-150,2025,3.5 HEV V6 Platinum 4WD,284500,285000,284750,"AED 284,500 - 285,000",AED,https://www.drivearabia.com/carprices/uae/ford/ford-f-150/2025/,2026-06-15T08:19:12Z
ford-f-150,2025,3.5 HEV V6 Limited 4WD,287600,288000,287800,"AED 287,600 - 288,000",AED,https://www.drivearabia.com/carprices/uae/ford/ford-f-150/2025/,2026-06-15T08:19:12Z
ford-f-150,2025,3.5TC V6 Tremor 4WD,300000,301000,300500,"AED 300,000 - 301,000",AED,https://www.drivearabia.com/carprices/uae/ford/ford-f-150/2025/,2026-06-15T08:19:12Z
ford-f-150,2026,5.0 V8 XLT 4WD,189000,220400,204700,"AED 189,000 - 220,400",AED,https://www.drivearabia.com/carprices/uae/ford/ford-f-150/2026/,2026-06-15T08:19:13Z
ford-f-150,2026,3.5TC V6 Lariat 4WD,255000,256000,255500,"AED 255,000 - 256,000",AED,https://www.drivearabia.com/carprices/uae/ford/ford-f-150/2026/,2026-06-15T08:19:13Z
ford-f-150,2026,3.5 HEV V6 Lariat 4WD,267645,268000,267822,"AED 267,645 - 268,000",AED,https://www.drivearabia.com/carprices/uae/ford/ford-f-150/2026/,2026-06-15T08:19:13Z
ford-f-150,2026,3.5 HEV V6 Platinum 4WD,284500,285000,284750,"AED 284,500 - 285,000",AED,https://www.drivearabia.com/carprices/uae/ford/ford-f-150/2026/,2026-06-15T08:19:13Z
ford-f-150,2026,3.5 HEV V6 Limited 4WD,287600,288000,287800,"AED 287,600 - 288,000",AED,https://www.drivearabia.com/carprices/uae/ford/ford-f-150/2026/,2026-06-15T08:19:13Z
ford-f-150,2026,3.5TC V6 Tremor 4WD,300000,301000,300500,"AED 300,000 - 301,000",AED,https://www.drivearabia.com/carprices/uae/ford/ford-f-150/2026/,2026-06-15T08:19:13Z
ford-f-150-raptor,2017,3.5T V6 Super Cab Mid,215000,218000,216500,"AED 215,000 - 218,000",AED,https://www.drivearabia.com/carprices/uae/ford/ford-f-150-raptor/2017/,2026-06-15T08:19:41Z
ford-f-150-raptor,2017,3.5T V6 Crew Cab Mid,230000,245000,237500,"AED 230,000 - 245,000",AED,https://www.drivearabia.com/carprices/uae/ford/ford-f-150-raptor/2017/,2026-06-15T08:19:41Z
ford-f-150-raptor,2017,3.5T V6 Super Cab Luxury,240000,250000,245000,"AED 240,000 - 250,000",AED,https://www.drivearabia.com/carprices/uae/ford/ford-f-150-raptor/2017/,2026-06-15T08:19:41Z
ford-f-150-raptor,2017,3.5T V6 Crew Cab Luxury,270000,280000,275000,"AED 270,000 - 280,000",AED,https://www.drivearabia.com/carprices/uae/ford/ford-f-150-raptor/2017/,2026-06-15T08:19:41Z
ford-f-150-raptor,2017,3.5T V6 Super Cab Luxury Technology Pack,300000,315000,307500,"AED 300,000 - 315,000",AED,https://www.drivearabia.com/carprices/uae/ford/ford-f-150-raptor/2017/,2026-06-15T08:19:41Z
ford-f-150-raptor,2017,3.5T V6 Crew Cab Luxury Technology Pack,315000,330000,322500,"AED 315,000 - 330,000",AED,https://www.drivearabia.com/carprices/uae/ford/ford-f-150-raptor/2017/,2026-06-15T08:19:41Z
ford-f-150-raptor,2018,3.5T V6 Super Cab Mid,215000,218000,216500,"AED 215,000 - 218,000",AED,https://www.drivearabia.com/carprices/uae/ford/ford-f-150-raptor/2018/,2026-06-15T08:19:43Z
ford-f-150-raptor,2018,3.5T V6 Crew Cab Mid,230000,245000,237500,"AED 230,000 - 245,000",AED,https://www.drivearabia.com/carprices/uae/ford/ford-f-150-raptor/2018/,2026-06-15T08:19:43Z
ford-f-150-raptor,2018,3.5T V6 Super Cab Luxury,240000,250000,245000,"AED 240,000 - 250,000",AED,https://www.drivearabia.com/carprices/uae/ford/ford-f-150-raptor/2018/,2026-06-15T08:19:43Z
ford-f-150-raptor,2018,3.5T V6 Crew Cab Luxury,270000,280000,275000,"AED 270,000 - 280,000",AED,https://www.drivearabia.com/carprices/uae/ford/ford-f-150-raptor/2018/,2026-06-15T08:19:43Z
ford-f-150-raptor,2018,3.5T V6 Super Cab Luxury Technology Pack,300000,315000,307500,"AED 300,000 - 315,000",AED,https://www.drivearabia.com/carprices/uae/ford/ford-f-150-raptor/2018/,2026-06-15T08:19:43Z
ford-f-150-raptor,2018,3.5T V6 Crew Cab Luxury Technology Pack,315000,330000,322500,"AED 315,000 - 330,000",AED,https://www.drivearabia.com/carprices/uae/ford/ford-f-150-raptor/2018/,2026-06-15T08:19:43Z
ford-f-150-raptor,2019,3.5T V6 Super Cab Mid,215000,218000,216500,"AED 215,000 - 218,000",AED,https://www.drivearabia.com/carprices/uae/ford/ford-f-150-raptor/2019/,2026-06-15T08:19:44Z
ford-f-150-raptor,2019,3.5T V6 Crew Cab Mid,230000,245000,237500,"AED 230,000 - 245,000",AED,https://www.drivearabia.com/carprices/uae/ford/ford-f-150-raptor/2019/,2026-06-15T08:19:44Z
ford-f-150-raptor,2019,3.5T V6 Super Cab Luxury,240000,250000,245000,"AED 240,000 - 250,000",AED,https://www.drivearabia.com/carprices/uae/ford/ford-f-150-raptor/2019/,2026-06-15T08:19:44Z
ford-f-150-raptor,2019,3.5T V6 Crew Cab Luxury,270000,280000,275000,"AED 270,000 - 280,000",AED,https://www.drivearabia.com/carprices/uae/ford/ford-f-150-raptor/2019/,2026-06-15T08:19:44Z
ford-f-150-raptor,2019,3.5T V6 Super Cab Luxury Technology Pack,300000,315000,307500,"AED 300,000 - 315,000",AED,https://www.drivearabia.com/carprices/uae/ford/ford-f-150-raptor/2019/,2026-06-15T08:19:44Z
ford-f-150-raptor,2019,3.5T V6 Crew Cab Luxury Technology Pack,315000,330000,322500,"AED 315,000 - 330,000",AED,https://www.drivearabia.com/carprices/uae/ford/ford-f-150-raptor/2019/,2026-06-15T08:19:44Z
ford-f-150-raptor,2020,3.5T V6 Super Cab Mid,215000,218000,216500,"AED 215,000 - 218,000",AED,https://www.drivearabia.com/carprices/uae/ford/ford-f-150-raptor/2020/,2026-06-15T08:19:46Z
ford-f-150-raptor,2020,3.5T V6 Crew Cab Mid,230000,245000,237500,"AED 230,000 - 245,000",AED,https://www.drivearabia.com/carprices/uae/ford/ford-f-150-raptor/2020/,2026-06-15T08:19:46Z
ford-f-150-raptor,2020,3.5T V6 Super Cab Luxury,240000,250000,245000,"AED 240,000 - 250,000",AED,https://www.drivearabia.com/carprices/uae/ford/ford-f-150-raptor/2020/,2026-06-15T08:19:46Z
ford-f-150-raptor,2020,3.5T V6 Crew Cab Luxury,270000,280000,275000,"AED 270,000 - 280,000",AED,https://www.drivearabia.com/carprices/uae/ford/ford-f-150-raptor/2020/,2026-06-15T08:19:46Z
ford-f-150-raptor,2020,3.5T V6 Super Cab Luxury Technology Pack,300000,315000,307500,"AED 300,000 - 315,000",AED,https://www.drivearabia.com/carprices/uae/ford/ford-f-150-raptor/2020/,2026-06-15T08:19:46Z
ford-f-150-raptor,2020,3.5T V6 Crew Cab Luxury Technology Pack,315000,330000,322500,"AED 315,000 - 330,000",AED,https://www.drivearabia.com/carprices/uae/ford/ford-f-150-raptor/2020/,2026-06-15T08:19:46Z
ford-f-150-raptor,2021,3.5T V6 Crew Mid,363000,364000,363500,"AED 363,000 - 364,000",AED,https://www.drivearabia.com/carprices/uae/ford/ford-f-150-raptor/2021/,2026-06-15T08:19:48Z
ford-f-150-raptor,2021,3.5T V6 Crew Lux,389000,390000,389500,"AED 389,000 - 390,000",AED,https://www.drivearabia.com/carprices/uae/ford/ford-f-150-raptor/2021/,2026-06-15T08:19:48Z
ford-f-150-raptor,2022,3.5T V6 Crew Mid,363000,364000,363500,"AED 363,000 - 364,000",AED,https://www.drivearabia.com/carprices/uae/ford/ford-f-150-raptor/2022/,2026-06-15T08:19:50Z
ford-f-150-raptor,2022,3.5T V6 Crew Lux,389000,390000,389500,"AED 389,000 - 390,000",AED,https://www.drivearabia.com/carprices/uae/ford/ford-f-150-raptor/2022/,2026-06-15T08:19:50Z
ford-f-150-raptor,2023,3.5T V6 Crew Mid,363000,364000,363500,"AED 363,000 - 364,000",AED,https://www.drivearabia.com/carprices/uae/ford/ford-f-150-raptor/2023/,2026-06-15T08:19:52Z
ford-f-150-raptor,2023,3.5T V6 Crew Lux,389000,390000,389500,"AED 389,000 - 390,000",AED,https://www.drivearabia.com/carprices/uae/ford/ford-f-150-raptor/2023/,2026-06-15T08:19:52Z
ford-f-150-raptor,2024,3.5T V6 Crew Mid,363000,364000,363500,"AED 363,000 - 364,000",AED,https://www.drivearabia.com/carprices/uae/ford/ford-f-150-raptor/2024/,2026-06-15T08:19:54Z
ford-f-150-raptor,2024,3.5T V6 Crew Lux,389000,390000,389500,"AED 389,000 - 390,000",AED,https://www.drivearabia.com/carprices/uae/ford/ford-f-150-raptor/2024/,2026-06-15T08:19:54Z
ford-f-150-raptor,2025,V6 Raptor,363000,364000,363500,"AED 363,000 - 364,000",AED,https://www.drivearabia.com/carprices/uae/ford/ford-f-150-raptor/2025/,2026-06-15T08:19:56Z
ford-f-150-raptor,2025,3.5TC V6 4WD,363000,364000,363500,"AED 363,000 - 364,000",AED,https://www.drivearabia.com/carprices/uae/ford/ford-f-150-raptor/2025/,2026-06-15T08:19:56Z
ford-f-150-raptor,2025,V8 Raptor R,561000,565000,563000,"AED 561,000 - 565,000",AED,https://www.drivearabia.com/carprices/uae/ford/ford-f-150-raptor/2025/,2026-06-15T08:19:56Z
ford-f-150-raptor,2026,V6 Raptor,363000,364000,363500,"AED 363,000 - 364,000",AED,https://www.drivearabia.com/carprices/uae/ford/ford-f-150-raptor/2026/,2026-06-15T08:19:58Z
ford-f-150-raptor,2026,3.5TC V6 4WD,363000,364000,363500,"AED 363,000 - 364,000",AED,https://www.drivearabia.com/carprices/uae/ford/ford-f-150-raptor/2026/,2026-06-15T08:19:58Z
ford-f-150-raptor,2026,V8 Raptor R,561000,565000,563000,"AED 561,000 - 565,000",AED,https://www.drivearabia.com/carprices/uae/ford/ford-f-150-raptor/2026/,2026-06-15T08:19:58Z
ford-fiesta,2014,Ambiente,65000,66000,65500,"AED 65,000 - 66,000",AED,https://www.drivearabia.com/carprices/uae/ford/ford-fiesta/2014/,2026-06-15T08:20:30Z
ford-fiesta,2014,Trend,70000,71000,70500,"AED 70,000 - 71,000",AED,https://www.drivearabia.com/carprices/uae/ford/ford-fiesta/2014/,2026-06-15T08:20:30Z
ford-fiesta,2014,Titanium,80000,81000,80500,"AED 80,000 - 81,000",AED,https://www.drivearabia.com/carprices/uae/ford/ford-fiesta/2014/,2026-06-15T08:20:30Z
ford-fiesta,2015,Ambiente,65000,66000,65500,"AED 65,000 - 66,000",AED,https://www.drivearabia.com/carprices/uae/ford/ford-fiesta/2015/,2026-06-15T08:20:32Z
ford-fiesta,2015,Trend,70000,71000,70500,"AED 70,000 - 71,000",AED,https://www.drivearabia.com/carprices/uae/ford/ford-fiesta/2015/,2026-06-15T08:20:32Z
ford-fiesta,2015,Titanium,80000,81000,80500,"AED 80,000 - 81,000",AED,https://www.drivearabia.com/carprices/uae/ford/ford-fiesta/2015/,2026-06-15T08:20:32Z
ford-fiesta,2016,Ambiente,65000,66000,65500,"AED 65,000 - 66,000",AED,https://www.drivearabia.com/carprices/uae/ford/ford-fiesta/2016/,2026-06-15T08:20:33Z
ford-fiesta,2016,Trend,70000,71000,70500,"AED 70,000 - 71,000",AED,https://www.drivearabia.com/carprices/uae/ford/ford-fiesta/2016/,2026-06-15T08:20:33Z
ford-fiesta,2016,Titanium,80000,81000,80500,"AED 80,000 - 81,000",AED,https://www.drivearabia.com/carprices/uae/ford/ford-fiesta/2016/,2026-06-15T08:20:33Z
ford-fiesta,2017,Ambiente,65000,66000,65500,"AED 65,000 - 66,000",AED,https://www.drivearabia.com/carprices/uae/ford/ford-fiesta/2017/,2026-06-15T08:20:36Z
ford-fiesta,2017,Trend,70000,71000,70500,"AED 70,000 - 71,000",AED,https://www.drivearabia.com/carprices/uae/ford/ford-fiesta/2017/,2026-06-15T08:20:36Z
ford-fiesta,2017,Titanium,80000,81000,80500,"AED 80,000 - 81,000",AED,https://www.drivearabia.com/carprices/uae/ford/ford-fiesta/2017/,2026-06-15T08:20:36Z
ford-figo,2019,Ambiente,57000,58000,57500,"AED 57,000 - 58,000",AED,https://www.drivearabia.com/carprices/uae/ford/ford-figo/2019/,2026-06-15T08:21:24Z
ford-figo,2019,Trend,59000,60000,59500,"AED 59,000 - 60,000",AED,https://www.drivearabia.com/carprices/uae/ford/ford-figo/2019/,2026-06-15T08:21:24Z
ford-figo,2019,Titanium,61000,62000,61500,"AED 61,000 - 62,000",AED,https://www.drivearabia.com/carprices/uae/ford/ford-figo/2019/,2026-06-15T08:21:24Z
ford-figo,2020,Ambiente,50300,51000,50650,"AED 50,300 - 51,000",AED,https://www.drivearabia.com/carprices/uae/ford/ford-figo/2020/,2026-06-15T08:21:26Z
ford-figo,2020,Trend,55000,56000,55500,"AED 55,000 - 56,000",AED,https://www.drivearabia.com/carprices/uae/ford/ford-figo/2020/,2026-06-15T08:21:26Z
ford-figo,2020,Titanium,61000,62000,61500,"AED 61,000 - 62,000",AED,https://www.drivearabia.com/carprices/uae/ford/ford-figo/2020/,2026-06-15T08:21:26Z
ford-flex,2013,V6 EcoBoost,165000,170000,167500,"AED 165,000 - 170,000",AED,https://www.drivearabia.com/carprices/uae/ford/ford-flex/2013/,2026-06-15T08:22:39Z
ford-flex,2014,V6 EcoBoost,165000,170000,167500,"AED 165,000 - 170,000",AED,https://www.drivearabia.com/carprices/uae/ford/ford-flex/2014/,2026-06-15T08:22:41Z
ford-flex,2015,V6 SE/SEL,110000,140000,125000,"AED 110,000 - 140,000",AED,https://www.drivearabia.com/carprices/uae/ford/ford-flex/2015/,2026-06-15T08:22:43Z
ford-flex,2015,V6 EcoBoost Limited,175000,176000,175500,"AED 175,000 - 176,000",AED,https://www.drivearabia.com/carprices/uae/ford/ford-flex/2015/,2026-06-15T08:22:43Z
ford-flex,2016,V6 SE/SEL,110000,140000,125000,"AED 110,000 - 140,000",AED,https://www.drivearabia.com/carprices/uae/ford/ford-flex/2016/,2026-06-15T08:22:45Z
ford-flex,2016,V6 EcoBoost Limited,175000,176000,175500,"AED 175,000 - 176,000",AED,https://www.drivearabia.com/carprices/uae/ford/ford-flex/2016/,2026-06-15T08:22:45Z
ford-focus,2016,Ambiente,75000,76000,75500,"AED 75,000 - 76,000",AED,https://www.drivearabia.com/carprices/uae/ford/ford-focus/2016/,2026-06-15T08:23:31Z
ford-focus,2016,Station wagon,78000,79000,78500,"AED 78,000 - 79,000",AED,https://www.drivearabia.com/carprices/uae/ford/ford-focus/2016/,2026-06-15T08:23:31Z
ford-focus,2016,Trend,80000,81000,80500,"AED 80,000 - 81,000",AED,https://www.drivearabia.com/carprices/uae/ford/ford-focus/2016/,2026-06-15T08:23:31Z
ford-focus,2016,Sport,95000,96000,95500,"AED 95,000 - 96,000",AED,https://www.drivearabia.com/carprices/uae/ford/ford-focus/2016/,2026-06-15T08:23:31Z
ford-focus,2016,Titanium,99000,100000,99500,"AED 99,000 - 100,000",AED,https://www.drivearabia.com/carprices/uae/ford/ford-focus/2016/,2026-06-15T08:23:31Z
ford-focus,2017,Ambiente,75000,76000,75500,"AED 75,000 - 76,000",AED,https://www.drivearabia.com/carprices/uae/ford/ford-focus/2017/,2026-06-15T08:23:33Z
ford-focus,2017,Station wagon,78000,79000,78500,"AED 78,000 - 79,000",AED,https://www.drivearabia.com/carprices/uae/ford/ford-focus/2017/,2026-06-15T08:23:33Z
ford-focus,2017,Trend,80000,81000,80500,"AED 80,000 - 81,000",AED,https://www.drivearabia.com/carprices/uae/ford/ford-focus/2017/,2026-06-15T08:23:33Z
ford-focus,2017,Sport,95000,96000,95500,"AED 95,000 - 96,000",AED,https://www.drivearabia.com/carprices/uae/ford/ford-focus/2017/,2026-06-15T08:23:33Z
ford-focus,2017,Titanium,99000,100000,99500,"AED 99,000 - 100,000",AED,https://www.drivearabia.com/carprices/uae/ford/ford-focus/2017/,2026-06-15T08:23:33Z
ford-focus,2018,Ambiente,75000,76000,75500,"AED 75,000 - 76,000",AED,https://www.drivearabia.com/carprices/uae/ford/ford-focus/2018/,2026-06-15T08:23:35Z
ford-focus,2018,Station wagon,78000,79000,78500,"AED 78,000 - 79,000",AED,https://www.drivearabia.com/carprices/uae/ford/ford-focus/2018/,2026-06-15T08:23:35Z
ford-focus,2018,Trend,80000,81000,80500,"AED 80,000 - 81,000",AED,https://www.drivearabia.com/carprices/uae/ford/ford-focus/2018/,2026-06-15T08:23:35Z
ford-focus,2018,Sport,95000,96000,95500,"AED 95,000 - 96,000",AED,https://www.drivearabia.com/carprices/uae/ford/ford-focus/2018/,2026-06-15T08:23:35Z
ford-focus,2018,Titanium,99000,100000,99500,"AED 99,000 - 100,000",AED,https://www.drivearabia.com/carprices/uae/ford/ford-focus/2018/,2026-06-15T08:23:35Z
ford-focus-st,2013,ST,96000,100000,98000,"AED 96,000 - 100,000",AED,https://www.drivearabia.com/carprices/uae/ford/ford-focus-st/2013/,2026-06-15T08:24:08Z
ford-focus-st,2014,ST,96000,100000,98000,"AED 96,000 - 100,000",AED,https://www.drivearabia.com/carprices/uae/ford/ford-focus-st/2014/,2026-06-15T08:24:10Z
ford-fusion,2014,2.5 S,80000,81000,80500,"AED 80,000 - 81,000",AED,https://www.drivearabia.com/carprices/uae/ford/ford-fusion/2014/,2026-06-15T08:25:37Z
ford-fusion,2014,2.5 SE,90000,120000,105000,"AED 90,000 - 120,000",AED,https://www.drivearabia.com/carprices/uae/ford/ford-fusion/2014/,2026-06-15T08:25:37Z
ford-fusion,2015,2.5 S,80000,81000,80500,"AED 80,000 - 81,000",AED,https://www.drivearabia.com/carprices/uae/ford/ford-fusion/2015/,2026-06-15T08:25:39Z
ford-fusion,2015,2.5 SE,90000,120000,105000,"AED 90,000 - 120,000",AED,https://www.drivearabia.com/carprices/uae/ford/ford-fusion/2015/,2026-06-15T08:25:39Z
ford-fusion,2015,2.0TC SE,110000,120000,115000,"AED 110,000 - 120,000",AED,https://www.drivearabia.com/carprices/uae/ford/ford-fusion/2015/,2026-06-15T08:25:39Z
ford-fusion,2016,2.5 S,80000,81000,80500,"AED 80,000 - 81,000",AED,https://www.drivearabia.com/carprices/uae/ford/ford-fusion/2016/,2026-06-15T08:25:41Z
ford-fusion,2016,2.5 SE,90000,120000,105000,"AED 90,000 - 120,000",AED,https://www.drivearabia.com/carprices/uae/ford/ford-fusion/2016/,2026-06-15T08:25:41Z
ford-fusion,2016,2.0TC SE,110000,120000,115000,"AED 110,000 - 120,000",AED,https://www.drivearabia.com/carprices/uae/ford/ford-fusion/2016/,2026-06-15T08:25:41Z
ford-fusion,2017,2.5 S,80000,81000,80500,"AED 80,000 - 81,000",AED,https://www.drivearabia.com/carprices/uae/ford/ford-fusion/2017/,2026-06-15T08:25:43Z
ford-fusion,2017,2.5 SE,90000,120000,105000,"AED 90,000 - 120,000",AED,https://www.drivearabia.com/carprices/uae/ford/ford-fusion/2017/,2026-06-15T08:25:43Z
ford-fusion,2017,2.0TC SE,110000,120000,115000,"AED 110,000 - 120,000",AED,https://www.drivearabia.com/carprices/uae/ford/ford-fusion/2017/,2026-06-15T08:25:43Z
ford-fusion,2018,2.5 S,80000,81000,80500,"AED 80,000 - 81,000",AED,https://www.drivearabia.com/carprices/uae/ford/ford-fusion/2018/,2026-06-15T08:25:45Z
ford-fusion,2018,2.5 SE,90000,120000,105000,"AED 90,000 - 120,000",AED,https://www.drivearabia.com/carprices/uae/ford/ford-fusion/2018/,2026-06-15T08:25:45Z
ford-fusion,2018,2.0TC SE,110000,120000,115000,"AED 110,000 - 120,000",AED,https://www.drivearabia.com/carprices/uae/ford/ford-fusion/2018/,2026-06-15T08:25:45Z
ford-mustang,2010,4.6L coupe,140000,160000,150000,"AED 140,000 - 160,000",AED,https://www.drivearabia.com/carprices/uae/ford/ford-mustang/2010/,2026-06-15T08:27:41Z
ford-mustang,2011,3.7L coupe,99000,120000,109500,"AED 99,000 - 120,000",AED,https://www.drivearabia.com/carprices/uae/ford/ford-mustang/2011/,2026-06-15T08:27:43Z
ford-mustang,2011,5.0L coupe,125000,150000,137500,"AED 125,000 - 150,000",AED,https://www.drivearabia.com/carprices/uae/ford/ford-mustang/2011/,2026-06-15T08:27:43Z
ford-mustang,2011,5.0L glass roof,160000,165000,162500,"AED 160,000 - 165,000",AED,https://www.drivearabia.com/carprices/uae/ford/ford-mustang/2011/,2026-06-15T08:27:43Z
ford-mustang,2011,5.0L Roush,250000,255000,252500,"AED 250,000 - 255,000",AED,https://www.drivearabia.com/carprices/uae/ford/ford-mustang/2011/,2026-06-15T08:27:43Z
ford-mustang,2012,3.7L coupe,99000,120000,109500,"AED 99,000 - 120,000",AED,https://www.drivearabia.com/carprices/uae/ford/ford-mustang/2012/,2026-06-15T08:27:45Z
ford-mustang,2012,5.0L coupe,125000,150000,137500,"AED 125,000 - 150,000",AED,https://www.drivearabia.com/carprices/uae/ford/ford-mustang/2012/,2026-06-15T08:27:45Z
ford-mustang,2012,5.0L glass roof,160000,165000,162500,"AED 160,000 - 165,000",AED,https://www.drivearabia.com/carprices/uae/ford/ford-mustang/2012/,2026-06-15T08:27:45Z
ford-mustang,2012,5.0L Roush,250000,255000,252500,"AED 250,000 - 255,000",AED,https://www.drivearabia.com/carprices/uae/ford/ford-mustang/2012/,2026-06-15T08:27:45Z
ford-mustang,2013,3.7L coupe,110000,140000,125000,"AED 110,000 - 140,000",AED,https://www.drivearabia.com/carprices/uae/ford/ford-mustang/2013/,2026-06-15T08:27:47Z
ford-mustang,2013,5.0L GT coupe,145000,170000,157500,"AED 145,000 - 170,000",AED,https://www.drivearabia.com/carprices/uae/ford/ford-mustang/2013/,2026-06-15T08:27:47Z
ford-mustang,2013,5.0L Boss 302,200000,205000,202500,"AED 200,000 - 205,000",AED,https://www.drivearabia.com/carprices/uae/ford/ford-mustang/2013/,2026-06-15T08:27:47Z
ford-mustang,2014,3.7L coupe,110000,140000,125000,"AED 110,000 - 140,000",AED,https://www.drivearabia.com/carprices/uae/ford/ford-mustang/2014/,2026-06-15T08:27:49Z
ford-mustang,2014,5.0L GT coupe,145000,170000,157500,"AED 145,000 - 170,000",AED,https://www.drivearabia.com/carprices/uae/ford/ford-mustang/2014/,2026-06-15T08:27:49Z
ford-mustang,2014,5.0L Boss 302,200000,205000,202500,"AED 200,000 - 205,000",AED,https://www.drivearabia.com/carprices/uae/ford/ford-mustang/2014/,2026-06-15T08:27:49Z
ford-mustang,2015,3.7L manual,128000,129000,128500,"AED 128,000 - 129,000",AED,https://www.drivearabia.com/carprices/uae/ford/ford-mustang/2015/,2026-06-15T08:27:51Z
ford-mustang,2015,3.7L automatic,133000,134000,133500,"AED 133,000 - 134,000",AED,https://www.drivearabia.com/carprices/uae/ford/ford-mustang/2015/,2026-06-15T08:27:51Z
ford-mustang,2015,2.3L Ecoboost manual,173000,174000,173500,"AED 173,000 - 174,000",AED,https://www.drivearabia.com/carprices/uae/ford/ford-mustang/2015/,2026-06-15T08:27:51Z
ford-mustang,2015,2.3L Ecoboost automatic,183000,185000,184000,"AED 183,000 - 185,000",AED,https://www.drivearabia.com/carprices/uae/ford/ford-mustang/2015/,2026-06-15T08:27:51Z
ford-mustang,2015,5.0L manual,188000,189000,188500,"AED 188,000 - 189,000",AED,https://www.drivearabia.com/carprices/uae/ford/ford-mustang/2015/,2026-06-15T08:27:51Z
ford-mustang,2015,5.0L automatic,193000,195000,194000,"AED 193,000 - 195,000",AED,https://www.drivearabia.com/carprices/uae/ford/ford-mustang/2015/,2026-06-15T08:27:51Z
ford-mustang,2016,3.7L manual,128000,129000,128500,"AED 128,000 - 129,000",AED,https://www.drivearabia.com/carprices/uae/ford/ford-mustang/2016/,2026-06-15T08:27:53Z
ford-mustang,2016,3.7L automatic,133000,134000,133500,"AED 133,000 - 134,000",AED,https://www.drivearabia.com/carprices/uae/ford/ford-mustang/2016/,2026-06-15T08:27:53Z
ford-mustang,2016,2.3L Ecoboost manual,173000,174000,173500,"AED 173,000 - 174,000",AED,https://www.drivearabia.com/carprices/uae/ford/ford-mustang/2016/,2026-06-15T08:27:53Z
ford-mustang,2016,2.3L Ecoboost automatic,183000,185000,184000,"AED 183,000 - 185,000",AED,https://www.drivearabia.com/carprices/uae/ford/ford-mustang/2016/,2026-06-15T08:27:53Z
ford-mustang,2016,5.0L manual,188000,189000,188500,"AED 188,000 - 189,000",AED,https://www.drivearabia.com/carprices/uae/ford/ford-mustang/2016/,2026-06-15T08:27:53Z
ford-mustang,2016,5.0L automatic,193000,195000,194000,"AED 193,000 - 195,000",AED,https://www.drivearabia.com/carprices/uae/ford/ford-mustang/2016/,2026-06-15T08:27:53Z
ford-mustang,2017,3.7L manual,150000,155000,152500,"AED 150,000 - 155,000",AED,https://www.drivearabia.com/carprices/uae/ford/ford-mustang/2017/,2026-06-15T08:27:55Z
ford-mustang,2017,3.7L auto,155000,160000,157500,"AED 155,000 - 160,000",AED,https://www.drivearabia.com/carprices/uae/ford/ford-mustang/2017/,2026-06-15T08:27:55Z
ford-mustang,2017,3.7L convertible auto,175000,180000,177500,"AED 175,000 - 180,000",AED,https://www.drivearabia.com/carprices/uae/ford/ford-mustang/2017/,2026-06-15T08:27:55Z
ford-mustang,2017,2.3L auto,180000,185000,182500,"AED 180,000 - 185,000",AED,https://www.drivearabia.com/carprices/uae/ford/ford-mustang/2017/,2026-06-15T08:27:55Z
ford-mustang,2017,2.3L Premium auto,200000,201000,200500,"AED 200,000 - 201,000",AED,https://www.drivearabia.com/carprices/uae/ford/ford-mustang/2017/,2026-06-15T08:27:55Z
ford-mustang,2017,2.3L Premium convertible auto,205500,208000,206750,"AED 205,500 - 208,000",AED,https://www.drivearabia.com/carprices/uae/ford/ford-mustang/2017/,2026-06-15T08:27:55Z
ford-mustang,2017,5.0L manual,210000,215000,212500,"AED 210,000 - 215,000",AED,https://www.drivearabia.com/carprices/uae/ford/ford-mustang/2017/,2026-06-15T08:27:55Z
ford-mustang,2017,5.0L auto California Special,215000,216000,215500,"AED 215,000 - 216,000",AED,https://www.drivearabia.com/carprices/uae/ford/ford-mustang/2017/,2026-06-15T08:27:55Z
ford-mustang,2017,5.0L auto,220000,225000,222500,"AED 220,000 - 225,000",AED,https://www.drivearabia.com/carprices/uae/ford/ford-mustang/2017/,2026-06-15T08:27:55Z
ford-mustang,2017,5.0L convetible auto,235000,240000,237500,"AED 235,000 - 240,000",AED,https://www.drivearabia.com/carprices/uae/ford/ford-mustang/2017/,2026-06-15T08:27:55Z
ford-mustang,2017,5.0L convertible auto California Special,235000,236000,235500,"AED 235,000 - 236,000",AED,https://www.drivearabia.com/carprices/uae/ford/ford-mustang/2017/,2026-06-15T08:27:55Z
ford-mustang,2018,5.0 GT,200000,240000,220000,"AED 200,000 - 240,000",AED,https://www.drivearabia.com/carprices/uae/ford/ford-mustang/2018/,2026-06-15T08:27:57Z
ford-mustang,2018,2.3TC,204000,210000,207000,"AED 204,000 - 210,000",AED,https://www.drivearabia.com/carprices/uae/ford/ford-mustang/2018/,2026-06-15T08:27:57Z
ford-mustang,2019,5.0 GT,200000,240000,220000,"AED 200,000 - 240,000",AED,https://www.drivearabia.com/carprices/uae/ford/ford-mustang/2019/,2026-06-15T08:27:58Z
ford-mustang,2019,2.3TC,204000,210000,207000,"AED 204,000 - 210,000",AED,https://www.drivearabia.com/carprices/uae/ford/ford-mustang/2019/,2026-06-15T08:27:58Z
ford-mustang,2020,5.0 GT,200000,240000,220000,"AED 200,000 - 240,000",AED,https://www.drivearabia.com/carprices/uae/ford/ford-mustang/2020/,2026-06-15T08:28:00Z
ford-mustang,2020,2.3TC,204000,210000,207000,"AED 204,000 - 210,000",AED,https://www.drivearabia.com/carprices/uae/ford/ford-mustang/2020/,2026-06-15T08:28:00Z
ford-mustang,2021,2.3TC,179500,180000,179750,"AED 179,500 - 180,000",AED,https://www.drivearabia.com/carprices/uae/ford/ford-mustang/2021/,2026-06-15T08:28:02Z
ford-mustang,2021,5.0 GT,227800,228000,227900,"AED 227,800 - 228,000",AED,https://www.drivearabia.com/carprices/uae/ford/ford-mustang/2021/,2026-06-15T08:28:02Z
ford-mustang,2022,2.3TC,179500,180000,179750,"AED 179,500 - 180,000",AED,https://www.drivearabia.com/carprices/uae/ford/ford-mustang/2022/,2026-06-15T08:28:04Z
ford-mustang,2022,5.0 GT,227800,228000,227900,"AED 227,800 - 228,000",AED,https://www.drivearabia.com/carprices/uae/ford/ford-mustang/2022/,2026-06-15T08:28:04Z
ford-mustang,2023,5.0 GT,227800,228000,227900,"AED 227,800 - 228,000",AED,https://www.drivearabia.com/carprices/uae/ford/ford-mustang/2023/,2026-06-15T08:28:06Z
ford-mustang,2024,5.0L V8 GT RWD,230000,240000,235000,"AED 230,000 - 240,000",AED,https://www.drivearabia.com/carprices/uae/ford/ford-mustang/2024/,2026-06-15T08:28:08Z
ford-mustang,2024,5.0L V8 GT Premium RWD,256095,260000,258048,"AED 256,095 - 260,000",AED,https://www.drivearabia.com/carprices/uae/ford/ford-mustang/2024/,2026-06-15T08:28:08Z
ford-mustang,2025,5.0L V8 GT RWD,230000,240000,235000,"AED 230,000 - 240,000",AED,https://www.drivearabia.com/carprices/uae/ford/ford-mustang/2025/,2026-06-15T08:28:10Z
ford-mustang,2025,5.0L V8 GT Premium RWD,256095,260000,258048,"AED 256,095 - 260,000",AED,https://www.drivearabia.com/carprices/uae/ford/ford-mustang/2025/,2026-06-15T08:28:10Z
ford-mustang,2025,5.0 V8 Dark Horse RWD,290000,291000,290500,"AED 290,000 - 291,000",AED,https://www.drivearabia.com/carprices/uae/ford/ford-mustang/2025/,2026-06-15T08:28:10Z
ford-mustang,2026,5.0L V8 GT RWD,230000,240000,235000,"AED 230,000 - 240,000",AED,https://www.drivearabia.com/carprices/uae/ford/ford-mustang/2026/,2026-06-15T08:28:12Z
ford-mustang,2026,5.0L V8 GT Premium RWD,256095,260000,258048,"AED 256,095 - 260,000",AED,https://www.drivearabia.com/carprices/uae/ford/ford-mustang/2026/,2026-06-15T08:28:12Z
ford-mustang,2026,5.0 V8 Dark Horse RWD,290000,291000,290500,"AED 290,000 - 291,000",AED,https://www.drivearabia.com/carprices/uae/ford/ford-mustang/2026/,2026-06-15T08:28:12Z
ford-mustang-convertible,2010,4.6L convertible,150000,170000,160000,"AED 150,000 - 170,000",AED,https://www.drivearabia.com/carprices/uae/ford/ford-mustang-convertible/2010/,2026-06-15T08:28:34Z
ford-mustang-convertible,2011,3.7L convertible,144500,150000,147250,"AED 144,500 - 150,000",AED,https://www.drivearabia.com/carprices/uae/ford/ford-mustang-convertible/2011/,2026-06-15T08:28:36Z
ford-mustang-convertible,2011,5.0L convertible,169500,175000,172250,"AED 169,500 - 175,000",AED,https://www.drivearabia.com/carprices/uae/ford/ford-mustang-convertible/2011/,2026-06-15T08:28:36Z
ford-mustang-convertible,2012,3.7L convertible,144500,150000,147250,"AED 144,500 - 150,000",AED,https://www.drivearabia.com/carprices/uae/ford/ford-mustang-convertible/2012/,2026-06-15T08:28:38Z
ford-mustang-convertible,2012,5.0L convertible,169500,175000,172250,"AED 169,500 - 175,000",AED,https://www.drivearabia.com/carprices/uae/ford/ford-mustang-convertible/2012/,2026-06-15T08:28:38Z
ford-mustang-convertible,2013,3.7L convertible,160000,165000,162500,"AED 160,000 - 165,000",AED,https://www.drivearabia.com/carprices/uae/ford/ford-mustang-convertible/2013/,2026-06-15T08:28:40Z
ford-mustang-convertible,2013,5.0L GT convertible,185000,190000,187500,"AED 185,000 - 190,000",AED,https://www.drivearabia.com/carprices/uae/ford/ford-mustang-convertible/2013/,2026-06-15T08:28:40Z
ford-mustang-convertible,2014,3.7L convertible,160000,165000,162500,"AED 160,000 - 165,000",AED,https://www.drivearabia.com/carprices/uae/ford/ford-mustang-convertible/2014/,2026-06-15T08:28:42Z
ford-mustang-convertible,2014,5.0L GT convertible,185000,190000,187500,"AED 185,000 - 190,000",AED,https://www.drivearabia.com/carprices/uae/ford/ford-mustang-convertible/2014/,2026-06-15T08:28:42Z
ford-mustang-convertible,2018,2.7TC,210000,220000,215000,"AED 210,000 - 220,000",AED,https://www.drivearabia.com/carprices/uae/ford/ford-mustang-convertible/2018/,2026-06-15T08:28:50Z
ford-mustang-convertible,2018,5.0 GT,215000,250000,232500,"AED 215,000 - 250,000",AED,https://www.drivearabia.com/carprices/uae/ford/ford-mustang-convertible/2018/,2026-06-15T08:28:50Z
ford-mustang-convertible,2019,2.7TC,210000,220000,215000,"AED 210,000 - 220,000",AED,https://www.drivearabia.com/carprices/uae/ford/ford-mustang-convertible/2019/,2026-06-15T08:28:51Z
ford-mustang-convertible,2019,5.0 GT,215000,250000,232500,"AED 215,000 - 250,000",AED,https://www.drivearabia.com/carprices/uae/ford/ford-mustang-convertible/2019/,2026-06-15T08:28:51Z
ford-mustang-convertible,2020,2.7TC,210000,220000,215000,"AED 210,000 - 220,000",AED,https://www.drivearabia.com/carprices/uae/ford/ford-mustang-convertible/2020/,2026-06-15T08:28:54Z
ford-mustang-convertible,2020,5.0 GT,215000,250000,232500,"AED 215,000 - 250,000",AED,https://www.drivearabia.com/carprices/uae/ford/ford-mustang-convertible/2020/,2026-06-15T08:28:54Z
ford-mustang-convertible,2021,2.7TC,210000,220000,215000,"AED 210,000 - 220,000",AED,https://www.drivearabia.com/carprices/uae/ford/ford-mustang-convertible/2021/,2026-06-15T08:28:56Z
ford-mustang-convertible,2021,5.0 GT,249000,250000,249500,"AED 249,000 - 250,000",AED,https://www.drivearabia.com/carprices/uae/ford/ford-mustang-convertible/2021/,2026-06-15T08:28:56Z
ford-mustang-convertible,2022,2.7TC,210000,220000,215000,"AED 210,000 - 220,000",AED,https://www.drivearabia.com/carprices/uae/ford/ford-mustang-convertible/2022/,2026-06-15T08:28:58Z
ford-mustang-convertible,2022,5.0 GT,249000,250000,249500,"AED 249,000 - 250,000",AED,https://www.drivearabia.com/carprices/uae/ford/ford-mustang-convertible/2022/,2026-06-15T08:28:58Z
ford-mustang-convertible,2023,2.7TC,210000,220000,215000,"AED 210,000 - 220,000",AED,https://www.drivearabia.com/carprices/uae/ford/ford-mustang-convertible/2023/,2026-06-15T08:28:59Z
ford-mustang-convertible,2023,5.0 GT,249000,250000,249500,"AED 249,000 - 250,000",AED,https://www.drivearabia.com/carprices/uae/ford/ford-mustang-convertible/2023/,2026-06-15T08:28:59Z
ford-mustang-convertible,2024,5.0L V8 GT RWD,240000,241000,240500,"AED 240,000 - 241,000",AED,https://www.drivearabia.com/carprices/uae/ford/ford-mustang-convertible/2024/,2026-06-15T08:29:01Z
ford-mustang-convertible,2024,5.0L V8 GT Premium RWD,265000,266000,265500,"AED 265,000 - 266,000",AED,https://www.drivearabia.com/carprices/uae/ford/ford-mustang-convertible/2024/,2026-06-15T08:29:01Z
ford-mustang-convertible,2025,5.0L V8 GT RWD,240000,241000,240500,"AED 240,000 - 241,000",AED,https://www.drivearabia.com/carprices/uae/ford/ford-mustang-convertible/2025/,2026-06-15T08:29:03Z
ford-mustang-convertible,2025,5.0L V8 GT Premium RWD,265000,266000,265500,"AED 265,000 - 266,000",AED,https://www.drivearabia.com/carprices/uae/ford/ford-mustang-convertible/2025/,2026-06-15T08:29:03Z
ford-mustang-convertible,2026,5.0L V8 GT RWD,240000,241000,240500,"AED 240,000 - 241,000",AED,https://www.drivearabia.com/carprices/uae/ford/ford-mustang-convertible/2026/,2026-06-15T08:29:05Z
ford-mustang-convertible,2026,5.0L V8 GT Premium RWD,265000,266000,265500,"AED 265,000 - 266,000",AED,https://www.drivearabia.com/carprices/uae/ford/ford-mustang-convertible/2026/,2026-06-15T08:29:05Z
ford-mustang-mach-1,2021,Mustang Mach 1,306000,307000,306500,"AED 306,000 - 307,000",AED,https://www.drivearabia.com/carprices/uae/ford/ford-mustang-mach-1/2021/,2026-06-15T08:29:36Z
ford-mustang-mach-1,2022,Mustang Mach 1,306000,307000,306500,"AED 306,000 - 307,000",AED,https://www.drivearabia.com/carprices/uae/ford/ford-mustang-mach-1/2022/,2026-06-15T08:29:38Z
ford-mustang-mach-1,2023,Mustang Mach 1,306000,307000,306500,"AED 306,000 - 307,000",AED,https://www.drivearabia.com/carprices/uae/ford/ford-mustang-mach-1/2023/,2026-06-15T08:29:40Z
ford-mustang-mach-e,2026,GT Long Range AWD,185000,200000,192500,"AED 185,000 - 200,000",AED,https://www.drivearabia.com/carprices/uae/ford/ford-mustang-mach-e/2026/,2026-06-15T08:30:21Z
ford-ranger,2016,2.5 4x2 Double Cab,80000,85000,82500,"AED 80,000 - 85,000",AED,https://www.drivearabia.com/carprices/uae/ford/ford-ranger/2016/,2026-06-15T08:30:54Z
ford-ranger,2016,2.5 4x4 Double Cab,90000,100000,95000,"AED 90,000 - 100,000",AED,https://www.drivearabia.com/carprices/uae/ford/ford-ranger/2016/,2026-06-15T08:30:54Z
ford-ranger,2017,2.5 4x2 Double Cab,80000,85000,82500,"AED 80,000 - 85,000",AED,https://www.drivearabia.com/carprices/uae/ford/ford-ranger/2017/,2026-06-15T08:30:56Z
ford-ranger,2017,2.5 4x4 Double Cab,90000,100000,95000,"AED 90,000 - 100,000",AED,https://www.drivearabia.com/carprices/uae/ford/ford-ranger/2017/,2026-06-15T08:30:56Z
ford-ranger,2018,2.5 4x2 Double Cab,88000,90000,89000,"AED 88,000 - 90,000",AED,https://www.drivearabia.com/carprices/uae/ford/ford-ranger/2018/,2026-06-15T08:30:58Z
ford-ranger,2018,2.5 4x4 Double Cab,99750,100000,99875,"AED 99,750 - 100,000",AED,https://www.drivearabia.com/carprices/uae/ford/ford-ranger/2018/,2026-06-15T08:30:58Z
ford-ranger,2019,2.5 4x2 Double Cab,88000,90000,89000,"AED 88,000 - 90,000",AED,https://www.drivearabia.com/carprices/uae/ford/ford-ranger/2019/,2026-06-15T08:31:00Z
ford-ranger,2019,2.5 4x4 Double Cab,99750,100000,99875,"AED 99,750 - 100,000",AED,https://www.drivearabia.com/carprices/uae/ford/ford-ranger/2019/,2026-06-15T08:31:00Z
ford-ranger,2020,2.5 4x2 Double Cab manual,82000,83000,82500,"AED 82,000 - 83,000",AED,https://www.drivearabia.com/carprices/uae/ford/ford-ranger/2020/,2026-06-15T08:31:02Z
ford-ranger,2020,2.5 4x4 Double Cab manual,104900,105000,104950,"AED 104,900 - 105,000",AED,https://www.drivearabia.com/carprices/uae/ford/ford-ranger/2020/,2026-06-15T08:31:02Z
ford-ranger,2020,2.2TD 4x2 auto,110000,111000,110500,"AED 110,000 - 111,000",AED,https://www.drivearabia.com/carprices/uae/ford/ford-ranger/2020/,2026-06-15T08:31:02Z
ford-ranger,2020,2.2TD 4x4 auto,122745,123000,122872,"AED 122,745 - 123,000",AED,https://www.drivearabia.com/carprices/uae/ford/ford-ranger/2020/,2026-06-15T08:31:02Z
ford-ranger,2020,3.2TD 4x4 auto,164000,165000,164500,"AED 164,000 - 165,000",AED,https://www.drivearabia.com/carprices/uae/ford/ford-ranger/2020/,2026-06-15T08:31:02Z
ford-ranger,2021,2.5 4x2 Double Cab manual,82000,83000,82500,"AED 82,000 - 83,000",AED,https://www.drivearabia.com/carprices/uae/ford/ford-ranger/2021/,2026-06-15T08:31:04Z
ford-ranger,2021,2.5 4x4 Double Cab manual,104900,105000,104950,"AED 104,900 - 105,000",AED,https://www.drivearabia.com/carprices/uae/ford/ford-ranger/2021/,2026-06-15T08:31:04Z
ford-ranger,2021,2.2TD 4x2 auto,110000,111000,110500,"AED 110,000 - 111,000",AED,https://www.drivearabia.com/carprices/uae/ford/ford-ranger/2021/,2026-06-15T08:31:04Z
ford-ranger,2021,2.2TD 4x4 auto,122745,123000,122872,"AED 122,745 - 123,000",AED,https://www.drivearabia.com/carprices/uae/ford/ford-ranger/2021/,2026-06-15T08:31:04Z
ford-ranger,2021,3.2TD 4x4 auto,164000,165000,164500,"AED 164,000 - 165,000",AED,https://www.drivearabia.com/carprices/uae/ford/ford-ranger/2021/,2026-06-15T08:31:04Z
ford-ranger,2022,2.5 4x2 Double Cab manual,82000,83000,82500,"AED 82,000 - 83,000",AED,https://www.drivearabia.com/carprices/uae/ford/ford-ranger/2022/,2026-06-15T08:31:06Z
ford-ranger,2022,2.5 4x4 Double Cab manual,104900,105000,104950,"AED 104,900 - 105,000",AED,https://www.drivearabia.com/carprices/uae/ford/ford-ranger/2022/,2026-06-15T08:31:06Z
ford-ranger,2022,2.2TD 4x2 auto,110000,111000,110500,"AED 110,000 - 111,000",AED,https://www.drivearabia.com/carprices/uae/ford/ford-ranger/2022/,2026-06-15T08:31:06Z
ford-ranger,2022,2.2TD 4x4 auto,122745,123000,122872,"AED 122,745 - 123,000",AED,https://www.drivearabia.com/carprices/uae/ford/ford-ranger/2022/,2026-06-15T08:31:06Z
ford-ranger,2022,3.2TD 4x4 auto,164000,165000,164500,"AED 164,000 - 165,000",AED,https://www.drivearabia.com/carprices/uae/ford/ford-ranger/2022/,2026-06-15T08:31:06Z
ford-ranger,2023,2.3TC I4 XLT 2WD,134495,139000,136748,"AED 134,495 - 139,000",AED,https://www.drivearabia.com/carprices/uae/ford/ford-ranger/2023/,2026-06-15T08:31:08Z
ford-ranger,2023,2.0TD I4 XLT 4WD,166845,173000,169922,"AED 166,845 - 173,000",AED,https://www.drivearabia.com/carprices/uae/ford/ford-ranger/2023/,2026-06-15T08:31:08Z
ford-ranger,2023,2.3TC I4 WildTrack 4WD,193100,195000,194050,"AED 193,100 - 195,000",AED,https://www.drivearabia.com/carprices/uae/ford/ford-ranger/2023/,2026-06-15T08:31:08Z
ford-ranger,2024,2.3TC I4 XLT 2WD,134495,139000,136748,"AED 134,495 - 139,000",AED,https://www.drivearabia.com/carprices/uae/ford/ford-ranger/2024/,2026-06-15T08:31:10Z
ford-ranger,2024,2.0TD I4 XLT 4WD,166845,173000,169922,"AED 166,845 - 173,000",AED,https://www.drivearabia.com/carprices/uae/ford/ford-ranger/2024/,2026-06-15T08:31:10Z
ford-ranger,2024,2.3TC I4 WildTrack 4WD,193100,195000,194050,"AED 193,100 - 195,000",AED,https://www.drivearabia.com/carprices/uae/ford/ford-ranger/2024/,2026-06-15T08:31:10Z
ford-ranger,2025,2.3TC I4 XL FWD,134495,139000,136748,"AED 134,495 - 139,000",AED,https://www.drivearabia.com/carprices/uae/ford/ford-ranger/2025/,2026-06-15T08:31:12Z
ford-ranger,2025,2.0TD I4 XLT 4WD,166845,173000,169922,"AED 166,845 - 173,000",AED,https://www.drivearabia.com/carprices/uae/ford/ford-ranger/2025/,2026-06-15T08:31:12Z
ford-ranger,2025,2.3TC I4 WildTrack 4WD,193100,195000,194050,"AED 193,100 - 195,000",AED,https://www.drivearabia.com/carprices/uae/ford/ford-ranger/2025/,2026-06-15T08:31:12Z
ford-ranger,2026,2.3TC I4 XL FWD,134495,139000,136748,"AED 134,495 - 139,000",AED,https://www.drivearabia.com/carprices/uae/ford/ford-ranger/2026/,2026-06-15T08:31:14Z
ford-ranger,2026,2.0TD I4 XLT 4WD,166845,173000,169922,"AED 166,845 - 173,000",AED,https://www.drivearabia.com/carprices/uae/ford/ford-ranger/2026/,2026-06-15T08:31:14Z
ford-ranger,2026,2.3TC I4 WildTrack 4WD,193100,195000,194050,"AED 193,100 - 195,000",AED,https://www.drivearabia.com/carprices/uae/ford/ford-ranger/2026/,2026-06-15T08:31:14Z
ford-ranger-raptor,2023,Ranger Raptor,259000,260000,259500,"AED 259,000 - 260,000",AED,https://www.drivearabia.com/carprices/uae/ford/ford-ranger-raptor/2023/,2026-06-15T08:31:48Z
ford-ranger-raptor,2024,Ranger Raptor,259000,260000,259500,"AED 259,000 - 260,000",AED,https://www.drivearabia.com/carprices/uae/ford/ford-ranger-raptor/2024/,2026-06-15T08:31:50Z
ford-ranger-raptor,2025,3.0L V6 Raptor 4WD,267700,268000,267850,"AED 267,700 - 268,000",AED,https://www.drivearabia.com/carprices/uae/ford/ford-ranger-raptor/2025/,2026-06-15T08:31:52Z
ford-ranger-raptor,2026,3.0L V6 Raptor 4WD,267700,268000,267850,"AED 267,700 - 268,000",AED,https://www.drivearabia.com/carprices/uae/ford/ford-ranger-raptor/2026/,2026-06-15T08:31:53Z
ford-taurus,2010,Taurus,84000,140000,112000,"AED 84,000 - 140,000",AED,https://www.drivearabia.com/carprices/uae/ford/ford-taurus/2010/,2026-06-15T08:32:56Z
ford-taurus,2010,SHO,160000,170000,165000,"AED 160,000 - 170,000",AED,https://www.drivearabia.com/carprices/uae/ford/ford-taurus/2010/,2026-06-15T08:32:56Z
ford-taurus,2011,Taurus,84000,140000,112000,"AED 84,000 - 140,000",AED,https://www.drivearabia.com/carprices/uae/ford/ford-taurus/2011/,2026-06-15T08:32:58Z
ford-taurus,2011,SHO,160000,170000,165000,"AED 160,000 - 170,000",AED,https://www.drivearabia.com/carprices/uae/ford/ford-taurus/2011/,2026-06-15T08:32:58Z
ford-taurus,2012,Taurus,84000,140000,112000,"AED 84,000 - 140,000",AED,https://www.drivearabia.com/carprices/uae/ford/ford-taurus/2012/,2026-06-15T08:33:00Z
ford-taurus,2012,SHO,160000,170000,165000,"AED 160,000 - 170,000",AED,https://www.drivearabia.com/carprices/uae/ford/ford-taurus/2012/,2026-06-15T08:33:00Z
ford-taurus,2013,SHO,175000,180000,177500,"AED 175,000 - 180,000",AED,https://www.drivearabia.com/carprices/uae/ford/ford-taurus/2013/,2026-06-15T08:33:01Z
ford-taurus,2014,SHO,175000,180000,177500,"AED 175,000 - 180,000",AED,https://www.drivearabia.com/carprices/uae/ford/ford-taurus/2014/,2026-06-15T08:33:03Z
ford-taurus,2015,SHO,175000,180000,177500,"AED 175,000 - 180,000",AED,https://www.drivearabia.com/carprices/uae/ford/ford-taurus/2015/,2026-06-15T08:33:05Z
ford-taurus,2016,SHO,175000,180000,177500,"AED 175,000 - 180,000",AED,https://www.drivearabia.com/carprices/uae/ford/ford-taurus/2016/,2026-06-15T08:33:07Z
ford-taurus,2017,SHO,175000,180000,177500,"AED 175,000 - 180,000",AED,https://www.drivearabia.com/carprices/uae/ford/ford-taurus/2017/,2026-06-15T08:33:09Z
ford-taurus,2018,SHO,175000,180000,177500,"AED 175,000 - 180,000",AED,https://www.drivearabia.com/carprices/uae/ford/ford-taurus/2018/,2026-06-15T08:33:11Z
ford-taurus,2019,SHO,175000,180000,177500,"AED 175,000 - 180,000",AED,https://www.drivearabia.com/carprices/uae/ford/ford-taurus/2019/,2026-06-15T08:33:14Z
ford-taurus,2020,2.0T Ambiente,109900,110000,109950,"AED 109,900 - 110,000",AED,https://www.drivearabia.com/carprices/uae/ford/ford-taurus/2020/,2026-06-15T08:33:16Z
ford-taurus,2020,2.0T Trend,114900,115000,114950,"AED 114,900 - 115,000",AED,https://www.drivearabia.com/carprices/uae/ford/ford-taurus/2020/,2026-06-15T08:33:16Z
ford-taurus,2020,2.0T Titanium,132900,133000,132950,"AED 132,900 - 133,000",AED,https://www.drivearabia.com/carprices/uae/ford/ford-taurus/2020/,2026-06-15T08:33:16Z
ford-taurus,2020,2.0T Titanium Plus,145000,150000,147500,"AED 145,000 - 150,000",AED,https://www.drivearabia.com/carprices/uae/ford/ford-taurus/2020/,2026-06-15T08:33:16Z
ford-taurus,2021,2.0T Ambiente,109900,110000,109950,"AED 109,900 - 110,000",AED,https://www.drivearabia.com/carprices/uae/ford/ford-taurus/2021/,2026-06-15T08:33:18Z
ford-taurus,2021,2.0T Trend,114900,115000,114950,"AED 114,900 - 115,000",AED,https://www.drivearabia.com/carprices/uae/ford/ford-taurus/2021/,2026-06-15T08:33:18Z
ford-taurus,2021,2.0T Titanium,132900,133000,132950,"AED 132,900 - 133,000",AED,https://www.drivearabia.com/carprices/uae/ford/ford-taurus/2021/,2026-06-15T08:33:18Z
ford-taurus,2021,2.0T Titanium Plus,145000,150000,147500,"AED 145,000 - 150,000",AED,https://www.drivearabia.com/carprices/uae/ford/ford-taurus/2021/,2026-06-15T08:33:18Z
ford-taurus,2022,2.0T Ambiente,109900,110000,109950,"AED 109,900 - 110,000",AED,https://www.drivearabia.com/carprices/uae/ford/ford-taurus/2022/,2026-06-15T08:33:20Z
ford-taurus,2022,2.0T Trend,114900,115000,114950,"AED 114,900 - 115,000",AED,https://www.drivearabia.com/carprices/uae/ford/ford-taurus/2022/,2026-06-15T08:33:20Z
ford-taurus,2022,2.0T Titanium,132900,133000,132950,"AED 132,900 - 133,000",AED,https://www.drivearabia.com/carprices/uae/ford/ford-taurus/2022/,2026-06-15T08:33:20Z
ford-taurus,2022,2.0T Titanium Plus,145000,150000,147500,"AED 145,000 - 150,000",AED,https://www.drivearabia.com/carprices/uae/ford/ford-taurus/2022/,2026-06-15T08:33:20Z
ford-taurus,2023,Titanium,144795,145000,144898,"AED 144,795 - 145,000",AED,https://www.drivearabia.com/carprices/uae/ford/ford-taurus/2023/,2026-06-15T08:33:22Z
ford-taurus,2024,Titanium,144795,145000,144898,"AED 144,795 - 145,000",AED,https://www.drivearabia.com/carprices/uae/ford/ford-taurus/2024/,2026-06-15T08:33:24Z
ford-taurus,2025,2.0TC I4 Ambiente FWD,146895,147000,146948,"AED 146,895 - 147,000",AED,https://www.drivearabia.com/carprices/uae/ford/ford-taurus/2025/,2026-06-15T08:33:26Z
ford-taurus,2025,2.0TC I4 Trend FWD,151095,152145,151620,"AED 151,095 - 152,145",AED,https://www.drivearabia.com/carprices/uae/ford/ford-taurus/2025/,2026-06-15T08:33:26Z
ford-taurus,2025,2.0TC I4 Titanium FWD,166845,167895,167370,"AED 166,845 - 167,895",AED,https://www.drivearabia.com/carprices/uae/ford/ford-taurus/2025/,2026-06-15T08:33:26Z
ford-taurus,2026,2.0TC I4 Ambiente FWD,146895,147000,146948,"AED 146,895 - 147,000",AED,https://www.drivearabia.com/carprices/uae/ford/ford-taurus/2026/,2026-06-15T08:33:27Z
ford-taurus,2026,2.0TC I4 Trend FWD,151095,152145,151620,"AED 151,095 - 152,145",AED,https://www.drivearabia.com/carprices/uae/ford/ford-taurus/2026/,2026-06-15T08:33:27Z
ford-taurus,2026,2.0TC I4 Titanium FWD,166845,167895,167370,"AED 166,845 - 167,895",AED,https://www.drivearabia.com/carprices/uae/ford/ford-taurus/2026/,2026-06-15T08:33:27Z
ford-territory,2023,Titanium,106000,107000,106500,"AED 106,000 - 107,000",AED,https://www.drivearabia.com/carprices/uae/ford/ford-territory/2023/,2026-06-15T08:34:02Z
ford-territory,2024,1.8TC I4 Titanium 4WD,111195,113000,112098,"AED 111,195 - 113,000",AED,https://www.drivearabia.com/carprices/uae/ford/ford-territory/2024/,2026-06-15T08:34:04Z
ford-territory,2025,1.8TC I4 Trend FWD,113295,114000,113648,"AED 113,295 - 114,000",AED,https://www.drivearabia.com/carprices/uae/ford/ford-territory/2025/,2026-06-15T08:34:06Z
ford-territory,2025,1.8TC I4 Titanium FWD,131145,132145,131645,"AED 131,145 - 132,145",AED,https://www.drivearabia.com/carprices/uae/ford/ford-territory/2025/,2026-06-15T08:34:06Z
ford-territory,2025,1.8TC I4 Titanium Dark Edition FWD,138495,139000,138748,"AED 138,495 - 139,000",AED,https://www.drivearabia.com/carprices/uae/ford/ford-territory/2025/,2026-06-15T08:34:06Z
ford-territory,2026,1.8TC I4 Trend FWD,115395,116000,115698,"AED 115,395 - 116,000",AED,https://www.drivearabia.com/carprices/uae/ford/ford-territory/2026/,2026-06-15T08:34:08Z
ford-territory,2026,1.8TC I4 Titanium FWD,135345,136000,135672,"AED 135,345 - 136,000",AED,https://www.drivearabia.com/carprices/uae/ford/ford-territory/2026/,2026-06-15T08:34:08Z
ford-tourneo-custom,2017,300L LWB low roof,126000,128000,127000,"AED 126,000 - 128,000",AED,https://www.drivearabia.com/carprices/uae/ford/ford-tourneo-custom/2017/,2026-06-15T08:34:34Z
ford-tourneo-custom,2018,300L LWB low roof,126000,128000,127000,"AED 126,000 - 128,000",AED,https://www.drivearabia.com/carprices/uae/ford/ford-tourneo-custom/2018/,2026-06-15T08:34:36Z
ford-tourneo-custom,2019,300L LWB low roof,126000,128000,127000,"AED 126,000 - 128,000",AED,https://www.drivearabia.com/carprices/uae/ford/ford-tourneo-custom/2019/,2026-06-15T08:34:38Z
ford-tourneo-custom,2020,300L LWB low roof,126000,128000,127000,"AED 126,000 - 128,000",AED,https://www.drivearabia.com/carprices/uae/ford/ford-tourneo-custom/2020/,2026-06-15T08:34:40Z
ford-tourneo-custom,2021,300L LWB low roof,126000,128000,127000,"AED 126,000 - 128,000",AED,https://www.drivearabia.com/carprices/uae/ford/ford-tourneo-custom/2021/,2026-06-15T08:34:42Z
ford-tourneo-custom,2022,300L LWB low roof,126000,128000,127000,"AED 126,000 - 128,000",AED,https://www.drivearabia.com/carprices/uae/ford/ford-tourneo-custom/2022/,2026-06-15T08:34:44Z
ford-transit,2017,150XL low roof,136500,140000,138250,"AED 136,500 - 140,000",AED,https://www.drivearabia.com/carprices/uae/ford/ford-transit/2017/,2026-06-15T08:35:15Z
ford-transit,2017,150XL medium roof,141750,142000,141875,"AED 141,750 - 142,000",AED,https://www.drivearabia.com/carprices/uae/ford/ford-transit/2017/,2026-06-15T08:35:15Z
ford-transit,2017,250XL high roof,162000,165000,163500,"AED 162,000 - 165,000",AED,https://www.drivearabia.com/carprices/uae/ford/ford-transit/2017/,2026-06-15T08:35:15Z
ford-transit,2017,350XL high roof LWB EL,178500,180000,179250,"AED 178,500 - 180,000",AED,https://www.drivearabia.com/carprices/uae/ford/ford-transit/2017/,2026-06-15T08:35:15Z
ford-transit,2018,150XL low roof,136500,140000,138250,"AED 136,500 - 140,000",AED,https://www.drivearabia.com/carprices/uae/ford/ford-transit/2018/,2026-06-15T08:35:17Z
ford-transit,2018,150XL medium roof,141750,142000,141875,"AED 141,750 - 142,000",AED,https://www.drivearabia.com/carprices/uae/ford/ford-transit/2018/,2026-06-15T08:35:17Z
ford-transit,2018,250XL high roof,162000,165000,163500,"AED 162,000 - 165,000",AED,https://www.drivearabia.com/carprices/uae/ford/ford-transit/2018/,2026-06-15T08:35:17Z
ford-transit,2018,350XL high roof LWB EL,178500,180000,179250,"AED 178,500 - 180,000",AED,https://www.drivearabia.com/carprices/uae/ford/ford-transit/2018/,2026-06-15T08:35:17Z
ford-transit,2019,150XL low roof,136500,140000,138250,"AED 136,500 - 140,000",AED,https://www.drivearabia.com/carprices/uae/ford/ford-transit/2019/,2026-06-15T08:35:19Z
ford-transit,2019,150XL medium roof,141750,142000,141875,"AED 141,750 - 142,000",AED,https://www.drivearabia.com/carprices/uae/ford/ford-transit/2019/,2026-06-15T08:35:19Z
ford-transit,2019,250XL high roof,162000,165000,163500,"AED 162,000 - 165,000",AED,https://www.drivearabia.com/carprices/uae/ford/ford-transit/2019/,2026-06-15T08:35:19Z
ford-transit,2019,350XL high roof LWB EL,178500,180000,179250,"AED 178,500 - 180,000",AED,https://www.drivearabia.com/carprices/uae/ford/ford-transit/2019/,2026-06-15T08:35:19Z
ford-transit,2020,150XL low roof,136500,140000,138250,"AED 136,500 - 140,000",AED,https://www.drivearabia.com/carprices/uae/ford/ford-transit/2020/,2026-06-15T08:35:21Z
ford-transit,2020,150XL medium roof,141750,142000,141875,"AED 141,750 - 142,000",AED,https://www.drivearabia.com/carprices/uae/ford/ford-transit/2020/,2026-06-15T08:35:21Z
ford-transit,2020,250XL high roof,162000,165000,163500,"AED 162,000 - 165,000",AED,https://www.drivearabia.com/carprices/uae/ford/ford-transit/2020/,2026-06-15T08:35:21Z
ford-transit,2020,350XL high roof LWB EL,178500,180000,179250,"AED 178,500 - 180,000",AED,https://www.drivearabia.com/carprices/uae/ford/ford-transit/2020/,2026-06-15T08:35:21Z
ford-transit,2021,150XL low roof,136500,140000,138250,"AED 136,500 - 140,000",AED,https://www.drivearabia.com/carprices/uae/ford/ford-transit/2021/,2026-06-15T08:35:23Z
ford-transit,2021,150XL medium roof,141750,142000,141875,"AED 141,750 - 142,000",AED,https://www.drivearabia.com/carprices/uae/ford/ford-transit/2021/,2026-06-15T08:35:23Z
ford-transit,2021,250XL high roof,162000,165000,163500,"AED 162,000 - 165,000",AED,https://www.drivearabia.com/carprices/uae/ford/ford-transit/2021/,2026-06-15T08:35:23Z
ford-transit,2021,350XL high roof LWB EL,178500,180000,179250,"AED 178,500 - 180,000",AED,https://www.drivearabia.com/carprices/uae/ford/ford-transit/2021/,2026-06-15T08:35:23Z
ford-transit,2022,150XL low roof,136500,140000,138250,"AED 136,500 - 140,000",AED,https://www.drivearabia.com/carprices/uae/ford/ford-transit/2022/,2026-06-15T08:35:25Z
ford-transit,2022,150XL medium roof,141750,142000,141875,"AED 141,750 - 142,000",AED,https://www.drivearabia.com/carprices/uae/ford/ford-transit/2022/,2026-06-15T08:35:25Z
ford-transit,2022,250XL high roof,162000,165000,163500,"AED 162,000 - 165,000",AED,https://www.drivearabia.com/carprices/uae/ford/ford-transit/2022/,2026-06-15T08:35:25Z
ford-transit,2022,350XL high roof LWB EL,178500,180000,179250,"AED 178,500 - 180,000",AED,https://www.drivearabia.com/carprices/uae/ford/ford-transit/2022/,2026-06-15T08:35:25Z
ford-transit,2023,150XL low roof,136500,140000,138250,"AED 136,500 - 140,000",AED,https://www.drivearabia.com/carprices/uae/ford/ford-transit/2023/,2026-06-15T08:35:27Z
ford-transit,2023,150XL medium roof,141750,142000,141875,"AED 141,750 - 142,000",AED,https://www.drivearabia.com/carprices/uae/ford/ford-transit/2023/,2026-06-15T08:35:27Z
ford-transit,2023,250XL high roof,162000,165000,163500,"AED 162,000 - 165,000",AED,https://www.drivearabia.com/carprices/uae/ford/ford-transit/2023/,2026-06-15T08:35:27Z
ford-transit,2023,350XL high roof LWB EL,178500,180000,179250,"AED 178,500 - 180,000",AED,https://www.drivearabia.com/carprices/uae/ford/ford-transit/2023/,2026-06-15T08:35:27Z
ford-transit,2024,150XL low roof,136500,140000,138250,"AED 136,500 - 140,000",AED,https://www.drivearabia.com/carprices/uae/ford/ford-transit/2024/,2026-06-15T08:35:29Z
ford-transit,2024,150XL medium roof,141750,142000,141875,"AED 141,750 - 142,000",AED,https://www.drivearabia.com/carprices/uae/ford/ford-transit/2024/,2026-06-15T08:35:29Z
ford-transit,2024,250XL high roof,162000,165000,163500,"AED 162,000 - 165,000",AED,https://www.drivearabia.com/carprices/uae/ford/ford-transit/2024/,2026-06-15T08:35:29Z
ford-transit,2024,350XL high roof LWB EL,178500,180000,179250,"AED 178,500 - 180,000",AED,https://www.drivearabia.com/carprices/uae/ford/ford-transit/2024/,2026-06-15T08:35:29Z
ford-transit,2025,150XL low roof,136500,140000,138250,"AED 136,500 - 140,000",AED,https://www.drivearabia.com/carprices/uae/ford/ford-transit/2025/,2026-06-15T08:35:31Z
ford-transit,2025,150XL medium roof,141750,142000,141875,"AED 141,750 - 142,000",AED,https://www.drivearabia.com/carprices/uae/ford/ford-transit/2025/,2026-06-15T08:35:31Z
ford-transit,2025,250XL high roof,162000,165000,163500,"AED 162,000 - 165,000",AED,https://www.drivearabia.com/carprices/uae/ford/ford-transit/2025/,2026-06-15T08:35:31Z
ford-transit,2025,350XL high roof LWB EL,178500,180000,179250,"AED 178,500 - 180,000",AED,https://www.drivearabia.com/carprices/uae/ford/ford-transit/2025/,2026-06-15T08:35:31Z
ford-transit,2026,150XL low roof,136500,140000,138250,"AED 136,500 - 140,000",AED,https://www.drivearabia.com/carprices/uae/ford/ford-transit/2026/,2026-06-15T08:35:32Z
ford-transit,2026,150XL medium roof,141750,142000,141875,"AED 141,750 - 142,000",AED,https://www.drivearabia.com/carprices/uae/ford/ford-transit/2026/,2026-06-15T08:35:32Z
ford-transit,2026,250XL high roof,162000,165000,163500,"AED 162,000 - 165,000",AED,https://www.drivearabia.com/carprices/uae/ford/ford-transit/2026/,2026-06-15T08:35:32Z
ford-transit,2026,350XL high roof LWB EL,178500,180000,179250,"AED 178,500 - 180,000",AED,https://www.drivearabia.com/carprices/uae/ford/ford-transit/2026/,2026-06-15T08:35:32Z
ford-transit-custom,2017,270S SWB,105000,110000,107500,"AED 105,000 - 110,000",AED,https://www.drivearabia.com/carprices/uae/ford/ford-transit-custom/2017/,2026-06-15T08:36:00Z
ford-transit-custom,2017,330L LWB high roof,116000,120000,118000,"AED 116,000 - 120,000",AED,https://www.drivearabia.com/carprices/uae/ford/ford-transit-custom/2017/,2026-06-15T08:36:00Z
ford-transit-custom,2018,270S SWB,105000,110000,107500,"AED 105,000 - 110,000",AED,https://www.drivearabia.com/carprices/uae/ford/ford-transit-custom/2018/,2026-06-15T08:36:02Z
ford-transit-custom,2018,330L LWB high roof,116000,120000,118000,"AED 116,000 - 120,000",AED,https://www.drivearabia.com/carprices/uae/ford/ford-transit-custom/2018/,2026-06-15T08:36:02Z
ford-transit-custom,2019,270S SWB,105000,110000,107500,"AED 105,000 - 110,000",AED,https://www.drivearabia.com/carprices/uae/ford/ford-transit-custom/2019/,2026-06-15T08:36:03Z
ford-transit-custom,2019,330L LWB high roof,116000,120000,118000,"AED 116,000 - 120,000",AED,https://www.drivearabia.com/carprices/uae/ford/ford-transit-custom/2019/,2026-06-15T08:36:03Z
ford-transit-custom,2020,270S SWB,105000,110000,107500,"AED 105,000 - 110,000",AED,https://www.drivearabia.com/carprices/uae/ford/ford-transit-custom/2020/,2026-06-15T08:36:05Z
ford-transit-custom,2020,330L LWB high roof,116000,120000,118000,"AED 116,000 - 120,000",AED,https://www.drivearabia.com/carprices/uae/ford/ford-transit-custom/2020/,2026-06-15T08:36:05Z
ford-transit-custom,2021,270S SWB,105000,110000,107500,"AED 105,000 - 110,000",AED,https://www.drivearabia.com/carprices/uae/ford/ford-transit-custom/2021/,2026-06-15T08:36:07Z
ford-transit-custom,2021,330L LWB high roof,116000,120000,118000,"AED 116,000 - 120,000",AED,https://www.drivearabia.com/carprices/uae/ford/ford-transit-custom/2021/,2026-06-15T08:36:07Z
ford-transit-custom,2022,270S SWB,105000,110000,107500,"AED 105,000 - 110,000",AED,https://www.drivearabia.com/carprices/uae/ford/ford-transit-custom/2022/,2026-06-15T08:36:09Z
ford-transit-custom,2022,330L LWB high roof,116000,120000,118000,"AED 116,000 - 120,000",AED,https://www.drivearabia.com/carprices/uae/ford/ford-transit-custom/2022/,2026-06-15T08:36:09Z
