make,model,annual_dep_rate
NISSAN,PATROL,0.0604689869955563
TOYOTA,CAMRY,0.1157714369450829
TOYOTA,LAND CRUISER,0.1012593877209031
TOYOTA,COROLLA,0.1079175286715926
FORD,F-150,0.1308702787838537
TOYOTA,RAV4,0.112089584253056
LAND ROVER,RANGE ROVER,0.1751741985420325
GMC,SIERRA,0.1258721377481605
TOYOTA,PRADO,0.1147419633221905
CHEVROLET,SILVERADO,0.1341907684483403
HONDA,ACCORD,0.1389692057757588
TOYOTA,HILUX,0.0892185040338139
LAND ROVER,RANGE ROVER SPORT,0.166129156789543
TOYOTA,HIACE,0.1116169998830295
HONDA,CIVIC,0.1176830660678065
JEEP,GRAND CHEROKEE,0.150392049202569
PORSCHE,911,0.0890021120260573
BMW,X5,0.1754555394136261
VOLKSWAGEN,GOLF,0.1632271295794763
DODGE,CHARGER,0.1641638823884936
NISSAN,SUNNY,0.0865065967650549
MITSUBISHI,PAJERO,0.1329035971466977
CHEVROLET,TAHOE,0.1481635634946849
FORD,MUSTANG,0.1446382560709127
JEEP,WRANGLER,0.1200270968918139
NISSAN,ALTIMA,0.139062478086912
TOYOTA,YARIS,0.1205573541588822
HYUNDAI,SANTA FE,0.1344370974116624
LAND ROVER,DEFENDER 110,0.1020773866846083
NISSAN,X TRAIL,0.1152383409667175
GMC,YUKON,0.154418203387204
HYUNDAI,TUCSON,0.1272019187790353
HYUNDAI,ELANTRA,0.1225706971612763
RAM,1500,0.1435598494310603
HYUNDAI,SONATA,0.1282456279059424
BMW,X6,0.1744625554778648
FORD,EXPLORER,0.1643601108020362
PORSCHE,CAYENNE,0.1760493376691607
KIA,SPORTAGE,0.1259776602008981
TOYOTA,FORTUNER,0.1082786342137153
NISSAN,URVAN,0.1359582110096505
MITSUBISHI,OUTLANDER,0.1325240699273533
NISSAN,PATHFINDER,0.1199682771216607
DODGE,CHALLENGER,0.1688063933534491
NISSAN,MAXIMA,0.1381361917694923
CHEVROLET,CAMARO,0.1533607215439537
KIA,SORENTO,0.1386337788082691
LEXUS,RX350,0.1352573479159454
MAZDA,3,0.1335688359555302
HYUNDAI,ACCENT,0.112249250790513
DODGE,DURANGO,0.1556590732105739
VOLKSWAGEN,TIGUAN,0.1234215778758256
FORD,EDGE,0.1577740698309401
CHEVROLET,TRAVERSE,0.1292052473865338
JEEP,WRANGLER UNLIMITED,0.1147012446123009
CADILLAC,ESCALADE,0.1612359906731326
HONDA,CITY,0.1242579094966752
LAND ROVER,RANGE ROVER EVOQUE,0.1379894310348017
GMC,ACADIA,0.1324243663221787
HONDA,CR-V,0.1288692036274724
TOYOTA,AVALON,0.1251932337357517
LEXUS,ES350,0.1489041225538322
NISSAN,TIIDA,0.1447354909509318
FORD,EXPEDITION,0.1658302997820863
MERCEDES BENZ,C200,0.1549848123986889
HONDA,PILOT,0.1252800157555019
CHEVROLET,SUBURBAN,0.1347201267121999
CHEVROLET,CORVETTE,0.1432174201393906
HONDA,ODYSSEY,0.1371078537155864
MAZDA,6,0.1146518555384527
MINI,COOPER,0.1238820122312649
VOLKSWAGEN,TOUAREG,0.1710554573103457
GMC,TERRAIN,0.1219666900544518
MITSUBISHI,ASX,0.1080666222153148
KIA,CERATO,0.1409803608065717
MITSUBISHI,CANTER,0.0698914934048706
CHEVROLET,MALIBU,0.1212011016359718
VOLKSWAGEN,PASSAT,0.1441024730906794
NISSAN,SENTRA,0.1070344126854458
MITSUBISHI,LANCER,0.1588913658035186
LEXUS,LS460,0.197574901258415
LAND ROVER,DEFENDER,0.0715470069917703
SUZUKI,SWIFT,0.0710647544191384
GMC,YUKON XL,0.1343367926544015
FORD,FOCUS,0.1490911771231946
KIA,CARNIVAL,0.1544188474166857
MITSUBISHI,L200,0.1585973777075726
KIA,OPTIMA,0.099492875337335
AUDI,Q7,0.1719793991621169
AUDI,A6,0.155266214474679
LEXUS,IS300,0.1250211865591273
LEXUS,LX570,0.1269136594628339
LAND ROVER,RANGE ROVER VELAR,0.1283790742930578
PORSCHE,PANAMERA,0.1358943996258381
MINI,COOPER S,0.1233669523436109
CHRYSLER,300C,0.1198967225014423
TOYOTA,INNOVA,0.1020444211734435
FORD,ESCAPE,0.1384766610033431
INFINITI,Q50,0.122992559667437
CHEVROLET,CAPTIVA,0.1190366991054817
AUDI,A5,0.125825127597949
BENTLEY,CONTINENTAL,0.1684057503782274
KIA,RIO,0.1255647946061808
HYUNDAI,H1,0.1205851336730173
INFINITI,QX80,0.158052420853868
FORD,TAURUS,0.1359247941285015
MERCEDES BENZ,E200,0.1505298247648007
LAND ROVER,DEFENDER 90,0.0700680958411663
MAZDA,CX-5,0.1006092304578671
AUDI,Q5,0.1511721716144602
MERCEDES BENZ,C300,0.156923233629308
JEEP,CHEROKEE,0.1204763366790822
TOYOTA,FJ CRUISER,0.1020831810674409
MITSUBISHI,MIRAGE,0.1156011559448538
TOYOTA,SIENNA,0.1023381761876873
MERCEDES BENZ,E350,0.1452998495448837
NISSAN,ARMADA,0.1569036288461329
MERCEDES BENZ,S500,0.1397709181139137
LEXUS,IS350,0.129479018994579
BMW,X3,0.154348346106939
BMW,X4,0.1412481108878923
VOLVO,XC90,0.1899380990111783
LEXUS,GX460,0.128109564132054
INFINITI,QX60,0.15959954697875
PORSCHE,MACAN,0.0867618910580073
AUDI,A4,0.1602480186730174
AUDI,A8,0.184177925130574
RENAULT,MEGANE,0.1461953492124804
SUZUKI,JIMNY,0.0937227445208485
AUDI,A3,0.141746988619814
MAZDA,CX-9,0.132940094010339
BMW,520I,0.1663172821752814
ISUZU,NPR,0.0832174370965218
TOYOTA,PREVIA,0.113666846917615
MERCEDES BENZ,E300,0.1613337772240924
INFINITI,QX50,0.1672324904673519
RENAULT,KOLEOS,0.1338532243194081
MITSUBISHI,MONTERO SPORT,0.1234194158493424
RENAULT,DUSTER,0.1310562310170051
TOYOTA,SEQUOIA,0.0952415685702795
NISSAN,VERSA,0.0880902442367085
VOLVO,XC60,0.1604494558455044
FIAT,500,0.0882582213557479
NISSAN,X TERRA,0.0948068555448337
NISSAN,KICKS,0.1138744428594737
LINCOLN,NAVIGATOR,0.1780754510970073
PEUGEOT,PARTNER,0.1398914470446072
TOYOTA,HIGHLANDER,0.1133525809372981
MG,RX5,0.1030070065981719
KIA,PICANTO,0.1437056352471436
FORD,RANGER,0.1722783480632861
PEUGEOT,3008,0.1129348669985329
JAGUAR,F-PACE,0.1633630728232665
MERCEDES BENZ,AMG GT,0.1071544725512844
KIA,K5,0.1435566069087717
MITSUBISHI,ATTRAGE,0.110155926975744
NISSAN,ROGUE,0.1076594609433533
HYUNDAI,VELOSTER,0.1663810284595538
BMW,X1,0.1418708006644272
SUZUKI,GRAND VITARA,0.1081324560845815
CHEVROLET,IMPALA,0.1558917717184238
AUDI,Q3,0.1300291620158008
NISSAN,NAVARA,0.1382396860793738
KIA,SOUL,0.1328810660517867
VOLKSWAGEN,JETTA,0.1663765388823437
BMW,320I,0.1568232379183871
BENTLEY,BENTAYGA,0.1287715149251784
HYUNDAI,AZERA,0.1430259692242134
HONDA,HRV,0.1109228099107468
BMW,750LI,0.1759209190789118
TOYOTA,TUNDRA,0.1213079264486255
TESLA,MODEL 3,0.1499279137285194
TOYOTA,COASTER,0.114062213071906
Nissan,Patrol,0.1242046298060232
MITSUBISHI,LANCER EX,0.1226243327744899
ISUZU,D-MAX,0.1114579856700896
HYUNDAI,CRETA,0.1106822366343874
KIA,CARENS,0.135022426093636
ROLLS ROYCE,PHANTOM,0.1263717240204788
TOYOTA,TACOMA,0.1364584584348468
MERCEDES BENZ,G63 AMG,0.0790863392535454
BMW,X7,0.1114604526934089
LEXUS,RX450H,0.0992786728747401
FORD,ECOSPORT,0.1409307746819251
KIA,BONGO,0.1668945887744062
JAGUAR,XF,0.1742659693531281
LEXUS,GS350,0.1456490951237053
KIA,SELTOS,0.1063243006031974
NISSAN,MURANO,0.1162984161995384
SKODA,OCTAVIA,0.1515643041098292
CADILLAC,CTS,0.1556425205127529
NISSAN,JUKE,0.1007158014542897
HYUNDAI,KONA,0.1154274674086053
BMW,530I,0.1575400548267924
JEEP,COMPASS,0.1296125816562787
VOLKSWAGEN,BEETLE,0.1911081618025031
MERCEDES BENZ,G500,0.1247977209379345
LEXUS,LS 430,-0.0348688420221843
CHEVROLET,CAPRICE,0.1478330733605449
HAVAL,H6,0.1173193867891106
LAND ROVER,DISCOVERY SPORT,0.1417128948013745
CHEVROLET,TRAILBLAZER,0.1462963887855689
FORD,FUSION,0.1532262622364757
TOYOTA,LAND CRUISER PICKUP 70,0.1350580093951622
BMW,330I,0.1619819047780279
TOYOTA,PRIUS,0.165238538085757
KIA,CADENZA,0.1269082275481692
MG,ZS,0.1250951289707619
BMW,740LI,0.1250942153108496
MERCEDES BENZ,GLC300,0.1346109782242703
MITSUBISHI,GALANT,0.1695066788505855
MERCEDES BENZ,S350,0.1256200232668083
BMW,730LI,0.1671873126188207
KIA,PEGAS,0.1440087780222884
GENESIS,G70,0.1096934119086722
BMW,X2,0.1535518159467154
HYUNDAI,PALISADE,0.130648925277147
NISSAN,MICRA,0.0850887089415705
JAGUAR,XJ,0.1401285251480997
VOLKSWAGEN,TERAMONT,0.1599753297165305
TOYOTA,LAND CRUISER PICK UP,0.1039375538404039
MG,5,0.1246318696608942
CHEVROLET,CRUZE,0.1116859847980559
CHEVROLET,SPARK,0.1650291032292581
TESLA,MODEL S,0.1582223189237274
MINI,COUNTRYMAN,0.1324459443723712
Toyota,Rav4,0.1045027139127285
MITSUBISHI,ECLIPSE CROSS,0.0964471473848336
NISSAN,PICK UP,0.1305473309802775
MERCEDES BENZ,CLS350,0.1426473206824996
NISSAN,QASHQAI,0.0860289217847859
BENTLEY,FLYING SPUR,0.1529595069349008
LINCOLN,NAUTILUS,0.1471876255206866
LINCOLN,MKX,0.11638452472544
MASERATI,GHIBLI,0.2067538860429822
FORD,FIESTA,0.0967597694463219
GEELY,COOLRAY,0.1003733329953031
LEXUS,LX600,0.0798655979688967
CHEVROLET,AVEO,0.1444230233022972
TOYOTA,4RUNNER,0.1041772724622223
AUDI,A7,0.163610880946541
AUDI,Q8,0.1197184365400995
AUDI,TT,0.1426352104675099
MASERATI,QUATTROPORTE,0.1556530654159944
TOYOTA,COROLLA CROSS,0.0280545307179651
SUBARU,FORESTER,0.1478568514613177
MERCEDES BENZ,C63 AMG,0.1403281137779697
MASERATI,LEVANTE,0.1350085976555817
BMW,Z4,0.150166132880443
SUZUKI,ERTIGA,0.11654342656631
KIA,TELLURIDE,0.1053008867728652
GENESIS,G80,0.1522332903518563
MERCEDES BENZ,S63 AMG,0.180728816080695
SUBARU,LEGACY,0.1345422819579723
HONDA,ACCORD COUPE,0.1050953667588663
MERCEDES BENZ,A200,0.1445036339732213
FORD,TRANSIT,0.1315325387844803
LEXUS,IS250,0.1725893981954839
INFINITI,QX70,0.0821946778489743
MERCEDES BENZ,CLA250,0.1384885925872369
INFINITI,G37,0.1307857793934754
TOYOTA,RAV 4,0.0045154505709231
Toyota,CAMRY HYBRID,0.1189665395423236
TESLA,MODEL X,0.1068440354706535
LEXUS,ES250,0.1044983370273059
PEUGEOT,208,0.1552309646560081
PEUGEOT,BOXER,0.1217124407664068
BMW,M5,0.1551374924442553
MG,HS,0.1166595602084987
PORSCHE,718 CAYMAN,0.11947959987527
BMW,530i,0.1567642013529189
ROLLS ROYCE,GHOST,0.1127526699205233
CADILLAC,XT5,0.1035742211830629
MERCEDES BENZ,C250,0.1477840225796197
TOYOTA,86,0.0855240591948931
CHEVROLET,BLAZER,0.0953533760701462
MERCEDES BENZ,V250,0.1476049869335799
SUZUKI,BALENO,0.1071931454560948
VOLVO,S60,0.1667045042765381
BMW,520i,0.1683966011401506
TESLA,MODEL Y,0.1158413914428028
KIA,K3,0.1389222943378449
KIA,MOHAVE,0.1651751939925736
JETOUR,T2,0.0492059772827242
MG,6,0.0665650778653821
PORSCHE,TAYCAN,0.0008786203423446
LAND ROVER,LR4,0.0663229936412937
PEUGEOT,508,0.1826658531841234
NISSAN,PATROL PICK UP,0.1499470765648367
BMW,M4,0.1311584637713204
HYUNDAI,PORTER,0.1293322356228784
LAND ROVER,DISCOVERY,0.0987370017047003
SUZUKI,APV,0.1225207504309351
SUZUKI,DZIRE,0.0999614257945588
FORD,BRONCO,0.0726427078753848
KIA,FORTE,0.1245754266178003
SUBARU,IMPREZA,0.1579582895876107
CHEVROLET,AVALANCHE,0.1780735338881974
KIA,SEDONA,0.1417531757291034
BMW,320i,0.1622166521459107
HONDA,JAZZ,0.1555745149275107
BMW,420I,0.1262856254803281
TOYOTA,RAIZE,0.0986431035291447
HYUNDAI,STARIA,0.0748097217920784
HAVAL,JOLION,0.0714142294105002
DAIHATSU,TERIOS,0.0902159923444259
CHEVROLET,EQUINOX,0.1546804795114988
SUZUKI,VITARA,-0.019465545681333
MINI,COOPER COUNTRYMAN,0.1132049091551035
LEXUS,NX350,0.1123950707822012
HYUNDAI,GENESIS,0.1163002972701912
PEUGEOT,5008,0.134208376854845
CHEVROLET,TRAX,0.1390030299839021
NISSAN,370Z,0.1046820749958582
FORD,FIGO,0.1584334690291446
PORSCHE,CAYMAN,0.1416426232254869
VOLKSWAGEN,CC,0.0990145881912337
RENAULT,SYMBOL,0.1345009006728479
FORD,F-350,0.1072595775470046
FORD,FLEX,0.1832855858145247
VOLVO,S90,0.0965397484468547
JAGUAR,F-TYPE,0.1354193189508594
VOLKSWAGEN,T-ROC,0.0922660581332968
SUZUKI,CIAZ,0.1356376959486617
Nissan,Kicks,0.137891381407696
CADILLAC,SRX,0.169962542747653
SUBARU,BRZ,0.1133176362009094
MITSUBISHI,XPANDER,0.0939367958384538
BMW,330i,0.1584770996252508
MG,RX8,0.035787060297365
NISSAN,GT-R,0.1097926577007851
BMW,650I,0.1828071629339206
TOYOTA,AURION,0.1238282453360377
MERCEDES BENZ,E63 AMG,0.1670993976467477
LINCOLN,MKZ,0.0923712750677252
LEXUS,ES300 H,0.1298612616357926
HYUNDAI,AVANTE,0.1239659232927428
HYUNDAI,GRAND STAREX,0.1029404419212872
DODGE,RAM,0.1039467777533659
JAGUAR,E-PACE,0.1089045109116463
ALFA ROMEO,GIULIA,0.0798304459688923
SUBARU,WRX,0.1071787285638617
GMC,ENVOY,0.0915858282420498
LEXUS,RC350,0.1050598888700001
NISSAN,TITAN,0.0982372453782737
JEEP,RENEGADE,0.069842365276005
JAGUAR,XE,0.1958196289454028
MAZDA,CX-3,0.0876227190205818
CHEVROLET,EXPRESS,0.1419352060925064
MAZDA,CX-30,0.0926255830674922
RENAULT,FLUENCE,0.1763603934001563
MERCEDES BENZ,A250,0.1294573032660579
JETOUR,DASHING,0.1237499380347418
LEXUS,NX200T,0.1008158786546645
CADILLAC,ESCALADE ESV,0.1438694130244535
MERCEDES BENZ,S550,0.1823815700817127
MERCEDES BENZ,S600,0.1847381396976231
LEXUS,GS300,0.1308868996974875
DAIHATSU,SIRION,0.1414889765433634
INFINITI,QX56,0.200408203971606
CADILLAC,CT5,0.133124127334275
TOYOTA,SUPRA,0.0937534321000379
MERCEDES BENZ,GLS450,0.1822959053684618
BMW,120I,0.1497776651939724
TOYOTA,AVANZA,0.0901725898146534
PEUGEOT,EXPERT,0.1157766596103545
VOLKSWAGEN,SCIROCCO,0.1278524401881925
LINCOLN,TOWN CAR,0.163003857266321
LEXUS,UX200,0.0789477200394905
Jeep,Wrangler,0.1360822740362915
CADILLAC,ATS,0.1871147593319906
TOYOTA,RUSH,0.0391266008201397
TOYOTA,LAND CRUISER 70,0.0778329047847892
ROLLS ROYCE,CULLINAN,0.1038268694990721
MERCEDES BENZ,ML350,0.162386056176389
MITSUBISHI,FUSO ROSA,0.140745021139466
LAMBORGHINI,HURACAN,0.0692245852917722
PEUGEOT,2008,0.1465014675093945
PEUGEOT,308,0.1687289240626613
LEXUS,ES300,0.1261390554486172
LINCOLN,CORSAIR,0.1888791762794411
GAC,GS3,0.146698381685675
CHANGAN,CS95,0.1202732035016082
BMW,M3,0.1343504651319906
MERCEDES BENZ,VITO,0.1411265841317613
MERCEDES BENZ,E500,0.1920088737678109
INFINITI,Q60,0.1217988624487972
BMW,430I,0.1317783830406732
GENESIS,GV70,0.0310790714998185
TOYOTA,WISH,0.0806400264637463
GAC,GS4,0.156049641248979
GAC,GS8,0.1396559620078585
PEUGEOT,301,0.1292505213424898
MG,GT,0.1239969415175646
JEEP,GLADIATOR,0.090813833120275
MG,ONE,0.1582250868825052
LEXUS,NX300,0.0700270130859631
FORD,TERRITORY,0.1287088057476628
SUBARU,XV,0.1332153034312654
HONDA,ODYSSEY J,0.1192659117813634
GEELY,MONJARO,0.1211773150788058
Kia,Sportage,0.0970856222248015
TOYOTA,ALTIS,0.0361754823081503
CHEVROLET,LUMINA,0.2075049675244086
MERCEDES BENZ,GLE450,0.1464526676377269
MAZDA,E2000,0.1270944652608289
MERCEDES BENZ,GL500,0.1468183508283524
ROX,01,0.1375708696435101
JAC,S3,0.1465770080192571
PORSCHE,718 BOXSTER,0.0746105962015795
RENAULT,SAFRANE,0.1392857201000531
RENAULT,CAPTUR,0.1287208145457204
MAZDA,2,0.1721571365832204
VOLVO,S40,0.1378093140592254
KIA,MORNING,0.0901592726018726
BMW,528I,0.1511023927784683
PORSCHE,BOXSTER,0.1057193301915876
JETOUR,X70,0.0684136697046569
AUDI,S3,0.1218581648579245
AUDI,S8,0.1504858305894757
BMW,420I GRAN COUPE,0.1448599226515186
LAMBORGHINI,URUS,0.0619061356053574
MERCEDES BENZ,S400,0.129211295100954
NISSAN,X-TRAIL,-0.0104763189070131
Honda,Accord,0.1258102513293598
MERCEDES BENZ,CL500,0.1880870263493026
SKODA,KODIAQ,0.1315033462509142
CHANGAN,CS35 PLUS,0.073278197128457
MERCEDES BENZ,C43 AMG,0.1538650519535237
Hyundai,Tucson,0.1101154359085232
INFINITI,Q70,0.0830474276100718
Toyota,LAND CRUISER,0.0579291585917358
MERCEDES BENZ,A35 AMG,0.1350498319599885
MAZDA,MX-5,0.0996909228249406
VOLVO,XC40,0.1155117935100757
CHEVROLET,SONIC,0.1431532647119229
TOYOTA,C-HR,0.1355370436602369
MERCEDES BENZ,C350,0.1656976861599663
MERCEDES BENZ,A45,0.1528038358764649
CADILLAC,XT4,0.1931421968638976
MITSUBISHI,L300,0.145509450769725
BMW,IX,0.1096791000327379
VOLKSWAGEN,POLO,0.1096446189189179
VOLKSWAGEN,ID 4 CROZZ,-0.0788893599004945
HYUNDAI,GRAND I10,0.1386160946822939
HYUNDAI,I10,0.1406151527068191
MERCEDES BENZ,E250,0.1222166569398205
CADILLAC,CT4,0.102670463302224
BMW,750Li,0.2018649055470304
JETOUR,X70 PLUS,0.0622320772886175
JEEP,GRAND CHEROKEE L,0.1078291822651005
BMW,740I,0.1363517538170912
SKODA,SUPERB,0.100641870340583
CHANGAN,UNI-T,0.0572593307964695
MERCEDES BENZ,CLA45 AMG,0.1317812950325667
Chevrolet,Captiva,0.0830884043205639
LAMBORGHINI,AVENTADOR,0.0739186480408899
Volkswagen,GOLF R,0.1365528409600145
MERCURY,GRAND MARQUIS,0.146466860316099
MINI,JOHN COOPER WORKS,0.1035894163349194
BENTLEY,CONTINENTAL GT,0.0987883488935187
AUDI,RS3,0.1143009854845701
MERCEDES BENZ,GLC200,0.1165460059035543
BMW,335I,0.146196905909159
BMW,730Li,0.1766242691677219
BMW,740Li,0.1534684280292283
Kia,Seltos,0.114797657872302
GMC,SAVANA,0.1126644274837495
GENESIS,GV80,0.0605280296905081
LAND ROVER,LR2,0.1345339241725096
LEXUS,LS430,0.1057726768942836
HYUNDAI,MATRIX,0.1583294717483853
DODGE,NITRO,0.1312535370366385
BMW,318I,0.1242350603509444
LEXUS,LS 460,0.1069584761517431
LAND ROVER,DEFENDER 130,0.0023756635796856
Toyota,Corolla,0.0874717659748055
VOLKSWAGEN,CADDY,0.1346643514600473
TOYOTA,COROLLA 1.8,0.0899159172825034
HYUNDAI,VERACRUZ,0.1312737391519275
Hyundai,ELANTRA,0.1203890248990112
AUDI,S5,0.1397870084603442
BMW,325I,0.1695681111751334
Nissan,Xterra,0.0741647858416939
MASERATI,GRAN TURISMO,0.1437936322397288
BMW,420i,0.1156807129790756
HYUNDAI,GETZ,0.1579195645554922
HAVAL,H9,0.1159435091808667
MERCEDES BENZ,GLA250,0.1079830863932599
MERCEDES BENZ,C200 K,0.198404399830558
MERCEDES BENZ,GLE53 AMG,0.1252607081167174
HONGQI,HS5,0.0446530964944347
TOYOTA,VIOS,0.1071854193239395
NISSAN,PATROL GLV,0.0131507037197328
PEUGEOT,207,0.1295733154142627
GEELY,EMGRAND,0.095024911996889
LINCOLN,AVIATOR,0.1386591036110949
HYUNDAI,I30,0.1069941257897212
MERCEDES BENZ,VIANO,0.1199996399317077
MERCEDES BENZ,CLS500,0.1716163705679351
MERCEDES BENZ,GLA200,0.109065055010346
MITSUBISHI,FUSO CANTER,0.1085830417726801
BMW,735I,0.1550594244321003
BMW,430I GRAN COUPE,0.1392423353760827
CHRYSLER,300,0.1668854518511813
TOYOTA,ECHO,0.0826313406996057
TOYOTA,GRANVIA,0.0777676777968398
LINCOLN,CONTINENTAL,0.2474892975244323
MERCEDES BENZ,S500 L,0.1360649917501221
MERCEDES BENZ,S320,0.1376970336889569
Mitsubishi,ASX,0.0766996484715097
HYUNDAI,GRAND i10,0.1314373206810292
TOYOTA,TOYOTA,0.0499621210314054
OPEL,CORSA,0.138337177886596
Nissan,Altima,0.115182920469428
GREAT WALL,WINGLE 7,0.0323640761742869
NISSAN,ROGUE SPORT,0.0842960889051754
MERCEDES BENZ,E320,0.1467496943821343
GREAT WALL,WINGLE 5,0.1066716268642032
KIA,SONET,0.1100099247239706
INFINITI,G35,0.1492647997865595
INFINITI,Q30,0.1392319688912929
BMW,540I,0.1520887479796859
Toyota,Fortuner,0.0450131328502997
MG,ZS EV,0.1921107861654919
MINI,COOPER S COUNTRYMAN,0.1040960479186652
INFINITI,FX35,0.2119050248654531
Dodge,Charger,0.117108787890962
MERCEDES BENZ,G55 AMG,0.1098379983348238
MERCEDES BENZ,C180,0.1638061480627701
CHEVROLET,GROOVE,0.0617222227758472
MAXUS,T60,0.0634601429046574
ALFA ROMEO,STELVIO,0.1196582928554891
TANK,300,0.106239637029158
VOLVO,S80,0.1237674774597624
ABARTH,695,0.0736978299232473
ASTON MARTIN,VANTAGE,0.1176865663201546
AUDI,R8,0.1446463471506567
MERCEDES BENZ,GLE350,0.1413086463172304
LEXUS,LS500,0.0855839302667987
BESTUNE,T77,0.051290885992106
RENAULT,DOKKER,0.0970734790243997
MERCEDES BENZ,GLE63 AMG,0.1575531627838837
Land Rover,Defender,0.0940070398697822
BAIC,X7,0.10183368105147
BMW,428I,0.0634453781177093
Honda,Civic,0.0572226145737657
LEXUS,GS430,0.0860364679050416
BYD,LEOPARD 8,0.0578804546407726
LINCOLN,MKC,0.1347340900542512
KIA,CERATO KOUP,0.1325139201200615
LEXUS,GS450H,0.1477974760028403
NISSAN,CIVILIAN,0.1214058084180763
JAC,J7,0.1220511456654863
HUMMER,H2,0.17692782193026
GREAT WALL,POER,0.0664593631890856
BYD,LEOPARD,0.0941315478534974
TOYOTA,COROLLA 1.6,0.0515193645017727
KIA,STINGER,0.1416082221638112
SUZUKI,CELERIO,0.1330691197029064
MG,7,0.1358661936943465
MERCEDES BENZ,CLA35 AMG,0.102025359890451
PORSCHE,CAYENNE COUPE,0.1604090739286532
GMC,Yukon,0.1108546050029075
CHANGAN,UNI-K,0.1067313526058166
NISSAN,FRONTIER,0.1302593405494999
BENTLEY,MULSANNE,0.1740102330000521
MAXUS,V80,0.0681268844185446
VOLKSWAGEN,TRANSPORTER,0.1011532682750543
LAND ROVER,LR3,0.0787216846479316
LEXUS,LC500,0.0600053521740228
SUZUKI,SX4,0.1799277735228537
MERCEDES-BENZ,A200,0.145946910457602
CHANGAN,EADO PLUS,0.1040928579884015
Jeep,Grand Cherokee,0.1315086818944986
JEEP,PATRIOT,0.0919985382344564
FERRARI,812,0.2220404567991853
LEXUS,LX470,0.0939308076518946
HYUNDAI,VENUE,0.1169186524195419
AUDI,E-TRON,0.0994889954399834
GENESIS,G90,0.1487732942859517
ABARTH,595,0.0834792636416521
ROLLS ROYCE,WRAITH,0.1452677623687092
DAIHATSU,GRAN MAX,0.0801642376442022
LEXUS,CT200H,0.1043850340845495
HYUNDAI,GRANDEUR,0.1404991433829688
MERCEDES BENZ,CLS450,0.0899932474310969
Nissan,Sunny,0.0958672995785783
MERCEDES BENZ,GL450,0.1558363907522189
MERCEDES BENZ,CLA200,0.1501764022394063
Nissan,Xtrail,0.1234697336761091
INFINITI,QX55,0.1241564357749365
FORD,CROWN VICTORIA,0.1312354273185844
LINCOLN,MKS,0.0460612084653203
NISSAN,QUEST,0.070588579295174
AVATR,12,0.1890049859966766
FORD,MONDEO,0.1665437954248299
GAC,GS3 EMZOOM,-0.1140321695246506
OPEL,ASTRA,0.1558142237267974
BMW,325i,0.1166399145828019
BMW,523I,0.1494221494033103
Chevrolet,Tahoe,0.0903047755809741
RENAULT,MASTER,0.1224376081155623
TOYOTA,COROLLA 1.3,0.0761833865837616
VOLKSWAGEN,ID 6 CROZZ,0.0155656952596987
MERCEDES BENZ,SLK200,0.1407275035130931
Volkswagen,Tiguan,0.1093141761348114
Toyota,LAND CRUISER PRADO,0.075039903901291
MERCEDES BENZ,GLC 43 AMG,0.1396779464460774
Toyota,Yaris,0.0913722896122879
MITSUBISHI,NATIVA,0.093026843556164
MERCEDES BENZ,C180 K,0.1404349481004255
BYD,LEOPARD 5,0.1885655448352465
MERCEDES BENZ,E240,0.1609820423516971
PEUGEOT,TRAVELLER,0.0785802951314024
HYUNDAI,COUPE,0.1904988338800732
HYUNDAI,GENESIS COUPE,0.1052357356331942
BMW,550I,0.1824715447317313
EXEED,RX,0.0004811290129953
TOYOTA,CROWN,0.0479346643691639
CHANGAN,ALSVIN,0.0950058343335027
CHANGAN,CS75 PLUS,0.0737876178353886
BMW,535I,0.065072761658062
LEXUS,RC F,0.0948319241165124
MERCEDES BENZ,S450,0.1889734276214489
BYD,SEAL,-0.0395482503583302
MITSUBISHI,PAJERO SPORT,0.1378731296084867
LEXUS,GX470,0.0750476754745507
CITROEN,C5 AIRCROSS,0.1003062038945583
Volkswagen,Teramont,0.1692474590401366
Lexus,ES350,0.134350059085358
Mini,Cooper,0.1040379094896476
MERCEDES BENZ,GLK350,0.1851513161505537
RENAULT,TALISMAN,0.2957750006892209
CHANGAN,CS85,0.1363119821204691
NISSAN,ROUGE,0.0802544917500196
AUDI,RS5,0.1340630862371573
BMW,XM,0.0862122504406213
OPEL,INSIGNIA,0.1473028994251769
NISSAN,NISSAN PATROL,0.0162824065250849
LEXUS,LS600H,0.1566100326182876
MERCEDES BENZ,SL63 AMG,0.1342334376810915
MAZDA,CX-90,0.0376115617801026
BAIC,BJ40,0.0816083151142126
CHEVROLET,ASTRO,-0.0318492017770868
CHERY,TIGGO 7 PRO,-0.0064355581581923
HYUNDAI,TRAJET,0.1655463357459767
LEXUS,IS200T,0.1483498012979519
BMW,760I,0.1339737695067269
DODGE,VIPER,0.0753175812933885
ROLLS ROYCE,DAWN,0.1133237296477558
MERCEDES BENZ,ML500,0.1522254320109081
Mazda,CX-5,0.0999211914574239
BMW,760LI,0.1414279220022711
VOLKSWAGEN,AMAROK,0.1769634922429297
Hyundai,Creta,0.1177528893346242
JAC,JS4,0.1074548751160707
MERCEDES-BENZ,GLE450,0.1100121313597674
TOYOTA,URBAN CRUISER,0.0807804706602028
SKODA,KAMIQ,0.1216583018306656
NISSAN,350Z,0.0911589600020242
SEAT,LEON,0.1358323002568476
BYD,SONG PLUS,0.1075187503748249
JEEP,COMMANDER,0.0591233072986192
MERCEDES BENZ,SPRINTER,0.1318058977961281
EXEED,LX,0.0536312608277235
TOYOTA,ALPHARD,0.1125754269904479
LEXUS,NX 350H,0.0593219406310719
MERCEDES BENZ,CLS63 AMG,0.2154524539193942
MERCEDES BENZ,CLS53 AMG,0.1390049827587873
ALFA ROMEO,GIULIETTA,0.1213284057201533
PEUGEOT,206,0.1760848491484008
FERRARI,SF90,0.0834469531402719
TANK,500,-0.0152282321371159
MERCEDES BENZ,E450,0.0901119572102268
VOLVO,V40,0.1345196356943135
CMC,VERYCA,0.0801952998167323
Kia,Sorento,0.103355148364212
MITSUBISHI,GRANDIS,0.095461194200935
BYD,SONG L,0.0021287919105905
JAGUAR,XK,0.1123545985383748
SUBARU,TRIBECA,0.110282565991696
MERCEDES-BENZ,CLA250,0.1367870679473322
LEXUS,IS 350,0.0637568126624421
CHANGAN,CS35,0.1746666785038069
VOLKSWAGEN,MULTIVAN,0.0113878419474543
CADILLAC,XTS,0.1496173600315088
CADILLAC,XT6,0.0598144408309503
MERCEDES BENZ,S 500,0.0078577668097391
CHRYSLER,200,0.1207583330380533
Honda,HRV,0.1460649197100936
ROX,1,0.2453379371047884
BMW,220I,0.166703218896806
VOLKSWAGEN,EOS,0.1702756537859822
AUDI,S7,0.1232834921783166
DODGE,CALIBER,0.1542752062797525
BMW,X6 M,0.1413904345470656
CITROEN,C4,0.144100064311057
SKODA,FABIA,0.1492441603250679
BMW,328I,0.156947378358079
LEXUS,GS460,0.1260735418172266
MG,3,0.2293140476771428
VICTORY,V2,0.1275820669252685
BMW,M2,0.1403553134140122
MERCEDES BENZ,A 200,-0.1075011826597238
GAC,EMPOW,0.1906054265103036
BMW,M440I,0.0786865244333747
GREAT WALL,WINGLE 3,0.1178888720196672
AUDI,RS7,0.1598651872351164
GEELY,EMGRAND X7 SPORT,0.1211759789215682
GMC,HUMMER EV,0.072474171392026
BYD,HAN,0.0939757277722332
CHEVROLET,EPICA,0.2210456110509896
MERCEDES BENZ,C240,0.1103515194941808
Ford,Escape,0.1430702475163988
GAC,M8,0.2613708396434817
TOYOTA,TOYOTA COROLLA,0.1106996295138534
FORD,E-450,0.1286541162928919
NISSAN,Z,0.1254380265817335
AUDI,SQ5,0.1218766791197012
CHERY,TIGGO 8 PRO MAX,0.0396989374139166
JAGUAR,X TYPE,0.1253895167334098
KIA,K8,0.1322737339240992
VICTORY,K1,0.1228557430502529
INFINITI,EX35,0.1244333568354684
MERCURY,MOUNTAINEER,0.1349832673023927
MERCEDES-BENZ,V250,0.1637338310674293
HYUNDAI,i30,0.0924249491254746
BMW,318i,0.1491853121050671
HYUNDAI,GRAND SANTA FE,0.0758469543502836
Chevrolet,Traverse,0.1374211278407365
HONDA,MRV,0.142612979689132
TOYOTA,VELOZ,-0.0044315996519106
HONGQI,EHS9,0.0896949722446023
MERCEDES BENZ,CL550,0.1284994518880993
MERCEDES BENZ,E280,-0.0342772088923606
MAZDA,323,0.1349514545532164
MERCEDES BENZ,E400,0.1269142515272453
MERCEDES BENZ,CLK320,0.1724349453438842
PEUGEOT,307,0.1652371384749844
AUDI,A1,0.0821198878462864
RAM,2500,0.1187547420446271
EXEED,TXL,0.0476382198220979
CHRYSLER,300S,0.197793469887773
MERCEDES BENZ,SL500,0.0968693487434925
Mazda,3,0.0614606664661626
JAC,T8,0.0651162241595595
CADILLAC,CT6,-0.1254706871581867
Hyundai,Accent,0.1052300581098827
SKODA,SCALA,0.078036382424471
MERCEDES-BENZ,SPRINTER,0.0959298001779423
MASERATI,GRECALE,-0.0797215102546191
BMW,640I GRAN COUPE,0.1257851822923426
BMW,630I,0.1462151307712713
BYD,LEOPARD 7,-0.1338659392049834
CHERY,ARRIZO 5,0.1020300415400086
MERCEDES BENZ,E 550,0.1174021914659514
AUDI,Q2,0.1048473642661496
RENAULT,TRAFIC,0.129267562731394
FIAT,500X,0.0911744620082654
GEELY,OKAVANGO,0.1413882818744356
GEELY,STARRAY,0.0569468203070947
Skoda,Octavia,0.1774352855099565
Land Rover,RANGE ROVER SPORT,0.1132096961315458
Porsche,Cayenne,0.1909367302342558
MERCEDES BENZ,G550,0.0776719852094839
MERCEDES BENZ,C230,0.1777408882489076
MERCEDES BENZ,CLS550,0.1737172389695239
LEXUS,GS250,0.1341271525999656
LAMBORGHINI,GALLARDO,0.091762625244787
SUZUKI,KIZASHI,0.1520978810263283
MERCEDES-BENZ,C200,0.1401695186896399
LEXUS,IS300C,0.1295671388689808
BMW,525I,0.0835885910533681
Kia,Cerato,0.1264986366122227
BMW,323I,0.1126619218759051
MAZDA,BT-50,0.1134173578899845
BMW,120i,0.1719171949439012
Land Rover,RANGE ROVER VELAR,0.1337639171591863
Chevrolet,Groove,0.0421355154994446
VOLVO,C30,0.0835794631098918
CHERVOLET,CAPRICE,0.1963176651912034
MG,350,0.1518081639762796
MERCEDES-BENZ,GLC200,0.1222580240672099
CHRYSLER,GRAND VOYAGER,0.1290353604763434
CHRYSLER,PACIFICA,0.2202182230029733
DODGE,JOURNEY,0.1482805053649915
CHANGAN,CS75,0.0983827333520803
JETOUR,X90 PLUS,0.1052095357794353
HONGQI,H5,0.1287816658836375
MERCEDES BENZ,C 200,0.1062189632208423
BMW,M850I,0.1280705108697072
JETOUR,G700,0.0273892735717431
FERRARI,296,0.0336915962443764
FERRARI,458 ITALIA,0.1290915580298492
NISSAN,2400,0.0914601105515428
HONDA,ZR-V,0.1380695353019634
MERCEDES BENZ,C280,0.1452271332421408
NISSAN,NISSAN,0.0021785910905266
HYUNDAI,CENTENNIAL,0.1762615231705643
BMW,540i,0.1517607173209957
MITSUBISHI,ECLIPSE,0.130880119804708
MERCEDES BENZ,ML63 AMG,0.1415277141964611
Mazda,6 ULTRA,0.0816248254850824
LINCOLN,MK-T,0.0414958862362797
BMW,740i,0.1670456550083311
MERCEDES BENZ,GLS63 AMG,0.1535786134924175
BAIC,BJ40 PLUS,0.0778527456386375
MERCEDES BENZ,GLB250,0.1139320417727682
Lexus,RX350,0.1075513315298731
JAC,M4,0.1717811856556
INFINITI,M37,0.047483257618712
INFINITI,QX 80,0.0795172015771488
BYD,ATTO 3,0.0373855392092785
BMW,M340I,0.0712090921287674
Audi,A6,0.1481503805309848
GEELY,EMGRAND GT,0.3839766604781782
AUDI,RSQ3,0.1456087906928023
ZNA,RICH,0.1520483237774885
AUDI,S6,0.1458054419939267
BAIC,U5 PLUS,0.0666420453922416
SOUEAST,S06,0.1882710531020939
HONDA,FIT,-0.001332020418439
BMW,IX1,0.0380313637778693
BMW,I8,0.1512790022303107
MERCEDES BENZ,A220,-0.0030964691946917
FORD,EVEREST,0.1655914725425927
MERCEDES BENZ,SLK350,0.1337833202195462
MERCEDES BENZ,SLS AMG,0.1629365091628515
LEXUS,ES 350,0.0387443044863302
MERCEDES-BENZ,S500,0.1709074389659884
KIA,SPORTAGE L,0.0101578099513576
BMW,316I,0.133313699613955
SUBARU,OUTBACK,0.1278647269910691
MG,360,0.0239843059299247
EXEED,VX,0.1211701849433198
KIA,K4000,0.1530674286993675
VICTORY,V1,0.0459081844689013
MG,GS,0.1803090786613695
MERCEDES-BENZ,GLC300,0.1186107919104365
BMW,325Ci,0.1434909433675507
HONGQI,H9,0.0247855164103514
SUZUKI,FRONX,0.1473330437006225
SUZUKI,ALTO,0.1521330873596356
Honda,City,0.0940145420411634
Mazda,CX-3,0.0818346419629298
CHEVROLET,OPTRA,0.1470243850985791
MERCEDES BENZ,S580,0.174519249970991
MERCEDES BENZ,S560,-0.0289952715799994
BESTUNE,B70,0.1584118128848696
LEXUS,RC300,0.1293499607237005
LEXUS,RX330,0.0280979373322503
MERCEDES BENZ,S450 L,0.1634210943592783
CHANGAN,UNI-V,0.1039835446431425
BMW,118I,0.1586991020972793
Mini,COOPER S COUNTRYMAN,0.1231443749840321
MERCEDES BENZ,GLC63 AMG,0.1523676793815793
BESTUNE,T99,0.0767809215650411
Suzuki,Baleno,0.1350182730505159
BMW,218I GRAN COUPE,0.107545720857644
MERCEDES BENZ,GLS580,0.1573119002028462
BMW,750i,0.123720592730681
Toyota,Raize,0.0729900014657561
MERCEDES BENZ,CL63 AMG,0.2212212188032911
MERCEDES BENZ,E53 AMG,0.0861489257696854
MERCEDES BENZ,E55 AMG,-0.0127210924995513
BENTLEY,ARNAGE,0.1423489822733534
AUDI,S4,0.1204134095487993
MCLAREN,720S,0.0101416255514324
MERCEDES BENZ,GLA45 AMG,0.0726354259540325
TOYOTA,SOLARA,0.2070934687578458
TOYOTA,SCION,0.0958163355441843
Ford,TERRITORY,0.0676411571826025
GAC,GN6,0.1519043073749765
PEUGEOT,RCZ,0.1271093694934094
FORD ,TAURUS,0.112351385120247
BYD,QIN PLUS,0.1298741453041261
RENAULT,TWIZY,0.1006112729203894
MITSUBISHI,XPANDER CROSS,0.101120670981059
Mazda,CX-30,0.0177549988777394
Mitsubishi,MONTERO SPORT,0.1883820293277464
TOYOTA,LITEACE,0.1060263378639949
FORD,EXPLORER SPORT TRAC,0.0472143369705763
JAC,JS6,-0.0004687961852944
BMW,535i,0.0410260192884261
INFINITI,G25,-0.0338466895707867
INFINITI,QX30,0.2958076608737576
INFINITI,FX50,0.0524652358886309
BMW,730I,0.1288588834270165
VOLKSWAGEN,ATLAS,-0.0045749980200093
TOYOTA,LEVIN,0.1252786365754052
FERRARI,CALIFORNIA,0.0856600891411805
TOYOTA,ZELAS,0.1297521901572925
HONGQI,OUSADO,-0.0295378787878763
NISSAN,SKYLINE,-0.4772232044601348
HONDA,S2000,0.0799418740178111
Kia,K5,0.0950425551201128
DODGE,DART,0.0727880455460523
SKODA,KUSHAQ,0.0485821063538646
KIA,QUORIS,0.152534299261785
KIA,OPRIUS,0.1664419547834743
KIA,K2700,0.1290974202704965
MERCEDES-BENZ,GLS 600,0.0396217979327911
BMW,525i,0.0916478441046082
BMW,323i,0.142169610960728
BMW,218i GRAN COUPE,0.148691013877612
BMW,228I GRAN COUPE,0.0776168758449895
Kia,Carnival,0.1345916585475985
BMW,320Ci,0.1276556006884017
VOLKSWAGEN,ID 4,-0.424890101561314
MERCEDES BENZ,S580 L,0.1038285118997948
MERCEDES BENZ,S65 AMG,0.2027966942958313
SUZUKI,SUZUKI SWIFT,0.0409392631526129
CHERY,TIGGO 7,-0.0345234878285476
MERCEDES BENZ,GLS 600,0.064079215538397
MERCEDES BENZ,S 350,0.3719466986169029
LEXUS,RX300,0.1004830468942461
LEXUS,SC430,0.1087195691232375
LEXUS,RX350H,0.1622152483182593
LEXUS,LS600h,0.1186787993876926
SUZUKI,CARRY,0.0480359334423259
MERCEDES BENZ,GLC250,0.1102695582105698
MAXUS,G50,0.0081972926994506
Lexus,NX350,0.0909859569234557
BYD,TANG,0.15353294860201
HAVAL,DARGO,0.0566919960703955
HAVAL,H2,0.1037464899239497
Nissan,Maxima,0.1703783119086044
OPEL,MOKKA,0.0522636647718393
GMC,Acadia,0.136069756865745
BUGATTI,CHIRON,0.0286070765174673
MERCEDES BENZ,C320,0.164501373797397
VOYAH,FREE,0.1393951649090137
Volkswagen,T-ROC,0.0576880945251838
BYD,SEA LION,0.4216310005783695
CHERY,TIGGO 8 PRO,0.1731936239660969
LEXUS,NX 350h,0.0928603867739819
LEXUS,IS 300,-0.1036597923801856
ZEEKR,X,-0.1810359372363708
SUBARU,CROSSTREK,-0.0174896227955325
BMW,M8,0.1038584767657923
NISSAN,MAGNITE,0.1666666666666677
LOTUS,EVORA,0.0869730277432663
MERCEDES BENZ,R350,0.1722337105523075
LEXUS,IS 250,0.0388589439627594
LEXUS,RX 350,0.0620436284197781
TOYOTA,XA,0.0780364741863953
MERCEDES BENZ,S280,0.0160234724649064
Land Rover,RANGE ROVER,0.1985913717048715
BMW,I3,0.1097616178622241
BMW,I7,0.0351674694310994
LEXUS,RX500H,0.1370882258724809
TESLA,MODEL 3 ,0.1548543273849325
MERCEDES BENZ,GLA 35 AMG,0.1661435599132877
DEEPAL,G318,0.1233394013815023
SKODA,KAROQ,0.1440615025454026
MERCEDES-BENZ,EQE 350,0.1060166544215677
KING LONG,KING LONG,0.1385601865942654
JAECOO,J7,0.1405188582362886
MERCEDES-BENZ,E300,0.013212486772631
MERCEDES-BENZ,GLB200,0.1148395055754846
GEELY,PREFACE,0.1063636077228262
MERCEDES-BENZ,E200,0.1454341291732713
KIA,NIRO,0.0878527954443498
MERCEDES-BENZ,GLA200,0.1095214996537372
CHERY,TIGGO 4 PRO,0.0970127318109446
ROX,POLESTONE 01,0.0374803967796771
MERCEDES-BENZ,CLA200,0.1343055900392764
MERCEDES-BENZ,S580 L,0.1255668938650994
BAIC,X55,-0.0026360952194968
BAIC,X35,0.1149385095634285
MERCEDES BENZ,B200,0.2655666202857277
GEELY,TUGELLA,0.208289672837349
HYUNDAI,EQUUS,0.1415407712984184
JETOUR,X70S,0.0355372981155983
BMW,523i,0.146559721964021
ASTON MARTIN,DB11,0.1414739731823727
HUMMER,H3,0.234456598803274
HONDA,ACCORD CROSSTOUR,0.1637314166126043
Infiniti,QX 50,0.1772370273516051
Skoda,Kodiaq,0.1249474135539611
MAZDA,CX-7,0.1448253842772977
MAZDA,MAZDA 3,0.0426721512606104
MERCEDES-BENZ,CLS450,0.1242561345947401
HYUNDAI,i10,0.1449059879224653
MERCEDES BENZ,GLE400,0.0595293419580328
MERCEDES BENZ,GLE43 AMG,0.1051141546407067
MERCEDES-BENZ,C300,0.0788840481520615
GREAT WALL,WINGLE 6,0.0957679805472713
NISSAN,SUNNY 1.3,0.0530044922652146
BMW,640i,0.1085412910655859
BMW,735i,0.1434942608941735
MERCEDES BENZ,S680,0.1209421067527932
MERCEDES BENZ,SL350,-0.1134501461645955
LEXUS,LS 400,0.0940153298901228
HYUNDAI,I20,0.0538654372618646
CADILLAC,DEVILLE,-0.2135161225990283
HYUNDAI,HD65,0.1335967050205069
Toyota,URBAN CRUISER,0.0710951704839969
TOYOTA,GR86,0.1508922019748989
POLESTAR,POLESTAR 2,0.2088321975264219
JETOUR,T1,0.1381858048524757
MERCEDES BENZ,CLK200 K,0.1460067038132357
AUDI,RSQ8,0.0863042497485631
FORD,BRONCO SPORT,0.1259759219605755
BMW,M340i,0.0909598122646707
FIAT,FIORINO,0.1084966173567473
MASERATI,GRANCABRIO,0.1672592122257095
Toyota,Highlander,0.007086175644927
BMW,528i,0.1359985241834632
JAGUAR,S TYPE,0.1623549340313408
PEUGEOT,407,0.1267512113420072
PEUGEOT,408,0.1665139649069015
MG,WHALE,0.0033800742947028
GAC,GN8,0.0465778580188414
FERRARI,ROMA,0.0565793529280027
MERCEDES BENZ,SLR MCLAREN,0.2053776527581597
MERCEDES BENZ,SL55 AMG,0.128344696514279
RENAULT,CLIO,0.1728788254748706
RENAULT,LOGAN,0.1101562934378931
SUZUKI,XL7,0.1387862181189256
MERCEDES-BENZ,EQS 580,-0.1658373613875483
CHANGAN,EADO,0.2091746035578636
XPENG,G9,0.0460249797991337
MERCEDES BENZ,EQB 350 4M,0.0458837270927758
MERCEDES BENZ,GLK300,0.1237590181371132
Ford,Focus,0.2331786510057201
LOTUS,EMIRA,0.0379556398506489
XIAOMI,SU7,0.1271430025711607
VOLVO,V70,0.1699056908790455
MERCEDES BENZ,GLS500,0.1197589500567625
BMW,550i,0.1725229148148124
BMW,M440I GRAN COUPE,0.1707452379757035
Lexus,LX570,0.0839840246748142
HAVAL,JOLION PRO,0.2830808080808086
BMW,116I,0.1597535246312792
LEXUS,GS F,0.1025707469852778
MERCEDES BENZ,V 250,-0.0033813260389374
MERCEDES-BENZ,A35 AMG,0.1107694941679279
HYUNDAI,IONIQ,-0.0574941945232485
CHERY,TIGGO 7 PRO MAX,0.0362316775062563
CHEVROLET,COLORADO,0.1393470610132384
CADILLAC,DTS,0.167800355600968
Mitsubishi,Attrage,0.0712208769045169
MERCEDES BENZ,S55 AMG,0.1447412035580304
Mitsubishi,Outlander,0.1192462227033082
LEXUS,LS350,0.03519365254838
BMW,428i,0.1140639906072955
MINI,CLUBMAN,0.1407371194193213
GMC,SEIRRA,0.0991549786087524
ISUZU,NMR,0.1112571171990713
JAC,SUNRAY,0.1127672935986581
CADILLAC,STS,0.1640477630101791
TATA,XENON,-0.1636448990702559
INFINITI,QX4,0.0597697533444478
BMW,230I,0.1223628439021847
BMW,840I GRAN COUPE,0.1252813347665586
BMW,840I,0.0696451665308475
OPEL,CROSSLAND X,-0.0439541907883795
HONGQI,HS3,-0.1782474226804156
DAIHATSU,MATERIA,0.1485439980791124
Toyota,FJ Cruiser,0.1050036017158895
BMW,650i,0.1875827547725074
MERCEDES BENZ,E230,0.1483478239440356
MERCEDES BENZ,EQA 350 4M,0.0666044028943295
LYNK & CO,900,0.1436079252538781
INEOS,GRENADIER,0.1682994706724158
Hyundai,Staria,0.1353688891237964
BMW,135I,0.2066477223949717
BMW,125I,0.1626883335571443
FORD,E-350,0.0020830485904249
RENAULT,EXPRESS,0.0141642541669149
Chevrolet,Malibu,0.0949446945916274
DONGFENG-AEOLUS,SHINE,0.1724931550895991
FERRARI,F599,0.0971419149344878
FERRARI,F8 TRIBUTO,0.0903096530538326
CHRYSLER,C 300,0.2743652502055941
Chevrolet,Blazer,0.1163415586546545
MERCEDES BENZ,SLK200 K,0.1410535390222644
IVECO,DAILY,-0.6861514088471097
MERCEDES-BENZ,A250,0.1016013202493015
BMW,640I,0.0876075555899695
TOYOTA,MATRIX,0.0951249200284435
Jeep,WRANGLER UNLIMITED,0.1078460283026913
Audi,A3,0.1237178651163016
ASTON MARTIN,DB9,0.1538693433451334
Renault,Megane,0.1265845489329231
OPEL,ZAFIRA LIFE,0.1280275816208327
MERCEDES BENZ,CLS400,0.0895422725419236
JETOUR,X50,0.1094494047619063
AVATR,11,0.1368350797976824
BMW,440I GRAN COUPE,-0.1983077550224745
BMW,i5,0.1266129032258046
JETOUR,X90,0.0926212970310909
MERCEDES-BENZ,GLS450,0.1049169889364126
Audi,A7,0.1830448545272822
BMW,328i,0.1647777143024661
BMW,330CI,0.1801577781251291
BMW,330Ci,0.185776018874047
BMW,435I,0.1532041214464606
BMW,440I,0.1261079865609391
MG,4,0.2102238306364745
MG,RX5 PLUS,0.1343133746364512
MG,RX9,0.0327920580596589
VOLKSWAGEN,ARTEON,0.1307814020492382
MERCEDES BENZ,G-CLASS,0.1326809027318939
GAC,EMKOO,0.1034403290468014
GAC,GA4,0.0411892268353497
GAC,GA6,0.0130793526735605
LEXUS,LX700H,-0.0062893081761037
TOYOTA,IQ,0.1388896938211847
TOYOTA,LAND CRUISER PRADO,0.1115413381242437
Suzuki,Dzire,0.1181928005497118
MERCEDES BENZ,CL55 AMG,0.1242512366934668
MERCEDES BENZ,CLA 250,0.1775113458817879
SAAB,9-3,0.1252085126788881
SERES,5,0.0436272214934735
SERES,S5,0.0715092899033094
Renault,Koleos,0.0739215376741616
MERCEDES BENZ,CLK280,0.0966044511607547
MERCEDES BENZ,CLK350,0.1939168414361021
MERCEDES BENZ,EQE 350 PLUS,0.1034128996851748
FORTHING,T5 EVO,0.0818035139613855
FORTHING,U-TOUR,0.046511627906978
BYD,QIN L,0.1230932106310356
HYUNDAI,i20,0.0587429085097405
Tesla,MODEL Y,0.0588021412305255
Hyundai,Santa Fe,0.0732376608503582
INFINITI,FX45,0.0818188989340157
BAIC,BJ40 C,0.1336459911769928
CITROEN,SPACETOURER,0.1189392098487047
FERRARI,PUROSANGUE,0.0867107541258056
Infiniti,QX80,0.1752942435624295
MERCEDES BENZ,V300,0.2191825474842383
Lexus,UX200,0.1047328902130957
MAXUS,G10,0.1706957518236249
BMW,M6,0.1241534241349202
BMW,M235i GRAN COUPE,0.0858450980633209
LEXUS,GS 430,-0.3019951727680146
LEXUS,GS200T,-0.0051038800475931
LEXUS,GS450h,0.1203928523778828
INFINITI,37G,-0.900757424785914
Honda,ACCORD,0.0823320786259272
MERCEDES BENZ,S560 L,0.0540901430254086
MERCEDES BENZ,S650,0.0862992222817258
LEXUS,LS 460 L,0.0781407396056645
HYUNDAI,SANTA CRUZ,0.0866860371033362
HYUNDAI,STAREX,0.0061972032073972
HYUNDAI,I40,0.1408129200404012
CADILLAC,CTS-V,0.2412226558864156
CHEVROLET,BOLT EV,0.0376723937833203
CHERY,E5,-1.7499999999999902
CHANGAN,X5 PLUS,0.2812241521918929
CHEVROLET,UPLANDER,0.1608342431933559
BMW,iX,0.1211331574087877
MERCEDES-BENZ,CLE200,0.1001782546171495
Kia,Rio,0.0957840605289062
BMW,220i,0.1386365829377229
LAMBORGHINI,MURCIELAGO,0.1060365477813438
BMW,316i,0.1436231692033805
BMW,ALPINA,-0.0219851856549762
BMW,428I GRAN COUPE,0.1548566142460664
MERCEDES BENZ,GLC 250,0.1118324811827066
BYD,DESTROYER 05,0.3327726549205293
GMC,CANYON,0.722091218802908
GREAT WALL,DEER,0.0724150773483017
OPEL,GRANDLAND X,0.1036585365853678
Nissan,Pathfinder,0.190341644453361
MITSUBISHI,MITSUBISHI,0.0206938044538061
GAC,GS5,0.1529635918635292
KIA,K7,0.1682200567726259
MERCEDES-BENZ,G63 AMG,0.2396437508116101
MERCEDES-BENZ,GLB250,0.1015398226497187
DODGE,GRAND CARAVAN,0.1210372207375907
Subaru,WRX,0.1060632123091125
MERCEDES BENZ,GL63 AMG,0.0850688088154252
MERCEDES BENZ,GLA 200,0.0938920933006799
FORD,MUSTANG MACH-E,0.0797139212687535
Ford,Explorer,0.1355999131596575
BYD,DOLPHIN,0.0747235069320623
TOYOTA,TAKOMA,-0.0184747123186623
SMART,FORTWO,0.1859237898434987
Lexus,IS350,0.1175545958781179
Land Rover,110,0.1418862857248863
Land Rover,RANGE ROVER EVOQUE,0.1526373415188217
MERCEDES BENZ,S-CLASS,0.1003721670054815
LEXUS,RX350 L,-0.1866511024247383
MERCEDES BENZ,S 550,0.1136808363141019
LOTUS,ELETRE,0.5927054169106106
LEXUS,UX300H,0.1577495720993534
MERCEDES BENZ,S300,0.2218968295794254
TOYOTA,TOYOTA LAND CRUISER,0.0653169473167741
SUZUKI,EECO,0.0049267498772913
CITROEN,CITROEN C5,0.0903880013338007
FERRARI,612,0.1091763664122885
LEXUS,NX 200T,-0.1101879548407727
ASTON MARTIN,VANQUISH,0.0535020104069521
ASTON MARTIN,DBS,0.1229951028043782
CHERY,ARRIZO 3,0.1016868817435711
ASTON MARTIN,DBX,-0.0031716680401312
AITO,M9,0.1764784782343593
XPENG,G6,0.0057096247960822
Volkswagen,Touareg,0.1339377684505301
Volkswagen,Passat,0.1149813215926595
Audi,A5,0.1547824160382458
BMW,i4 GRAN COUPE,-0.0442802875620067
GAC,GA3,0.1840586601668143
GAC,GA8,0.2617767559049736
ROLLS ROYCE,SPECTRE,0.0906747467993551
JAC,S3 PLUS,0.1981324549186391
MERCEDES-BENZ,EQE 350+,-0.0602811334892789
KAIYI,X3 PRO,0.0608810465434723
KAIYI,X7,0.1854625976107485
KIA,KIA SPORTAGE,0.1068231740533681
KIA,K900,0.2537104967269395
JAC,J6,0.1510386969256806
JEEP,GRAND WAGONEER,0.269000906451165
JAGUAR,XKR,0.1300735020619335
RIVIAN,R1T,0.0333942857522535
ROX,ADAMAS,0.1509097161787536
MERCEDES BENZ,GL550,0.1254497367938883
CHERY,TIGGO 9,0.0475352112676038
CHERY - ICAR,03,0.0710059171597642
TESLA,TESLA 3,0.0504515681532838
TESLA,CYBERTRUCK,0.1385029235305277
SOUEAST,S07,0.1999358666025323
LEXUS,LS600H L,0.1517597531861051
TOYOTA,MARK 2,-0.03310308133935
LYNK & CO,09,0.1738185686087116
Lexus,GX 460,0.072584266099357
MERCEDES BENZ,S 320,0.1516918930835104
SSANGYONG,REXTON,0.0939355873646082
CHANGAN,UNI K,0.0568735543227755
SUZUKI,LIANA,0.1115675321792477
LEXUS,NX250,0.0620053267076645
FORD,ESCORT,0.1437659706771926
FERRARI,F12,0.0636006389229754
FERRARI,F430,0.1548266640608063
CITROEN,DS3,0.1609709769749826
LEXUS,LS500H,-0.4982639490470324
Toyota,C-HR,0.1170585528428022
Toyota,COROLLA CROSS,-0.0482919388986495
DONGFENG-AEOLUS,AX7,0.0671582288250178
Toyota,AVANZA,0.0760830317037004
HYUNDAI,IONIQ 5,-0.0204554085353136
Mitsubishi,Mirage,0.072142489153506
MERCEDES BENZ,ML320,0.1524869140726475
MITSUBISHI,OUTLANDER SPORT,0.1207294268370658
BMW,745I,0.1901764225717371
HYUNDAI,HD 65,-0.181295977962149
MITSUBISHI,SPACE WAGON,0.1682332176760648
Lexus,IS300C,0.0647378646421341
HONGQI,HS7,0.1858103906796488
NISSAN,PATROL GL,-0.2878464870353467
BYD,SEALION 7,-0.0678137651821859
CHERY,TIGGO 5,0.101782846299572
BYD,SHARK,0.0780079694362509
BYD,SEAGULL,0.1027049007957898
BMW,335Ci,0.1298210468985927
BMW,318Ci,0.3792748167766178
KIA,SORENTO ,0.1115409799531491
Suzuki,Swift,0.1895896027608689
MCLAREN,570S,0.0566052562606667
MERCEDES BENZ,GLE 43 AMG,0.0910627557116019
MERCEDES BENZ,GLB200,0.160330081574447
MERCEDES BENZ,GLC 200,0.1590294839067212
MAXUS,D90,0.0692669444424434
GEELY,EMGRAND GS,0.1161148328433576
GEELY,EMGRAND 7,0.1449693634579409
TOYOTA,TOYOTA CAMRY,-0.0084043058389684
MAZDA,CX-60,0.1479627117465533
BMW,750I,0.1272841815574482
GMC,SUBURBAN,0.3212657902213037
INFINITI,QX70S,0.1983853428695541
Lincoln,Crosair,0.1739051707603905
BMW,630i,0.1421666489375114
BMW,640i GRAN COUPE,0.1479436828440943
JAC,E30X,-0.7290861159929727
ISUZU,NQR,0.0916298815329006
Infiniti,Q30,0.211964554160575
BYD - DENZA,B5,0.1195580092498166
MAHINDRA,SCORPIO,0.1456430009467414
MAHINDRA,XUV 500,0.1514714805062806
BAIC,BJ60,0.0320797962039581
Hyundai,PALISADE,0.1563649836899766
POLESTAR,POLESTAR 4,0.4456583427922782
Peugeot,208,0.1320580997314822
BYD - YANGWANG,U8,0.0858526709429499
BMW,M240i,0.1862071037762995
BMW,118i,0.1622214857555105
BMW,125i,0.1588326150955308
BAIC,BJ80,0.2897196261682234
Cadillac,Escalade,0.1452566400611112
MERCEDES BENZ,SLC200,0.1689498309411802
HAVAL,H7,0.3756087288425601
Geely,MONJARO,0.0841686320754723
Lexus,NX 300,0.0719758258110736
MAZDA,3 SPORT,0.1684375357197437
Lincoln,AVIATOR,0.1358394993530287
BMW,M240I,0.0863965460634799
GREAT WALL,TANK 500,0.2294868421052629
GREAT WALL,WINGLE,0.0052534125793548
MERCEDES BENZ,SMART,0.0911553597489162
HYUNDAI,STARGAZER,0.1233700486865059
Tesla,MODEL 3,0.1644249263009134
BMW,I4 GRAN COUPE,-0.1475202429149857
LEXUS,ES330,0.2026081096541923
MERCEDES-BENZ,S580,0.1311335636104237
ZEEKR,001,0.1085311227457827
ZEEKR,009,0.0128813559322009
VOLVO,C70,0.1420789783605147
VICTORY,K2,0.068203797558591
BMW,435I GRAN COUPE,0.2860294117647044
BMW,5 SERIES,0.124593185333213
BMW,528 I,-0.0411806104958001
MCLAREN,MP4 12C,0.1311875935041803
MERCEDES BENZ,A 250,0.1013807310400176
MERCEDES BENZ,G 550,0.3015623416133955
MG,MG 5,0.0477006616095827
VGV,U75 PLUS,0.1195580092498166
Audi,Q3,0.1544474760101284
Audi,Q8,0.1569649395643132
MERCEDES BENZ,C400,0.1826772405724981
AUDI,E-TRON GT,0.1824071989908177
FERRARI,488 GTB,-0.0116988953644741
FERRARI,488 PISTA,0.1473916014883447
JMC,GRAND AVENUE,0.112093041957321
SEAT,ALTEA,-0.1429659102081064
MERCEDES BENZ,E 350,-0.1660510064057891
BAW,212,-0.026752767527673
SEAT,IBIZA,0.1251802152517723
FOTON,VIEW C2,0.2192131918660589
MERCEDES BENZ,E43 AMG,0.219168874172187
MERCEDES BENZ,E-CLASS,0.1855478630732535
MERCEDES BENZ,E220 D,0.1104455905624118
MERCEDES BENZ,CLE53 AMG,0.0627596667643444
MERCEDES BENZ,EQE 350,0.1571149250488804
MERCEDES BENZ,CLK500,0.1786576994923666
MERCEDES BENZ,B170,0.0930269924494268
MERCEDES BENZ,EQS 580,0.0648521505376353
MERCEDES BENZ,EQS 580 4M,0.0043099867065459
TOYOTA,COROLLA SEDAN,0.0352778375663986
TOYOTA,CRESSIDA,-0.941299912061317
CHANGAN,BENBEN E STAR,0.0676735432450816
JIDU,01,0.2296210698637404
ALFA ROMEO,159,0.2273776706281236
MERCEDES BENZ,CLK55 AMG,0.1507034733308955
MERCEDES BENZ,CLK63 AMG,0.1317349104845819
MERCEDES BENZ,CL65 AMG,0.2528105016072621
MERCEDES BENZ,CLA 200,0.1585685700183801
MERCEDES BENZ,CLA 35 AMG,0.183856912063281
MERCEDES BENZ,CL600,0.1585107268866884
AUDI,Q4,0.0299467620285229
FERRARI,488 SPIDER,0.0412383164911818
PEUGEOT,LANDTREK,-0.0814543180307807
Audi,Q7,0.1721610113211161
Audi,RS3,0.145928186123596
MCLAREN,750S,0.1413412710108132
MCLAREN,ARTURA,0.0426074520628606
MCLAREN,GT,0.0497649106353984
MCLAREN,650S,0.2825252992922806
MERCEDES BENZ,A160,0.0511872875002101
BMW,645Ci,0.2685362240017946
BMW,440i,0.1131191462368009
BMW,5 Series GT,0.1200054327681203
BMW,4 SERIES,0.1308588777768218
MERCEDES-BENZ,S450,0.1074648439801276
MERCURY,MILAN,0.1750283513006268
ASHOK LEYLAND,PARTNER,0.086235412457418
ASTON MARTIN,RAPIDE,0.1407845224122432
AEOLUS,SHINE,0.1303733259789478
Hyundai,Sonata,0.1429911333403701
Honda,ZR V,0.0707335044076828
Tesla,MODEL X,0.1600211071741218
BMW,I5,0.1420568219674346
LEADING IDEAL,L9,0.3102081268582721
LEXUS,GX550,0.1914600550964194
MERCEDES BENZ,SLK320,0.131989720601541
MERCEDES-BENZ,AMG GT,-0.2388385624191862
BMW,M440i GRAN COUPE,0.0303266296106071
BMW,M235I,0.2505695382363945
BMW,M235I GRAN COUPE,0.1034074935520987
NISSAN,SUNNY 1.6,0.0240963190946352
HONDA,CRV,0.0034114626253461
HONDA,E-NS1,-0.0308267433501068
BMW,M850I GRAN COUPE,0.1127662075260127
NISSAN,TIDA,0.2685547072561637
Geely,COOLRAY,-0.0068611439354229
MAZDA,6 ULTRA,0.0740424159404141
Lexus,RX450H,0.082512921793982
MERCEDES BENZ,SLC43 AMG,0.1113251191408212
MERCEDES BENZ,SL400,0.0036592513909882
CMC,Z7,0.1180491026878487
CHRYSLER,CROSSFIRE,0.0690673090764252
Chevrolet,Equinox,0.1178707224334538
LEXUS,GS 400,0.3545027756320967
BESTUNE,T33,-0.1258261933904529
Audi,SQ5,0.1325930787965343
BAIC,BJ30E,0.1596441618247742
BMW,1M,0.0919977504948648
PORSCHE,718 SPYDER,0.1060106894904291
FORD,THUNDERBIRD,0.6434008423657748
BYD,SHARK 6,0.1813829787234059
BMW,IX3,-0.0509419968178783
BMW,M 235,0.0824965413701147
BAIC,BJ40PRO,0.0957753934145398
LUXGEN,U7,0.0942570177697641
CITROEN,C3 AIRCROSS,0.0348548786093592
BMW,650i GRAN COUPE,0.2008709016393416
BMW,7 SERIES,0.2072338129571345
INFINITI,QX 56,0.1305647063818419
INFINITI,JX35,0.1305647063818419
INFINITI,M35,0.3321140464443025
INFINITI,I35,0.5464912280701756
Hyundai,Azera,0.1260761933685248
MITSUBISHI,LANCER FORTIS,0.1911764705882366
MITSUBISHI,MAGNA,0.2508928571428581
JAGUAR,I-PACE,0.2230483271375488
ISUZU,NKR,0.0365206654823825
Skoda,Kamiq,0.0979352898147337
OPEL,GRANDLAND,0.191325954691069
OMODA,C5,0.3332334332334343
OPEL,CROSSLAND,0.3883967679266689
GEELY,EMGRAND GS ,-0.0246950765959612
GEELY,EMGRAND EC7,0.0933818389245323
GEELY,EMGRAND EX7,2.220446049250313e-16
Suzuki,Jimny,0.1220390236643215
MAZDA,MX-5 RF,0.0556869030887466
Infiniti,Q50,0.1720119222877437
BMW,840i,0.1175455562492049
BMW,320D,0.1508147687082334
Kia,Picanto,0.1142168656640708
DEEPAL,S05,0.153134537131233
DEEPAL,S07,0.2639288710061245
DFSK,FENGON 500,0.2386108048511583
DFSK,FENGON 580,0.1791237095901659
Kia,Cadenza,0.1372489030900129
DAIHATSU,YRV,0.1019852836626674
BYD,F3,0.1386714154413053
Ford,Expedition,0.2339129073611952
BYD,SEALION 06,-0.1538461538461493
Ford,Taurus,0.1272905063547095
FOTON,VIEW CS2,0.1590736242900664
Ford,EcoSport,0.068411822573889
Ford,Edge,0.1467152101650017
BMW,M850i GRAN COUPE,0.1138887939272847
HONDA,LEGEND,0.1596389906822412
BMW,iX1,0.0796636736968078
TOYOTA,BZ4X,0.0650749123737696
MERCEDES BENZ,GLK 250,0.2015907005200383
MERCEDES BENZ,GLK 350,0.1223792228427583
CHEVROLET,SSR,0.0107538401963271
MITSUBISHI,ROSA,0.1718289310067275
Mazda,CX-9,0.0955091674926515
Mitsubishi,LANCER EX,0.0321285140562205
LEXUS,LS400,0.1913746630727757
VOLKSWAGEN,ID.3/LIFE,-0.259187620889747
BESTUNE,B70S,0.0544181193814301
VOLKSWAGEN,TAOS,0.19250645354935
MERCEDES BENZ,SL 500,-0.0360082885342023
FERRARI,PORTOFINO M,0.089829866235252
RABDAN,RABDAN ONE,-0.0058939666686017
Dodge,Durango,0.1057664218796501
SOUEAST,DX3,0.1443850267379677
HYUNDAI,GALLOPER,0.0138348107166029
FERRARI,FF,0.1473117473577974
SSANGYONG,KORANDO,0.1070564521922385
SUZUKI,SAMURAI,-0.0693871756538646
SUZUKI,IGNIS,0.110039806801795
LEXUS,HS 250H,0.4559585492227975
HYUNDAI,H100,0.097703109608458
HYUNDAI,GRAND CRETA,0.0846915947587095
BMW,M8 GRAN COUPE,0.1085840887255377
TOYOTA,iQ,0.0809098137356284
BMW,BMW 530,-0.0752599295703424
MERCEDES BENZ,R280 L,0.1015887037982783
LEXUS,RC200T,0.0766650570429448
MERCEDES BENZ,S 600,-0.0233759055563309
LEXUS,UX250H,-0.1881091438034872
LEXUS,RX350 ,0.0478801169590638
BYD,LEOPARD 7(2WD),0.0780079694362509
Lincoln,NAUTILUS,0.0880385051582434
CHERY,TIGGO,0.1734158144159823
SOUEAST,DX7,0.0558263954340633
JAC,J5,0.11185975012486
JAC,JS3,-0.1548045949067023
Exeed,RX,0.1377647359020166
KIA,K4,0.3348899738201394
MG,MG ZS,0.1423561875643811
AUDI,SQ8,0.0763660687976045
GEELY,GX3 PRO,0.1651969429747217
BMW,Z3,0.3734090539358253
XIAOMI,SU7 MAX,0.1907013151741378
MERCEDES BENZ,EQC 400 4M,-0.0070456930149822
XAOMI,YU7,-0.1667847025495752
Suzuki,Ciaz,0.0722246939951188
CHERY,ARRIZO 8 PRO,0.0664447403462031
AEOLUS,AX7,0.015416007556818
CHERY,ARRIZO 6 PRO,0.0602522327144142
ASTON MARTIN,DB12,-0.0538708220867796
XAOMI,SU7,-0.1667847025495752
VOYAH,DREAMER,0.1387545344619067
BENTLEY,BROOKLANDS,0.1599546022844733
MERCEDES BENZ,C 180,-0.6139680475836007
MERCEDES BENZ,B160,0.1433790886831312
MERCEDES BENZ,EQS 450 PLUS,-0.2714555765595514
GEELY,GEOMETRY C,0.1251658643900071
BMW,X5 M,0.1326109750431717
Audi,A4,0.1794717065181369
AUDI ,Q3,0.1017850349405253
GEELY,AZKARRA,0.2652129817444231
GEELY,CITYRAY,0.283296071542636
GAC,TRUMPCHI GS3,0.2071195853034457
GAC,TRUMPCHI GS5,0.1526872293552341
GAC,EMKOO HYBRID,0.1659600997506242
PEUGEOT,RIFTER,0.1753577299317836
OPEL,MOKKA  X,0.1246335293673404
Opel,Corsa,0.0448758467676213
BMW,340i,0.1289657319854268
BMW,5251,-0.0305225317715844
BMW,520,0.3076795226822798
VOLKSWAGEN,BORA,0.1312137633947877
VOLKSWAGEN,CRAFTER,0.1307814020492382
JETOUR,X 50,0.0739341904628574
MERCURY,SABLE,0.1293654697491408
BMW,340I,0.1382550335570499
DONGFENG,817,-0.0465998245988294
TOYOTA,DAINA,-0.2482670024297122
SERES,7,0.1779560516219042
SAAB,9-5,0.1026094860578981
MERCEDES BENZ,C220,0.0817413091317564
MERCEDES BENZ,C230 K,0.1777777777777794
MERCEDES BENZ,C 350,0.1130990126611546
MERCEDES BENZ,G320,-0.3483296179865993
MERCEDES BENZ,A 220,0.2557237657290661
BYD,SEAL 05,0.0780079694362509
BMW,M850i,0.1371189538380857
BYD,LEOPARD 3,0.0283882783882767
FORD,F-550,0.1105464275373511
Ford,Fusion,0.0661063304649465
Ford,Ranger,0.3694211224038886
MERCEDES-BENZ,EQS 450,0.1259734542010062
MERCEDES-BENZ,G500,0.1226488503994678
MERCEDES-BENZ,E350,0.1078187193153129
MERCEDES-BENZ,E450,0.0606337908984018
MERCEDES-BENZ,EQA 260,0.25096021062923
KIA,GRAND CARNIVAL,0.1317790525123266
KIA,EV5,0.5591218802633604
KIA,EV6,0.0762086878447975
KIA,EV9,0.2796140923850807
MERCEDES-BENZ,GLA 35 AMG,0.1338980269266738
MG,MG GS,-1.087557603686637
MG,8,0.1039332762909611
VOLKSWAGEN,GOLF GTI,0.1010523246651053
VOLKSWAGEN,ATLAS CROSS SPORT,0.295990566037736
BMW,730i,0.1189705455258428
BMW,645CI,0.2564102564102489
JAGUAR,XK8,0.0737835733389163
MG,T60,0.1039332762909611
CHERY,TIGGO 8,-0.3374613003095992
MERCEDES BENZ,GLA220,0.0683647321711228
Skoda,SCALA,0.0797571804969916
TOYOTA,2006,0.100064939910899
GEELY,EX5,0.1251658643900071
GEELY,EMGRAND EC8,0.1917319800061906
GREAT WALL,FLORID,0.0839527830225681
GMC,SUPERBAN,-0.1926083169286649
GMC,Terrain,-0.2154403207034758
Nissan,Sentra,0.1999999999999984
BUGATTI,VEYRON,0.2413576815065085
GEELY,EMGRAND GC6,0.0779220779220727
DFSK,FENGON C32,0.0998075825755093
DFSK,FENGON GLORY 600,0.1791237095901659
DFSK,FENGON IX5,0.1791237095901659
JEEP,WAGONEER,0.1244723099851198
MERCEDES-BENZ,CLS350,0.1283705923023732
SSANGYONG,ACTYON,0.1664859641428344
SKODA,YETI,-0.2032053818757442
SKYWELL,ET5,0.0958895364298244
RENAULT,ZOE,-0.0878565864408433
ROEWE,I5,0.273959938366718
ROEWE,i5,0.273959938366718
Exeed,TXL,0.0758928571428577
JAC,S7,0.1757270856563496
DODGE,NEON,0.1523329377469475
MERCEDES BENZ,GLE 450,0.1885194237967719
MERCEDES BENZ,GLE 53,0.0800426744752043
MERCEDES BENZ,GLC 300,0.046324743645649
GREAT WALL,TANK 300,0.0894220246816054
NISSAN,TIIDA HATCHBACK,-0.1201101809362916
NISSAN,SUNNY 1.5,-0.0363112099103142
MAYBACH,57,0.1183051214465328
Audi,S3,0.1025935721717922
BAIC,BJ30,0.2780249110320266
BMW,135i,0.1605126321630282
FIAT,DUCATO,0.1482904104097403
Peugeot,508,0.0496833978903988
Porsche,Panamera,0.0955258695895219
FORD,FREESTAR,0.2222222222222182
CADILLAC,CATERA,0.1769451082468989
BYD,SONG,0.0780079694362509
LYNK & CO,5,0.0932568529958224
LUCID,AIR,0.4363326442534351
MASERATI,MC20,0.2877088949240921
BAIC,BJ40 PRO,0.0957753934145398
BAIC,BJ40L,-0.058515472841381
ISUZU,ISUZU,0.0727975475514415
BMW,218i,0.1138539937995755
LAMBORGHINI,REVUELTO,0.0497732426303831
Kia,SONET,0.1391049914673201
Kia,STINGER,0.144300156467104
BMW,760Li,0.1198001310247588
LADA,NIVA,0.3382638465051911
LADA,NIVA LEGEND,0.1744966442953047
BMW,228I,0.0328151986183082
Kia,K8,0.1306369207612722
Kia,PEGAS,-0.0170132325141767
KIA,TASMAN,0.0795982355169087
Lexus,ES300h,0.1575558297912397
Lexus,IS200T,-0.0869004641567761
HONDA,GL,0.1472186861500748
NISSAN,NISSAN SUNNY 1.6,0.897506501453266
HYUNDAI,ATOS,0.8801763291477451
HINO,HINO 300,0.2092024785609523
NISSAN,PRIMERA,0.1219629594010575
HONDA,PASSPORT,-0.3834414804133634
HONDA,INSIGHT,0.1549956994210394
BORGWARD,BX7,0.039123630672928
CHRYSLER,200C,0.2432598039215638
MERCEDES BENZ,ML400,0.1259734542010062
CHERY,ICAR 03,-0.0408655457385822
CHERY,ICAR V23,-0.0408655457385822
NISSAN,LEAF,0.0600563625836404
NISSAN,ARIYA,0.1004303758044057
NISSAN,300ZX,-0.8776012344320843
BMW,BMW 645,0.1420568219674346
TOYOTA,كامري,0.0552316569021247
TOYOTA,لاند كروزر,0.2102618646239568
TOYOTA,TOYOTA YARIS,0.07829166047475
MERCEDES BENZ,SLK55 AMG,0.1328603848696387
LEAPMOTORS,C16,0.1301438608230196
LEXUS,GS400,-0.1677484162422844
LEXUS,ES300H,0.0850354956583001
MERCEDES BENZ,SLK230 K,0.1526814542636758
MERCEDES BENZ,SLK250,0.0563062255614036
MERCEDES BENZ,SLK280,0.1604882227682758
MITSUBISHI,DESTINATOR,0.123907602165897
INFINITI,M45,0.4088308458164176
INFINITI,M56,-0.124165554072098
ISUZU,MU-X,0.1070968345817668
MG,ZS ,0.0884441618571448
LI,L7,0.1077926281775758
HONGQI,E-QM5,0.0632579738327429
BMW,BMW Z3,0.1420568219674346
LEXUS,RX450H L,-0.0339323733768062
MERCEDES BENZ,S 400,0.1259734542010062
MERCEDES BENZ,R500 L,0.1925975389081259
NIO,EC6,0.218559218559218
FORD,E 450,0.1437659706771926
TOYOTA,MR2,0.0839117835034556
SSANGYONG,TIVOLI,0.2295603109240915
CITROEN,DS5,0.1207729468599042
LEXUS,NX 300,-3.842306467027704
LEXUS,LX 570,0.0669214952421712
LEXUS,LS500h,0.0852820867833098
FERRARI,GTC4,0.1179685442010151
LEXUS,NX300H,0.1789533222411629
LEXUS,NX 200 T,0.6696347915860128
CHANGAN,CS55 PLUS,0.0436453017753286
SUZUKI,S PRESSO,0.1110396188739704
Maserati,GRECALE,-0.0941609679116242
Maserati,LEVANTE,0.2304477204327317
Maxus,G50,-0.0448993067018808
Maserati,GHIBLI,0.2265025604417087
MITSUBISHI,PICK UP,0.0544616727194023
LEXUS,IS F,0.1477318312182318
LEXUS,IS250C,0.1313224374410264
NIO,EL8,0.218559218559218
Mitsubishi,Pajero,0.1269776693134614
Mitsubishi,XPANDER,0.1760597946129661
HYUNDAI,SANTEVY,-0.1692360711139937
Chevrolet,Impala,0.0659395973154369
MERCEDES BENZ,SLC300,0.1430671212258206
Honda,Pilot,0.097857664217438
LEXUS,ES 300,0.0247972199896113
CHRYSLER,PT CRUISER,-0.051020408163265
Hyundai,GRAND I10,0.0935646741217546
LEXUS,GS 300,-7.07331460674129
Tesla,MODEL S,0.1194128205021098
VOLKSWAGEN,PHAETON,0.1011505895946377
VOLKSWAGEN,ID6 C,0.1307814020492382
BMW,320 I,0.0768014266976656
LEXUS,LS 600 HL,-0.8595415394236552
VOLKSWAGEN,VILORAN,0.2421417167448011
VOLVO,C40,0.1953199219987
DONGFENG-AEOLUS,SHINE MAX,0.1286036024793569
RENAULT,LAGUNA,0.0797238072635351
RENAULT,ARKANA,0.1372559827467963
FERRARI,PORTOFINO,-0.0363914958820146
FERRARI,PORUSANGUE,0.0809732551839651
MERCEDES BENZ,SL43 AMG,0.1549505873578219
Toyota,Avalon,0.1997956664221064
DONGFENG-AEOLUS,MAGE,0.1286036024793569
MERCEDES BENZ,E550,-0.1443305541062483
XIAOMI,YU7,0.0893683862433817
WULING,RONGGUANG,0.2228571428571421
FOTON,AUMARK CHASSIS,0.0436349304049924
FORTHING,T5 HEV,0.149113544156062
MERCEDES BENZ,EQB 260,-0.3397129186602887
BYD,SEALION,-0.3501501501501596
MERCEDES BENZ,EQE 500,0.0583058305830607
MERCEDES BENZ,EQS 450,0.0717532761924457
MERCEDES BENZ,CLK240,0.184027777777782
ZOTYE,T300,0.1538091964756567
KAIYI,E5,0.097744360902257
MERCEDES BENZ,CLA-CLASS,0.1255456404239729
MERCEDES BENZ,C260L,0.047067259413968
MERCEDES BENZ,CLS450 ,0.101794258373202
MERCEDES BENZ,CLS 350,-1.1119592875317932
MERCEDES BENZ,CLS-CLASS,0.1455807472254267
VOLVO,V60,0.177235105249082
MERCEDES BENZ,E 300,-0.1394148968997806
ZEEKR,ZEEKR X,-0.046734728027836
AL DAMANI,DMV 300,-0.1171938361719397
ALFA ROMEO,MITO,0.3039647577092512
Volkswagen,Beetle,0.1469368559615735
VOLVO,EX30,0.1516798060934499
MERCEDES BENZ,E 200,0.1583366417385046
ZEEKR,9X,-0.046734728027836
ZEEKR,7X,-0.046734728027836
AUDI,RS 5,0.1452525454703469
Audi,A8,0.1649228265450413
Audi,Q2,0.1930288461538462
Suzuki,Fronx,0.1231732776617965
MERCEDES BENZ,EQA 260,0.1391076115485546
MERCEDES BENZ,CLA 45,0.1452242264760741
MERCEDES BENZ,C450 AMG,0.1259734542010062
DONGFENG,007,-0.1175898931000967
TOYOTA,FRONTLANDER,0.100064939910899
TOYOTA,CROWN KLUGER,0.100064939910899
TOYOTA,COROLLA SE,-4.2238805970149205
JETOUR,T 2,0.0739341904628574
MERCEDES-BENZ,V300,0.163601918998624
MERCEDES-BENZ,GLS580,0.1259734542010062
MERCEDES-BENZ,R300,0.1259734542010062
MERCEDES BENZ,C 320,-0.1500046945323403
JIYUE,01,0.1395568128241366
SATURN,SKY,0.1195580092498166
SAAB,45360,0.0787878787878786
SAAB,9 3,0.3712121212121235
DONGFENG,SHINE,-0.0465998245988294
DONGFENG,FORTHING T5,0.0243902439024378
DONGFENG,P16,-0.0465998245988294
MERCEDES BENZ,300 GLK,0.1259734542010062
MERCEDES BENZ,560 SEL,-5.417910447761284
MCLAREN,P1,0.1485806571836744
MCLAREN,SENNA,0.0844373070556117
MERCEDES BENZ,$500,0.4815989847715684
MERCEDES BENZ,$550,0.0839355713603501
MCLAREN,675LT,0.0844373070556117
MERCEDES BENZ,C 300,0.0597306007329974
TOYOTA,STATION,0.100064939910899
BYD,SEALION 7 RWD,0.0780079694362509
BYD,SEALION 8,0.166817359855336
BYD,SHARK (PICK UP),0.0780079694362509
BYD,ATTO3,0.6959514170040485
BYD,DENZA N9,0.0780079694362509
MERCEDES BENZ,G300 CDI,0.1259734542010062
MERCEDES BENZ,A-CLASS,0.0308630028024839
INFINITI,FX37,0.1305647063818419
Hyundai,Veloster,0.1253644314868812
INFINITI,37 G,-0.4855711034112615
Hyundai,GENESIS G80,-0.1863063071830328
Honda,Odyssey,0.0809328982793026
CITROEN,C5,-0.1196277689732503
CHRYSLER,NEON,0.1419743582981477
CITROEN,BERLINGO,0.1975019516003132
LEXUS,GS 350,0.4057594361911119
Toyota,Crown,0.100064939910899
Honda,CRV,0.0983127868003304
Harley-Davidson,Fat Boy,0.0002502816961211
HYUNDAI,i40,0.1419753086419758
HYUNDAI,TERRACAN,-0.071770334928229
INFINITI,56M,0.1305647063818419
INFINITI,EX37,0.1305647063818419
MERCEDES BENZ,SL 680,0.1259734542010062
VOLKSWAGEN,TIGUAN ,0.1307814020492382
VOLKSWAGEN,T CR,0.1307814020492382
VOLKSWAGEN,TERA,0.1307814020492382
VOLKSWAGEN,GOLF R,0.1342466590146243
VOLKSWAGEN,ID.6/CROZZ,0.1307814020492382
BMW,3201,0.4292343318581257
LEXUS,LC500H,0.2929653139338602
EXEED,ET,0.0572440101572081
DONGFENG,Z9 PICK UP,-0.0465998245988294
DONGFENG Eπ,007,0.1195580092498166
RENAULT,ALPINE,0.345710126858715
RAM,1200,0.1417558416211379
FERRARI,LAFERRARI,-0.0202614518475841
MERCEDES BENZ,SL600,-0.4836990982083433
MERCEDES BENZ,SL65 AMG,0.1596390116998327
HYUNDAI,GENESIS G80,0.2084133388819099
HYUNDAI,GENESIS GV70,-0.1105345592687214
HYUNDAI,COUNTY,-0.2407076673058061
NISSAN,1200GX,-0.1866068069439497
NISSAN,1998,0.1004303758044057
NIO,EC7,0.218559218559218
LEXUS,LX 450,-1.141304347826074
LEXUS,TX350,0.0901792040827984
SUZUKI,2010,0.0976197660479372
HYUNDAI,GRAND YUOR,0.1233700486865059
FERRARI,360 MODENA,0.1223673814703733
FERRARI,458 SPECIALE,0.0986698867417129
FORD,E 350,0.3837126806583686
TOYOTA,LITE ACE,0.100064939910899
TOYOTA,HAI LUX,0.0738226265759008
CADILLAC,BROUGHTAM,0.0781153370516757
LEXUS,LM 350H,0.7072327820291286
NIO,ET 5,0.218559218559218
HYUNDAI,IONIQ 6,0.1292753623188428
MITSUBISHI,PAJERO IO,0.0500857484070031
MITSUBISHI,MITSUBISHI CANTER,-0.0526218571527696
CHANGAN,S07,0.0436453017753286
CHANGAN,DEEPAL,-0.0729821810587365
SUZUKI,HAYABUSA,0.0110295319994329
Chevrolet,TRAX,0.134920634920633
Chevrolet,Trailblazer,0.3216765873015871
DAIHATSU,CHARADE,-0.1560877928013099
Cadillac,XT6,0.1346695538846248
Cadillac,CT5,-0.1684478371501263
Cadillac,XT4,0.1533365413192046
CMC,D270,0.1102434789973904
SOUEAST,DX5,0.1601406762052924
Kia,Telluride,0.200657894736839
MERCEDES BENZ,SLK300,0.1259734542010062
LAND ROVER,RANGE ROVER ,0.1276865061033145
LAND ROVER,RANGE ROVER HSE,-0.142373197872242
LAND ROVER,RANGE ROVER VOGUE,0.22417689530421
LAND ROVER,HSE,-0.002004008016035
BMW,BMW 320I,-2.3372081772260977
BMW,BMW 325,0.1420568219674346
JAC,M1,0.0750754383262343
JAC,N65,0.0750754383262343
MITSUBISHI,FUSO,0.3805073035019719
MITSUBISHI,BA,0.123907602165897
Infiniti,QX 60,-0.1164462809917363
ISUZU,TROOPER,-2.209006351464508
BMW,650I GRAN COUPE,0.1716997411561689
BMW,540,0.122137709071143
HONDA,VESPA VXL 150,0.1231840170973961
BMW,BMW 520,0.1808591503209955
MITSUBISHI,1992,0.1512085677919015
MITSUBISHI,2001,0.123907602165897
MITSUBISHI,2024,0.123907602165897
MINI,COOPER CLUBMAN,0.1369047619047636
MG,ZS MCE,0.1039332762909611
JAECOO,J8,0.1405188582362886
LEXUS,SC 300,0.0901792040827984
LEXUS,RX400H,0.2068844610874692
MERCEDES BENZ,S 450,0.6478413627422053
MERCEDES BENZ,R300L,0.1259734542010062
MERCEDES BENZ,R500,0.1999999999999956
LINCOLN,NAVIGATOR EL,0.0550000000000004
LINCOLN,MKT,0.1425357757772723
HONGQI,H7,0.0327583007647947
BRILLIANCE,FRV CROSS,-0.1093750000000006
HONDA,1800,0.1231840170973961
NISSAN,SALON,-0.0224747162910894
NISSAN,ORVAN,0.1004303758044057
HONDA,INTEGRA,0.1231840170973961
HONDA,HR-V,0.7805555555555567
HONDA,GOLD WING,-0.1395950563820882
NISSAN,NISSAN UD,0.1637368018516338
CHEVROLET,SIERRA,0.2756632847010697
TOYOTA,ATLIS,0.100064939910899
MERCEDES BENZ,GLS-CLASS,0.1259734542010062
MERCEDES BENZ,GT53,0.2039926259047585
BMW,M2 ,0.1420568219674346
BMW,i7,0.0849482525201097
BMW,iX2,0.0904034896401327
BMW,iX3,0.0014949224186833
MERCEDES BENZ,ML55,0.1007751937984496
MERCEDES BENZ,M-CLASS,0.1631083823836762
CHERY,ARRIZO5,-0.0408655457385822
CHERY,EASTAR,0.1633399734659244
CHEVROLET,CAVALIER,6.661338147750939e-16
CHEVROLET,C5500,0.135661726309024
CHEVROLET,CAPRICE CLASSIC,0.0923076923076924
CHEVROLET,SPARK EUV,0.0608571428571429
TOYOTA,WISH STATION,0.100064939910899
TOYOTA,YARIS HATCHBACK,-0.1451966686277361
TOYOTA,TOYOTA PRADO,0.036877018403969
TOYOTA,TOYOTA VELOZ,0.100064939910899
TOYOTA,TOYOTA VIOS,0.100064939910899
NISSAN,CANTER,-0.0504509639070445
HYUNDAI,GRANDYUOR,0.4413463577795453
LI AUTO,L9,0.3305252725470726
BMW,745LI,0.2512305176458395
BMW,745i,0.2075098171206193
BMW,750,0.232024672293143
Infiniti,Q70,0.088236008893403
ISUZU,L200,0.0629757676204455
LYNK & CO,01,0.1436079252538781
LYNK & CO,06,0.1436079252538781
MAEXTRO,S800,0.1195580092498166
BMW,228,0.1420568219674346
BMW,228i,0.1420568219674346
BMW,230i,0.1096553352219072
BMW,225I ACTIVE TOURER,0.1420568219674346
BMW,420I ,0.1420568219674346
BMW,850Ci,0.1851851851851857
BMW,760i,0.0638861304203928
BMW,840Ci,-0.0221555727554141
LYNK & CO,08,0.1436079252538781
DFSK,V21,0.1791237095901659
DAIHATSU,ROCKY,-11.612244897959174
KIA ,K5,0.1317790525123266
KIA ,SPORTAGE,0.1317790525123266
LAND ROVER,DEVENDR,-0.241938478025915
BMW,323,-0.2853834355161644
BMW,320,0.0472815233392827
NISSAN,NISSAN ALTIMA,0.0223888736116791
NISSAN,N6,0.1004303758044057
HYUNDAI,ATOS PRIME,0.4729537233052701
HONGQI,E HS9,-0.3196537682708502
MERCEDES BENZ,GLK280,0.1259734542010062
MERCEDES BENZ,GLS 500,-0.3341152428589771
Lexus,GS 350,0.1133105827708604
Lexus,ES 250,0.0901792040827984
NISSAN,URBAN VAN,0.1004303758044057
NISSAN,TEANA,0.1004303758044057
NISSAN,SUNNY 1.4,0.3891527782184747
HONDA,E-NP1,0.1231840170973961
BMW,M440i,0.1420568219674346
BMW,M550I,0.0082460441274794
MAYBACH,62,0.0917480360087066
MAXUS,D60,0.0621385907074373
Lexus,UX300H,0.0901792040827984
Lincoln,CONTINENTAL,-0.1205007824726125
Lincoln,MKZ,0.1893165750196389
Lexus,LX600,0.2290738569753796
MAZDA,5,0.1264195352637016
NISSAN,XTERRA,-0.0489517401160652
HINO,300,0.1985877284859827
GREAT WALL,POER KINGKONG,0.0839527830225681
PROTON,SAGA,0.1195580092498166
FORD,GT,0.1995787908820666
BMW,M135I,0.1921182266009834
BMW,2022,0.1420568219674346
BMW,218I ACTIVE TOURER,-0.0251929517984565
BMW,218I GRAN COUP,0.1420568219674346
BESTUNE,T90,0.0652942246739737
MAHINDRA ,SCORPIO,0.148557240726511
BMW,IX2,0.1420568219674346
BYD - DENZA,N9,0.1195580092498166
BYD,UNKNOWN,0.805053025577043
BYD,SONG FLAGSHIP,-0.2317460317460296
FORCE,URBANIA,0.1195580092498166
FIAT,500L,0.3809523809523804
Peugeot,3008,0.1449454970544037
Peugeot,408,0.1539596655189388
DODGE,DAKOTA,0.0971195485525654
DFSK,FENGON GLORY IX7,0.1791237095901659
MAZDA,MAZDA 6,0.0581784648870685
MAZDA,MAZDA E 2000,0.110049368414939
MAZDA,MAZDA,-0.1256645837176058
MAZDA,CX 5,-0.0482727543664314
BYD,DESTROYAR 05,-1.0825999999999998
BRILLIANCE,H530,-0.1093750000000006
ROEWE,5,0.273959938366718
EXEED,MY26RX T41 PHEV,0.0572440101572081
JETOUR,JETOUR DASHING,-0.2324058919803584
MERCEDES-BENZ,CLE300,0.1061321756532941
MERCEDES-BENZ,CLK500,0.2034104399039992
SMART,#1,0.1859237898434987
SKODA,RAPID,0.1224073832757938
DODGE,AVENGER,0.1528730176232035
CHANGAN,CHANGAN,-6.395424781059422
CADILLAC,STS-V,0.1346695538846248
CADILLAC,KUN CROUS,0.1346695538846248
CADILLAC,LYRIQ,0.0960513237553085
Renault,Duster,0.0977724612595434
ROLLS ROYCE,SILVER,0.1188438494915723
ROLLS ROYCE,SILVER SERAPH,0.1188438494915723
RIDDARA,RD6,0.1195580092498166
MAXUS,D60 MAX,0.0621385907074373
MERCEDES BENZ,GLE500,0.1114766833613624
MERCEDES BENZ,GLE63,-0.004580745063752
MERCEDES BENZ,GLE 53 AMG,0.1527867200818894
MERCEDES BENZ,GLC350,0.1259734542010062
MCLAREN,570GT,0.0844373070556117
MCLAREN,600LT,-0.0496504749955146
MAZDA,MAZDA 3 SEDAN,-0.3522727272727242
MERCEDES-BENZ,GLB 35,0.0534921671018298
MERCEDES-BENZ,GLC 43 AMG,0.1361894810170676
MERCEDES-BENZ,G580,0.1259734542010062
MERCEDES-BENZ,EQC 350,0.1259734542010062
Ford,Figo,0.1211037301992853
Ford,BRONCO,-0.2666666666666706
Ford,Everest,0.1437659706771926
TOYOTA,TOYOTA CENTURY,-0.8347860702154213
MG,MG GT,0.003322259136211
MG,MG HS,0.1039332762909611
MG,MG RX5,-0.3114754098360628
MG,CYBERSTER,0.1527165932452299
JMC,VIGUS PLUS,0.112093041957321
KIA,KIA,-0.2940442700477563
KIA,KIA CERATO,0.160749838929751
MERCEDES-BENZ,GLA220,-0.0777754868245983
TOYOTA,2007,0.100064939910899
TOYOTA,2009,0.100064939910899
TOYOTA,2010,0.100064939910899
CHERY,TIGGO 3,-0.0408655457385822
MERCEDES BENZ,GLB 35,0.1482319078947409
MERCEDES BENZ,G65 AMG,0.1907474614436128
VICTORY,SCH5022XXYD,-0.0799999999999998
UAZ,HUNTER,0.1195580092498166
GREAT WALL,GREATWALL TANK,0.0839527830225681
GMC,SEIARA,0.0974583320179629
OPEL,ANTARA,0.1246335293673404
Nissan,Armada,0.1004303758044057
Subaru,CROSSTREK,0.1247301570375724
Subaru,Legacy,-0.0122919452075833
Suzuki,CELERIO,0.1155112989431211
Skoda,Superb,0.163149983338622
CHERY,ARRIZO 7,0.224811357673077
CHERY,ARRIZO 8,0.0986121811340037
AEOLUS,MAGE,0.081105903798035
TANK,700,0.055301498346527
ACURA,TLX,0.1042780748663085
ZXAUTO,TERRALORD,-0.3358208955223909
ZOTYE,T600,0.1538091964756567
AUDI,RS4,0.1733372523178108
AUDI,SQ6 E-TRON,0.2035398230088512
BENTLEY,AZURE,0.0596871477110395
MERCEDES BENZ,BRABUS,0.0085391672547643
MERCEDES BENZ,C 250,0.211074950218689
MERCEDES BENZ,EQS 450+,0.1113359821206853
Volkswagen,Arteon,0.1307814020492382
Volvo,V40,0.1516798060934499
AITO,M7,0.0492035119934515
OPEL,ZAFIRA,0.0342522974101929
GAC,XIANGHUA XING,0.1279597189736493
GAC,GS7,0.1279597189736493
GENESIS,EQ900,0.1044793564747045
GENESIS,GV60,0.1044793564747045
BMW,Z8,0.1420568219674346
AVATR,7,0.2810810810810813
AUDI,SQ7,0.0530456031182466
MERCEDES-BENZ,GLE350,0.1330998248686512
BMW,335i,0.1083425525833534
BMW,325CI,0.1420568219674346
BMW,530e,0.1420568219674346
MERCEDES-BENZ,GLE53 AMG,0.1124683744810264
MERCEDES BENZ,C 43 AMG,0.3611681208344959
MERCEDES BENZ,C-CLASS,0.2317518248175183
Audi,Q5,0.1561335335156757
PEUGEOT,E 2008,0.1357226095308754
MERCEDES BENZ,E63,0.0540958931153733
ZEEKR,9,-0.046734728027836
XPENG,X9,0.2125000000000003
Volvo,XC60,0.1356436849086287
Volvo,XC90,0.1924579876173273
Triumph,TRIPLE1050,-1.085637140756646
Toyota,Granvia,-0.028493050475491
MERCEDES BENZ,CLE300,0.0641600551914468
MERCEDES BENZ,E220,0.1490769082254379
BYD,QIN PRO,0.0780079694362509
BYD,SEA LION 07EV,0.0780079694362509
FOTON,TOANO,0.158302317878261
FOTON,TUNLAND,0.1764836012950587
FOTON,TUNLAND G7,0.158302317878261
FORTHING,S7,0.3111458208178153
MERCEDES BENZ,EQE 300,0.1259734542010062
MERCEDES BENZ,EQE 350+,0.3063763608087076
MERCEDES BENZ,EQE 53 4M,0.0091704006362511
MERCEDES BENZ,CLK230 K,0.4456179570537251
MERCEDES BENZ,CLC180K,0.1259734542010062
MERCEDES BENZ,CLC250,0.1259734542010062
MERCEDES BENZ,CLC350,0.1415094339622642
MERCEDES BENZ,CLE200,0.1027125817622169
AUDI,RS6,0.1627484419726982
AUDI,Q6 E-TRON,0.1452525454703469
ACURA,TL,0.1042780748663085
MERCEDES BENZ,E 63 AMG,0.7013463892288858
MERCEDES BENZ,CLS55 AMG,0.204081632653064
ASTON MARTIN,DBX707,0.0312738719166312
ZXAUTO,GRANDTIGER,-0.3358208955223909
ALFA ROMEO,TONALE,0.1146006314665102
vgv,VX7,0.1195580092498166
ALFA ROMEO,156,0.1146006314665102
ALFA ROMEO,4C,0.1146006314665102
ALFA ROMEO,BRERA,0.1146006314665102
ALFA ROMEO,H9,0.1146006314665102
ALFA ROMEO,SPIDER,0.1146006314665102
ARCFOX,A S,0.1195580092498166
ASHOK LEYLAND,2021,0.086235412457418
ASHOK LEYLAND,ASHOK LEYLAND,0.086235412457418
ASHOK LEYLAND,FALCON,0.086235412457418
ASHOK LEYLAND,OYSTER,0.086235412457418
ASTON MARTIN,ASTON MARTIN,0.0968402517723158
ASTON MARTIN,RAPIDE S,0.0968402517723158
ASTON MARTIN,VALHALLA,0.0968402517723158
ASTON MARTIN,VALOUR,0.0968402517723158
ASTON MARTIN,VIRAGE,0.0968402517723158
BAIC,A115,0.0957753934145398
BAIC,BJJ40 PLUS,0.0957753934145398
BAIC,X 35,0.0957753934145398
BAJAJ,ACCORD,0.1195580092498166
BAJAJ,AVENGER 220 CC,0.1195580092498166
BAOJUN,2024,0.1195580092498166
BAOJUN YEP,YEP/STATION,0.1195580092498166
BENTLEY,BENTLEY GT,0.1480746011592842
BESTUNE,T77 ,0.0652942246739737
BMW,1 SERIES,0.1420568219674346
BMW,116i,0.1420568219674346
BMW,128I,0.1420568219674346
BMW,15,0.1420568219674346
BMW,2012,0.1420568219674346
Audi,S4,0.1452525454703469
Audi,S8,0.1452525454703469
VOLKSWAGEN,KRAFTER,0.1307814020492382
VOLKSWAGEN,MPV,0.1307814020492382
VOLKSWAGEN,R32,0.1307814020492382
VOLKSWAGEN,TACQUA,0.1307814020492382
VOLVO,960,0.1516798060934499
BENTLEY,GT,0.1480746011592842
BENTLEY,MULLINER,0.1480746011592842
BESTUNE,NAT E05,0.0652942246739737
BMW,225,0.1420568219674346
BMW,235I,0.1420568219674346
BMW,3 SERIES,0.1420568219674346
BMW,318,0.1420568219674346
BMW,318CI,0.1420568219674346
BMW,320LI,0.1420568219674346
VOLKSWAGEN,ID4,0.1307814020492382
VOLKSWAGEN,JETTA 2.5L,0.1307814020492382
MERCEDES BENZ,C 220,0.1259734542010062
MERCEDES BENZ,C 63,0.1259734542010062
MERCEDES BENZ,C 63 AM,0.1259734542010062
MCLAREN,765LT,0.0844373070556117
MCLAREN,SPEEDTRAIL,0.0844373070556117
MERCEDES ,GT-53,0.1195580092498166
MERCEDES BENZ,1922,0.1259734542010062
MERCEDES BENZ,300 G,0.1259734542010062
MERCEDES BENZ,FORTWO,0.1259734542010062
MERCEDES BENZ,G 300,0.1259734542010062
MERCEDES BENZ,B 180,0.1259734542010062
MERCEDES BENZ,B150,0.1259734542010062
MERCEDES BENZ,B180,0.1259734542010062
MERCEDES BENZ,B200 (HATCHBACK),0.1259734542010062
MERCEDES BENZ,B250 E,0.1259734542010062
MERCEDES BENZ,BENZ-S560,0.1259734542010062
MERCEDES BENZ,EQA 250,0.1259734542010062
MERCEDES BENZ,EQA 350,0.1259734542010062
MERCEDES BENZ,EQB 350,0.1259734542010062
MERCEDES BENZ,EQC 400,0.1259734542010062
MERCEDES BENZ,EQE,0.1259734542010062
MERCEDES BENZ,EQG G580,0.1259734542010062
MERCEDES BENZ,EQS 53 AMG,0.1259734542010062
MERCEDES BENZ,EQV 300,0.1259734542010062
MERCEDES BENZ,C250 COUPE,0.1259734542010062
MERCEDES BENZ,C55 AMG,0.1259734542010062
MERCEDES BENZ,C63S AMG,0.1259734542010062
MERCEDES BENZ,C835 AM,0.1259734542010062
MERCEDES BENZ,CAMRY,0.1259734542010062
MERCEDES BENZ,CE300,0.1259734542010062
MERCEDES BENZ,CLA 35,0.1259734542010062
MERCEDES BENZ,CLA180,0.1259734542010062
MAZDA,MX 5,0.110049368414939
MAZDA,MX 5 COUPE,0.110049368414939
MAZDA,MX-5 MIATA,0.110049368414939
MAZDA,RX-8,0.110049368414939
MAZDA,TRIBUTE,0.110049368414939
MERCEDES BENZ,GLB-CLASS,0.1259734542010062
MERCEDES BENZ,GLB220,0.1259734542010062
MERCEDES BENZ,GLC350E,0.1259734542010062
MERCEDES BENZ,GLA 43 AMG,0.1259734542010062
MAZDA,B2500,0.110049368414939
MAZDA,CX30,0.110049368414939
MAZDA,E 2000,0.110049368414939
MAZDA,E3000,0.110049368414939
MAZDA,MAZDA 3500 T,0.110049368414939
MAZDA,MAZDA CX-3,0.110049368414939
MAZDA,MAZDA M3,0.110049368414939
MERCEDES BENZ,G 800,0.1259734542010062
MERCEDES BENZ,G270,0.1259734542010062
MERCEDES BENZ,G55,0.1259734542010062
MERCEDES BENZ,G580,0.1259734542010062
MERCEDES BENZ,G63,0.1259734542010062
MERCEDES BENZ,G650 MAYBACH,0.1259734542010062
MERCEDES BENZ,GL400,0.1259734542010062
MERCEDES BENZ,GLA 250,0.1259734542010062
MERCEDES BENZ,320,0.1259734542010062
MERCEDES BENZ,500 SEL,0.1259734542010062
MERCEDES BENZ,560,0.1259734542010062
MERCEDES BENZ,A 30 AMG,0.1259734542010062
MERCEDES BENZ,A 45 AMG,0.1259734542010062
MERCEDES BENZ,G 500,0.1259734542010062
MERCEDES BENZ,G 55 AMG,0.1259734542010062
MERCEDES BENZ,G 63 AMG,0.1259734542010062
Lexus,RC 350,0.0901792040827984
Lexus,RX500H,0.0901792040827984
MAEXTRO ,S800,0.1195580092498166
MAHINDRA,SCORPIO S6,0.148557240726511
MAHINDRA ,SCORPIO SC S6,0.148557240726511
MAXUS,CARAVAN,0.0621385907074373
LUCID,GRAVITY,0.436332644253435
LYKAN, CO 900,0.1195580092498166
MAYBACH,62 S,0.1076822872714023
MAZDA,2006 PICK UP CARGO,0.110049368414939
MAZDA,2200,0.110049368414939
MAZDA,626,0.110049368414939
MAZDA,B 2000,0.110049368414939
MAZDA,B2300,0.110049368414939
Lexus,LS 460,0.0901792040827984
Lexus,LS500,0.0901792040827984
MAXUS,G50 PLUS,0.0621385907074373
MAXUS,MAXUS,0.0621385907074373
MAXUS,MAXUS 10 G,0.0621385907074373
MAXUS,MAXUS T60,0.0621385907074373
MAXUS,T70,0.0621385907074373
MAXUS,T70 PETROL 2WD,0.0621385907074373
MAXUS,T70 PRO,0.0621385907074373
MAXUS,V80 (BUS),0.0621385907074373
MERCEDES BENZ,GLC63,0.1259734542010062
MERCEDES BENZ,GLE 350,0.1259734542010062
MERCEDES BENZ,GLE 400,0.1259734542010062
MERCEDES BENZ,GLE 580,0.1259734542010062
MERCEDES BENZ,GLE 63,0.1259734542010062
MERCEDES BENZ,GLK 220,0.1259734542010062
MAXUS,D90 MAX,0.0621385907074373
MAXUS,G50 15T,0.0621385907074373
LI AUTO,MEGA,0.3305252725470726
LINCOLN,L6,0.1425357757772723
LINCOLN,LINCOLN TOWN,0.1425357757772723
LINCOLN,LINCOLN TOWN CAR,0.1425357757772723
LINCOLN,MARK LT,0.1425357757772723
LINCOLN,NAVIGATOR  EL,0.1425357757772723
LINCOLN,SEDAN,0.1425357757772723
LOTUS,ESPIRT,0.2151288667792541
MERCEDES BENZ,MERCEDES S63 AMG,0.1259734542010062
MERCEDES BENZ,ML430,0.1259734542010062
MERCEDES BENZ,ML550,0.1259734542010062
MERCEDES BENZ,MUSTANG,0.1259734542010062
LEXUS,VESPA 150 CC,0.0901792040827984
LEXUS,جي اس 430,0.0901792040827984
LEXUS,لي اس 300,0.0901792040827984
LI AUTO,L8,0.3305252725470726
MERCEDES BENZ,GLS 400,0.1259734542010062
MERCEDES BENZ,GLS 450,0.1259734542010062
MERCEDES BENZ,GT 63,0.1259734542010062
MERCEDES BENZ,MERCEDES,0.1259734542010062
MERCEDES BENZ,MERCEDES 200 CLA,0.1259734542010062
MERCEDES BENZ,MERCEDES 5500L,0.1259734542010062
MERCEDES BENZ,MERCEDES G 550,0.1259734542010062
MERCEDES BENZ,MERCEDES S550,0.1259734542010062
LYNK & CO,03 PLUS,0.1436079252538781
LYNK & CO,05,0.1436079252538781
LYNK & CO,6,0.1436079252538781
LYNK & CO,9,0.1436079252538781
LYNK & CO,LYNK CO,0.1436079252538781
LYNK and CO,900,0.1195580092498166
Land Rover,DISCOVERY SPORT,0.1276865061033145
Lexus,GS450H,0.0901792040827984
LEXUS,LX 600,0.0901792040827984
LEXUS,LX 700 H,0.0901792040827984
LEXUS,MAXIMA,0.0901792040827984
LEXUS,ML350,0.0901792040827984
LEXUS,NIAS 350,0.0901792040827984
LEXUS,NSX,0.0901792040827984
LEXUS,NX 350,0.0901792040827984
LEXUS,NX 450H,0.0901792040827984
LEXUS,SC 430,0.0901792040827984
LEXUS,SCION IQ,0.0901792040827984
LEXUS,SIXTIES 175,0.0901792040827984
LEXUS,UX 200,0.0901792040827984
LEXUS,UX 300 H,0.0901792040827984
LEXUS,UX250(4WD),0.0901792040827984
LEXUS,UX300 E,0.0901792040827984
LEXUS,LX 470,0.0901792040827984
MERCEDES BENZ,S 63,0.1259734542010062
MERCEDES BENZ,S L 43 / COUPE,0.1259734542010062
MERCEDES BENZ,S430,0.1259734542010062
LEXUS,RX 2.0,0.0901792040827984
LEXUS,RX270,0.0901792040827984
LEXUS,RX350L,0.0901792040827984
LEXUS,RX400,0.0901792040827984
LEXUS,SC 400,0.0901792040827984
LOTUS,EXIGE,0.2151288667792541
MERCEDES BENZ,PICKUP,0.1259734542010062
MERCEDES BENZ,R350L,0.1259734542010062
MERCEDES BENZ,RSX,0.1259734542010062
MERCEDES BENZ,S 320 L,0.1259734542010062
MERCEDES BENZ,S 400h,0.1259734542010062
MERCEDES BENZ,S 500 L,0.1259734542010062
MERCEDES BENZ,S 560,0.1259734542010062
LAND ROVER,LR 3,0.1276865061033145
LAND ROVER,PICKUP,0.1276865061033145
LAND ROVER,RANGE ROVER 4WD,0.1276865061033145
LAND ROVER,RANGE ROVER VOG,0.1276865061033145
LAND ROVER,UNKNOWN,0.1276865061033145
LAND ROVER,VOGUE,0.1276865061033145
LEAPMOTOR,C 16,0.1195580092498166
LEAPMOTOR,C16,0.1195580092498166
LEXUS,ES,0.0901792040827984
LEXUS,ES 250,0.0901792040827984
LEXUS,ES 300H,0.0901792040827984
LEXUS,ES200,0.0901792040827984
LEXUS,ES300h,0.0901792040827984
LEXUS,GS 450 H,0.0901792040827984
LEXUS,GX 460,0.0901792040827984
LAND ROVER,FREELANDER,0.1276865061033145
LEXUS,LM 300H,0.0901792040827984
LEXUS,LS460L,0.0901792040827984
MERCEDES BENZ,SEL 560,0.1259734542010062
MERCEDES BENZ,SL280,0.1259734542010062
MERCEDES BENZ,SL60 AMG,0.1259734542010062
MERCEDES BENZ,SLINGSHOT S,0.1259734542010062
MERCEDES BENZ,SLK 200,0.1259734542010062
MERCEDES BENZ,SLK-CLASS,0.1259734542010062
LEXUS,NX200,0.0901792040827984
LEXUS,HARLEY DAVIDSON FAT,0.0901792040827984
LEXUS,HS250H,0.0901792040827984
LEXUS,IS 200T,0.0901792040827984
LEXUS,IS 500,0.0901792040827984
LEXUS,IS200,0.0901792040827984
LEXUS,LEXUS,0.0901792040827984
LEXUS,LFA,0.0901792040827984
LAND ROVER,DEFENDER110,0.1276865061033145
LAND ROVER,EC01,0.1276865061033145
LAND ROVER,ENVISION,0.1276865061033145
KIA,SIXTIES 17,0.1317790525123266
KIA,SORRENTO,0.1317790525123266
KIA,يونجو,0.1317790525123266
KIA ,CERATO,0.1317790525123266
KIA41964,SORENTO,0.1195580092498166
MERCEDES-BENZ,B250,0.1259734542010062
Kia,Soul,0.1317790525123266
LAMBORGHINI,SIAN,0.0730099981959984
LANCIA,DELTA,0.1195580092498166
LAND ROVER,2023,0.1276865061033145
LAND ROVER,DEFENDER 10,0.1276865061033145
LAND ROVER,DEFENDER 90 X-DYNAMIC SE,0.1276865061033145
LAND ROVER,DEFENDER/STATION,0.1276865061033145
LEXUS,CH150T-34,0.0901792040827984
MERCEDES BENZ,SLR,0.1259734542010062
MERCEDES BENZ,V-CLASS-MPV,0.1259734542010062
MERCEDES BENZ,V220 D,0.1259734542010062
MERCEDES BENZ,V280,0.1259734542010062
MERCEDES BENZ,اتيجو 1725,0.1259734542010062
MERCEDES-BENZ,A220,0.1259734542010062
MERCEDES-BENZ,A45,0.1259734542010062
LEAPMOTORS,C 160,0.1301438608230196
LEAPMOTORS,C11,0.1301438608230196
LEOPARD,LEOPARD 5,0.1195580092498166
LEXUS,2005,0.0901792040827984
LEXUS,200T,0.0901792040827984
LEXUS,460,0.0901792040827984
LEXUS,460 LS,0.0901792040827984
LEXUS,ATOS,0.0901792040827984
KIA,KIA SEDONA,0.1317790525123266
KIA,KIA SELTOS,0.1317790525123266
KIA,KIA SOUL,0.1317790525123266
KIA,KX1,0.1317790525123266
KIA,L9,0.1317790525123266
KIA,MT-09,0.1317790525123266
KIA,PICANTO HATCHBACK,0.1317790525123266
KIA,PRIDE,0.1317790525123266
KIA,KIA CARNIVAL,0.1317790525123266
KIA,KIA K 3,0.1317790525123266
KIA,KIA K 4,0.1317790525123266
KIA,KIA K3,0.1317790525123266
KIA,KIA K4,0.1317790525123266
KIA,KIA K4000G,0.1317790525123266
KIA,KIA K5,0.1317790525123266
KIA,KIA RIO,0.1317790525123266
MERCEDES-BENZ,CLK63 AMG,0.1259734542010062
MERCEDES-BENZ,CLS500,0.1259734542010062
MERCEDES-BENZ,CLS63 AMG,0.1259734542010062
MERCEDES-BENZ,EQA 350,0.1259734542010062
MERCEDES-BENZ,EQE 500,0.1259734542010062
MERCEDES-BENZ,EQE 53 4M,0.1259734542010062
MERCEDES-BENZ,GLB220,0.1259734542010062
KIA,KIA CARENS,0.1317790525123266
KTM,1290,0.1195580092498166
KTM,390 DUKE,0.1195580092498166
KTM,X BOW,0.1195580092498166
Kawasaki,KAWASAKI Z 900,0.1195580092498166
Kawasaki,KX250,0.1195580092498166
Kawasaki,KX450,0.1195580092498166
Kawasaki,Ninja 300,0.1195580092498166
Kawasaki,ZX6R,0.1195580092498166
JETOUR,X 70,0.0739341904628574
JETOUR,X 70 PLUS,0.0739341904628574
JETOUR,X70L,0.0739341904628574
JINBEI,X30,0.1195580092498166
JMC,JX1043DSL2,0.112093041957321
JMC,JX3043XSG2,0.112093041957321
JMC,PICK UP,0.112093041957321
JMC,VIGUS,0.112093041957321
MERCEDES-BENZ,S680,0.1259734542010062
MERCEDES-BENZ,SL500,0.1259734542010062
MERCEDES-BENZ,SL600,0.1259734542010062
MERCEDES-BENZ,VITO,0.1259734542010062
MERCURY,MARINER,0.144595327217918
JETOUR,T 2/STATION,0.0739341904628574
JETOUR,TRAVELLER,0.0739341904628574
JETOUR,UNKNOWN,0.0739341904628574
KIA,K 5,0.1317790525123266
KIA,K 7,0.1317790525123266
KIA,K8 SEDAN,0.1317790525123266
KIA,KIA 1021,0.1317790525123266
MERCEDES-BENZ,GLS400,0.1259734542010062
MERCEDES-BENZ,R350,0.1259734542010062
MERCEDES-BENZ,S500 L,0.1259734542010062
MERCEDES-BENZ,S550,0.1259734542010062
KIA,RAY,0.1317790525123266
KIA,SEDONA VAN,0.1317790525123266
KAIYI,X3 PRO (2WD),0.117303946421375
KIA,4000,0.1317790525123266
KIA,B,0.1317790525123266
KIA,GAC - EMZOOM 1.5TG GS,0.1317790525123266
KIA,K 2700,0.1317790525123266
KIA,K 4/SEDAN,0.1317790525123266
JAC,JAC,0.0750754383262343
JAC,SUNRAY MINI EURO5(BUS),0.0750754383262343
JAC,VAN,0.0750754383262343
JAECOO,J 8,0.1405188582362886
JAECOO,J5,0.1405188582362886
JAECOO,JAECOO,0.1405188582362886
JAECOO,JAECOO J5 (2WD),0.1405188582362886
JAECOO,JAECOO J7,0.1405188582362886
JEEP,GS4,0.1244723099851198
JETOUR,Dashing,0.0739341904628574
JETOUR,JETOUR T2,0.0739341904628574
JETOUR,JETOUR X50,0.0739341904628574
JETOUR,JETOUR X70 PLUS,0.0739341904628574
JETOUR,S06,0.0739341904628574
JAC,J4,0.0750754383262343
JAC,J7 LUXURY EURO5,0.0750754383262343
MG,MG MG3,0.1039332762909611
MG,MG RX 8,0.1039332762909611
MG,NONE,0.1039332762909611
MG,RX 5 PLUS,0.1039332762909611
MG,SUV,0.1039332762909611
JAGUAR,XGL,0.1518715540536159
JAGUAR,XKR-S,0.1518715540536159
JCB,JCB 3CX,0.1195580092498166
Jeep,Compass,0.1244723099851198
KAIYI,KAIYI X3 PRO,0.117303946421375
KAIYI,KYD3000D1 (ELECTRIC BIKE),0.117303946421375
MG,550,0.1039332762909611
MG,HS HYBRID+,0.1039332762909611
MG,HS PHEV,0.1039332762909611
MG,I5,0.1039332762909611
MG,MG 350,0.1039332762909611
ISUZU,FRR,0.0629757676204455
ISUZU,FSR,0.0629757676204455
ISUZU,KB,0.0629757676204455
ISUZU,NPR LIGHT DUTY PICK UP,0.0629757676204455
ISUZU,QKR,0.0629757676204455
Infiniti,QX 70,0.1305647063818419
Infiniti,QX55,0.1305647063818419
JAC,2026,0.0750754383262343
MITSUBISHI,1996,0.123907602165897
MITSUBISHI,1998,0.123907602165897
MITSUBISHI,1999,0.123907602165897
INFINITI,SPORTAGE,0.1305647063818419
INFINITI,UNKNOWN,0.1305647063818419
ISUZU,2019,0.0629757676204455
ISUZU,225,0.0629757676204455
ISUZU,DMAX,0.0629757676204455
MINI,HARDTOP COOPER S,0.121101353078881
MINI,MINI COOPER,0.121101353078881
MINI,MINI COOPER S,0.121101353078881
MINI,MINI COUPE,0.121101353078881
MINI,MINI S COUNTRYMAN,0.121101353078881
MINI,SCION IQ,0.121101353078881
MITSUBISHI, CANTER,0.123907602165897
MITSUBISHI,1993,0.123907602165897
JAECOO,TIGGO 7 PRO,0.1405188582362886
JAGUAR,DIMALER,0.1518715540536159
MHERO,1,0.1195580092498166
MINI,2003,0.121101353078881
MINI,2013,0.121101353078881
MINI,ACEMAN,0.121101353078881
MINI,COOPER ROADSTER,0.121101353078881
MINI,COOPER S ROADSTER,0.121101353078881
INEOS ,GRENADIER,0.1682994706724157
INFINITI,2001,0.1305647063818419
INFINITI,37M,0.1305647063818419
INFINITI,80QX,0.1305647063818419
INFINITI,COUPE,0.1305647063818419
HYUNDAI,STARKS,0.1233700486865059
HYUNDAI,UNKNOWN,0.1233700486865059
HYUNDAI2120117999,ACCENT,0.1195580092498166
MITSUBISHI,L 200,0.123907602165897
MITSUBISHI,L 300 ,0.123907602165897
MITSUBISHI,L200 DCAB,0.123907602165897
MITSUBISHI,L200 PICK UP,0.123907602165897
MITSUBISHI,MITSUBISHI ATTRAGE,0.123907602165897
Honda,S2000,0.1231840170973961
Hyundai,GRAND SANTA FE,0.1233700486865059
Hyundai,i30,0.1233700486865059
INFINITI,Q45,0.1305647063818419
MITSUBISHI,CANTER PICKUP CRANE,0.123907602165897
MITSUBISHI,CANTER VAN,0.123907602165897
MITSUBISHI,FORTIS,0.123907602165897
MITSUBISHI,FOZO,0.123907602165897
MITSUBISHI,FUSO BA,0.123907602165897
MITSUBISHI,G. V. W,0.123907602165897
MITSUBISHI,GT 3000,0.123907602165897
JAC,HFC 1062,0.0750754383262343
JAC,HFC1062,0.0750754383262343
INFINITI,G 25 S/SEDAN,0.1305647063818419
INFINITI,I 35,0.1305647063818419
INFINITI,JX 35,0.1305647063818419
INFINITI,M 56,0.1305647063818419
INFINITI,Q 50,0.1305647063818419
INFINITI,Q40,0.1305647063818419
HYUNDAI,HD72,0.1233700486865059
HYUNDAI,HYUNDAI,0.1233700486865059
HYUNDAI,HYUNDAI ELANTRA,0.1233700486865059
HYUNDAI,I 10,0.1233700486865059
HYUNDAI,IX35,0.1233700486865059
HYUNDAI,LF7153D,0.1233700486865059
HYUNDAI,LIONIQ,0.1233700486865059
HYUNDAI,MAXCRUZ,0.1233700486865059
MITSUBISHI,SIERRA,0.123907602165897
MITSUBISHI,بيك اب شحن,0.123907602165897
MORGAN,MIDSUMMER,0.1195580092498166
MORGAN,SUPERSPORT,0.1195580092498166
Maserati,QUATTROPORTE,0.1467277686833425
HYUNDAI,HD 46 PICK UP CARGO,0.1233700486865059
HYUNDAI,HD 66,0.1233700486865059
HYUNDAI,HD 72,0.1233700486865059
Honda,CR-V,0.1231840170973961
Honda,Jazz,0.1231840170973961
MITSUBISHI,MITSUBISHI MONTE,0.123907602165897
MITSUBISHI,MODEL 1990,0.123907602165897
MITSUBISHI,MONTERO,0.123907602165897
MITSUBISHI,OUTLANDER PHEV,0.123907602165897
MITSUBISHI,OUTLANDER SUV,0.123907602165897
MITSUBISHI,ROZA,0.123907602165897
Harley-Davidson,FLHTK,0.0002502816961211
Harley-Davidson,FLHXS,0.0002502816961211
Harley-Davidson,HARLEY DAVIDSON X,0.0002502816961211
Harley-Davidson,SPORTSTER CUSTOM XL 883,0.0002502816961211
Harley-Davidson,Street Bob,0.0002502816961211
Honda,125,0.1231840170973961
Honda,CBF,0.1231840170973961
Honda,CITY,0.1231840170973961
HYUNDAI,HD 46,0.1233700486865059
NISSAN,2010,0.1004303758044057
NISSAN,2013,0.1004303758044057
NISSAN,2014,0.1004303758044057
NISSAN,2016,0.1004303758044057
NISSAN,2400 PICK UP CARGO,0.1004303758044057
NISSAN,ALTIMA SV,0.1004303758044057
NISSAN,CEDRIC,0.1004303758044057
NISSAN,2006,0.1004303758044057
HYUNDAI,AVANTY,0.1233700486865059
HYUNDAI,G80,0.1233700486865059
HYUNDAI,GENESIS G70,0.1233700486865059
HYUNDAI,GRAND YUOR / SEDAN,0.1233700486865059
HYUNDAI,GRANDEUR SEDAN,0.1233700486865059
HYUNDAI,Grand I10,0.1233700486865059
HYUNDAI,H-65D,0.1233700486865059
NIO,ET9,0.218559218559218
NIO,NIO ET 5,0.218559218559218
NISSAN,1200 GX,0.1004303758044057
NISSAN,1200gx,0.1004303758044057
NISSAN,1991,0.1004303758044057
NISSAN,1993,0.1004303758044057
NISSAN,1994,0.1004303758044057
NISSAN,1996,0.1004303758044057
HYUNDAI,SANTAFE,0.1233700486865059
HYUNDAI,SANTEFY,0.1233700486865059
HYUNDAI,STAREX VAN,0.1233700486865059
Mazda,CX-60,0.110049368414939
Mazda,CX-90,0.110049368414939
Mini,CLUBMAN,0.121101353078881
Mitsubishi,L200,0.123907602165897
NIO,1,0.218559218559218
HYUNDAI,2016,0.1233700486865059
NISSAN,MAXIMA G 30,0.1004303758044057
NISSAN,MAXSMA,0.1004303758044057
NISSAN,MICRO,0.1004303758044057
NISSAN,MITSUOKA,0.1004303758044057
NISSAN,MORANOA,0.1004303758044057
NISSAN,MT,0.1004303758044057
NISSAN,NISMO,0.1004303758044057
HONDA,دراجة توصيل طلبات,0.1231840170973961
HONDA,يونيكورن 160,0.1231840170973961
HONGQI,H 9,0.0327583007647947
HONGQI,HONGQI H9,0.0327583007647947
HUMMER,HUMMER H2,0.1953370305296245
HYCAN,V09,0.1195580092498166
HYUNDAI,2008,0.1233700486865059
HYUNDAI,2012,0.1233700486865059
NISSAN,LKE 210,0.1004303758044057
NISSAN,MAX 180,0.1004303758044057
HONDA,UNICORN 160,0.1231840170973961
HONDA,UNICORN 180,0.1231840170973961
HONDA,UNKNOWN,0.1231840170973961
HONDA,VESPA VXL,0.1231840170973961
HONDA,VXL 150,0.1231840170973961
HONDA,YULIKORN 160,0.1231840170973961
NISSAN,CUBE,0.1004303758044057
NISSAN,DIESEL UD,0.1004303758044057
NISSAN,E25,0.1004303758044057
NISSAN,ENCLAVE,0.1004303758044057
NISSAN,G70,0.1004303758044057
NISSAN,KICKS 20SVUPPER,0.1004303758044057
NISSAN,L200,0.1004303758044057
NISSAN,LIVINA,0.1004303758044057
HONDA,HONDA TRANSIT,0.1231840170973961
HONDA,HR (4WD),0.1231840170973961
HONDA,HR V,0.1231840170973961
HONDA,MSX125,0.1231840170973961
HONDA,PCX 150,0.1231840170973961
HONDA,SEDAN,0.1231840170973961
HONDA,STREAM,0.1231840170973961
HONDA,UNCORN,0.1231840170973961
HONDA,GL1800,0.1231840170973961
HONDA,GOLDEN 1,0.1231840170973961
HONDA,Gold Wing GL1800,0.1231840170973961
HONDA,HATCHBACK,0.1231840170973961
HONDA,HONDA,0.1231840170973961
HONDA,HONDA ACCORD COUPE,0.1231840170973961
HONDA,HONDA INSIGHT,0.1231840170973961
HONDA,HONDA ODYSSEY,0.1231840170973961
NISSAN,NISSAN SUNNY,0.1004303758044057
NISSAN,NISSAN SUNNY 1.3,0.1004303758044057
NISSAN,NISSAN TITAN,0.1004303758044057
NISSAN,NISSAN Z,0.1004303758044057
NISSAN,NISSAN Z 370,0.1004303758044057
NISSAN,NISSEN DIESEL UD,0.1004303758044057
NISSAN,NV3500,0.1004303758044057
HONDA,GL 1800,0.1231840170973961
NISSAN,NISSAN / CEDRICK,0.1004303758044057
NISSAN,NISSAN 2000,0.1004303758044057
NISSAN,NISSAN 2400,0.1004303758044057
NISSAN,NISSAN ARMADA,0.1004303758044057
NISSAN,NISSAN JUKE STATION,0.1004303758044057
NISSAN,NISSAN MAGNITE,0.1004303758044057
NISSAN,NISSAN PATROL SUPER SAFARI,0.1004303758044057
NISSAN,NISSAN SENTRA,0.1004303758044057
HONDA,0.06 G,0.1231840170973961
HONDA,0.60 G,0.1231840170973961
HONDA,ACURA,0.1231840170973961
HONDA,ALTIMA,0.1231840170973961
HONDA,Acura,0.1231840170973961
HONDA,CB UNICORN,0.1231840170973961
HONDA,CBF 125,0.1231840170973961
HONDA,CMX 500,0.1231840170973961
HINO,300 PICK UP CARGO,0.2049565785309644
HINO,300 SERIES 917 XLWB EURO 5,0.2049565785309644
HINO,711,0.2049565785309644
HINO,DUTRO,0.2049565785309644
HINO ,300,0.2049565785309644
HIPHI,HIPHI X,0.1195580092498166
HIPHI,HIPHIX,0.1195580092498166
HIPHI,Z,0.1195580092498166
NISSAN,PK 210,0.1004303758044057
NISSAN,PREFACE,0.1004303758044057
NISSAN,RANGE ROVER VELAR,0.1004303758044057
NISSAN,RICH,0.1004303758044057
NISSAN,ROCKY,0.1004303758044057
NISSAN,RX350,0.1004303758044057
NISSAN,SCION TC,0.1004303758044057
NISSAN,SILVIA,0.1004303758044057
NISSAN,NX 350 H,0.1004303758044057
NISSAN,OTHERS,0.1004303758044057
NISSAN,PATGAL,0.1004303758044057
NISSAN,PATROL 4X4 SUV,0.1004303758044057
NISSAN,PATROL SE,0.1004303758044057
NISSAN,PATROL STATION,0.1004303758044057
NISSAN,PATROL/JEEP,0.1004303758044057
NISSAN,PATROLYYYY,0.1004303758044057
GWM - WEY,GAOSHAN,0.1195580092498166
Geely,EM GRAND,0.1251658643900071
Geely,GEOMETRY C,0.1251658643900071
Geely,STARRAY,0.1251658643900071
HAVAL,6H,0.119934797084116
HAVAL,H6 SPORT,0.119934797084116
HAVAL,HAVAL,0.119934797084116
HAVAL,HAVAL H,0.119934797084116
NISSAN,V7 SPECIAL SILVER,0.1004303758044057
NISSAN,VANDERHALL CARM,0.1004303758044057
NISSAN,VESPA 150,0.1004303758044057
NISSAN,VISION,0.1004303758044057
NISSAN,VOGUE,0.1004303758044057
GREAT WALL,TALK 300-8,0.0839527830225681
GREAT WALL,TANK 3,0.0839527830225681
GREAT WALL,TANK500,0.0839527830225681
NISSAN,SUNNY SV 1.5 AT,0.1004303758044057
NISSAN,SX 240,0.1004303758044057
NISSAN,SX 240 COUPE,0.1004303758044057
NISSAN,SYLPHY,0.1004303758044057
NISSAN,TIIDA SEDAN,0.1004303758044057
NISSAN,TRANS,0.1004303758044057
NISSAN,UD,0.1004303758044057
NISSAN,URVAN/VAN,0.1004303758044057
HONDA,CRX,0.1231840170973961
HONDA,E NS1,0.1231840170973961
HONDA,ELEMENT,0.1231840170973961
HONDA,ENS 1,0.1231840170973961
HONDA,ENS1,0.1231840170973961
NISSAN,SLING SHOT,0.1004303758044057
NISSAN,STAGEA,0.1004303758044057
NISSAN,STATION,0.1004303758044057
GEELY,CRUZE,0.1251658643900071
GEELY,EC 7,0.1251658643900071
GEELY,EC7,0.1251658643900071
GEELY,EMGRAND 7RV,0.1251658643900071
GEELY,EMGRAND GC7,0.1251658643900071
GEELY,GC2,0.1251658643900071
GEELY,GC6,0.1251658643900071
GEELY,ني ام جراند,0.1251658643900071
GMC,GMC 01,0.1332473693333866
GMC,SAVANA(VAN),0.1332473693333866
GPX,DEMON 200CC,0.1195580092498166
GREAT WALL,2014,0.0839527830225681
GREAT WALL,D150,0.0839527830225681
GREAT WALL,HILUX,0.0839527830225681
GREAT WALL,KINGKONG,0.0839527830225681
GREAT WALL,PICK UP DOUBLE CABIN,0.0839527830225681
NISSAN,صني 1.5,0.1004303758044057
NISSAN071244AA,PATROL,0.1195580092498166
Nissan,Juke,0.1004303758044057
OMODA,7,0.3332334332334343
OPEL,CASCADA,0.1246335293673404
GMC,400,0.1332473693333866
GMC,ACADIA DENALI,0.1332473693333866
GMC,GMC,0.1332473693333866
HAVAL,Jolion,0.119934797084116
HAVAL,RAPTOR,0.119934797084116
HAVAL,V7,0.119934797084116
NISSAN,XA,0.1004303758044057
NISSAN,XL 883 N,0.1004303758044057
NISSAN,XTRAIL,0.1004303758044057
NISSAN,XXXXXXXXXX,0.1004303758044057
NISSAN,صني 1.4,0.1004303758044057
FOTON,BJ65496 VIEW CS2 HR,0.158302317878261
Ford,Escort,0.1437659706771926
Ford,F-150,0.1437659706771926
FORD,F 150,0.1437659706771926
FORD,F 150 RAPTOR SHELBY,0.1437659706771926
FORD,F 250 (PICK UP),0.1437659706771926
FORD,F 350 XL,0.1437659706771926
FORD,F-250 PICKUP,0.1437659706771926
PEUGEOT,BOXER FT35,0.1357226095308754
PEUGEOT,LAND REK - X MT,0.1357226095308754
PEUGEOT,PARTNER L2 P,0.1357226095308754
FORD,WINNEBAGO MOTOR HOME,0.1437659706771926
FORD2140777009,MUSTANG,0.1195580092498166
FORTHING,V9,0.1082072426655293
FOTON,BJ41896 AUMAN GTL E,0.158302317878261
FOTON,BJ6549 C5,0.158302317878261
GEELY,7,0.1251658643900071
GEELY,COOLRAY 1.5 GL,0.1251658643900071
Opel,Mokka,0.1246335293673404
PADAR,KINGKONG (PICKUP),0.1195580092498166
PAGANI,HUAYRA,0.1195580092498166
PAGANI ,UTOPIA,0.1195580092498166
PEUGEOT,307 SW,0.1357226095308754
PEUGEOT,607,0.1357226095308754
GAC,AION,0.1279597189736493
GAC,AION Y,0.1279597189736493
GAC,GS3 EMZOOM 1.5TG GB,0.1279597189736493
GAC,HACROB3151075855,0.1279597189736493
GAC,HYPTEC HT,0.1279597189736493
GAC,TRIUMPCHI GA3S,0.1279597189736493
GEELY,2025,0.1251658643900071
GEELY,2GX,0.1251658643900071
FIAT,LOUNGE,0.099038791035983
FORCE,TRAVELLER,0.1195580092498166
FORD,500,0.1437659706771926
FORD,COUPE,0.1437659706771926
FORD,E450 SUPER DUTY (MOTORHOME),0.1437659706771926
FORD,ECONOLINE,0.1437659706771926
FORD,EXPEDITION   EL,0.1437659706771926
FERRARI,12CILINDRI,0.0986698867417129
PROTON,GEN-2,0.1195580092498166
PROTON,PERSONA,0.1195580092498166
Peugeot,2008,0.1357226095308754
Peugeot,308,0.1357226095308754
FIAT,ABARTH 695,0.099038791035983
FIAT,DOBLO,0.099038791035983
FIAT,FIAT 500,0.099038791035983
FIAT,FIAT SPIDER 661,0.099038791035983
FORD,UNKNOWN,0.1437659706771926
POLESTAR,MY22,0.2999191764748282
POLESTAR,POLESTAR 3,0.2999191764748282
PONTIAC,FIREBIRD,0.1195580092498166
PONTICA,TRANS AM,0.1195580092498166
PORSCHE,911 CARRERA,0.1165636134210944
PORSCHE,964,0.1165636134210944
PREVOST,LIBERTY,0.1195580092498166
FORD,F-450,0.1437659706771926
FORD,F600,0.1437659706771926
FORD,F600 ENTEGRA ESTEEM XL 33F (MOTORHOME),0.1437659706771926
FORD,FIVE HUNDRED,0.1437659706771926
FORD,MUSTANG MACH E,0.1437659706771926
FORD,SIXTIES,0.1437659706771926
FORD,TOURNEO CUSTOM,0.1437659706771926
FORD,TRAVELLER,0.1437659706771926
EXEED,EXEED LX,0.0572440101572081
EXEED,EXEED RX,0.0572440101572081
EXEED,RX ,0.0572440101572081
EXEED,RX 2.0 T,0.0572440101572081
EXEED,RX PHEV,0.0572440101572081
EXEED,ex,0.0572440101572081
EXEED,rx,0.0572440101572081
Exeed,LX,0.0572440101572081
RENAULT,RENAULT EXPRESS,0.1372559827467963
RENAULT,SANDERO,0.1372559827467963
DONGFENG,ZN1032UCM5A,-0.0465998245988294
DONGFENG eπ,MAGE,0.1195580092498166
DONGFENG-XIAOKA,C35,0.1195580092498166
DORCEN,DOMY X7,0.1195580092498166
Dodge,Neon,0.1523329377469475
Ducati,DUCATI PANIGALE 959,0.1195580092498166
QINGLING,KV 100 QL,0.1195580092498166
RABDAN,FREE,-0.0058939666686017
RABDAN,SEVEN,-0.0058939666686017
RAM,RAM RAM PICKUP 15,0.1417558416211379
RANGE ROVER,VOGUE,0.1195580092498166
RENAULT,EXPRESS EX(VAN),0.1372559827467963
RENAULT,GRAND SCENIC,0.1372559827467963
RENAULT,MASTER L4H3457,0.1372559827467963
FERRARI,812 GTS,0.0986698867417129
FERRARI,DAYTONA S,0.0986698867417129
FERRARI,DAYTONA SP3,0.0986698867417129
FERRARI,F575M,0.0986698867417129
FERRARI,F8_TRIBUTO,0.0986698867417129
FERRARI,FERRARI SUPERFAST,0.0986698867417129
FERRARI,GTB 599,0.0986698867417129
FIAT,124 SPIDER,0.099038791035983
DONGFENG,LIGHT PICKUP,-0.0465998245988294
DONGFENG,M HERO,-0.0465998245988294
DONGFENG,MAGE,-0.0465998245988294
DONGFENG,P16-111,-0.0465998245988294
DONGFENG,PICK UP,-0.0465998245988294
DONGFENG,PICKUP,-0.0465998245988294
DONGFENG,RICH 7,-0.0465998245988294
DONGFENG,SHINE MAX,-0.0465998245988294
DODGE,MAGNUM,0.1523329377469475
DODGE,RAM 1500,0.1523329377469475
DODGE ,RAM,0.1523329377469475
DONGFENG,2025,-0.0465998245988294
DONGFENG,7,-0.0465998245988294
DONGFENG,A X 7,-0.0465998245988294
DONGFENG,DONGFENG HERO,-0.0465998245988294
DONGFENG,H30 CROSS,-0.0465998245988294
ROX,ROX - JISHI,0.1509097161787536
ROX,ROX - JISHI 2012WD,0.1509097161787536
ROX,ROX 01,0.1509097161787536
ROX,ROX 01-(ELECTRIC ROAD VEHICLE),0.1509097161787536
Renault,ARKANA,0.1372559827467963
Renault,CAPTUR,0.1372559827467963
Renault,Clio,0.1372559827467963
DODGE,HORNET GT,0.1523329377469475
FAW,BESTURN B50,0.1195580092498166
FAW,BESTURN X40,0.1195580092498166
RIVIAN,R1S,0.0333942857522535
ROLLS ROYCE,DAWN COUPE,0.1188438494915723
ROX,2025,0.1509097161787536
ROX,JISHI 01,0.1509097161787536
ROX,ROX,0.1509097161787536
ROX,ROX - 1,0.1509097161787536
DEEPAL,S09,0.1659355527250905
DFSK,FENGON 600,0.1791237095901659
DFSK,FENGON C31,0.1791237095901659
DFSK,FENGON GLORY 580,0.1791237095901659
DODGE,1500,0.1523329377469475
DODGE,CARAVAN,0.1523329377469475
DODGE,DODGE DURANGO,0.1523329377469475
SKODA,KAMIQ AMBITI,0.1224073832757938
SHARMAX,GL570 ULTRA,0.1195580092498166
SHARMAX,Vespito,0.1195580092498166
SINOTRUK,DP 25 NT,0.1195580092498166
SINOTRUK,SITRAK (TRACTOR),0.1195580092498166
SKODA,ACTIVIA,0.1224073832757938
DAIHATSU,DAIHATSU,-0.1560877928013099
DAIHATSU,EVIO,-0.1560877928013099
DAIHATSU,GRAND MAX,-0.1560877928013099
SANDSTORM,ALREEM,0.1195580092498166
SANDSTORM,S 24,0.1195580092498166
SANYA,150T,0.1195580092498166
SEAT,ALHAMBRA,0.0755301553672582
SEAT,EXEO,0.0755301553672582
SHARM,RR 801 V,0.1195580092498166
SHARMAX,ENDURO 250,0.1195580092498166
SHARMAX,GL 400,0.1195580092498166
DONGFENG,TRANSPORTER T5,-0.0465998245988294
DONGFENG,U-TOUR,-0.0465998245988294
DONGFENG,Z9,-0.0465998245988294
Renault,Fluence,0.1372559827467963
Renault,Talisman,0.1372559827467963
Royal Enfield,Bullet 350,0.1195580092498166
SAIC,IMLS6,0.1195580092498166
SAIC,RISING R7,0.1195580092498166
Citroen,C4,0.1090162284147051
Citroen,C5 AIRCROSS,0.1090162284147051
CHRYSLER,C300,0.1419743582981477
CHRYSLER,CHRYSLER TWON ANC,0.1419743582981477
CHRYSLER,PROWLER,0.1419743582981477
CHRYSLER,SEBRING,0.1419743582981477
CHRYSLER,TOWN & COUNTRY,0.1419743582981477
CITROEN,C 3,0.1090162284147051
CMC,FEREECA,0.0913274877033524
CMC,PANEL VAN,0.0913274877033524
Cadillac,ATS,0.1346695538846248
Cadillac,CT4,0.1346695538846248
Cadillac,CT6,0.1346695538846248
Cadillac,XT5,0.1346695538846248
Chevrolet,CRUZE,0.135661726309024
Chrysler,300 C,0.1419743582981477
SMART,SMART S2,0.1859237898434987
SMART,UNKNOWN,0.1859237898434987
SOUEAST,DX 5,0.1601406762052924
SOUEAST,DX8S,0.1601406762052924
SOUEAST,SO6,0.1601406762052924
CMC,7Z,0.0913274877033524
CMC,D260 PANEL VAN,0.0913274877033524
CMC,ENVOY,0.0913274877033524
SKODA,RABED,0.1224073832757938
SKODA,ROOMSTER,0.1224073832757938
SKODA,SKODA 0,0.1224073832757938
SMART,#3,0.1859237898434987
SMART,ELF5,0.1859237898434987
SMART,S2,0.1859237898434987
SMART,SMART ELF5,0.1859237898434987
SMART,SMART S 2,0.1859237898434987
SUZUKI,GSXR 1000,0.0976197660479372
SUZUKI,GSXR1000,0.0976197660479372
SUZUKI,GSXR600,0.0976197660479372
SUZUKI,S.PRESSO,0.0976197660479372
SUZUKI,SKY WAVE,0.0976197660479372
SUZUKI,SKYWAVE,0.0976197660479372
SUZUKI,SPORT,0.0976197660479372
SUZUKI,SPRESSO,0.0976197660479372
SUZUKI,ESCUDO JEEP,0.0976197660479372
SUZUKI,G,0.0976197660479372
SUZUKI,GRAND VITA,0.0976197660479372
SUZUKI,GSX R600K8,0.0976197660479372
SUZUKI,GSX-S125,0.0976197660479372
SUZUKI,GSX1300R,0.0976197660479372
SUZUKI,GSX1300R HAYABUSA (MOTORCYCLE),0.0976197660479372
SUZUKI,GSX1300RRQ MOTOR CYCLE,0.0976197660479372
CITROEN,JUMPY PANEL VAN XL,0.1090162284147051
SUBARU,BAJA,0.1247301570375724
SUBARU,WRX STI,0.1247301570375724
SUZUKI,2023,0.0976197660479372
SUZUKI,400 CC,0.0976197660479372
SUZUKI,CAARY,0.0976197660479372
SUZUKI,CAPPUCCINO,0.0976197660479372
SUZUKI,DT175,0.0976197660479372
CITROEN,C-ELYSEE,0.1090162284147051
CITROEN,C3,0.1090162284147051
CITROEN,C4 AIRCROSS,0.1090162284147051
CITROEN,C4X,0.1090162284147051
CITROEN,CITROEN C3,0.1090162284147051
CITROEN,DS,0.1090162284147051
CITROEN,DS4,0.1090162284147051
CITROEN,JUMPY,0.1090162284147051
CHERY - iCAR,03T,0.0710059171597642
CHEVROLET,1998,0.135661726309024
CHEVROLET,2013,0.135661726309024
CHEVROLET,CAPRICE LS,0.135661726309024
CHEVROLET,CHEVROLET,0.135661726309024
CHEVROLET,CHEVROLET BLAZER,0.135661726309024
CHEVROLET,CHEVROLET CHEVY,0.135661726309024
CHEVROLET,CHEVROLET EXPRESS,0.135661726309024
CHEVROLET,SLINGSHOT,0.135661726309024
CHEVROLET,SMB,0.135661726309024
CHEVROLET,TAHOE K1500 (4WD),0.135661726309024
CHEVROLET,TRAVERSE STATION,0.135661726309024
CHEVROLET,TRAX RS,0.135661726309024
CHEVROLET,VENTURE,0.135661726309024
CHERY - ICAR,V23,0.0710059171597642
CHERY - ICAR,V27,0.0710059171597642
CHEVROLET,LAF,0.135661726309024
CHEVROLET,LUV,0.135661726309024
CHEVROLET,MALIBU 400,0.135661726309024
CHEVROLET,MALIBU SEDAN,0.135661726309024
CHEVROLET,MENLO,0.135661726309024
CHEVROLET,S10,0.135661726309024
CHEVROLET,SELVERADO,0.135661726309024
CHEVROLET,SILVERADO K3500,0.135661726309024
SUZUKI,SUZUKI,0.0976197660479372
SUZUKI,SUZUKI 600,0.0976197660479372
SUZUKI,SUZUKI ALTO,0.0976197660479372
SUZUKI,SUZUKI CIAZ,0.0976197660479372
SUZUKI,SUZUKI DZIRE,0.0976197660479372
SUZUKI,SWIFT HATCHBACK,0.0976197660479372
SUZUKI,SX4 S-CROSS,0.0976197660479372
CHEVROLET,LACETTI,0.135661726309024
TESLA,EC6,0.1333321049341761
TESLA,MODELY,0.1333321049341761
TESLA,TESLA MODEL 3,0.1333321049341761
TESLA,TESLA MODELY,0.1333321049341761
TESLA,X,0.1333321049341761
TESLA2130144264,MODEL Y,0.1195580092498166
TOYOTA, LAND CRUISER,0.100064939910899
TOYOTA,1992,0.100064939910899
CHERY,ICAR V27,-0.0408655457385822
CHERY,LX,-0.0408655457385822
CHERY,NISSAN TIIDA,-0.0408655457385822
CHERY,RELY RB (PICK UP),-0.0408655457385822
CHERY,UNKNOWN,-0.0408655457385822
CHERY,iCAR,-0.0408655457385822
CHERY ,RX,-0.0408655457385822
TESLA,CYBER TRUCK,0.1333321049341761
Suzuki,Ertiga,0.0976197660479372
Suzuki,Grand Vitara,0.0976197660479372
TAM,C12,0.1195580092498166
TATA,LP613,-0.1636448990702559
TATA,LPO 1618,-0.1636448990702559
TATA,LPO 1618 AGILE,-0.1636448990702559
TATA,LPO1316 55,-0.1636448990702559
CHANGHUA,MAX PRO,0.1195580092498166
CHEVROLET,CRUIZ,0.135661726309024
CHEVROLET,DEFENDER,0.135661726309024
CHEVROLET,ENVOY,0.135661726309024
Skoda,RAPID,0.1224073832757938
Subaru,Forester,0.1247301570375724
Subaru,OUTBACK,0.1247301570375724
Subaru,XV,0.1247301570375724
Suzuki,DZIRE,0.0976197660479372
CHANGAN,UNIV,0.0436453017753286
CHANGAN,UNIVERSAL,0.0436453017753286
CHANGAN,X5,0.0436453017753286
TOYOTA,26 HX DC 4X4,0.100064939910899
TOYOTA,26 HX DC 4X4 2.4LAT,0.100064939910899
TOYOTA,26 LP SC 4X4 P4.0L AT,0.100064939910899
TOYOTA,26HX DC 4X4D2.4L AT,0.100064939910899
TOYOTA,26HX DC 4X4P2.7LAT,0.100064939910899
CHANGAN,QIYUAN,0.0436453017753286
CHANGAN,QIYUAN Q05,0.0436453017753286
CHANGAN,QNE 07/SEDAN,0.0436453017753286
CHANGAN,ROCKY,0.0436453017753286
CHANGAN,RV Motor Home,0.0436453017753286
CHANGAN,UNI Y,0.0436453017753286
CHANGAN,UNI-S,0.0436453017753286
CHANGAN,UNIT,0.0436453017753286
TOYOTA,25 HX DC 4X4 2.7LAT,0.100064939910899
TOYOTA,25 HX DC 4X4 PLAT GLX RA(PICK UP),0.100064939910899
TOYOTA,25 LP SC 4X4 P4.0 MT,0.100064939910899
CHANGAN,CS55 PLUSE,0.0436453017753286
CHANGAN,DEEPAL S09,0.0436453017753286
CHANGAN,FAIRUZA,0.0436453017753286
CHANGAN,G318,0.0436453017753286
CHANGAN,HAOLV R,0.0436453017753286
TOYOTA,1998,0.100064939910899
TOYOTA,2004,0.100064939910899
TOYOTA,2005,0.100064939910899
TOYOTA,2012,0.100064939910899
TOYOTA,2014,0.100064939910899
TOYOTA,2022,0.100064939910899
TOYOTA,2023,0.100064939910899
TOYOTA,25 HX DC 4X4,0.100064939910899
CHANGAN,CHANGAN EADO,0.0436453017753286
CHANGAN,CS 95,0.0436453017753286
TOYOTA,COROLLA 1.5,0.100064939910899
TOYOTA,COROLLA 1.6 SEDAN,0.100064939910899
TOYOTA,COROLLA 1.8 YUS,0.100064939910899
TOYOTA,COROLLA ALTIS,0.100064939910899
TOYOTA,COUPE,0.100064939910899
TOYOTA,DLX FA (PICK UP),0.100064939910899
CADILLAC,FLEETWOOD,0.1346695538846248
CADILLAC,IQ,0.1346695538846248
CADILLAC,SLS,0.1346695538846248
CADILLAC,XLR,0.1346695538846248
CADILLAC,XT 5,0.1346695538846248
CATERHAM,SEVEN,0.1195580092498166
CFMoto,450SR,0.1195580092498166
CHANGAN,2022,0.0436453017753286
TOYOTA,CELICA,0.100064939910899
TOYOTA,CENTURY,0.100064939910899
TOYOTA,CHR,0.100064939910899
TOYOTA,CIVIC,0.100064939910899
TOYOTA,COROLLA ,0.100064939910899
CADILLAC,CT5-V,0.1346695538846248
CADILLAC,ELDORADO,0.1346695538846248
CADILLAC,FLAT WOOD,0.1346695538846248
TOYOTA,4 RUNNER,0.100064939910899
TOYOTA,900,0.100064939910899
TOYOTA,ALLION,0.100064939910899
TOYOTA,AQUA,0.100064939910899
TOYOTA,ARISTO,0.100064939910899
TOYOTA,ASX,0.100064939910899
TOYOTA,ATLAAS,0.100064939910899
TOYOTA,BZ3X,0.100064939910899
CADILLAC,BLS,0.1346695538846248
CADILLAC,BROGH,0.1346695538846248
CADILLAC,BROGHAM,0.1346695538846248
CADILLAC,CADILLAC SEVILLE,0.1346695538846248
TOYOTA,HIACE ,0.100064939910899
TOYOTA,HILUX ADVENTURE,0.100064939910899
TOYOTA,HX DC 4X4 D 2.4L AT,0.100064939910899
TOYOTA,KS01,0.100064939910899
BYD,STATION,0.0780079694362509
BYD,VAN,0.0780079694362509
BYD,XIA STATION,0.0780079694362509
BYD,YUAN PLUS,0.0780079694362509
BYD,YUAN UP,0.0780079694362509
BYD - DENZA,B8 JEEP,0.1195580092498166
BYD - DENZA,D9,0.1195580092498166
CADILLAC,ATS-V,0.1346695538846248
TOYOTA,GXR RA(STATION WAGON),0.100064939910899
TOYOTA,H 530,0.100064939910899
TOYOTA,H3,0.100064939910899
BYD,SLINGSHOT,0.0780079694362509
BYD,SONG (2WD),0.0780079694362509
BYD,SONG L DMI CAR,0.0780079694362509
BYD,SONG PLUS EV,0.0780079694362509
BYD,SONG PRO,0.0780079694362509
TOYOTA,DYNA,0.100064939910899
TOYOTA,FIOS,0.100064939910899
TOYOTA,FJ,0.100064939910899
TOYOTA,FLHTK,0.100064939910899
TOYOTA,FORERUNNER,0.100064939910899
TOYOTA,GL770ULTRA,0.100064939910899
TOYOTA,GLX RA(PICK UP),0.100064939910899
TOYOTA,GS 300,0.100064939910899
BYD,SEALION 7 AWD,0.0780079694362509
BYD,SEL 50,0.0780079694362509
TOYOTA,PRADO12357190,0.100064939910899
TOYOTA,R1,0.100064939910899
TOYOTA,RUMION,0.100064939910899
TOYOTA,SALON,0.100064939910899
TOYOTA,SALOON,0.100064939910899
TOYOTA,SEDAN,0.100064939910899
BYD,QIN,0.0780079694362509
BYD,QIN L DM,0.0780079694362509
BYD,QIN PLUS DM-I,0.0780079694362509
BYD,QIN PLUS(2WD),0.0780079694362509
BYD,SEAL 06,0.0780079694362509
BYD,SEAL 07,0.0780079694362509
BYD,SEAL 50,0.0780079694362509
BYD,SEALION 05,0.0780079694362509
TOYOTA,ORION,0.100064939910899
TOYOTA,OTHERS,0.100064939910899
TOYOTA,PICKUP,0.100064939910899
BYD,LEOPARD 7 (4WD),0.0780079694362509
BYD,LEOPARD 7 ULTRA,0.0780079694362509
BYD,LEOPARD S/STATION,0.0780079694362509
BYD,LEOPARD TAI3,0.0780079694362509
BYD,LEOPARD/STATION,0.0780079694362509
TOYOTA,LAND CRUISER VXR,0.100064939910899
TOYOTA,LAND CRUISER0001,0.100064939910899
TOYOTA,LAND CRUSER,0.100064939910899
TOYOTA,LS4X4 P4.0L MT,0.100064939910899
TOYOTA,MIRAGE,0.100064939910899
TOYOTA,MIRAI,0.100064939910899
TOYOTA,MODEL 2022,0.100064939910899
TOYOTA,NIO ES8,0.100064939910899
BMW,MINI,0.1420568219674346
BMW,R1200GS,0.1420568219674346
BMW,R9T,0.1420568219674346
BMW,SLINGSHOT SLINGS,0.1420568219674346
BMW,VESPA VXL,0.1420568219674346
BMW,X 3,0.1420568219674346
BMW,X 5,0.1420568219674346
BORGWARD,BX5,0.039123630672928
BYD,F6,0.0780079694362509
BYD,FANGCHENGBAO 5,0.0780079694362509
BYD,FORMULA LEOPARD,0.0780079694362509
BYD,FORMULA LEOPARD S,0.0780079694362509
BYD,HAN L,0.0780079694362509
BYD,LEOPARD ,0.0780079694362509
BYD,LEOPARD 05,0.0780079694362509
BYD,LEOPARD 7 (2WD),0.0780079694362509
BRILLIANCE,V5,-0.1093750000000006
BUICK,RIVIERA,0.1195580092498166
BYD,2023,0.0780079694362509
BYD,BYD,0.0780079694362509
BYD,BYD SEAL,0.0780079694362509
BYD,BYD SONG PLUS,0.0780079694362509
BYD,DENZA,0.0780079694362509
BYD,E2,0.0780079694362509
TOYOTA,SONATA,0.100064939910899
TOYOTA,STARLET,0.100064939910899
TOYOTA,TANDRA,0.100064939910899
TOYOTA,TERCEL,0.100064939910899
TOYOTA,TOYOTA ALPHARD,0.100064939910899
TOYOTA,TOYOTA ALTIS,0.100064939910899
TOYOTA,TOYOTA COASTER,0.100064939910899
BRILLIANCE,JINBEI,-0.1093750000000006
BMW,BMW 400 CC MOTORCYCLE,0.1420568219674346
BMW,BMW 420,0.1420568219674346
BMW,BMW 525,0.1420568219674346
BMW,BMW 540,0.1420568219674346
BMW,BMW 750,0.1420568219674346
BMW,BMW I5,0.1420568219674346
BMW,BMW X5,0.1420568219674346
BMW,C 650 GT,0.1420568219674346
TOYOTA,فورشنر,0.100064939910899
TOYOTA,هايلوكس,0.100064939910899
TOYOTA12024631,YARIS,0.1195580092498166
TOYOTA2100875058,LAND CRUISER,0.1195580092498166
BMW,BMW 14,0.1420568219674346
BMW,BMW 3251,0.1420568219674346
BMW,BMW 330,0.1420568219674346
BMW,BMW 3301,0.1420568219674346
TOYOTA,TOYOTA TACOMA,0.100064939910899
TOYOTA,TOYOTA WISH,0.100064939910899
TOYOTA,U7,0.100064939910899
TOYOTA,VAHALA MOULAT,0.100064939910899
TOYOTA,VENZA,0.100064939910899
TOYOTA,VESPA VXL 150,0.100064939910899
TOYOTA,WIGO,0.100064939910899
TOYOTA,برادو,0.100064939910899
BMW,M 5,0.1420568219674346
BMW,M2351,0.1420568219674346
BMW,M6 GRAN COUPE,0.1420568219674346
BMW,M6 Gran Coupe,0.1420568219674346
BMW,M760LI,0.1420568219674346
BMW,M760Li,0.1420568219674346
TOYOTA,TOYOTA IQ,0.100064939910899
TOYOTA,TOYOTA PREVIA,0.100064939910899
BMW,BMW 120,0.1420568219674346
BMW,BMW 135,0.1420568219674346
BMW,545I,0.1420568219674346
BMW,6 SERIES GT,0.1420568219674346
BMW,640,0.1420568219674346
BMW,645 CI,0.1420568219674346
BMW,728,0.1420568219674346
BMW,735LI,0.1420568219674346
Triumph,SPEED 400,-1.085637140756646
BMW,740,0.1420568219674346
BMW,740LT,0.1420568219674346
BMW,745Li,0.1420568219674346
BMW,840CI,0.1420568219674346
BMW,840i GRAN COUPE,0.1420568219674346
BMW,ACTIVE HYBRID 7,0.1420568219674346
BMW,AL E 750,0.1420568219674346
TVS,APACHE RR 310 EU,0.1195580092498166
TVS,APACHE RTR160 4V,0.1195580092498166
Toyota,ALPHARD,0.100064939910899
Toyota,CAMRY,0.100064939910899
Toyota,Innova,0.100064939910899
Toyota,PRIUS,0.100064939910899
Toyota,Rush,0.100064939910899
Toyota,VELOZ,0.100064939910899
BMW,CAR,0.1420568219674346
BMW,E 323,0.1420568219674346
BMW,EC6,0.1420568219674346
BMW,EDAN,0.1420568219674346
BMW,HERITAGE SOFTAIL,0.1420568219674346
BMW,IQ,0.1420568219674346
BMW,IX 3,0.1420568219674346
TOYOTAالمـ,YARIS,0.1195580092498166
BMW,325,0.1420568219674346
BMW,325XI,0.1420568219674346
BMW,328,0.1420568219674346
BMW,330 I,0.1420568219674346
BMW,330E,0.1420568219674346
BMW,335,0.1420568219674346
BMW,220,0.1420568219674346
BMW,220D,0.1420568219674346
BMW,440,0.1420568219674346
BMW,5 SERIES GT,0.1420568219674346
BMW,520D,0.1420568219674346
BMW,525,0.1420568219674346
BMW,525 I,0.1420568219674346
BMW,528,0.1420568219674346
BMW,530E,0.1420568219674346
BMW,530Li,0.1420568219674346
VICTORY,SCHI025D,0.089831824264607
VICTORY,SIXTIES,0.089831824264607
VINFAST,SLINGSHOT SLINGS,0.1195580092498166
VINFAST,VF8,0.1195580092498166
VOLKSWAGEN,2021,0.1307814020492382
VOLKSWAGEN,GOLF HATCHBACK,0.1307814020492382
BMW,430i,0.1420568219674346
BMW,435i,0.1420568219674346
BMW,735Li,0.1420568219674346
VESPA,VESPA VXL,0.1195580092498166
VESPA,VESPA VXL 150,0.1195580092498166
VICTORY,FCH 5022 XXYD,0.089831824264607
VICTORY,SCH 1025 D,0.089831824264607
VICTORY,SCH1025D,0.089831824264607
VICTORY,SCH1025S,0.089831824264607
VICTORY,SCH5022XXYD ,0.089831824264607
ZOTYE,T700,0.1538091964756567
ZXAUTO,GRANDLION,-0.3358208955223909
ACURA,INTEGRA,0.1042780748663085
ABARTH,124 SPIDER,0.0783008575554378
baw,212,-0.026752767527673
baw,212(4WD),-0.026752767527673
hig,KLQ6600,0.1195580092498166
AUDI,2006,0.1452525454703469
VOYAH,TAISHAN,0.1392350072972369
Vespa,GTS 300,0.1195580092498166
Volkswagen,Amarok,0.1307814020492382
Volkswagen,Jetta,0.1307814020492382
Volvo,S90,0.1516798060934499
ZNA,YUMSUN,0.1520483237774885
ACURA,RSX,0.1042780748663085
ACURA,RDX,0.1042780748663085
AUDI,E TRON,0.1452525454703469
AUDI,Q8 E-TRON,0.1452525454703469
AUDI,R8 SPYDER,0.1452525454703469
AUDI,RS Q8,0.1452525454703469
VOLVO,FH 12,0.1516798060934499
VOLVO,FM460,0.1516798060934499
VOLVO,HEAD FH(TRUCK,0.1516798060934499
VOLVO,XC70,0.1516798060934499
AUDI,SCION TC,0.1452525454703469
AUDI ,Q8,0.1452525454703469
AVANTY,ELANTRA,0.1195580092498166
AVATR,07,0.1814617712790036
AVATR,AVATAR 12,0.1814617712790036
Aston Martin,DBX,0.0968402517723158
AUDI,AUDI 53,0.1452525454703469
AUDI,AUDI SEDAN,0.1452525454703469
MERCEDES BENZ,CLE-CLASS,0.1259734542010062
MERCEDES BENZ,CLE450,0.1259734542010062
MERCEDES BENZ,CLS 400,0.1259734542010062
MERCEDES BENZ,CLS 53 AMG,0.1259734542010062
MERCEDES BENZ,CLS 550,0.1259734542010062
MERCEDES BENZ,CLS 63 AMG,0.1259734542010062
MERCEDES BENZ,CLS300,0.1259734542010062
MERCEDES BENZ,CLS320 CDI,0.1259734542010062
MERCEDES BENZ,E 430,0.1259734542010062
MERCEDES BENZ,E 53 AM,0.1259734542010062
MERCEDES BENZ,E 53 HYBRID 4MATIC+ SEDAN,0.1259734542010062
MERCEDES BENZ,E 55,0.1259734542010062
MERCEDES BENZ,E 55 AMG,0.1259734542010062
MERCEDES BENZ,E260L,0.1259734542010062
MERCEDES BENZ,E430,0.1259734542010062
MERCEDES BENZ,CLC200K,0.1259734542010062
ZEEKR,007,-0.046734728027836
ZEEKR,X/STATION,-0.046734728027836
ZEEKR,ZEEKR 001,-0.046734728027836
ZEEKR,ZEEKR 7X,-0.046734728027836
ZEEKR,ZEEKR 9X,-0.046734728027836
MERCEDES BENZ,COROLLA,0.1259734542010062
MERCEDES BENZ,COUPE,0.1259734542010062
MERCEDES BENZ,E 320,0.1259734542010062
WULING,KAIJIE,0.2228571428571421
XIAOMI,اس يو 7 الترا,0.1372079598160586
XPENG,EXPENG G6,0.0520955071580287
XPENG,P7,0.0520955071580287
Yamaha,250 CC,0.1195580092498166
Yamaha,DT175,0.1195580092498166
Yamaha,XSR900,0.1195580092498166
Yamaha,Y Z F 690,0.1195580092498166
