make,model,n,distinct_years,annual_dep_rate,method
NISSAN,PATROL,552,37,0.06046898699555636,fit_high
TOYOTA,CAMRY,457,34,0.11577143694508296,fit_high
TOYOTA,LAND CRUISER,405,34,0.10125938772090315,fit_high
TOYOTA,COROLLA,354,34,0.10791752867159266,fit_high
FORD,F-150,298,28,0.1308702787838537,fit_high
TOYOTA,RAV4,289,31,0.11208958425305604,fit_high
LAND ROVER,RANGE ROVER,249,32,0.17517419854203253,fit_high
GMC,SIERRA,238,29,0.12587213774816053,fit_high
TOYOTA,PRADO,235,30,0.11474196332219055,fit_high
CHEVROLET,SILVERADO,210,29,0.13419076844834033,fit_high
HONDA,ACCORD,207,29,0.13896920577575889,fit_high
TOYOTA,HILUX,203,35,0.08921850403381393,fit_high
LAND ROVER,RANGE ROVER SPORT,203,23,0.166129156789543,fit_high
TOYOTA,HIACE,202,30,0.11161699988302953,fit_high
HONDA,CIVIC,201,29,0.11768306606780654,fit_high
JEEP,GRAND CHEROKEE,197,27,0.150392049202569,fit_high
PORSCHE,911,193,34,0.08900211202605735,fit_high
BMW,X5,192,25,0.17545553941362613,fit_high
VOLKSWAGEN,GOLF,191,26,0.16322712957947638,fit_high
DODGE,CHARGER,189,18,0.16416388238849366,fit_high
NISSAN,SUNNY,182,33,0.0865065967650549,fit_high
MITSUBISHI,PAJERO,179,28,0.13290359714669775,fit_high
CHEVROLET,TAHOE,175,30,0.14816356349468496,fit_high
FORD,MUSTANG,175,32,0.14463825607091274,fit_high
JEEP,WRANGLER,174,32,0.1200270968918139,fit_high
NISSAN,ALTIMA,174,28,0.13906247808691208,fit_high
TOYOTA,YARIS,171,24,0.12055735415888225,fit_high
HYUNDAI,SANTA FE,168,25,0.13443709741166243,fit_high
LAND ROVER,DEFENDER 110,167,7,0.1020773866846083,fit_high
NISSAN,X TRAIL,167,26,0.11523834096671759,fit_high
GMC,YUKON,164,28,0.15441820338720402,fit_high
HYUNDAI,TUCSON,156,22,0.1272019187790353,fit_high
HYUNDAI,ELANTRA,156,25,0.12257069716127633,fit_high
RAM,1500,153,17,0.14355984943106037,fit_high
HYUNDAI,SONATA,151,26,0.1282456279059424,fit_high
BMW,X6,147,19,0.17446255547786482,fit_high
FORD,EXPLORER,147,25,0.16436011080203627,fit_high
PORSCHE,CAYENNE,144,23,0.17604933766916075,fit_high
KIA,SPORTAGE,142,23,0.12597766020089818,fit_high
TOYOTA,FORTUNER,141,21,0.10827863421371531,fit_high
NISSAN,URVAN,138,29,0.13595821100965055,fit_high
MITSUBISHI,OUTLANDER,137,24,0.13252406992735333,fit_high
NISSAN,PATHFINDER,132,28,0.1199682771216607,fit_high
DODGE,CHALLENGER,130,16,0.16880639335344916,fit_high
NISSAN,MAXIMA,129,29,0.13813619176949232,fit_high
CHEVROLET,CAMARO,129,21,0.15336072154395375,fit_high
KIA,SORENTO,126,24,0.1386337788082691,fit_high
LEXUS,RX350,124,21,0.13525734791594546,fit_high
MAZDA,3,123,23,0.13356883595553026,fit_high
HYUNDAI,ACCENT,121,28,0.11224925079051307,fit_high
DODGE,DURANGO,120,23,0.15565907321057393,fit_high
VOLKSWAGEN,TIGUAN,120,18,0.12342157787582564,fit_high
FORD,EDGE,116,17,0.1577740698309401,fit_high
CHEVROLET,TRAVERSE,115,18,0.12920524738653383,fit_high
JEEP,WRANGLER UNLIMITED,114,20,0.11470124461230091,fit_high
CADILLAC,ESCALADE,114,25,0.16123599067313266,fit_high
HONDA,CITY,114,26,0.12425790949667526,fit_high
LAND ROVER,RANGE ROVER EVOQUE,113,14,0.13798943103480177,fit_high
GMC,ACADIA,113,20,0.1324243663221787,fit_high
HONDA,CR-V,112,26,0.12886920362747245,fit_high
TOYOTA,AVALON,112,26,0.12519323373575175,fit_high
LEXUS,ES350,110,20,0.14890412255383223,fit_high
NISSAN,TIIDA,109,13,0.14473549095093186,fit_high
FORD,EXPEDITION,109,26,0.1658302997820863,fit_high
MERCEDES BENZ,C200,107,24,0.1549848123986889,fit_high
HONDA,PILOT,107,23,0.12528001575550196,fit_high
CHEVROLET,SUBURBAN,105,26,0.1347201267121999,fit_high
CHEVROLET,CORVETTE,105,26,0.14321742013939065,fit_high
HONDA,ODYSSEY,103,26,0.13710785371558643,fit_high
MAZDA,6,102,23,0.1146518555384527,fit_high
MINI,COOPER,101,25,0.12388201223126494,fit_high
VOLKSWAGEN,TOUAREG,101,23,0.17105545731034577,fit_high
GMC,TERRAIN,101,19,0.12196669005445182,fit_high
MITSUBISHI,ASX,101,17,0.10806662221531482,fit_high
KIA,CERATO,100,21,0.14098036080657173,fit_high
MITSUBISHI,CANTER,99,32,0.06989149340487066,fit_high
CHEVROLET,MALIBU,99,18,0.12120110163597186,fit_high
VOLKSWAGEN,PASSAT,99,19,0.14410247309067947,fit_high
NISSAN,SENTRA,98,19,0.10703441268544589,fit_high
MITSUBISHI,LANCER,97,20,0.1588913658035186,fit_high
LEXUS,LS460,96,12,0.19757490125841504,fit_high
LAND ROVER,DEFENDER,94,26,0.0715470069917703,fit_high
SUZUKI,SWIFT,94,22,0.0710647544191384,fit_high
GMC,YUKON XL,93,26,0.13433679265440157,fit_high
FORD,FOCUS,93,19,0.14909117712319464,fit_high
KIA,CARNIVAL,93,22,0.15441884741668577,fit_high
MITSUBISHI,L200,93,28,0.15859737770757265,fit_high
KIA,OPTIMA,93,17,0.09949287533733508,fit_high
AUDI,Q7,90,20,0.1719793991621169,fit_high
AUDI,A6,90,24,0.15526621447467903,fit_high
LEXUS,IS300,89,24,0.1250211865591273,fit_high
LEXUS,LX570,89,15,0.12691365946283395,fit_high
LAND ROVER,RANGE ROVER VELAR,88,9,0.12837907429305784,fit_high
PORSCHE,PANAMERA,88,17,0.13589439962583816,fit_high
MINI,COOPER S,88,21,0.12336695234361095,fit_high
CHRYSLER,300C,87,19,0.11989672250144234,fit_high
TOYOTA,INNOVA,87,22,0.10204442117344359,fit_high
FORD,ESCAPE,87,20,0.1384766610033431,fit_high
INFINITI,Q50,86,11,0.12299255966743705,fit_high
CHEVROLET,CAPTIVA,84,18,0.11903669910548176,fit_high
AUDI,A5,84,18,0.12582512759794906,fit_high
BENTLEY,CONTINENTAL,84,22,0.16840575037822747,fit_high
KIA,RIO,83,20,0.12556479460618086,fit_high
HYUNDAI,H1,83,19,0.12058513367301738,fit_high
INFINITI,QX80,83,14,0.15805242085386806,fit_high
FORD,TAURUS,82,19,0.13592479412850156,fit_high
MERCEDES BENZ,E200,82,26,0.1505298247648007,fit_high
LAND ROVER,DEFENDER 90,81,7,0.07006809584116636,fit_high
MAZDA,CX-5,80,14,0.10060923045786718,fit_high
AUDI,Q5,80,17,0.15117217161446028,fit_high
MERCEDES BENZ,C300,80,18,0.15692323362930805,fit_high
JEEP,CHEROKEE,80,23,0.1204763366790822,fit_high
TOYOTA,FJ CRUISER,79,18,0.10208318106744096,fit_high
MITSUBISHI,MIRAGE,78,12,0.11560115594485387,fit_high
TOYOTA,SIENNA,78,25,0.10233817618768737,fit_high
MERCEDES BENZ,E350,77,22,0.14529984954488373,fit_high
NISSAN,ARMADA,77,22,0.15690362884613296,fit_high
MERCEDES BENZ,S500,77,28,0.13977091811391373,fit_high
LEXUS,IS350,76,20,0.12947901899457903,fit_high
BMW,X3,75,23,0.15434834610693904,fit_high
BMW,X4,74,11,0.14124811088789235,fit_high
VOLVO,XC90,74,23,0.1899380990111783,fit_high
LEXUS,GX460,74,14,0.128109564132054,fit_high
INFINITI,QX60,73,12,0.15959954697875,fit_high
PORSCHE,MACAN,73,13,0.08676189105800736,fit_high
AUDI,A4,73,23,0.1602480186730174,fit_high
AUDI,A8,73,25,0.18417792513057407,fit_high
RENAULT,MEGANE,73,18,0.14619534921248045,fit_high
SUZUKI,JIMNY,72,28,0.0937227445208485,fit_high
AUDI,A3,72,23,0.14174698861981405,fit_high
MAZDA,CX-9,72,17,0.13294009401033902,fit_high
BMW,520I,71,21,0.1663172821752814,fit_high
ISUZU,NPR,71,31,0.08321743709652185,fit_high
TOYOTA,PREVIA,68,20,0.11366684691761508,fit_high
MERCEDES BENZ,E300,68,17,0.16133377722409248,fit_high
INFINITI,QX50,68,13,0.1672324904673519,fit_high
RENAULT,KOLEOS,68,18,0.13385322431940816,fit_high
MITSUBISHI,MONTERO SPORT,67,11,0.12341941584934246,fit_high
RENAULT,DUSTER,67,15,0.13105623101700514,fit_high
TOYOTA,SEQUOIA,66,22,0.09524156857027954,fit_high
NISSAN,VERSA,66,20,0.08809024423670853,fit_high
VOLVO,XC60,66,18,0.1604494558455044,fit_high
FIAT,500,65,15,0.0882582213557479,fit_high
NISSAN,X TERRA,65,16,0.0948068555448337,fit_high
NISSAN,KICKS,64,10,0.11387444285947379,fit_high
LINCOLN,NAVIGATOR,64,24,0.1780754510970073,fit_high
PEUGEOT,PARTNER,64,21,0.1398914470446072,fit_high
TOYOTA,HIGHLANDER,64,19,0.11335258093729816,fit_high
MG,RX5,64,9,0.10300700659817197,fit_high
KIA,PICANTO,64,21,0.14370563524714364,fit_high
FORD,RANGER,63,23,0.17227834806328612,fit_high
PEUGEOT,3008,63,15,0.11293486699853295,fit_high
JAGUAR,F-PACE,63,9,0.16336307282326656,fit_high
MERCEDES BENZ,AMG GT,62,11,0.10715447255128441,fit_high
KIA,K5,62,15,0.1435566069087717,fit_high
MITSUBISHI,ATTRAGE,61,12,0.11015592697574406,fit_high
NISSAN,ROGUE,60,18,0.10765946094335332,fit_high
HYUNDAI,VELOSTER,59,13,0.16638102845955383,fit_high
BMW,X1,59,16,0.14187080066442725,fit_high
SUZUKI,GRAND VITARA,58,22,0.10813245608458155,fit_high
CHEVROLET,IMPALA,58,9,0.15589177171842383,fit_high
AUDI,Q3,58,13,0.13002916201580084,fit_high
NISSAN,NAVARA,58,16,0.13823968607937387,fit_high
KIA,SOUL,58,15,0.13288106605178673,fit_high
VOLKSWAGEN,JETTA,58,16,0.16637653888234372,fit_high
BMW,320I,58,26,0.15682323791838715,fit_high
BENTLEY,BENTAYGA,57,10,0.12877151492517847,fit_high
HYUNDAI,AZERA,56,21,0.1430259692242134,fit_high
HONDA,HRV,55,13,0.11092280991074688,fit_high
BMW,750LI,55,17,0.17592091907891183,fit_high
TOYOTA,TUNDRA,54,26,0.12130792644862554,fit_high
TESLA,MODEL 3,54,10,0.14992791372851944,fit_high
TOYOTA,COASTER,54,21,0.114062213071906,fit_high
Nissan,Patrol,54,11,0.1242046298060232,fit_high
MITSUBISHI,LANCER EX,53,10,0.12262433277448992,fit_high
ISUZU,D-MAX,53,27,0.11145798567008969,fit_high
HYUNDAI,CRETA,53,11,0.11068223663438748,fit_high
KIA,CARENS,53,17,0.13502242609363602,fit_high
ROLLS ROYCE,PHANTOM,53,23,0.1263717240204788,fit_high
TOYOTA,TACOMA,52,27,0.13645845843484683,fit_high
MERCEDES BENZ,G63 AMG,51,14,0.07908633925354547,fit_high
BMW,X7,51,8,0.11146045269340898,fit_high
LEXUS,RX450H,51,13,0.09927867287474013,fit_high
FORD,ECOSPORT,50,9,0.14093077468192516,fit_high
KIA,BONGO,50,22,0.16689458877440622,fit_high
JAGUAR,XF,50,13,0.1742659693531281,fit_high
LEXUS,GS350,50,14,0.14564909512370539,fit_high
KIA,SELTOS,50,7,0.10632430060319742,fit_high
NISSAN,MURANO,50,20,0.1162984161995384,fit_high
SKODA,OCTAVIA,49,19,0.15156430410982924,fit_high
CADILLAC,CTS,49,14,0.15564252051275296,fit_high
NISSAN,JUKE,49,8,0.10071580145428971,fit_high
HYUNDAI,KONA,49,9,0.11542746740860532,fit_high
BMW,530I,49,22,0.15754005482679245,fit_high
JEEP,COMPASS,49,14,0.12961258165627876,fit_high
VOLKSWAGEN,BEETLE,49,20,0.19110816180250312,fit_high
MERCEDES BENZ,G500,48,25,0.12479772093793451,fit_high
LEXUS,LS 430,48,6,-0.03486884202218432,fit_high
CHEVROLET,CAPRICE,48,15,0.14783307336054496,fit_high
HAVAL,H6,48,8,0.11731938678911069,fit_high
LAND ROVER,DISCOVERY SPORT,48,10,0.1417128948013745,fit_high
CHEVROLET,TRAILBLAZER,47,17,0.14629638878556894,fit_high
FORD,FUSION,46,12,0.15322626223647573,fit_high
TOYOTA,LAND CRUISER PICKUP 70,46,15,0.13505800939516222,fit_high
BMW,330I,46,20,0.16198190477802799,fit_high
TOYOTA,PRIUS,46,17,0.16523853808575706,fit_high
KIA,CADENZA,45,11,0.12690822754816922,fit_high
MG,ZS,45,9,0.12509512897076192,fit_high
BMW,740LI,45,16,0.12509421531084963,fit_high
MERCEDES BENZ,GLC300,45,10,0.13461097822427037,fit_high
MITSUBISHI,GALANT,45,13,0.16950667885058557,fit_high
MERCEDES BENZ,S350,45,15,0.12562002326680832,fit_high
BMW,730LI,45,13,0.1671873126188207,fit_high
KIA,PEGAS,45,7,0.1440087780222884,fit_high
GENESIS,G70,45,9,0.10969341190867221,fit_high
BMW,X2,45,9,0.1535518159467154,fit_high
HYUNDAI,PALISADE,45,8,0.130648925277147,fit_high
NISSAN,MICRA,45,11,0.0850887089415705,fit_high
JAGUAR,XJ,45,18,0.1401285251480997,fit_high
VOLKSWAGEN,TERAMONT,44,9,0.1599753297165305,fit_high
TOYOTA,LAND CRUISER PICK UP,44,18,0.10393755384040393,fit_high
MG,5,44,10,0.12463186966089423,fit_high
CHEVROLET,CRUZE,44,11,0.11168598479805592,fit_high
CHEVROLET,SPARK,44,16,0.16502910322925812,fit_high
TESLA,MODEL S,44,13,0.1582223189237274,fit_high
MINI,COUNTRYMAN,43,10,0.13244594437237123,fit_high
Toyota,Rav4,43,11,0.10450271391272858,fit_high
MITSUBISHI,ECLIPSE CROSS,43,9,0.09644714738483362,fit_high
NISSAN,PICK UP,42,21,0.1305473309802775,fit_high
MERCEDES BENZ,CLS350,42,15,0.14264732068249963,fit_high
NISSAN,QASHQAI,42,9,0.08602892178478594,fit_high
BENTLEY,FLYING SPUR,42,12,0.1529595069349008,fit_high
LINCOLN,NAUTILUS,42,7,0.14718762552068665,fit_high
LINCOLN,MKX,42,13,0.11638452472544003,fit_high
MASERATI,GHIBLI,42,10,0.20675388604298228,fit_high
FORD,FIESTA,42,11,0.09675976944632192,fit_high
GEELY,COOLRAY,41,8,0.10037333299530316,fit_high
LEXUS,LX600,41,5,0.0798655979688967,fit_medium
CHEVROLET,AVEO,41,16,0.14442302330229728,fit_high
TOYOTA,4RUNNER,41,21,0.1041772724622223,fit_high
AUDI,A7,41,14,0.16361088094654108,fit_high
AUDI,Q8,41,7,0.1197184365400995,fit_high
AUDI,TT,40,19,0.14263521046750993,fit_high
MASERATI,QUATTROPORTE,40,17,0.15565306541599444,fit_high
TOYOTA,COROLLA CROSS,40,6,0.028054530717965154,fit_high
SUBARU,FORESTER,40,20,0.14785685146131777,fit_high
MERCEDES BENZ,C63 AMG,40,16,0.14032811377796972,fit_high
MASERATI,LEVANTE,39,7,0.1350085976555817,fit_high
BMW,Z4,39,20,0.150166132880443,fit_high
SUZUKI,ERTIGA,39,12,0.11654342656631,fit_high
KIA,TELLURIDE,38,7,0.1053008867728652,fit_high
GENESIS,G80,38,9,0.1522332903518563,fit_high
MERCEDES BENZ,S63 AMG,38,16,0.18072881608069502,fit_high
SUBARU,LEGACY,38,19,0.13454228195797235,fit_high
HONDA,ACCORD COUPE,37,12,0.10509536675886633,fit_high
MERCEDES BENZ,A200,37,10,0.1445036339732213,fit_high
FORD,TRANSIT,37,13,0.13153253878448035,fit_high
LEXUS,IS250,37,10,0.1725893981954839,fit_high
INFINITI,QX70,37,8,0.08219467784897438,fit_high
MERCEDES BENZ,CLA250,37,13,0.1384885925872369,fit_high
INFINITI,G37,37,7,0.13078577939347547,fit_high
TOYOTA,RAV 4,37,20,0.004515450570923174,fit_high
Toyota,CAMRY HYBRID,37,11,0.11896653954232361,fit_high
TESLA,MODEL X,36,11,0.10684403547065358,fit_high
LEXUS,ES250,36,13,0.10449833702730593,fit_high
PEUGEOT,208,36,12,0.15523096465600816,fit_high
PEUGEOT,BOXER,36,15,0.12171244076640686,fit_high
BMW,M5,36,17,0.15513749244425534,fit_high
MG,HS,36,8,0.11665956020849877,fit_high
PORSCHE,718 CAYMAN,35,9,0.11947959987527002,fit_high
BMW,530i,35,20,0.1567642013529189,fit_high
ROLLS ROYCE,GHOST,35,17,0.11275266992052335,fit_high
CADILLAC,XT5,35,9,0.10357422118306292,fit_high
MERCEDES BENZ,C250,35,10,0.14778402257961976,fit_high
TOYOTA,86,35,9,0.08552405919489314,fit_high
CHEVROLET,BLAZER,35,6,0.09535337607014627,fit_high
MERCEDES BENZ,V250,34,9,0.14760498693357993,fit_high
SUZUKI,BALENO,34,10,0.10719314545609482,fit_high
VOLVO,S60,34,20,0.16670450427653816,fit_high
BMW,520i,34,19,0.16839660114015065,fit_high
TESLA,MODEL Y,34,7,0.11584139144280281,fit_high
KIA,K3,33,13,0.13892229433784498,fit_high
KIA,MOHAVE,33,12,0.16517519399257363,fit_high
JETOUR,T2,33,5,0.049205977282724245,fit_medium
MG,6,33,10,0.06656507786538213,fit_high
PORSCHE,TAYCAN,33,7,0.0008786203423446493,fit_high
LAND ROVER,LR4,33,8,0.06632299364129379,fit_high
PEUGEOT,508,33,13,0.18266585318412343,fit_high
NISSAN,PATROL PICK UP,33,16,0.14994707656483675,fit_high
BMW,M4,33,12,0.13115846377132045,fit_high
HYUNDAI,PORTER,32,19,0.12933223562287843,fit_high
LAND ROVER,DISCOVERY,32,12,0.09873700170470034,fit_high
SUZUKI,APV,32,11,0.12252075043093513,fit_high
SUZUKI,DZIRE,32,11,0.0999614257945588,fit_high
FORD,BRONCO,32,5,0.07264270787538485,fit_medium
KIA,FORTE,32,15,0.1245754266178003,fit_high
SUBARU,IMPREZA,31,21,0.1579582895876107,fit_high
CHEVROLET,AVALANCHE,31,12,0.17807353388819747,fit_high
KIA,SEDONA,31,13,0.1417531757291034,fit_high
BMW,320i,31,21,0.16221665214591074,fit_high
HONDA,JAZZ,31,12,0.15557451492751073,fit_high
BMW,420I,31,13,0.12628562548032818,fit_high
TOYOTA,RAIZE,31,5,0.09864310352914474,fit_medium
HYUNDAI,STARIA,31,5,0.07480972179207845,fit_medium
HAVAL,JOLION,31,4,0.07141422941050024,fit_medium
DAIHATSU,TERIOS,31,13,0.0902159923444259,fit_high
CHEVROLET,EQUINOX,31,8,0.15468047951149888,fit_high
SUZUKI,VITARA,31,14,-0.019465545681333074,fit_high
MINI,COOPER COUNTRYMAN,31,14,0.1132049091551035,fit_high
LEXUS,NX350,31,5,0.11239507078220123,fit_medium
HYUNDAI,GENESIS,31,11,0.1163002972701912,fit_high
PEUGEOT,5008,31,12,0.134208376854845,fit_high
CHEVROLET,TRAX,30,10,0.13900302998390213,fit_high
NISSAN,370Z,30,12,0.10468207499585824,fit_high
FORD,FIGO,30,10,0.15843346902914468,fit_high
PORSCHE,CAYMAN,30,12,0.14164262322548693,fit_high
VOLKSWAGEN,CC,30,7,0.09901458819123377,fit_high
RENAULT,SYMBOL,30,10,0.13450090067284792,fit_high
FORD,F-350,30,16,0.10725957754700466,fit_high
FORD,FLEX,30,9,0.1832855858145247,fit_high
VOLVO,S90,30,8,0.09653974844685476,fit_high
JAGUAR,F-TYPE,30,10,0.13541931895085946,fit_high
VOLKSWAGEN,T-ROC,30,7,0.0922660581332968,fit_high
SUZUKI,CIAZ,30,10,0.1356376959486617,fit_high
Nissan,Kicks,30,9,0.13789138140769608,fit_high
CADILLAC,SRX,30,12,0.169962542747653,fit_high
SUBARU,BRZ,30,11,0.1133176362009094,fit_high
MITSUBISHI,XPANDER,30,7,0.09393679583845382,fit_high
BMW,330i,30,20,0.1584770996252508,fit_high
MG,RX8,30,7,0.035787060297365,fit_high
NISSAN,GT-R,30,15,0.10979265770078517,fit_high
BMW,650I,29,10,0.18280716293392063,fit_medium
TOYOTA,AURION,29,11,0.12382824533603776,fit_medium
MERCEDES BENZ,E63 AMG,29,16,0.16709939764674775,fit_medium
LINCOLN,MKZ,29,8,0.09237127506772524,fit_medium
LEXUS,ES300 H,29,9,0.1298612616357926,fit_medium
HYUNDAI,AVANTE,29,12,0.12396592329274281,fit_medium
HYUNDAI,GRAND STAREX,29,13,0.10294044192128726,fit_medium
DODGE,RAM,29,16,0.10394677775336592,fit_medium
JAGUAR,E-PACE,29,5,0.10890451091164632,fit_medium
ALFA ROMEO,GIULIA,29,8,0.07983044596889233,fit_medium
SUBARU,WRX,29,12,0.10717872856386179,fit_medium
GMC,ENVOY,29,8,0.09158582824204986,fit_medium
LEXUS,RC350,28,10,0.10505988887000017,fit_medium
NISSAN,TITAN,28,16,0.09823724537827372,fit_medium
JEEP,RENEGADE,28,7,0.06984236527600507,fit_medium
JAGUAR,XE,28,8,0.19581962894540283,fit_medium
MAZDA,CX-3,28,10,0.08762271902058183,fit_medium
CHEVROLET,EXPRESS,28,17,0.14193520609250643,fit_medium
MAZDA,CX-30,28,7,0.09262558306749225,fit_medium
RENAULT,FLUENCE,28,7,0.1763603934001563,fit_medium
MERCEDES BENZ,A250,28,10,0.12945730326605798,fit_medium
JETOUR,DASHING,28,5,0.12374993803474188,fit_medium
LEXUS,NX200T,28,5,0.10081587865466457,fit_medium
CADILLAC,ESCALADE ESV,28,10,0.14386941302445355,fit_medium
MERCEDES BENZ,S550,28,12,0.18238157008171274,fit_medium
MERCEDES BENZ,S600,28,16,0.1847381396976231,fit_medium
LEXUS,GS300,28,12,0.13088689969748757,fit_medium
DAIHATSU,SIRION,28,14,0.14148897654336345,fit_medium
INFINITI,QX56,27,10,0.20040820397160608,fit_medium
CADILLAC,CT5,27,7,0.13312412733427503,fit_medium
TOYOTA,SUPRA,27,12,0.09375343210003795,fit_medium
MERCEDES BENZ,GLS450,27,9,0.18229590536846185,fit_medium
BMW,120I,27,13,0.1497776651939724,fit_medium
TOYOTA,AVANZA,27,7,0.09017258981465348,fit_medium
PEUGEOT,EXPERT,27,9,0.11577665961035455,fit_medium
VOLKSWAGEN,SCIROCCO,27,8,0.12785244018819253,fit_medium
LINCOLN,TOWN CAR,27,12,0.16300385726632105,fit_medium
LEXUS,UX200,27,6,0.07894772003949058,fit_medium
Jeep,Wrangler,26,10,0.13608227403629158,fit_medium
CADILLAC,ATS,26,7,0.18711475933199062,fit_medium
TOYOTA,RUSH,26,7,0.039126600820139745,fit_medium
TOYOTA,LAND CRUISER 70,26,11,0.07783290478478921,fit_medium
ROLLS ROYCE,CULLINAN,26,8,0.10382686949907216,fit_medium
MERCEDES BENZ,ML350,26,13,0.16238605617638902,fit_medium
MITSUBISHI,FUSO ROSA,26,14,0.14074502113946608,fit_medium
LAMBORGHINI,HURACAN,26,10,0.06922458529177222,fit_medium
PEUGEOT,2008,26,9,0.14650146750939452,fit_medium
PEUGEOT,308,26,11,0.16872892406266138,fit_medium
LEXUS,ES300,26,9,0.12613905544861725,fit_medium
LINCOLN,CORSAIR,26,6,0.18887917627944117,fit_medium
GAC,GS3,26,7,0.14669838168567506,fit_medium
CHANGAN,CS95,26,7,0.1202732035016082,fit_medium
BMW,M3,26,19,0.13435046513199067,fit_medium
MERCEDES BENZ,VITO,26,11,0.14112658413176138,fit_medium
MERCEDES BENZ,E500,26,13,0.19200887376781095,fit_medium
INFINITI,Q60,25,9,0.12179886244879723,fit_medium
BMW,430I,25,11,0.13177838304067324,fit_medium
GENESIS,GV70,25,6,0.03107907149981859,fit_medium
TOYOTA,WISH,25,9,0.08064002646374635,fit_medium
GAC,GS4,25,7,0.15604964124897902,fit_medium
GAC,GS8,25,9,0.13965596200785857,fit_medium
PEUGEOT,301,25,8,0.12925052134248982,fit_medium
MG,GT,25,5,0.12399694151756468,fit_medium
JEEP,GLADIATOR,25,5,0.09081383312027502,fit_medium
MG,ONE,25,4,0.15822508688250525,fit_medium
LEXUS,NX300,25,5,0.07002701308596315,fit_medium
FORD,TERRITORY,25,5,0.12870880574766286,fit_medium
SUBARU,XV,24,11,0.13321530343126542,fit_medium
HONDA,ODYSSEY J,24,6,0.11926591178136348,fit_medium
GEELY,MONJARO,24,4,0.1211773150788058,fit_medium
Kia,Sportage,24,9,0.09708562222480155,fit_medium
TOYOTA,ALTIS,24,10,0.036175482308150375,fit_medium
CHEVROLET,LUMINA,24,11,0.2075049675244086,fit_medium
MERCEDES BENZ,GLE450,24,10,0.1464526676377269,fit_medium
MAZDA,E2000,24,12,0.1270944652608289,fit_medium
MERCEDES BENZ,GL500,24,12,0.14681835082835248,fit_medium
ROX,01,24,3,0.13757086964351017,fit_medium
JAC,S3,24,10,0.1465770080192571,fit_medium
PORSCHE,718 BOXSTER,24,8,0.0746105962015795,fit_medium
RENAULT,SAFRANE,24,9,0.13928572010005313,fit_medium
RENAULT,CAPTUR,24,6,0.12872081454572049,fit_medium
MAZDA,2,24,9,0.1721571365832204,fit_medium
VOLVO,S40,24,10,0.13780931405922547,fit_medium
KIA,MORNING,24,11,0.09015927260187262,fit_medium
BMW,528I,24,10,0.15110239277846838,fit_medium
PORSCHE,BOXSTER,24,14,0.10571933019158763,fit_medium
JETOUR,X70,23,6,0.0684136697046569,fit_medium
AUDI,S3,23,11,0.12185816485792456,fit_medium
AUDI,S8,23,13,0.15048583058947573,fit_medium
BMW,420I GRAN COUPE,23,11,0.1448599226515186,fit_medium
LAMBORGHINI,URUS,23,7,0.061906135605357404,fit_medium
MERCEDES BENZ,S400,23,10,0.12921129510095408,fit_medium
NISSAN,X-TRAIL,23,7,-0.010476318907013171,fit_medium
Honda,Accord,23,9,0.12581025132935986,fit_medium
MERCEDES BENZ,CL500,23,15,0.18808702634930263,fit_medium
SKODA,KODIAQ,23,9,0.1315033462509142,fit_medium
CHANGAN,CS35 PLUS,23,6,0.07327819712845707,fit_medium
MERCEDES BENZ,C43 AMG,22,11,0.15386505195352373,fit_medium
Hyundai,Tucson,22,8,0.11011543590852324,fit_medium
INFINITI,Q70,22,7,0.08304742761007189,fit_medium
Toyota,LAND CRUISER,22,9,0.05792915859173586,fit_medium
MERCEDES BENZ,A35 AMG,22,7,0.13504983195998854,fit_medium
MAZDA,MX-5,22,17,0.09969092282494063,fit_medium
VOLVO,XC40,22,8,0.11551179351007579,fit_medium
CHEVROLET,SONIC,22,8,0.1431532647119229,fit_medium
TOYOTA,C-HR,22,8,0.1355370436602369,fit_medium
MERCEDES BENZ,C350,22,11,0.16569768615996638,fit_medium
MERCEDES BENZ,A45,22,14,0.15280383587646496,fit_medium
CADILLAC,XT4,22,7,0.19314219686389766,fit_medium
MITSUBISHI,L300,22,10,0.145509450769725,fit_medium
BMW,IX,22,4,0.10967910003273795,fit_medium
VOLKSWAGEN,POLO,22,11,0.10964461891891797,fit_medium
VOLKSWAGEN,ID 4 CROZZ,22,4,-0.0788893599004945,fit_medium
HYUNDAI,GRAND I10,22,9,0.13861609468229397,fit_medium
HYUNDAI,I10,22,12,0.14061515270681912,fit_medium
MERCEDES BENZ,E250,22,11,0.12221665693982053,fit_medium
CADILLAC,CT4,22,5,0.10267046330222407,fit_medium
BMW,750Li,22,14,0.2018649055470304,fit_medium
JETOUR,X70 PLUS,22,4,0.06223207728861757,fit_medium
JEEP,GRAND CHEROKEE L,22,6,0.10782918226510052,fit_medium
BMW,740I,22,8,0.1363517538170912,fit_medium
SKODA,SUPERB,21,9,0.10064187034058303,fit_medium
CHANGAN,UNI-T,21,5,0.0572593307964695,fit_medium
MERCEDES BENZ,CLA45 AMG,21,11,0.13178129503256675,fit_medium
Chevrolet,Captiva,21,7,0.08308840432056397,fit_medium
LAMBORGHINI,AVENTADOR,21,12,0.07391864804088999,fit_medium
Volkswagen,GOLF R,21,8,0.13655284096001452,fit_medium
MERCURY,GRAND MARQUIS,21,11,0.146466860316099,fit_medium
MINI,JOHN COOPER WORKS,21,11,0.10358941633491947,fit_medium
BENTLEY,CONTINENTAL GT,21,7,0.09878834889351873,fit_medium
AUDI,RS3,21,9,0.11430098548457013,fit_medium
MERCEDES BENZ,GLC200,21,8,0.11654600590355435,fit_medium
BMW,335I,21,9,0.14619690590915901,fit_medium
BMW,730Li,21,16,0.1766242691677219,fit_medium
BMW,740Li,21,16,0.15346842802922833,fit_medium
Kia,Seltos,21,6,0.114797657872302,fit_medium
GMC,SAVANA,21,14,0.1126644274837495,fit_medium
GENESIS,GV80,21,6,0.06052802969050819,fit_medium
LAND ROVER,LR2,21,9,0.13453392417250964,fit_medium
LEXUS,LS430,21,8,0.1057726768942836,fit_medium
HYUNDAI,MATRIX,21,10,0.1583294717483853,fit_medium
DODGE,NITRO,21,5,0.13125353703663856,fit_medium
BMW,318I,20,10,0.12423506035094445,fit_medium
LEXUS,LS 460,20,8,0.10695847615174314,fit_medium
LAND ROVER,DEFENDER 130,20,3,0.0023756635796856607,fit_medium
Toyota,Corolla,20,10,0.08747176597480555,fit_medium
VOLKSWAGEN,CADDY,20,9,0.1346643514600473,fit_medium
TOYOTA,COROLLA 1.8,20,12,0.08991591728250348,fit_medium
HYUNDAI,VERACRUZ,20,7,0.13127373915192753,fit_medium
Hyundai,ELANTRA,20,7,0.12038902489901127,fit_medium
AUDI,S5,20,14,0.1397870084603442,fit_medium
BMW,325I,20,13,0.16956811117513348,fit_medium
Nissan,Xterra,20,5,0.07416478584169395,fit_medium
MASERATI,GRAN TURISMO,20,12,0.14379363223972885,fit_medium
BMW,420i,20,12,0.11568071297907567,fit_medium
HYUNDAI,GETZ,19,10,0.15791956455549228,fit_medium
HAVAL,H9,19,9,0.11594350918086671,fit_medium
MERCEDES BENZ,GLA250,19,10,0.10798308639325993,fit_medium
MERCEDES BENZ,C200 K,19,6,0.19840439983055802,fit_medium
MERCEDES BENZ,GLE53 AMG,19,6,0.1252607081167174,fit_medium
HONGQI,HS5,19,6,0.04465309649443472,fit_medium
TOYOTA,VIOS,19,8,0.10718541932393955,fit_medium
NISSAN,PATROL GLV,19,6,0.013150703719732815,fit_medium
PEUGEOT,207,19,5,0.12957331541426276,fit_medium
GEELY,EMGRAND,19,6,0.095024911996889,fit_medium
LINCOLN,AVIATOR,19,5,0.1386591036110949,fit_medium
HYUNDAI,I30,19,10,0.10699412578972123,fit_medium
MERCEDES BENZ,VIANO,19,11,0.1199996399317077,fit_medium
MERCEDES BENZ,CLS500,19,11,0.1716163705679351,fit_medium
MERCEDES BENZ,GLA200,19,8,0.10906505501034602,fit_medium
MITSUBISHI,FUSO CANTER,19,5,0.10858304177268019,fit_medium
BMW,735I,18,5,0.1550594244321003,fit_medium
BMW,430I GRAN COUPE,18,10,0.13924233537608277,fit_medium
CHRYSLER,300,18,10,0.1668854518511813,fit_medium
TOYOTA,ECHO,18,6,0.08263134069960576,fit_medium
TOYOTA,GRANVIA,18,7,0.0777676777968398,fit_medium
LINCOLN,CONTINENTAL,18,4,0.24748929752443238,fit_medium
MERCEDES BENZ,S500 L,18,8,0.1360649917501221,fit_medium
MERCEDES BENZ,S320,18,10,0.13769703368895692,fit_medium
Mitsubishi,ASX,18,8,0.07669964847150978,fit_medium
HYUNDAI,GRAND i10,18,10,0.1314373206810292,fit_medium
TOYOTA,TOYOTA,18,9,0.049962121031405404,fit_medium
OPEL,CORSA,18,8,0.13833717788659605,fit_medium
Nissan,Altima,18,10,0.11518292046942802,fit_medium
GREAT WALL,WINGLE 7,18,7,0.03236407617428694,fit_medium
NISSAN,ROGUE SPORT,18,6,0.08429608890517548,fit_medium
MERCEDES BENZ,E320,18,12,0.14674969438213437,fit_medium
GREAT WALL,WINGLE 5,18,9,0.10667162686420328,fit_medium
KIA,SONET,18,5,0.11000992472397064,fit_medium
INFINITI,G35,18,8,0.1492647997865595,fit_medium
INFINITI,Q30,18,3,0.13923196889129297,fit_medium
BMW,540I,18,10,0.15208874797968597,fit_medium
Toyota,Fortuner,18,8,0.04501313285029973,fit_medium
MG,ZS EV,18,7,0.19211078616549193,fit_medium
MINI,COOPER S COUNTRYMAN,18,9,0.10409604791866522,fit_medium
INFINITI,FX35,18,9,0.21190502486545315,fit_medium
Dodge,Charger,18,7,0.11710878789096202,fit_medium
MERCEDES BENZ,G55 AMG,18,12,0.10983799833482388,fit_medium
MERCEDES BENZ,C180,18,13,0.16380614806277016,fit_medium
CHEVROLET,GROOVE,18,5,0.06172222277584727,fit_medium
MAXUS,T60,18,8,0.0634601429046574,fit_medium
ALFA ROMEO,STELVIO,18,7,0.11965829285548912,fit_medium
TANK,300,18,6,0.10623963702915806,fit_medium
VOLVO,S80,18,12,0.12376747745976246,fit_medium
ABARTH,695,18,6,0.07369782992324736,fit_medium
ASTON MARTIN,VANTAGE,17,12,0.11768656632015462,fit_medium
AUDI,R8,17,12,0.14464634715065672,fit_medium
MERCEDES BENZ,GLE350,17,10,0.1413086463172304,fit_medium
LEXUS,LS500,17,6,0.08558393026679878,fit_medium
BESTUNE,T77,17,5,0.05129088599210607,fit_medium
RENAULT,DOKKER,17,8,0.09707347902439978,fit_medium
MERCEDES BENZ,GLE63 AMG,17,10,0.15755316278388376,fit_medium
Land Rover,Defender,17,6,0.0940070398697822,fit_medium
BAIC,X7,17,5,0.10183368105147006,fit_medium
BMW,428I,17,3,0.06344537811770934,fit_medium
Honda,Civic,17,6,0.05722261457376576,fit_medium
LEXUS,GS430,17,9,0.0860364679050416,fit_medium
BYD,LEOPARD 8,17,3,0.05788045464077263,fit_medium
LINCOLN,MKC,17,5,0.1347340900542512,fit_medium
KIA,CERATO KOUP,17,8,0.13251392012006158,fit_medium
LEXUS,GS450H,17,11,0.14779747600284032,fit_medium
NISSAN,CIVILIAN,17,10,0.12140580841807636,fit_medium
JAC,J7,17,5,0.12205114566548636,fit_medium
HUMMER,H2,17,7,0.17692782193026002,fit_medium
GREAT WALL,POER,17,6,0.06645936318908563,fit_medium
BYD,LEOPARD,17,2,0.09413154785349742,fit_low
TOYOTA,COROLLA 1.6,17,10,0.051519364501772746,fit_medium
KIA,STINGER,17,6,0.1416082221638112,fit_medium
SUZUKI,CELERIO,17,9,0.13306911970290647,fit_medium
MG,7,17,4,0.1358661936943465,fit_medium
MERCEDES BENZ,CLA35 AMG,17,6,0.10202535989045103,fit_medium
PORSCHE,CAYENNE COUPE,17,7,0.16040907392865322,fit_medium
GMC,Yukon,17,9,0.11085460500290756,fit_medium
CHANGAN,UNI-K,16,4,0.10673135260581668,fit_medium
NISSAN,FRONTIER,16,11,0.13025934054949995,fit_medium
BENTLEY,MULSANNE,16,10,0.17401023300005214,fit_medium
MAXUS,V80,16,9,0.06812688441854464,fit_medium
VOLKSWAGEN,TRANSPORTER,16,11,0.10115326827505433,fit_medium
LAND ROVER,LR3,16,5,0.07872168464793161,fit_medium
LEXUS,LC500,16,8,0.06000535217402281,fit_medium
SUZUKI,SX4,16,9,0.17992777352285372,fit_medium
MERCEDES-BENZ,A200,16,7,0.145946910457602,fit_medium
CHANGAN,EADO PLUS,16,4,0.10409285798840151,fit_medium
Jeep,Grand Cherokee,16,8,0.1315086818944986,fit_medium
JEEP,PATRIOT,16,9,0.09199853823445647,fit_medium
FERRARI,812,16,7,0.22204045679918538,fit_medium
LEXUS,LX470,16,8,0.09393080765189465,fit_medium
HYUNDAI,VENUE,16,7,0.11691865241954191,fit_medium
AUDI,E-TRON,16,4,0.09948899543998346,fit_medium
GENESIS,G90,16,8,0.14877329428595176,fit_medium
ABARTH,595,16,9,0.08347926364165215,fit_medium
ROLLS ROYCE,WRAITH,16,9,0.1452677623687092,fit_medium
DAIHATSU,GRAN MAX,16,8,0.08016423764420222,fit_medium
LEXUS,CT200H,16,9,0.10438503408454958,fit_medium
HYUNDAI,GRANDEUR,16,8,0.14049914338296887,fit_medium
MERCEDES BENZ,CLS450,16,6,0.08999324743109693,fit_medium
Nissan,Sunny,16,7,0.09586729957857831,fit_medium
MERCEDES BENZ,GL450,16,9,0.1558363907522189,fit_medium
MERCEDES BENZ,CLA200,16,7,0.15017640223940631,fit_medium
Nissan,Xtrail,16,8,0.12346973367610914,fit_medium
INFINITI,QX55,16,5,0.12415643577493651,fit_medium
FORD,CROWN VICTORIA,16,11,0.1312354273185844,fit_medium
LINCOLN,MKS,16,8,0.04606120846532036,fit_medium
NISSAN,QUEST,15,7,0.07058857929517404,fit_medium
AVATR,12,15,4,0.1890049859966766,fit_medium
FORD,MONDEO,15,9,0.1665437954248299,fit_medium
GAC,GS3 EMZOOM,15,4,-0.11403216952465067,fit_medium
OPEL,ASTRA,15,7,0.15581422372679743,fit_medium
BMW,325i,15,11,0.11663991458280198,fit_medium
BMW,523I,15,8,0.14942214940331033,fit_medium
Chevrolet,Tahoe,15,7,0.09030477558097416,fit_medium
RENAULT,MASTER,15,5,0.12243760811556237,fit_medium
TOYOTA,COROLLA 1.3,15,13,0.07618338658376167,fit_medium
VOLKSWAGEN,ID 6 CROZZ,15,3,0.015565695259698753,fit_medium
MERCEDES BENZ,SLK200,15,11,0.14072750351309316,fit_medium
Volkswagen,Tiguan,15,9,0.10931417613481142,fit_medium
Toyota,LAND CRUISER PRADO,15,9,0.075039903901291,fit_medium
MERCEDES BENZ,GLC 43 AMG,15,9,0.13967794644607745,fit_medium
Toyota,Yaris,15,8,0.09137228961228794,fit_medium
MITSUBISHI,NATIVA,15,8,0.09302684355616408,fit_medium
MERCEDES BENZ,C180 K,15,7,0.14043494810042556,fit_medium
BYD,LEOPARD 5,15,3,0.18856554483524657,fit_medium
MERCEDES BENZ,E240,15,9,0.1609820423516971,fit_medium
PEUGEOT,TRAVELLER,15,8,0.07858029513140241,fit_medium
HYUNDAI,COUPE,15,10,0.19049883388007327,fit_medium
HYUNDAI,GENESIS COUPE,15,8,0.10523573563319422,fit_medium
BMW,550I,15,12,0.18247154473173133,fit_medium
EXEED,RX,15,4,0.0004811290129953516,fit_medium
TOYOTA,CROWN,15,7,0.04793466436916394,fit_medium
CHANGAN,ALSVIN,15,6,0.09500583433350274,fit_medium
CHANGAN,CS75 PLUS,15,6,0.07378761783538867,fit_medium
BMW,535I,15,6,0.06507276165806208,fit_medium
LEXUS,RC F,15,7,0.09483192411651242,fit_medium
MERCEDES BENZ,S450,15,7,0.18897342762144897,fit_medium
BYD,SEAL,15,3,-0.039548250358330206,fit_medium
MITSUBISHI,PAJERO SPORT,15,6,0.13787312960848674,fit_medium
LEXUS,GX470,14,7,0.07504767547455071,fit_medium
CITROEN,C5 AIRCROSS,14,5,0.10030620389455835,fit_medium
Volkswagen,Teramont,14,5,0.1692474590401366,fit_medium
Lexus,ES350,14,8,0.13435005908535802,fit_medium
Mini,Cooper,14,8,0.10403790948964764,fit_medium
MERCEDES BENZ,GLK350,14,7,0.1851513161505537,fit_medium
RENAULT,TALISMAN,14,3,0.2957750006892209,fit_medium
CHANGAN,CS85,14,5,0.13631198212046913,fit_medium
NISSAN,ROUGE,14,7,0.08025449175001964,fit_medium
AUDI,RS5,14,10,0.13406308623715735,fit_medium
BMW,XM,14,3,0.08621225044062131,fit_medium
OPEL,INSIGNIA,14,7,0.14730289942517694,fit_medium
NISSAN,NISSAN PATROL,14,9,0.016282406525084947,fit_medium
LEXUS,LS600H,14,8,0.15661003261828765,fit_medium
MERCEDES BENZ,SL63 AMG,14,9,0.13423343768109153,fit_medium
MAZDA,CX-90,14,3,0.03761156178010261,fit_medium
BAIC,BJ40,14,5,0.08160831511421263,fit_medium
CHEVROLET,ASTRO,14,8,-0.03184920177708683,fit_medium
CHERY,TIGGO 7 PRO,14,3,-0.0064355581581923005,fit_medium
HYUNDAI,TRAJET,14,8,0.16554633574597677,fit_medium
LEXUS,IS200T,14,3,0.14834980129795194,fit_medium
BMW,760I,14,5,0.1339737695067269,fit_medium
DODGE,VIPER,14,7,0.0753175812933885,fit_medium
ROLLS ROYCE,DAWN,14,8,0.11332372964775583,fit_medium
MERCEDES BENZ,ML500,14,11,0.1522254320109081,fit_medium
Mazda,CX-5,14,9,0.09992119145742395,fit_medium
BMW,760LI,14,9,0.14142792200227117,fit_medium
VOLKSWAGEN,AMAROK,14,6,0.17696349224292973,fit_medium
Hyundai,Creta,14,9,0.11775288933462424,fit_medium
JAC,JS4,14,5,0.10745487511607077,fit_medium
MERCEDES-BENZ,GLE450,14,7,0.1100121313597674,fit_medium
TOYOTA,URBAN CRUISER,14,4,0.08078047066020289,fit_medium
SKODA,KAMIQ,14,3,0.12165830183066562,fit_medium
NISSAN,350Z,14,7,0.09115896000202428,fit_medium
SEAT,LEON,14,8,0.13583230025684767,fit_medium
BYD,SONG PLUS,14,4,0.10751875037482495,fit_medium
JEEP,COMMANDER,14,5,0.059123307298619254,fit_medium
MERCEDES BENZ,SPRINTER,14,10,0.13180589779612817,fit_medium
EXEED,LX,14,4,0.053631260827723515,fit_medium
TOYOTA,ALPHARD,13,9,0.11257542699044798,fit_medium
LEXUS,NX 350H,13,4,0.05932194063107199,fit_medium
MERCEDES BENZ,CLS63 AMG,13,7,0.21545245391939427,fit_medium
MERCEDES BENZ,CLS53 AMG,13,7,0.13900498275878737,fit_medium
ALFA ROMEO,GIULIETTA,13,7,0.12132840572015335,fit_medium
PEUGEOT,206,13,7,0.17608484914840083,fit_medium
FERRARI,SF90,13,5,0.08344695314027195,fit_medium
TANK,500,13,4,-0.015228232137115993,fit_medium
MERCEDES BENZ,E450,13,6,0.0901119572102268,fit_medium
VOLVO,V40,13,7,0.13451963569431358,fit_medium
CMC,VERYCA,13,6,0.08019529981673235,fit_medium
Kia,Sorento,13,6,0.103355148364212,fit_medium
MITSUBISHI,GRANDIS,13,7,0.09546119420093502,fit_medium
BYD,SONG L,13,2,0.002128791910590566,fit_low
JAGUAR,XK,13,7,0.11235459853837482,fit_medium
SUBARU,TRIBECA,13,8,0.11028256599169606,fit_medium
MERCEDES-BENZ,CLA250,13,6,0.1367870679473322,fit_medium
LEXUS,IS 350,13,5,0.06375681266244215,fit_medium
CHANGAN,CS35,13,6,0.1746666785038069,fit_medium
VOLKSWAGEN,MULTIVAN,13,7,0.011387841947454347,fit_medium
CADILLAC,XTS,13,7,0.14961736003150883,fit_medium
CADILLAC,XT6,13,5,0.05981444083095033,fit_medium
MERCEDES BENZ,S 500,13,9,0.007857766809739153,fit_medium
CHRYSLER,200,13,6,0.12075833303805339,fit_medium
Honda,HRV,13,5,0.1460649197100936,fit_medium
ROX,1,13,3,0.24533793710478846,fit_medium
BMW,220I,13,5,0.16670321889680606,fit_medium
VOLKSWAGEN,EOS,13,8,0.1702756537859822,fit_medium
AUDI,S7,13,10,0.12328349217831669,fit_medium
DODGE,CALIBER,13,5,0.15427520627975255,fit_medium
BMW,X6 M,13,11,0.14139043454706568,fit_medium
CITROEN,C4,13,7,0.14410006431105704,fit_medium
SKODA,FABIA,13,9,0.14924416032506793,fit_medium
BMW,328I,13,7,0.15694737835807904,fit_medium
LEXUS,GS460,13,5,0.12607354181722663,fit_medium
MG,3,13,3,0.2293140476771428,fit_medium
VICTORY,V2,13,6,0.12758206692526852,fit_medium
BMW,M2,13,8,0.1403553134140122,fit_medium
MERCEDES BENZ,A 200,13,7,-0.10750118265972386,fit_medium
GAC,EMPOW,13,5,0.19060542651030365,fit_medium
BMW,M440I,13,6,0.07868652443337476,fit_medium
GREAT WALL,WINGLE 3,13,6,0.11788887201966725,fit_medium
AUDI,RS7,13,9,0.15986518723511645,fit_medium
GEELY,EMGRAND X7 SPORT,13,4,0.12117597892156828,fit_medium
GMC,HUMMER EV,12,4,0.07247417139202605,fit_medium
BYD,HAN,12,4,0.09397572777223329,fit_medium
CHEVROLET,EPICA,12,6,0.22104561105098963,fit_medium
MERCEDES BENZ,C240,12,7,0.11035151949418087,fit_medium
Ford,Escape,12,6,0.14307024751639885,fit_medium
GAC,M8,12,5,0.26137083964348173,fit_medium
TOYOTA,TOYOTA COROLLA,12,6,0.11069962951385348,fit_medium
FORD,E-450,12,8,0.12865411629289192,fit_medium
NISSAN,Z,12,4,0.12543802658173353,fit_medium
AUDI,SQ5,12,8,0.12187667911970124,fit_medium
CHERY,TIGGO 8 PRO MAX,12,3,0.03969893741391661,fit_medium
JAGUAR,X TYPE,12,7,0.1253895167334098,fit_medium
KIA,K8,12,5,0.13227373392409925,fit_medium
VICTORY,K1,12,8,0.12285574305025293,fit_medium
INFINITI,EX35,12,6,0.12443335683546841,fit_medium
MERCURY,MOUNTAINEER,12,7,0.13498326730239274,fit_medium
MERCEDES-BENZ,V250,12,5,0.16373383106742934,fit_medium
HYUNDAI,i30,12,7,0.09242494912547461,fit_medium
BMW,318i,12,6,0.14918531210506714,fit_medium
HYUNDAI,GRAND SANTA FE,12,7,0.07584695435028366,fit_medium
Chevrolet,Traverse,12,9,0.13742112784073657,fit_medium
HONDA,MRV,12,6,0.142612979689132,fit_medium
TOYOTA,VELOZ,12,6,-0.004431599651910645,fit_medium
HONGQI,EHS9,12,6,0.08969497224460232,fit_medium
MERCEDES BENZ,CL550,12,7,0.1284994518880993,fit_medium
MERCEDES BENZ,E280,12,7,-0.03427720889236063,fit_medium
MAZDA,323,12,7,0.13495145455321644,fit_medium
MERCEDES BENZ,E400,12,5,0.12691425152724534,fit_medium
MERCEDES BENZ,CLK320,12,7,0.17243494534388426,fit_medium
PEUGEOT,307,12,5,0.16523713847498445,fit_medium
AUDI,A1,12,6,0.08211988784628643,fit_medium
RAM,2500,12,7,0.1187547420446271,fit_medium
EXEED,TXL,12,4,0.04763821982209793,fit_medium
CHRYSLER,300S,12,7,0.19779346988777302,fit_medium
MERCEDES BENZ,SL500,12,11,0.09686934874349251,fit_medium
Mazda,3,12,7,0.06146066646616266,fit_medium
JAC,T8,12,5,0.06511622415955953,fit_medium
CADILLAC,CT6,12,3,-0.12547068715818677,fit_medium
Hyundai,Accent,12,6,0.10523005810988273,fit_medium
SKODA,SCALA,12,3,0.07803638242447108,fit_medium
MERCEDES-BENZ,SPRINTER,12,8,0.09592980017794239,fit_medium
MASERATI,GRECALE,12,5,-0.07972151025461915,fit_medium
BMW,640I GRAN COUPE,12,5,0.1257851822923426,fit_medium
BMW,630I,12,8,0.14621513077127135,fit_medium
BYD,LEOPARD 7,11,2,-0.13386593920498346,fit_low
CHERY,ARRIZO 5,11,7,0.10203004154000861,fit_medium
MERCEDES BENZ,E 550,11,5,0.11740219146595143,fit_medium
AUDI,Q2,11,7,0.1048473642661496,fit_medium
RENAULT,TRAFIC,11,5,0.12926756273139406,fit_medium
FIAT,500X,11,5,0.0911744620082654,fit_medium
GEELY,OKAVANGO,11,5,0.14138828187443564,fit_medium
GEELY,STARRAY,11,3,0.05694682030709475,fit_medium
Skoda,Octavia,11,6,0.17743528550995658,fit_medium
Land Rover,RANGE ROVER SPORT,11,7,0.11320969613154586,fit_medium
Porsche,Cayenne,11,7,0.19093673023425584,fit_medium
MERCEDES BENZ,G550,11,7,0.07767198520948393,fit_medium
MERCEDES BENZ,C230,11,5,0.17774088824890766,fit_medium
MERCEDES BENZ,CLS550,11,7,0.17371723896952396,fit_medium
LEXUS,GS250,11,4,0.13412715259996566,fit_medium
LAMBORGHINI,GALLARDO,11,7,0.09176262524478707,fit_medium
SUZUKI,KIZASHI,11,6,0.15209788102632837,fit_medium
MERCEDES-BENZ,C200,11,8,0.1401695186896399,fit_medium
LEXUS,IS300C,11,7,0.12956713886898086,fit_medium
BMW,525I,11,6,0.08358859105336813,fit_medium
Kia,Cerato,11,5,0.12649863661222271,fit_medium
BMW,323I,11,7,0.11266192187590518,fit_medium
MAZDA,BT-50,11,5,0.11341735788998453,fit_medium
BMW,120i,11,8,0.17191719494390123,fit_medium
Land Rover,RANGE ROVER VELAR,11,6,0.13376391715918634,fit_medium
Chevrolet,Groove,11,5,0.04213551549944461,fit_medium
VOLVO,C30,11,5,0.08357946310989184,fit_medium
CHERVOLET,CAPRICE,11,6,0.19631766519120342,fit_medium
MG,350,11,5,0.1518081639762796,fit_medium
MERCEDES-BENZ,GLC200,11,5,0.12225802406720998,fit_medium
CHRYSLER,GRAND VOYAGER,11,9,0.12903536047634345,fit_medium
CHRYSLER,PACIFICA,11,4,0.22021822300297333,fit_medium
DODGE,JOURNEY,11,6,0.1482805053649915,fit_medium
CHANGAN,CS75,11,5,0.09838273335208036,fit_medium
JETOUR,X90 PLUS,11,3,0.10520953577943537,fit_medium
HONGQI,H5,11,7,0.1287816658836375,fit_medium
MERCEDES BENZ,C 200,11,6,0.10621896322084234,fit_medium
BMW,M850I,11,6,0.12807051086970722,fit_medium
JETOUR,G700,11,2,0.027389273571743145,fit_low
FERRARI,296,11,4,0.033691596244376454,fit_medium
FERRARI,458 ITALIA,11,5,0.12909155802984928,fit_medium
NISSAN,2400,11,9,0.0914601105515428,fit_medium
HONDA,ZR-V,11,3,0.13806953530196342,fit_medium
MERCEDES BENZ,C280,11,5,0.14522713324214087,fit_medium
NISSAN,NISSAN,11,9,0.0021785910905266492,fit_medium
HYUNDAI,CENTENNIAL,11,7,0.17626152317056432,fit_medium
BMW,540i,11,7,0.15176071732099572,fit_medium
MITSUBISHI,ECLIPSE,11,8,0.13088011980470804,fit_medium
MERCEDES BENZ,ML63 AMG,11,7,0.14152771419646115,fit_medium
Mazda,6 ULTRA,11,10,0.08162482548508243,fit_medium
LINCOLN,MK-T,11,6,0.041495886236279755,fit_medium
BMW,740i,11,6,0.16704565500833113,fit_medium
MERCEDES BENZ,GLS63 AMG,11,8,0.15357861349241753,fit_medium
BAIC,BJ40 PLUS,11,6,0.07785274563863753,fit_medium
MERCEDES BENZ,GLB250,11,6,0.11393204177276828,fit_medium
Lexus,RX350,11,8,0.10755133152987317,fit_medium
JAC,M4,11,6,0.17178118565560008,fit_medium
INFINITI,M37,11,3,0.04748325761871208,fit_medium
INFINITI,QX 80,11,6,0.07951720157714881,fit_medium
BYD,ATTO 3,10,3,0.03738553920927856,fit_medium
BMW,M340I,10,6,0.07120909212876747,fit_medium
Audi,A6,10,7,0.14815038053098484,fit_medium
GEELY,EMGRAND GT,10,3,0.38397666047817824,fit_medium
AUDI,RSQ3,10,5,0.1456087906928023,fit_medium
ZNA,RICH,10,5,0.15204832377748856,fit_medium
AUDI,S6,10,7,0.14580544199392675,fit_medium
BAIC,U5 PLUS,10,4,0.06664204539224161,fit_medium
SOUEAST,S06,10,2,0.1882710531020939,fit_low
HONDA,FIT,10,8,-0.0013320204184390505,fit_medium
BMW,IX1,10,3,0.03803136377786931,fit_medium
BMW,I8,10,6,0.15127900223031077,fit_medium
MERCEDES BENZ,A220,10,4,-0.0030964691946917533,fit_medium
FORD,EVEREST,10,3,0.16559147254259277,fit_medium
MERCEDES BENZ,SLK350,10,9,0.1337833202195462,fit_medium
MERCEDES BENZ,SLS AMG,10,5,0.16293650916285152,fit_medium
LEXUS,ES 350,10,7,0.03874430448633026,fit_medium
MERCEDES-BENZ,S500,10,5,0.17090743896598848,fit_medium
KIA,SPORTAGE L,10,3,0.010157809951357621,fit_medium
BMW,316I,10,5,0.133313699613955,fit_medium
SUBARU,OUTBACK,10,9,0.1278647269910691,fit_medium
MG,360,10,3,0.023984305929924732,fit_medium
EXEED,VX,10,4,0.12117018494331988,fit_medium
KIA,K4000,10,6,0.1530674286993675,fit_medium
VICTORY,V1,10,6,0.045908184468901325,fit_medium
MG,GS,10,5,0.18030907866136958,fit_medium
MERCEDES-BENZ,GLC300,10,6,0.11861079191043655,fit_medium
BMW,325Ci,10,8,0.14349094336755075,fit_medium
HONGQI,H9,10,5,0.024785516410351427,fit_medium
SUZUKI,FRONX,10,3,0.1473330437006225,fit_medium
SUZUKI,ALTO,10,6,0.1521330873596356,fit_medium
Honda,City,10,7,0.09401454204116344,fit_medium
Mazda,CX-3,10,6,0.08183464196292989,fit_medium
CHEVROLET,OPTRA,10,6,0.14702438509857918,fit_medium
MERCEDES BENZ,S580,10,5,0.174519249970991,fit_medium
MERCEDES BENZ,S560,10,5,-0.028995271579999482,fit_medium
BESTUNE,B70,10,3,0.1584118128848696,fit_medium
LEXUS,RC300,10,7,0.12934996072370053,fit_medium
LEXUS,RX330,10,4,0.0280979373322503,fit_medium
MERCEDES BENZ,S450 L,10,6,0.16342109435927832,fit_medium
CHANGAN,UNI-V,10,3,0.10398354464314252,fit_medium
BMW,118I,10,7,0.15869910209727933,fit_medium
Mini,COOPER S COUNTRYMAN,10,5,0.12314437498403219,fit_medium
MERCEDES BENZ,GLC63 AMG,10,5,0.15236767938157936,fit_medium
BESTUNE,T99,10,5,0.07678092156504113,fit_medium
Suzuki,Baleno,10,5,0.13501827305051595,fit_medium
BMW,218I GRAN COUPE,10,5,0.10754572085764402,fit_medium
MERCEDES BENZ,GLS580,10,6,0.15731190020284624,fit_medium
BMW,750i,10,8,0.12372059273068103,fit_medium
Toyota,Raize,10,3,0.07299000146575618,fit_medium
MERCEDES BENZ,CL63 AMG,9,6,0.22122121880329115,fit_low
MERCEDES BENZ,E53 AMG,9,6,0.08614892576968547,fit_low
MERCEDES BENZ,E55 AMG,9,6,-0.012721092499551334,fit_low
BENTLEY,ARNAGE,9,8,0.14234898227335346,fit_low
AUDI,S4,9,7,0.12041340954879931,fit_low
MCLAREN,720S,9,6,0.010141625551432498,fit_low
MERCEDES BENZ,GLA45 AMG,9,7,0.0726354259540325,fit_low
TOYOTA,SOLARA,9,6,0.20709346875784584,fit_low
TOYOTA,SCION,9,4,0.09581633554418434,fit_low
Ford,TERRITORY,9,4,0.06764115718260255,fit_low
GAC,GN6,9,3,0.1519043073749765,fit_low
PEUGEOT,RCZ,9,5,0.12710936949340945,fit_low
FORD ,TAURUS,9,5,0.112351385120247,fit_low
BYD,QIN PLUS,9,4,0.1298741453041261,fit_low
RENAULT,TWIZY,9,5,0.1006112729203894,fit_low
MITSUBISHI,XPANDER CROSS,9,3,0.10112067098105904,fit_low
Mazda,CX-30,9,5,0.01775499887773946,fit_low
Mitsubishi,MONTERO SPORT,9,5,0.1883820293277464,fit_low
TOYOTA,LITEACE,9,3,0.10602633786399496,fit_low
FORD,EXPLORER SPORT TRAC,9,4,0.04721433697057631,fit_low
JAC,JS6,9,4,-0.0004687961852944955,fit_low
BMW,535i,9,6,0.041026019288426196,fit_low
INFINITI,G25,9,3,-0.03384668957078674,fit_low
INFINITI,QX30,9,4,0.29580766087375765,fit_low
INFINITI,FX50,9,5,0.052465235888630946,fit_low
BMW,730I,9,5,0.12885888342701657,fit_low
VOLKSWAGEN,ATLAS,9,5,-0.00457499802000938,fit_low
TOYOTA,LEVIN,9,6,0.12527863657540528,fit_low
FERRARI,CALIFORNIA,9,8,0.0856600891411805,fit_low
TOYOTA,ZELAS,9,4,0.12975219015729256,fit_low
HONGQI,OUSADO,9,2,-0.029537878787876393,fit_low
NISSAN,SKYLINE,9,6,-0.4772232044601348,fit_low
HONDA,S2000,9,6,0.07994187401781117,fit_low
Kia,K5,9,3,0.09504255512011284,fit_low
DODGE,DART,9,3,0.07278804554605234,fit_low
SKODA,KUSHAQ,9,3,0.04858210635386462,fit_low
KIA,QUORIS,9,5,0.15253429926178508,fit_low
KIA,OPRIUS,9,6,0.16644195478347434,fit_low
KIA,K2700,9,6,0.12909742027049653,fit_low
MERCEDES-BENZ,GLS 600,9,6,0.03962179793279119,fit_low
BMW,525i,9,8,0.09164784410460824,fit_low
BMW,323i,9,5,0.142169610960728,fit_low
BMW,218i GRAN COUPE,9,6,0.14869101387761208,fit_low
BMW,228I GRAN COUPE,9,5,0.07761687584498955,fit_low
Kia,Carnival,9,8,0.13459165854759858,fit_low
BMW,320Ci,9,6,0.12765560068840176,fit_low
VOLKSWAGEN,ID 4,9,2,-0.424890101561314,fit_low
MERCEDES BENZ,S580 L,9,5,0.1038285118997948,fit_low
MERCEDES BENZ,S65 AMG,9,7,0.20279669429583136,fit_low
SUZUKI,SUZUKI SWIFT,9,6,0.04093926315261298,fit_low
CHERY,TIGGO 7,9,5,-0.03452348782854764,fit_low
MERCEDES BENZ,GLS 600,9,6,0.06407921553839702,fit_low
MERCEDES BENZ,S 350,9,4,0.3719466986169029,fit_low
LEXUS,RX300,9,5,0.10048304689424614,fit_low
LEXUS,SC430,9,7,0.10871956912323755,fit_low
LEXUS,RX350H,9,3,0.1622152483182593,fit_low
LEXUS,LS600h,9,6,0.11867879938769266,fit_low
SUZUKI,CARRY,9,6,0.04803593344232593,fit_low
MERCEDES BENZ,GLC250,9,5,0.11026955821056983,fit_low
MAXUS,G50,9,3,0.008197292699450687,fit_low
Lexus,NX350,9,4,0.09098595692345579,fit_low
BYD,TANG,9,4,0.15353294860201006,fit_low
HAVAL,DARGO,9,5,0.056691996070395545,fit_low
HAVAL,H2,9,4,0.10374648992394975,fit_low
Nissan,Maxima,9,6,0.17037831190860442,fit_low
OPEL,MOKKA,9,3,0.0522636647718393,fit_low
GMC,Acadia,9,6,0.13606975686574507,fit_low
BUGATTI,CHIRON,9,4,0.0286070765174673,fit_low
MERCEDES BENZ,C320,9,5,0.16450137379739704,fit_low
VOYAH,FREE,9,4,0.1393951649090137,fit_low
Volkswagen,T-ROC,9,5,0.057688094525183864,fit_low
BYD,SEA LION,8,2,0.42163100057836955,fit_low
CHERY,TIGGO 8 PRO,8,3,0.17319362396609694,fit_low
LEXUS,NX 350h,8,5,0.0928603867739819,fit_low
LEXUS,IS 300,8,4,-0.10365979238018563,fit_low
ZEEKR,X,8,2,-0.1810359372363708,fit_low
SUBARU,CROSSTREK,8,3,-0.017489622795532567,fit_low
BMW,M8,8,6,0.1038584767657923,fit_low
NISSAN,MAGNITE,8,2,0.16666666666666774,fit_low
LOTUS,EVORA,8,7,0.08697302774326632,fit_low
MERCEDES BENZ,R350,8,7,0.17223371055230752,fit_low
LEXUS,IS 250,8,5,0.03885894396275946,fit_low
LEXUS,RX 350,8,5,0.062043628419778174,fit_low
TOYOTA,XA,8,4,0.07803647418639537,fit_low
MERCEDES BENZ,S280,8,5,0.01602347246490643,fit_low
Land Rover,RANGE ROVER,8,7,0.1985913717048715,fit_low
BMW,I3,8,6,0.10976161786222416,fit_low
BMW,I7,8,3,0.035167469431099496,fit_low
LEXUS,RX500H,8,4,0.13708822587248093,fit_low
TESLA,MODEL 3 ,8,3,0.15485432738493254,fit_low
MERCEDES BENZ,GLA 35 AMG,8,5,0.16614355991328777,fit_low
DEEPAL,G318,8,3,0.12333940138150234,fit_low
SKODA,KAROQ,8,4,0.14406150254540262,fit_low
MERCEDES-BENZ,EQE 350,8,3,0.10601665442156771,fit_low
KING LONG,KING LONG,8,6,0.1385601865942654,fit_low
JAECOO,J7,8,3,0.14051885823628862,fit_low
MERCEDES-BENZ,E300,8,5,0.013212486772631094,fit_low
MERCEDES-BENZ,GLB200,8,6,0.11483950557548461,fit_low
GEELY,PREFACE,8,3,0.10636360772282627,fit_low
MERCEDES-BENZ,E200,8,5,0.14543412917327136,fit_low
KIA,NIRO,8,6,0.08785279544434987,fit_low
MERCEDES-BENZ,GLA200,8,5,0.10952149965373725,fit_low
CHERY,TIGGO 4 PRO,8,3,0.09701273181094461,fit_low
ROX,POLESTONE 01,8,4,0.03748039677967718,fit_low
MERCEDES-BENZ,CLA200,8,5,0.13430559003927645,fit_low
MERCEDES-BENZ,S580 L,8,5,0.12556689386509945,fit_low
BAIC,X55,8,3,-0.0026360952194968146,fit_low
BAIC,X35,8,4,0.11493850956342855,fit_low
MERCEDES BENZ,B200,8,5,0.26556662028572775,fit_low
GEELY,TUGELLA,8,2,0.208289672837349,fit_low
HYUNDAI,EQUUS,8,5,0.14154077129841847,fit_low
JETOUR,X70S,8,4,0.03553729811559836,fit_low
BMW,523i,8,6,0.146559721964021,fit_low
ASTON MARTIN,DB11,8,5,0.14147397318237276,fit_low
HUMMER,H3,8,4,0.23445659880327407,fit_low
HONDA,ACCORD CROSSTOUR,8,6,0.16373141661260437,fit_low
Infiniti,QX 50,8,6,0.17723702735160518,fit_low
Skoda,Kodiaq,8,5,0.1249474135539611,fit_low
MAZDA,CX-7,8,4,0.14482538427729774,fit_low
MAZDA,MAZDA 3,8,6,0.042672151260610414,fit_low
MERCEDES-BENZ,CLS450,8,5,0.12425613459474016,fit_low
HYUNDAI,i10,8,7,0.14490598792246534,fit_low
MERCEDES BENZ,GLE400,8,4,0.05952934195803283,fit_low
MERCEDES BENZ,GLE43 AMG,8,5,0.10511415464070673,fit_low
MERCEDES-BENZ,C300,8,3,0.07888404815206151,fit_low
GREAT WALL,WINGLE 6,8,5,0.09576798054727131,fit_low
NISSAN,SUNNY 1.3,8,4,0.05300449226521464,fit_low
BMW,640i,8,5,0.10854129106558597,fit_low
BMW,735i,8,4,0.1434942608941735,fit_low
MERCEDES BENZ,S680,8,5,0.12094210675279327,fit_low
MERCEDES BENZ,SL350,8,8,-0.11345014616459559,fit_low
LEXUS,LS 400,8,7,0.09401532989012285,fit_low
HYUNDAI,I20,8,4,0.05386543726186466,fit_low
CADILLAC,DEVILLE,8,6,-0.2135161225990283,fit_low
HYUNDAI,HD65,8,5,0.1335967050205069,fit_low
Toyota,URBAN CRUISER,8,4,0.07109517048399694,fit_low
TOYOTA,GR86,8,4,0.15089220197489894,fit_low
POLESTAR,POLESTAR 2,8,3,0.2088321975264219,fit_low
JETOUR,T1,8,2,0.13818580485247578,fit_low
MERCEDES BENZ,CLK200 K,8,5,0.14600670381323577,fit_low
AUDI,RSQ8,8,5,0.0863042497485631,fit_low
FORD,BRONCO SPORT,8,4,0.1259759219605755,fit_low
BMW,M340i,8,6,0.09095981226467076,fit_low
FIAT,FIORINO,8,5,0.10849661735674732,fit_low
MASERATI,GRANCABRIO,8,6,0.1672592122257095,fit_low
Toyota,Highlander,8,3,0.007086175644927084,fit_low
BMW,528i,8,8,0.13599852418346325,fit_low
JAGUAR,S TYPE,8,5,0.16235493403134083,fit_low
PEUGEOT,407,8,5,0.12675121134200729,fit_low
PEUGEOT,408,8,4,0.1665139649069015,fit_low
MG,WHALE,8,2,0.003380074294702884,fit_low
GAC,GN8,8,3,0.0465778580188414,fit_low
FERRARI,ROMA,8,6,0.05657935292800276,fit_low
MERCEDES BENZ,SLR MCLAREN,8,5,0.20537765275815978,fit_low
MERCEDES BENZ,SL55 AMG,8,8,0.12834469651427904,fit_low
RENAULT,CLIO,8,7,0.17287882547487066,fit_low
RENAULT,LOGAN,8,4,0.11015629343789313,fit_low
SUZUKI,XL7,7,3,0.13878621811892566,fit_low
MERCEDES-BENZ,EQS 580,7,2,-0.16583736138754834,fit_low
CHANGAN,EADO,7,5,0.20917460355786366,fit_low
XPENG,G9,7,4,0.04602497979913378,fit_low
MERCEDES BENZ,EQB 350 4M,7,4,0.04588372709277588,fit_low
MERCEDES BENZ,GLK300,7,4,0.12375901813711321,fit_low
Ford,Focus,7,3,0.2331786510057201,fit_low
LOTUS,EMIRA,7,3,0.03795563985064898,fit_low
XIAOMI,SU7,7,3,0.12714300257116073,fit_low
VOLVO,V70,7,5,0.1699056908790455,fit_low
MERCEDES BENZ,GLS500,7,4,0.11975895005676251,fit_low
BMW,550i,7,5,0.1725229148148124,fit_low
BMW,M440I GRAN COUPE,7,4,0.1707452379757035,fit_low
Lexus,LX570,7,5,0.08398402467481425,fit_low
HAVAL,JOLION PRO,7,2,0.2830808080808086,fit_low
BMW,116I,7,4,0.15975352463127923,fit_low
LEXUS,GS F,7,5,0.1025707469852778,fit_low
MERCEDES BENZ,V 250,7,5,-0.003381326038937482,fit_low
MERCEDES-BENZ,A35 AMG,7,5,0.11076949416792792,fit_low
HYUNDAI,IONIQ,7,4,-0.057494194523248554,fit_low
CHERY,TIGGO 7 PRO MAX,7,3,0.03623167750625633,fit_low
CHEVROLET,COLORADO,7,5,0.13934706101323846,fit_low
CADILLAC,DTS,7,5,0.16780035560096807,fit_low
Mitsubishi,Attrage,7,5,0.07122087690451695,fit_low
MERCEDES BENZ,S55 AMG,7,5,0.14474120355803044,fit_low
Mitsubishi,Outlander,7,4,0.1192462227033082,fit_low
LEXUS,LS350,7,7,0.03519365254838003,fit_low
BMW,428i,7,3,0.11406399060729555,fit_low
MINI,CLUBMAN,7,6,0.14073711941932132,fit_low
GMC,SEIRRA,7,6,0.09915497860875244,fit_low
ISUZU,NMR,7,5,0.11125711719907139,fit_low
JAC,SUNRAY,7,6,0.11276729359865811,fit_low
CADILLAC,STS,7,4,0.1640477630101791,fit_low
TATA,XENON,7,3,-0.16364489907025592,fit_low
INFINITI,QX4,7,4,0.059769753344447896,fit_low
BMW,230I,7,5,0.12236284390218477,fit_low
BMW,840I GRAN COUPE,7,5,0.12528133476655867,fit_low
BMW,840I,7,6,0.06964516653084751,fit_low
OPEL,CROSSLAND X,7,3,-0.04395419078837959,fit_low
HONGQI,HS3,7,2,-0.1782474226804156,fit_low
DAIHATSU,MATERIA,7,4,0.14854399807911245,fit_low
Toyota,FJ Cruiser,7,6,0.10500360171588952,fit_low
BMW,650i,7,6,0.1875827547725074,fit_low
MERCEDES BENZ,E230,7,4,0.14834782394403567,fit_low
MERCEDES BENZ,EQA 350 4M,7,3,0.06660440289432956,fit_low
LYNK & CO,900,7,1,0.14360792525387817,brand_fallback
INEOS,GRENADIER,7,4,0.1682994706724158,fit_low
Hyundai,Staria,7,4,0.1353688891237964,fit_low
BMW,135I,7,6,0.20664772239497176,fit_low
BMW,125I,7,4,0.1626883335571443,fit_low
FORD,E-350,7,5,0.002083048590424963,fit_low
RENAULT,EXPRESS,7,4,0.014164254166914914,fit_low
Chevrolet,Malibu,7,5,0.09494469459162747,fit_low
DONGFENG-AEOLUS,SHINE,7,3,0.17249315508959917,fit_low
FERRARI,F599,7,4,0.09714191493448787,fit_low
FERRARI,F8 TRIBUTO,7,3,0.09030965305383265,fit_low
CHRYSLER,C 300,7,4,0.2743652502055941,fit_low
Chevrolet,Blazer,7,5,0.11634155865465456,fit_low
MERCEDES BENZ,SLK200 K,7,7,0.14105353902226447,fit_low
IVECO,DAILY,7,5,-0.6861514088471097,fit_low
MERCEDES-BENZ,A250,7,6,0.10160132024930157,fit_low
BMW,640I,7,5,0.08760755558996958,fit_low
TOYOTA,MATRIX,7,7,0.09512492002844353,fit_low
Jeep,WRANGLER UNLIMITED,7,5,0.1078460283026913,fit_low
Audi,A3,7,5,0.12371786511630167,fit_low
ASTON MARTIN,DB9,7,7,0.15386934334513347,fit_low
Renault,Megane,7,5,0.12658454893292315,fit_low
OPEL,ZAFIRA LIFE,7,4,0.12802758162083272,fit_low
MERCEDES BENZ,CLS400,7,3,0.0895422725419236,fit_low
JETOUR,X50,7,2,0.10944940476190634,fit_low
AVATR,11,7,3,0.1368350797976824,fit_low
BMW,440I GRAN COUPE,7,4,-0.19830775502247455,fit_low
BMW,i5,7,2,0.12661290322580465,fit_low
JETOUR,X90,7,5,0.0926212970310909,fit_low
MERCEDES-BENZ,GLS450,7,5,0.10491698893641266,fit_low
Audi,A7,6,5,0.18304485452728225,fit_low
BMW,328i,6,6,0.16477771430246613,fit_low
BMW,330CI,6,5,0.18015777812512912,fit_low
BMW,330Ci,6,5,0.18577601887404704,fit_low
BMW,435I,6,3,0.15320412144646067,fit_low
BMW,440I,6,5,0.12610798656093913,fit_low
MG,4,6,2,0.21022383063647454,fit_low
MG,RX5 PLUS,6,3,0.1343133746364512,fit_low
MG,RX9,6,2,0.0327920580596589,fit_low
VOLKSWAGEN,ARTEON,6,1,0.1307814020492382,brand_fallback
MERCEDES BENZ,G-CLASS,6,5,0.13268090273189392,fit_low
GAC,EMKOO,6,3,0.10344032904680145,fit_low
GAC,GA4,6,3,0.04118922683534976,fit_low
GAC,GA6,6,3,0.01307935267356053,fit_low
LEXUS,LX700H,6,2,-0.006289308176103736,fit_low
TOYOTA,IQ,6,3,0.13888969382118477,fit_low
TOYOTA,LAND CRUISER PRADO,6,5,0.11154133812424372,fit_low
Suzuki,Dzire,6,6,0.11819280054971182,fit_low
MERCEDES BENZ,CL55 AMG,6,4,0.12425123669346683,fit_low
MERCEDES BENZ,CLA 250,6,4,0.17751134588178796,fit_low
SAAB,9-3,6,4,0.1252085126788881,fit_low
SERES,5,6,3,0.043627221493473534,fit_low
SERES,S5,6,3,0.0715092899033094,fit_low
Renault,Koleos,6,5,0.07392153767416165,fit_low
MERCEDES BENZ,CLK280,6,4,0.09660445116075478,fit_low
MERCEDES BENZ,CLK350,6,4,0.1939168414361021,fit_low
MERCEDES BENZ,EQE 350 PLUS,6,3,0.10341289968517486,fit_low
FORTHING,T5 EVO,6,4,0.08180351396138552,fit_low
FORTHING,U-TOUR,6,2,0.04651162790697805,fit_low
BYD,QIN L,6,3,0.12309321063103562,fit_low
HYUNDAI,i20,6,3,0.05874290850974051,fit_low
Tesla,MODEL Y,6,4,0.05880214123052552,fit_low
Hyundai,Santa Fe,6,3,0.07323766085035821,fit_low
INFINITI,FX45,6,4,0.08181889893401573,fit_low
BAIC,BJ40 C,6,3,0.13364599117699283,fit_low
CITROEN,SPACETOURER,6,3,0.11893920984870476,fit_low
FERRARI,PUROSANGUE,6,3,0.08671075412580564,fit_low
Infiniti,QX80,6,4,0.1752942435624295,fit_low
MERCEDES BENZ,V300,6,3,0.21918254748423838,fit_low
Lexus,UX200,6,4,0.10473289021309573,fit_low
MAXUS,G10,6,5,0.17069575182362495,fit_low
BMW,M6,6,3,0.12415342413492025,fit_low
BMW,M235i GRAN COUPE,6,4,0.08584509806332097,fit_low
LEXUS,GS 430,6,5,-0.3019951727680146,fit_low
LEXUS,GS200T,6,3,-0.005103880047593101,fit_low
LEXUS,GS450h,6,6,0.12039285237788289,fit_low
INFINITI,37G,6,2,-0.900757424785914,fit_low
Honda,ACCORD,6,5,0.08233207862592729,fit_low
MERCEDES BENZ,S560 L,6,3,0.0540901430254086,fit_low
MERCEDES BENZ,S650,6,3,0.08629922228172582,fit_low
LEXUS,LS 460 L,6,4,0.07814073960566459,fit_low
HYUNDAI,SANTA CRUZ,6,3,0.08668603710333622,fit_low
HYUNDAI,STAREX,6,4,0.0061972032073972505,fit_low
HYUNDAI,I40,6,4,0.14081292004040125,fit_low
CADILLAC,CTS-V,6,4,0.24122265588641567,fit_low
CHEVROLET,BOLT EV,6,4,0.037672393783320324,fit_low
CHERY,E5,6,2,-1.7499999999999902,fit_low
CHANGAN,X5 PLUS,6,2,0.2812241521918929,fit_low
CHEVROLET,UPLANDER,6,5,0.16083424319335593,fit_low
BMW,iX,6,3,0.12113315740878772,fit_low
MERCEDES-BENZ,CLE200,6,3,0.10017825461714958,fit_low
Kia,Rio,6,3,0.0957840605289062,fit_low
BMW,220i,6,6,0.13863658293772296,fit_low
LAMBORGHINI,MURCIELAGO,6,5,0.10603654778134386,fit_low
BMW,316i,6,5,0.14362316920338059,fit_low
BMW,ALPINA,6,5,-0.021985185654976203,fit_low
BMW,428I GRAN COUPE,6,2,0.15485661424606645,fit_low
MERCEDES BENZ,GLC 250,6,3,0.11183248118270661,fit_low
BYD,DESTROYER 05,6,3,0.3327726549205293,fit_low
GMC,CANYON,6,5,0.722091218802908,fit_low
GREAT WALL,DEER,6,4,0.07241507734830177,fit_low
OPEL,GRANDLAND X,6,2,0.10365853658536783,fit_low
Nissan,Pathfinder,6,5,0.190341644453361,fit_low
MITSUBISHI,MITSUBISHI,6,4,0.020693804453806197,fit_low
GAC,GS5,6,3,0.15296359186352926,fit_low
KIA,K7,6,4,0.16822005677262597,fit_low
MERCEDES-BENZ,G63 AMG,6,3,0.23964375081161016,fit_low
MERCEDES-BENZ,GLB250,6,5,0.10153982264971873,fit_low
DODGE,GRAND CARAVAN,6,4,0.12103722073759071,fit_low
Subaru,WRX,6,4,0.10606321230911253,fit_low
MERCEDES BENZ,GL63 AMG,6,4,0.08506880881542522,fit_low
MERCEDES BENZ,GLA 200,6,6,0.09389209330067994,fit_low
FORD,MUSTANG MACH-E,6,4,0.07971392126875354,fit_low
Ford,Explorer,6,4,0.13559991315965758,fit_low
BYD,DOLPHIN,6,4,0.07472350693206231,fit_low
TOYOTA,TAKOMA,6,6,-0.01847471231866238,fit_low
SMART,FORTWO,6,4,0.18592378984349878,fit_low
Lexus,IS350,6,4,0.1175545958781179,fit_low
Land Rover,110,6,4,0.14188628572488637,fit_low
Land Rover,RANGE ROVER EVOQUE,6,5,0.1526373415188217,fit_low
MERCEDES BENZ,S-CLASS,6,5,0.10037216700548157,fit_low
LEXUS,RX350 L,6,4,-0.18665110242473837,fit_low
MERCEDES BENZ,S 550,6,5,0.11368083631410197,fit_low
LOTUS,ELETRE,6,3,0.5927054169106106,fit_low
LEXUS,UX300H,6,3,0.15774957209935347,fit_low
MERCEDES BENZ,S300,6,4,0.22189682957942547,fit_low
TOYOTA,TOYOTA LAND CRUISER,6,5,0.06531694731677418,fit_low
SUZUKI,EECO,6,4,0.004926749877291359,fit_low
CITROEN,CITROEN C5,6,4,0.09038800133380076,fit_low
FERRARI,612,6,5,0.10917636641228856,fit_low
LEXUS,NX 200T,6,3,-0.1101879548407727,fit_low
ASTON MARTIN,VANQUISH,6,5,0.05350201040695213,fit_low
ASTON MARTIN,DBS,6,5,0.1229951028043782,fit_low
CHERY,ARRIZO 3,6,5,0.1016868817435711,fit_low
ASTON MARTIN,DBX,6,3,-0.003171668040131248,fit_low
AITO,M9,6,2,0.17647847823435936,fit_low
XPENG,G6,6,2,0.00570962479608228,fit_low
Volkswagen,Touareg,5,4,0.13393776845053018,fit_low
Volkswagen,Passat,5,4,0.1149813215926595,fit_low
Audi,A5,5,4,0.15478241603824583,fit_low
BMW,i4 GRAN COUPE,5,3,-0.04428028756200675,fit_low
GAC,GA3,5,3,0.18405866016681438,fit_low
GAC,GA8,5,3,0.2617767559049736,fit_low
ROLLS ROYCE,SPECTRE,5,3,0.09067474679935517,fit_low
JAC,S3 PLUS,5,3,0.19813245491863918,fit_low
MERCEDES-BENZ,EQE 350+,5,3,-0.06028113348927899,fit_low
KAIYI,X3 PRO,5,4,0.06088104654347237,fit_low
KAIYI,X7,5,3,0.18546259761074857,fit_low
KIA,KIA SPORTAGE,5,5,0.10682317405336816,fit_low
KIA,K900,5,3,0.25371049672693957,fit_low
JAC,J6,5,3,0.15103869692568062,fit_low
JEEP,GRAND WAGONEER,5,2,0.26900090645116503,fit_low
JAGUAR,XKR,5,5,0.13007350206193358,fit_low
RIVIAN,R1T,5,3,0.03339428575225356,fit_low
ROX,ADAMAS,5,1,0.1509097161787536,brand_fallback
MERCEDES BENZ,GL550,5,3,0.12544973679388838,fit_low
CHERY,TIGGO 9,5,2,0.04753521126760385,fit_low
CHERY - ICAR,03,5,2,0.07100591715976423,fit_low
TESLA,TESLA 3,5,3,0.05045156815328389,fit_low
TESLA,CYBERTRUCK,5,3,0.13850292353052773,fit_low
SOUEAST,S07,5,2,0.19993586660253237,fit_low
LEXUS,LS600H L,5,3,0.15175975318610513,fit_low
TOYOTA,MARK 2,5,4,-0.03310308133935003,fit_low
LYNK & CO,09,5,3,0.1738185686087116,fit_low
Lexus,GX 460,5,5,0.07258426609935709,fit_low
MERCEDES BENZ,S 320,5,2,0.1516918930835104,fit_low
SSANGYONG,REXTON,5,4,0.09393558736460828,fit_low
CHANGAN,UNI K,5,4,0.05687355432277552,fit_low
SUZUKI,LIANA,5,3,0.11156753217924775,fit_low
LEXUS,NX250,5,3,0.062005326707664565,fit_low
FORD,ESCORT,5,1,0.1437659706771926,brand_fallback
FERRARI,F12,5,3,0.0636006389229754,fit_low
FERRARI,F430,5,4,0.15482666406080636,fit_low
CITROEN,DS3,5,3,0.16097097697498264,fit_low
LEXUS,LS500H,5,4,-0.4982639490470324,fit_low
Toyota,C-HR,5,4,0.1170585528428022,fit_low
Toyota,COROLLA CROSS,5,2,-0.04829193889864958,fit_low
DONGFENG-AEOLUS,AX7,5,4,0.06715822882501787,fit_low
Toyota,AVANZA,5,4,0.07608303170370045,fit_low
HYUNDAI,IONIQ 5,5,4,-0.02045540853531369,fit_low
Mitsubishi,Mirage,5,3,0.07214248915350607,fit_low
MERCEDES BENZ,ML320,5,4,0.15248691407264758,fit_low
MITSUBISHI,OUTLANDER SPORT,5,4,0.12072942683706589,fit_low
BMW,745I,5,4,0.19017642257173717,fit_low
HYUNDAI,HD 65,5,3,-0.18129597796214902,fit_low
MITSUBISHI,SPACE WAGON,5,3,0.1682332176760648,fit_low
Lexus,IS300C,5,4,0.06473786464213416,fit_low
HONGQI,HS7,5,2,0.18581039067964888,fit_low
NISSAN,PATROL GL,5,4,-0.28784648703534677,fit_low
BYD,SEALION 7,5,2,-0.06781376518218596,fit_low
CHERY,TIGGO 5,5,2,0.10178284629957202,fit_low
BYD,SHARK,5,1,0.07800796943625092,brand_fallback
BYD,SEAGULL,5,3,0.10270490079578987,fit_low
BMW,335Ci,5,4,0.12982104689859275,fit_low
BMW,318Ci,5,4,0.3792748167766178,fit_low
KIA,SORENTO ,5,3,0.11154097995314916,fit_low
Suzuki,Swift,5,5,0.1895896027608689,fit_low
MCLAREN,570S,5,3,0.0566052562606667,fit_low
MERCEDES BENZ,GLE 43 AMG,5,4,0.09106275571160194,fit_low
MERCEDES BENZ,GLB200,5,3,0.16033008157444706,fit_low
MERCEDES BENZ,GLC 200,5,4,0.15902948390672123,fit_low
MAXUS,D90,5,3,0.06926694444244341,fit_low
GEELY,EMGRAND GS,5,4,0.11611483284335766,fit_low
GEELY,EMGRAND 7,5,4,0.14496936345794098,fit_low
TOYOTA,TOYOTA CAMRY,5,3,-0.008404305838968451,fit_low
MAZDA,CX-60,5,3,0.1479627117465533,fit_low
BMW,750I,5,4,0.12728418155744825,fit_low
GMC,SUBURBAN,5,2,0.32126579022130375,fit_low
INFINITI,QX70S,5,4,0.19838534286955412,fit_low
Lincoln,Crosair,5,4,0.17390517076039058,fit_low
BMW,630i,5,5,0.1421666489375114,fit_low
BMW,640i GRAN COUPE,5,3,0.14794368284409432,fit_low
JAC,E30X,5,2,-0.7290861159929727,fit_low
ISUZU,NQR,5,4,0.09162988153290064,fit_low
Infiniti,Q30,5,3,0.21196455416057502,fit_low
BYD - DENZA,B5,5,1,0.11955800924981667,global_fallback
MAHINDRA,SCORPIO,5,4,0.14564300094674143,fit_low
MAHINDRA,XUV 500,5,4,0.15147148050628068,fit_low
BAIC,BJ60,5,3,0.03207979620395818,fit_low
Hyundai,PALISADE,5,4,0.15636498368997664,fit_low
POLESTAR,POLESTAR 4,5,2,0.44565834279227823,fit_low
Peugeot,208,5,4,0.1320580997314822,fit_low
BYD - YANGWANG,U8,5,3,0.0858526709429499,fit_low
BMW,M240i,5,5,0.18620710377629957,fit_low
BMW,118i,5,5,0.16222148575551054,fit_low
BMW,125i,5,4,0.15883261509553082,fit_low
BAIC,BJ80,5,2,0.28971962616822344,fit_low
Cadillac,Escalade,5,5,0.14525664006111128,fit_low
MERCEDES BENZ,SLC200,5,5,0.1689498309411802,fit_low
HAVAL,H7,5,2,0.37560872884256014,fit_low
Geely,MONJARO,5,2,0.08416863207547232,fit_low
Lexus,NX 300,5,3,0.07197582581107365,fit_low
MAZDA,3 SPORT,5,5,0.16843753571974374,fit_low
Lincoln,AVIATOR,5,2,0.13583949935302875,fit_low
BMW,M240I,5,4,0.0863965460634799,fit_low
GREAT WALL,TANK 500,5,2,0.22948684210526293,fit_low
GREAT WALL,WINGLE,5,4,0.005253412579354855,fit_low
MERCEDES BENZ,SMART,5,3,0.0911553597489162,fit_low
HYUNDAI,STARGAZER,5,1,0.12337004868650599,brand_fallback
Tesla,MODEL 3,5,4,0.16442492630091343,fit_low
BMW,I4 GRAN COUPE,5,2,-0.14752024291498578,fit_low
LEXUS,ES330,5,3,0.2026081096541923,fit_low
MERCEDES-BENZ,S580,5,5,0.13113356361042372,fit_low
ZEEKR,001,5,2,0.1085311227457827,fit_low
ZEEKR,009,5,2,0.012881355932200966,fit_low
VOLVO,C70,5,4,0.14207897836051475,fit_low
VICTORY,K2,5,3,0.06820379755859107,fit_low
BMW,435I GRAN COUPE,5,2,0.2860294117647044,fit_low
BMW,5 SERIES,5,5,0.12459318533321306,fit_low
BMW,528 I,5,3,-0.04118061049580013,fit_low
MCLAREN,MP4 12C,5,4,0.1311875935041803,fit_low
MERCEDES BENZ,A 250,5,3,0.10138073104001766,fit_low
MERCEDES BENZ,G 550,5,4,0.30156234161339557,fit_low
MG,MG 5,5,3,0.04770066160958275,fit_low
VGV,U75 PLUS,5,1,0.11955800924981667,global_fallback
Audi,Q3,5,5,0.15444747601012843,fit_low
Audi,Q8,5,4,0.15696493956431323,fit_low
MERCEDES BENZ,C400,5,3,0.18267724057249812,fit_low
AUDI,E-TRON GT,5,3,0.1824071989908177,fit_low
FERRARI,488 GTB,5,3,-0.011698895364474104,fit_low
FERRARI,488 PISTA,5,2,0.14739160148834474,fit_low
JMC,GRAND AVENUE,5,3,0.11209304195732106,fit_low
SEAT,ALTEA,5,4,-0.14296591020810645,fit_low
MERCEDES BENZ,E 350,5,3,-0.16605100640578918,fit_low
BAW,212,5,2,-0.026752767527673083,fit_low
SEAT,IBIZA,5,4,0.12518021525177236,fit_low
FOTON,VIEW C2,5,4,0.21921319186605892,fit_low
MERCEDES BENZ,E43 AMG,5,2,0.219168874172187,fit_low
MERCEDES BENZ,E-CLASS,5,4,0.18554786307325355,fit_low
MERCEDES BENZ,E220 D,5,3,0.11044559056241188,fit_low
MERCEDES BENZ,CLE53 AMG,5,3,0.06275966676434441,fit_low
MERCEDES BENZ,EQE 350,5,2,0.15711492504888047,fit_low
MERCEDES BENZ,CLK500,4,3,0.17865769949236665,fit_low
MERCEDES BENZ,B170,4,4,0.0930269924494268,fit_low
MERCEDES BENZ,EQS 580,4,2,0.06485215053763538,fit_low
MERCEDES BENZ,EQS 580 4M,4,2,0.004309986706545921,fit_low
TOYOTA,COROLLA SEDAN,4,4,0.035277837566398684,fit_low
TOYOTA,CRESSIDA,4,3,-0.941299912061317,fit_low
CHANGAN,BENBEN E STAR,4,4,0.06767354324508168,fit_low
JIDU,01,4,2,0.22962106986374042,fit_low
ALFA ROMEO,159,4,3,0.22737767062812364,fit_low
MERCEDES BENZ,CLK55 AMG,4,3,0.1507034733308955,fit_low
MERCEDES BENZ,CLK63 AMG,4,3,0.13173491048458197,fit_low
MERCEDES BENZ,CL65 AMG,4,3,0.25281050160726215,fit_low
MERCEDES BENZ,CLA 200,4,3,0.1585685700183801,fit_low
MERCEDES BENZ,CLA 35 AMG,4,4,0.18385691206328103,fit_low
MERCEDES BENZ,CL600,4,3,0.15851072688668844,fit_low
AUDI,Q4,4,2,0.029946762028522977,fit_low
FERRARI,488 SPIDER,4,3,0.041238316491181815,fit_low
PEUGEOT,LANDTREK,4,3,-0.08145431803078074,fit_low
Audi,Q7,4,4,0.17216101132111616,fit_low
Audi,RS3,4,4,0.14592818612359604,fit_low
MCLAREN,750S,4,3,0.14134127101081329,fit_low
MCLAREN,ARTURA,4,3,0.04260745206286065,fit_low
MCLAREN,GT,4,3,0.04976491063539845,fit_low
MCLAREN,650S,4,2,0.28252529929228065,fit_low
MERCEDES BENZ,A160,4,3,0.05118728750021018,fit_low
BMW,645Ci,4,3,0.26853622400179467,fit_low
BMW,440i,4,3,0.11311914623680097,fit_low
BMW,5 Series GT,4,3,0.12000543276812037,fit_low
BMW,4 SERIES,4,3,0.1308588777768218,fit_low
MERCEDES-BENZ,S450,4,4,0.10746484398012768,fit_low
MERCURY,MILAN,4,3,0.17502835130062688,fit_low
ASHOK LEYLAND,PARTNER,4,2,0.08623541245741806,fit_low
ASTON MARTIN,RAPIDE,4,3,0.14078452241224326,fit_low
AEOLUS,SHINE,4,3,0.1303733259789478,fit_low
Hyundai,Sonata,4,3,0.14299113334037017,fit_low
Honda,ZR V,4,3,0.07073350440768289,fit_low
Tesla,MODEL X,4,3,0.16002110717412188,fit_low
BMW,I5,4,1,0.1420568219674346,brand_fallback
LEADING IDEAL,L9,4,2,0.31020812685827215,fit_low
LEXUS,GX550,4,2,0.1914600550964194,fit_low
MERCEDES BENZ,SLK320,4,4,0.13198972060154102,fit_low
MERCEDES-BENZ,AMG GT,4,3,-0.23883856241918622,fit_low
BMW,M440i GRAN COUPE,4,3,0.03032662961060717,fit_low
BMW,M235I,4,3,0.2505695382363945,fit_low
BMW,M235I GRAN COUPE,4,3,0.10340749355209877,fit_low
NISSAN,SUNNY 1.6,4,3,0.024096319094635277,fit_low
HONDA,CRV,4,3,0.0034114626253461955,fit_low
HONDA,E-NS1,4,2,-0.030826743350106822,fit_low
BMW,M850I GRAN COUPE,4,4,0.11276620752601274,fit_low
NISSAN,TIDA,4,3,0.2685547072561637,fit_low
Geely,COOLRAY,4,3,-0.00686114393542292,fit_low
MAZDA,6 ULTRA,4,4,0.07404241594041416,fit_low
Lexus,RX450H,4,4,0.08251292179398206,fit_low
MERCEDES BENZ,SLC43 AMG,4,3,0.11132511914082122,fit_low
MERCEDES BENZ,SL400,4,4,0.0036592513909882163,fit_low
CMC,Z7,4,3,0.11804910268784874,fit_low
CHRYSLER,CROSSFIRE,4,3,0.06906730907642522,fit_low
Chevrolet,Equinox,4,2,0.11787072243345387,fit_low
LEXUS,GS 400,4,2,0.35450277563209676,fit_low
BESTUNE,T33,4,2,-0.12582619339045298,fit_low
Audi,SQ5,4,4,0.13259307879653437,fit_low
BAIC,BJ30E,4,2,0.15964416182477426,fit_low
BMW,1M,4,3,0.0919977504948648,fit_low
PORSCHE,718 SPYDER,4,4,0.10601068949042913,fit_low
FORD,THUNDERBIRD,4,3,0.6434008423657748,fit_low
BYD,SHARK 6,4,2,0.18138297872340592,fit_low
BMW,IX3,4,3,-0.050941996817878366,fit_low
BMW,M 235,4,4,0.08249654137011475,fit_low
BAIC,BJ40PRO,4,1,0.09577539341453989,brand_fallback
LUXGEN,U7,4,2,0.09425701776976414,fit_low
CITROEN,C3 AIRCROSS,4,3,0.03485487860935921,fit_low
BMW,650i GRAN COUPE,4,2,0.20087090163934163,fit_low
BMW,7 SERIES,4,4,0.2072338129571345,fit_low
INFINITI,QX 56,4,1,0.1305647063818419,brand_fallback
INFINITI,JX35,4,1,0.1305647063818419,brand_fallback
INFINITI,M35,4,4,0.33211404644430254,fit_low
INFINITI,I35,4,2,0.5464912280701756,fit_low
Hyundai,Azera,4,4,0.12607619336852482,fit_low
MITSUBISHI,LANCER FORTIS,4,2,0.1911764705882366,fit_low
MITSUBISHI,MAGNA,4,2,0.25089285714285814,fit_low
JAGUAR,I-PACE,4,2,0.22304832713754885,fit_low
ISUZU,NKR,4,3,0.03652066548238253,fit_low
Skoda,Kamiq,4,3,0.09793528981473376,fit_low
OPEL,GRANDLAND,4,3,0.19132595469106906,fit_low
OMODA,C5,4,2,0.33323343323343435,fit_low
OPEL,CROSSLAND,4,2,0.3883967679266689,fit_low
GEELY,EMGRAND GS ,4,3,-0.024695076595961263,fit_low
GEELY,EMGRAND EC7,4,4,0.09338183892453233,fit_low
GEELY,EMGRAND EX7,4,2,2.220446049250313e-16,fit_low
Suzuki,Jimny,4,4,0.12203902366432151,fit_low
MAZDA,MX-5 RF,4,3,0.055686903088746686,fit_low
Infiniti,Q50,4,4,0.17201192228774376,fit_low
BMW,840i,4,2,0.11754555624920493,fit_low
BMW,320D,4,4,0.1508147687082334,fit_low
Kia,Picanto,4,3,0.11421686566407085,fit_low
DEEPAL,S05,4,2,0.15313453713123304,fit_low
DEEPAL,S07,4,3,0.2639288710061245,fit_low
DFSK,FENGON 500,4,2,0.23861080485115838,fit_low
DFSK,FENGON 580,4,1,0.17912370959016594,brand_fallback
Kia,Cadenza,4,3,0.13724890309001292,fit_low
DAIHATSU,YRV,4,3,0.10198528366266746,fit_low
BYD,F3,4,3,0.13867141544130535,fit_low
Ford,Expedition,4,3,0.2339129073611952,fit_low
BYD,SEALION 06,4,2,-0.1538461538461493,fit_low
Ford,Taurus,4,4,0.1272905063547095,fit_low
FOTON,VIEW CS2,4,3,0.15907362429006644,fit_low
Ford,EcoSport,4,3,0.068411822573889,fit_low
Ford,Edge,4,3,0.14671521016500177,fit_low
BMW,M850i GRAN COUPE,4,4,0.11388879392728479,fit_low
HONDA,LEGEND,4,4,0.1596389906822412,fit_low
BMW,iX1,4,3,0.07966367369680782,fit_low
TOYOTA,BZ4X,4,3,0.06507491237376961,fit_low
MERCEDES BENZ,GLK 250,4,2,0.20159070052003836,fit_low
MERCEDES BENZ,GLK 350,4,2,0.12237922284275837,fit_low
CHEVROLET,SSR,4,3,0.010753840196327191,fit_low
MITSUBISHI,ROSA,4,3,0.17182893100672758,fit_low
Mazda,CX-9,4,4,0.09550916749265159,fit_low
Mitsubishi,LANCER EX,4,2,0.032128514056220525,fit_low
LEXUS,LS400,4,2,0.19137466307277573,fit_low
VOLKSWAGEN,ID.3/LIFE,4,2,-0.259187620889747,fit_low
BESTUNE,B70S,4,3,0.05441811938143015,fit_low
VOLKSWAGEN,TAOS,4,3,0.19250645354935003,fit_low
MERCEDES BENZ,SL 500,4,4,-0.03600828853420235,fit_low
FERRARI,PORTOFINO M,4,3,0.08982986623525202,fit_low
RABDAN,RABDAN ONE,4,2,-0.005893966668601758,fit_low
Dodge,Durango,4,3,0.10576642187965013,fit_low
SOUEAST,DX3,4,2,0.14438502673796771,fit_low
HYUNDAI,GALLOPER,4,4,0.013834810716602974,fit_low
FERRARI,FF,4,3,0.1473117473577974,fit_low
SSANGYONG,KORANDO,4,3,0.10705645219223858,fit_low
SUZUKI,SAMURAI,4,3,-0.06938717565386465,fit_low
SUZUKI,IGNIS,4,3,0.11003980680179504,fit_low
LEXUS,HS 250H,4,2,0.45595854922279755,fit_low
HYUNDAI,H100,4,3,0.09770310960845807,fit_low
HYUNDAI,GRAND CRETA,4,2,0.08469159475870958,fit_low
BMW,M8 GRAN COUPE,4,4,0.10858408872553771,fit_low
TOYOTA,iQ,4,3,0.08090981373562844,fit_low
BMW,BMW 530,4,4,-0.07525992957034244,fit_low
MERCEDES BENZ,R280 L,4,3,0.10158870379827833,fit_low
LEXUS,RC200T,4,3,0.0766650570429448,fit_low
MERCEDES BENZ,S 600,4,3,-0.023375905556330956,fit_low
LEXUS,UX250H,4,3,-0.1881091438034872,fit_low
LEXUS,RX350 ,4,2,0.0478801169590638,fit_low
BYD,LEOPARD 7(2WD),4,1,0.07800796943625092,brand_fallback
Lincoln,NAUTILUS,4,3,0.08803850515824341,fit_low
CHERY,TIGGO,4,3,0.1734158144159823,fit_low
SOUEAST,DX7,4,3,0.055826395434063314,fit_low
JAC,J5,4,2,0.11185975012486005,fit_low
JAC,JS3,4,2,-0.1548045949067023,fit_low
Exeed,RX,4,2,0.13776473590201666,fit_low
KIA,K4,4,2,0.3348899738201394,fit_low
MG,MG ZS,4,3,0.14235618756438118,fit_low
AUDI,SQ8,4,4,0.07636606879760455,fit_low
GEELY,GX3 PRO,4,2,0.16519694297472176,fit_low
BMW,Z3,4,3,0.37340905393582535,fit_low
XIAOMI,SU7 MAX,4,3,0.1907013151741378,fit_low
MERCEDES BENZ,EQC 400 4M,4,3,-0.007045693014982257,fit_low
XAOMI,YU7,4,1,-0.16678470254957523,brand_fallback
Suzuki,Ciaz,3,3,0.07222469399511888,fit_low
CHERY,ARRIZO 8 PRO,3,2,0.06644474034620318,fit_low
AEOLUS,AX7,3,2,0.015416007556818045,fit_low
CHERY,ARRIZO 6 PRO,3,2,0.06025223271441427,fit_low
ASTON MARTIN,DB12,3,3,-0.053870822086779624,fit_low
XAOMI,SU7,3,2,-0.16678470254957523,fit_low
VOYAH,DREAMER,3,2,0.13875453446190678,fit_low
BENTLEY,BROOKLANDS,3,2,0.15995460228447334,fit_low
MERCEDES BENZ,C 180,3,3,-0.6139680475836007,fit_low
MERCEDES BENZ,B160,3,2,0.1433790886831312,fit_low
MERCEDES BENZ,EQS 450 PLUS,3,2,-0.27145557655955144,fit_low
GEELY,GEOMETRY C,3,1,0.12516586439000715,brand_fallback
BMW,X5 M,3,3,0.13261097504317176,fit_low
Audi,A4,3,3,0.17947170651813693,fit_low
AUDI ,Q3,3,3,0.10178503494052538,fit_low
GEELY,AZKARRA,3,2,0.2652129817444231,fit_low
GEELY,CITYRAY,3,2,0.28329607154263603,fit_low
GAC,TRUMPCHI GS3,3,3,0.20711958530344576,fit_low
GAC,TRUMPCHI GS5,3,2,0.15268722935523416,fit_low
GAC,EMKOO HYBRID,3,2,0.1659600997506242,fit_low
PEUGEOT,RIFTER,3,3,0.17535772993178367,fit_low
OPEL,MOKKA  X,3,1,0.12463352936734048,brand_fallback
Opel,Corsa,3,3,0.04487584676762135,fit_low
BMW,340i,3,3,0.12896573198542682,fit_low
BMW,5251,3,3,-0.030522531771584482,fit_low
BMW,520,3,2,0.3076795226822798,fit_low
VOLKSWAGEN,BORA,3,2,0.13121376339478774,fit_low
VOLKSWAGEN,CRAFTER,3,1,0.1307814020492382,brand_fallback
JETOUR,X 50,3,1,0.07393419046285743,brand_fallback
MERCURY,SABLE,3,2,0.12936546974914087,fit_low
BMW,340I,3,2,0.13825503355704993,fit_low
DONGFENG,817,3,1,-0.04659982459882944,brand_fallback
TOYOTA,DAINA,3,3,-0.24826700242971222,fit_low
SERES,7,3,2,0.1779560516219042,fit_low
SAAB,9-5,3,2,0.1026094860578981,fit_low
MERCEDES BENZ,C220,3,3,0.08174130913175648,fit_low
MERCEDES BENZ,C230 K,3,2,0.17777777777777948,fit_low
MERCEDES BENZ,C 350,3,2,0.11309901266115463,fit_low
MERCEDES BENZ,G320,3,2,-0.34832961798659934,fit_low
MERCEDES BENZ,A 220,3,3,0.2557237657290661,fit_low
BYD,SEAL 05,3,1,0.07800796943625092,brand_fallback
BMW,M850i,3,3,0.1371189538380857,fit_low
BYD,LEOPARD 3,3,2,0.028388278388276733,fit_low
FORD,F-550,3,2,0.11054642753735111,fit_low
Ford,Fusion,3,2,0.06610633046494652,fit_low
Ford,Ranger,3,2,0.3694211224038886,fit_low
MERCEDES-BENZ,EQS 450,3,1,0.12597345420100622,brand_fallback
MERCEDES-BENZ,G500,3,3,0.12264885039946782,fit_low
MERCEDES-BENZ,E350,3,3,0.10781871931531295,fit_low
MERCEDES-BENZ,E450,3,3,0.06063379089840182,fit_low
MERCEDES-BENZ,EQA 260,3,2,0.25096021062923,fit_low
KIA,GRAND CARNIVAL,3,1,0.13177905251232663,brand_fallback
KIA,EV5,3,2,0.5591218802633604,fit_low
KIA,EV6,3,2,0.0762086878447975,fit_low
KIA,EV9,3,2,0.2796140923850807,fit_low
MERCEDES-BENZ,GLA 35 AMG,3,3,0.13389802692667385,fit_low
MG,MG GS,3,2,-1.087557603686637,fit_low
MG,8,3,1,0.10393327629096116,brand_fallback
VOLKSWAGEN,GOLF GTI,3,3,0.10105232466510539,fit_low
VOLKSWAGEN,ATLAS CROSS SPORT,3,2,0.295990566037736,fit_low
BMW,730i,3,3,0.11897054552584285,fit_low
BMW,645CI,3,2,0.25641025641024895,fit_low
JAGUAR,XK8,3,3,0.07378357333891639,fit_low
MG,T60,3,1,0.10393327629096116,brand_fallback
CHERY,TIGGO 8,3,2,-0.3374613003095992,fit_low
MERCEDES BENZ,GLA220,3,3,0.06836473217112282,fit_low
Skoda,SCALA,3,3,0.07975718049699165,fit_low
TOYOTA,2006,3,1,0.100064939910899,brand_fallback
GEELY,EX5,3,1,0.12516586439000715,brand_fallback
GEELY,EMGRAND EC8,3,3,0.19173198000619063,fit_low
GREAT WALL,FLORID,3,1,0.08395278302256816,brand_fallback
GMC,SUPERBAN,3,2,-0.19260831692866498,fit_low
GMC,Terrain,3,2,-0.21544032070347585,fit_low
Nissan,Sentra,3,2,0.1999999999999984,fit_low
BUGATTI,VEYRON,3,2,0.2413576815065085,fit_low
GEELY,EMGRAND GC6,3,2,0.07792207792207273,fit_low
DFSK,FENGON C32,3,2,0.09980758257550937,fit_low
DFSK,FENGON GLORY 600,3,1,0.17912370959016594,brand_fallback
DFSK,FENGON IX5,3,1,0.17912370959016594,brand_fallback
JEEP,WAGONEER,3,1,0.12447230998511988,brand_fallback
MERCEDES-BENZ,CLS350,3,2,0.12837059230237324,fit_low
SSANGYONG,ACTYON,3,3,0.16648596414283445,fit_low
SKODA,YETI,3,2,-0.20320538187574422,fit_low
SKYWELL,ET5,3,2,0.09588953642982445,fit_low
RENAULT,ZOE,3,2,-0.08785658644084338,fit_low
ROEWE,I5,3,1,0.27395993836671806,brand_fallback
ROEWE,i5,3,2,0.27395993836671806,fit_low
Exeed,TXL,3,2,0.07589285714285776,fit_low
JAC,S7,3,3,0.17572708565634965,fit_low
DODGE,NEON,3,1,0.1523329377469475,brand_fallback
MERCEDES BENZ,GLE 450,3,3,0.1885194237967719,fit_low
MERCEDES BENZ,GLE 53,3,2,0.0800426744752043,fit_low
MERCEDES BENZ,GLC 300,3,3,0.04632474364564909,fit_low
GREAT WALL,TANK 300,3,2,0.08942202468160543,fit_low
NISSAN,TIIDA HATCHBACK,3,3,-0.12011018093629167,fit_low
NISSAN,SUNNY 1.5,3,2,-0.036311209910314224,fit_low
MAYBACH,57,3,3,0.11830512144653282,fit_low
Audi,S3,3,3,0.10259357217179221,fit_low
BAIC,BJ30,3,2,0.27802491103202664,fit_low
BMW,135i,3,2,0.16051263216302825,fit_low
FIAT,DUCATO,3,3,0.14829041040974034,fit_low
Peugeot,508,3,2,0.049683397890398884,fit_low
Porsche,Panamera,3,3,0.09552586958952192,fit_low
FORD,FREESTAR,3,2,0.2222222222222182,fit_low
CADILLAC,CATERA,3,3,0.1769451082468989,fit_low
BYD,SONG,3,1,0.07800796943625092,brand_fallback
LYNK & CO,5,3,3,0.09325685299582243,fit_low
LUCID,AIR,3,2,0.4363326442534351,fit_low
MASERATI,MC20,3,2,0.28770889492409213,fit_low
BAIC,BJ40 PRO,3,1,0.09577539341453989,brand_fallback
BAIC,BJ40L,3,2,-0.05851547284138103,fit_low
ISUZU,ISUZU,3,3,0.07279754755144152,fit_low
BMW,218i,3,3,0.1138539937995755,fit_low
LAMBORGHINI,REVUELTO,3,2,0.049773242630383185,fit_low
Kia,SONET,3,3,0.13910499146732014,fit_low
Kia,STINGER,3,3,0.14430015646710403,fit_low
BMW,760Li,3,3,0.11980013102475884,fit_low
LADA,NIVA,3,2,0.33826384650519115,fit_low
LADA,NIVA LEGEND,3,2,0.17449664429530476,fit_low
BMW,228I,3,2,0.03281519861830828,fit_low
Kia,K8,3,3,0.1306369207612722,fit_low
Kia,PEGAS,3,2,-0.017013232514176746,fit_low
KIA,TASMAN,3,2,0.0795982355169087,fit_low
Lexus,ES300h,3,2,0.15755582979123972,fit_low
Lexus,IS200T,3,2,-0.0869004641567761,fit_low
HONDA,GL,3,3,0.14721868615007483,fit_low
NISSAN,NISSAN SUNNY 1.6,3,2,0.897506501453266,fit_low
HYUNDAI,ATOS,3,2,0.8801763291477451,fit_low
HINO,HINO 300,3,3,0.2092024785609523,fit_low
NISSAN,PRIMERA,3,3,0.1219629594010575,fit_low
HONDA,PASSPORT,3,2,-0.38344148041336346,fit_low
HONDA,INSIGHT,3,3,0.1549956994210394,fit_low
BORGWARD,BX7,3,2,0.03912363067292801,fit_low
CHRYSLER,200C,3,2,0.24325980392156388,fit_low
MERCEDES BENZ,ML400,3,1,0.12597345420100622,brand_fallback
CHERY,ICAR 03,3,1,-0.0408655457385822,brand_fallback
CHERY,ICAR V23,3,1,-0.0408655457385822,brand_fallback
NISSAN,LEAF,3,3,0.060056362583640444,fit_low
NISSAN,ARIYA,3,1,0.1004303758044057,brand_fallback
NISSAN,300ZX,3,2,-0.8776012344320843,fit_low
BMW,BMW 645,3,1,0.1420568219674346,brand_fallback
TOYOTA,كامري,3,3,0.055231656902124726,fit_low
TOYOTA,لاند كروزر,3,2,0.2102618646239568,fit_low
TOYOTA,TOYOTA YARIS,3,3,0.07829166047475,fit_low
MERCEDES BENZ,SLK55 AMG,3,3,0.1328603848696387,fit_low
LEAPMOTORS,C16,3,2,0.13014386082301965,fit_low
LEXUS,GS400,3,2,-0.16774841624228443,fit_low
LEXUS,ES300H,3,2,0.08503549565830015,fit_low
MERCEDES BENZ,SLK230 K,3,3,0.15268145426367585,fit_low
MERCEDES BENZ,SLK250,3,3,0.05630622556140363,fit_low
MERCEDES BENZ,SLK280,3,3,0.1604882227682758,fit_low
MITSUBISHI,DESTINATOR,3,1,0.12390760216589707,brand_fallback
INFINITI,M45,3,3,0.4088308458164176,fit_low
INFINITI,M56,3,2,-0.12416555407209806,fit_low
ISUZU,MU-X,3,3,0.10709683458176689,fit_low
MG,ZS ,3,2,0.08844416185714488,fit_low
LI,L7,3,2,0.10779262817757584,fit_low
HONGQI,E-QM5,3,2,0.0632579738327429,fit_low
BMW,BMW Z3,3,1,0.1420568219674346,brand_fallback
LEXUS,RX450H L,3,3,-0.03393237337680621,fit_low
MERCEDES BENZ,S 400,3,1,0.12597345420100622,brand_fallback
MERCEDES BENZ,R500 L,3,3,0.19259753890812592,fit_low
NIO,EC6,3,1,0.218559218559218,brand_fallback
FORD,E 450,3,1,0.1437659706771926,brand_fallback
TOYOTA,MR2,3,3,0.08391178350345563,fit_low
SSANGYONG,TIVOLI,3,2,0.22956031092409157,fit_low
CITROEN,DS5,3,2,0.12077294685990425,fit_low
LEXUS,NX 300,3,2,-3.8423064670277034,fit_low
LEXUS,LX 570,3,3,0.06692149524217128,fit_low
LEXUS,LS500h,3,3,0.08528208678330984,fit_low
FERRARI,GTC4,3,3,0.1179685442010151,fit_low
LEXUS,NX300H,3,2,0.1789533222411629,fit_low
LEXUS,NX 200 T,3,2,0.6696347915860128,fit_low
CHANGAN,CS55 PLUS,3,1,0.04364530177532867,brand_fallback
SUZUKI,S PRESSO,3,3,0.1110396188739704,fit_low
Maserati,GRECALE,3,2,-0.0941609679116242,fit_low
Maserati,LEVANTE,3,3,0.23044772043273176,fit_low
Maxus,G50,3,2,-0.0448993067018808,fit_low
Maserati,GHIBLI,3,3,0.2265025604417087,fit_low
MITSUBISHI,PICK UP,3,2,0.05446167271940239,fit_low
LEXUS,IS F,3,3,0.14773183121823186,fit_low
LEXUS,IS250C,3,3,0.13132243744102645,fit_low
NIO,EL8,3,2,0.218559218559218,fit_low
Mitsubishi,Pajero,3,3,0.12697766931346144,fit_low
Mitsubishi,XPANDER,3,3,0.17605979461296617,fit_low
HYUNDAI,SANTEVY,3,3,-0.16923607111399375,fit_low
Chevrolet,Impala,3,2,0.06593959731543697,fit_low
MERCEDES BENZ,SLC300,3,3,0.14306712122582066,fit_low
Honda,Pilot,3,3,0.09785766421743802,fit_low
LEXUS,ES 300,3,2,0.024797219989611374,fit_low
CHRYSLER,PT CRUISER,3,2,-0.05102040816326503,fit_low
Hyundai,GRAND I10,3,3,0.09356467412175462,fit_low
LEXUS,GS 300,3,2,-7.07331460674129,fit_low
Tesla,MODEL S,3,3,0.11941282050210988,fit_low
VOLKSWAGEN,PHAETON,3,3,0.10115058959463774,fit_low
VOLKSWAGEN,ID6 C,3,1,0.1307814020492382,brand_fallback
BMW,320 I,3,3,0.07680142669766565,fit_low
LEXUS,LS 600 HL,3,2,-0.8595415394236552,fit_low
VOLKSWAGEN,VILORAN,3,2,0.24214171674480112,fit_low
VOLVO,C40,3,2,0.19531992199870007,fit_low
DONGFENG-AEOLUS,SHINE MAX,3,1,0.12860360247935695,brand_fallback
RENAULT,LAGUNA,3,3,0.07972380726353512,fit_low
RENAULT,ARKANA,3,1,0.13725598274679637,brand_fallback
FERRARI,PORTOFINO,3,2,-0.036391495882014624,fit_low
FERRARI,PORUSANGUE,3,2,0.08097325518396514,fit_low
MERCEDES BENZ,SL43 AMG,3,2,0.15495058735782197,fit_low
Toyota,Avalon,3,3,0.19979566642210644,fit_low
DONGFENG-AEOLUS,MAGE,3,1,0.12860360247935695,brand_fallback
MERCEDES BENZ,E550,3,2,-0.1443305541062483,fit_low
XIAOMI,YU7,3,2,0.08936838624338173,fit_low
WULING,RONGGUANG,3,2,0.2228571428571421,fit_low
FOTON,AUMARK CHASSIS,3,2,0.043634930404992445,fit_low
FORTHING,T5 HEV,3,2,0.14911354415606204,fit_low
MERCEDES BENZ,EQB 260,3,2,-0.33971291866028874,fit_low
BYD,SEALION,3,2,-0.3501501501501596,fit_low
MERCEDES BENZ,EQE 500,3,2,0.058305830583060714,fit_low
MERCEDES BENZ,EQS 450,3,2,0.07175327619244576,fit_low
MERCEDES BENZ,CLK240,3,2,0.184027777777782,fit_low
ZOTYE,T300,3,2,0.15380919647565672,fit_low
KAIYI,E5,3,2,0.09774436090225702,fit_low
MERCEDES BENZ,CLA-CLASS,3,3,0.12554564042397298,fit_low
MERCEDES BENZ,C260L,3,3,0.047067259413968054,fit_low
MERCEDES BENZ,CLS450 ,3,2,0.101794258373202,fit_low
MERCEDES BENZ,CLS 350,3,2,-1.1119592875317932,fit_low
MERCEDES BENZ,CLS-CLASS,3,3,0.1455807472254267,fit_low
VOLVO,V60,3,3,0.17723510524908204,fit_low
MERCEDES BENZ,E 300,3,3,-0.1394148968997806,fit_low
ZEEKR,ZEEKR X,3,1,-0.046734728027836,brand_fallback
AL DAMANI,DMV 300,3,2,-0.11719383617193979,fit_low
ALFA ROMEO,MITO,2,2,0.30396475770925124,fit_low
Volkswagen,Beetle,2,2,0.14693685596157358,fit_low
VOLVO,EX30,2,1,0.15167980609344991,brand_fallback
MERCEDES BENZ,E 200,2,2,0.1583366417385046,fit_low
ZEEKR,9X,2,1,-0.046734728027836,brand_fallback
ZEEKR,7X,2,1,-0.046734728027836,brand_fallback
AUDI,RS 5,2,1,0.14525254547034694,brand_fallback
Audi,A8,2,2,0.1649228265450413,fit_low
Audi,Q2,2,2,0.1930288461538462,fit_low
Suzuki,Fronx,2,2,0.12317327766179653,fit_low
MERCEDES BENZ,EQA 260,2,2,0.13910761154855467,fit_low
MERCEDES BENZ,CLA 45,2,2,0.14522422647607414,fit_low
MERCEDES BENZ,C450 AMG,2,1,0.12597345420100622,brand_fallback
DONGFENG,007,2,2,-0.11758989310009671,fit_low
TOYOTA,FRONTLANDER,2,1,0.100064939910899,brand_fallback
TOYOTA,CROWN KLUGER,2,1,0.100064939910899,brand_fallback
TOYOTA,COROLLA SE,2,2,-4.2238805970149205,fit_low
JETOUR,T 2,2,1,0.07393419046285743,brand_fallback
MERCEDES-BENZ,V300,2,2,0.16360191899862409,fit_low
MERCEDES-BENZ,GLS580,2,1,0.12597345420100622,brand_fallback
MERCEDES-BENZ,R300,2,1,0.12597345420100622,brand_fallback
MERCEDES BENZ,C 320,2,2,-0.15000469453234033,fit_low
JIYUE,01,2,2,0.13955681282413668,fit_low
SATURN,SKY,2,1,0.11955800924981667,global_fallback
SAAB,45360,2,2,0.07878787878787863,fit_low
SAAB,9 3,2,2,0.37121212121212355,fit_low
DONGFENG,SHINE,2,1,-0.04659982459882944,brand_fallback
DONGFENG,FORTHING T5,2,2,0.024390243902437825,fit_low
DONGFENG,P16,2,1,-0.04659982459882944,brand_fallback
MERCEDES BENZ,300 GLK,2,1,0.12597345420100622,brand_fallback
MERCEDES BENZ,560 SEL,2,2,-5.417910447761284,fit_low
MCLAREN,P1,2,2,0.14858065718367441,fit_low
MCLAREN,SENNA,2,1,0.08443730705561177,brand_fallback
MERCEDES BENZ,$500,2,2,0.4815989847715684,fit_low
MERCEDES BENZ,$550,2,2,0.08393557136035013,fit_low
MCLAREN,675LT,2,1,0.08443730705561177,brand_fallback
MERCEDES BENZ,C 300,2,2,0.05973060073299741,fit_low
TOYOTA,STATION,2,1,0.100064939910899,brand_fallback
BYD,SEALION 7 RWD,2,1,0.07800796943625092,brand_fallback
BYD,SEALION 8,2,2,0.16681735985533608,fit_low
BYD,SHARK (PICK UP),2,1,0.07800796943625092,brand_fallback
BYD,ATTO3,2,2,0.6959514170040485,fit_low
BYD,DENZA N9,2,1,0.07800796943625092,brand_fallback
MERCEDES BENZ,G300 CDI,2,1,0.12597345420100622,brand_fallback
MERCEDES BENZ,A-CLASS,2,2,0.030863002802483996,fit_low
INFINITI,FX37,2,1,0.1305647063818419,brand_fallback
Hyundai,Veloster,2,2,0.12536443148688126,fit_low
INFINITI,37 G,2,2,-0.48557110341126153,fit_low
Hyundai,GENESIS G80,2,2,-0.18630630718303287,fit_low
Honda,Odyssey,2,2,0.08093289827930261,fit_low
CITROEN,C5,2,2,-0.11962776897325034,fit_low
CHRYSLER,NEON,2,1,0.1419743582981477,brand_fallback
CITROEN,BERLINGO,2,2,0.19750195160031325,fit_low
LEXUS,GS 350,2,2,0.4057594361911119,fit_low
Toyota,Crown,2,1,0.100064939910899,brand_fallback
Honda,CRV,2,2,0.0983127868003304,fit_low
Harley-Davidson,Fat Boy,2,2,0.00025028169612117956,fit_low
HYUNDAI,i40,2,2,0.14197530864197583,fit_low
HYUNDAI,TERRACAN,2,2,-0.07177033492822904,fit_low
INFINITI,56M,2,1,0.1305647063818419,brand_fallback
INFINITI,EX37,2,1,0.1305647063818419,brand_fallback
MERCEDES BENZ,SL 680,2,1,0.12597345420100622,brand_fallback
VOLKSWAGEN,TIGUAN ,2,1,0.1307814020492382,brand_fallback
VOLKSWAGEN,T CR,2,1,0.1307814020492382,brand_fallback
VOLKSWAGEN,TERA,2,1,0.1307814020492382,brand_fallback
VOLKSWAGEN,GOLF R,2,2,0.1342466590146243,fit_low
VOLKSWAGEN,ID.6/CROZZ,2,1,0.1307814020492382,brand_fallback
BMW,3201,2,2,0.42923433185812576,fit_low
LEXUS,LC500H,2,2,0.29296531393386027,fit_low
EXEED,ET,2,1,0.05724401015720816,brand_fallback
DONGFENG,Z9 PICK UP,2,1,-0.04659982459882944,brand_fallback
DONGFENG Eπ,007,2,1,0.11955800924981667,global_fallback
RENAULT,ALPINE,2,2,0.34571012685871505,fit_low
RAM,1200,2,1,0.14175584162113797,brand_fallback
FERRARI,LAFERRARI,2,2,-0.0202614518475841,fit_low
MERCEDES BENZ,SL600,2,2,-0.48369909820834334,fit_low
MERCEDES BENZ,SL65 AMG,2,2,0.15963901169983274,fit_low
HYUNDAI,GENESIS G80,2,2,0.20841333888190994,fit_low
HYUNDAI,GENESIS GV70,2,2,-0.11053455926872147,fit_low
HYUNDAI,COUNTY,2,2,-0.24070766730580617,fit_low
NISSAN,1200GX,2,2,-0.1866068069439497,fit_low
NISSAN,1998,2,1,0.1004303758044057,brand_fallback
NIO,EC7,2,1,0.218559218559218,brand_fallback
LEXUS,LX 450,2,2,-1.141304347826074,fit_low
LEXUS,TX350,2,1,0.09017920408279849,brand_fallback
SUZUKI,2010,2,1,0.09761976604793722,brand_fallback
HYUNDAI,GRAND YUOR,2,1,0.12337004868650599,brand_fallback
FERRARI,360 MODENA,2,2,0.1223673814703733,fit_low
FERRARI,458 SPECIALE,2,1,0.09866988674171298,brand_fallback
FORD,E 350,2,2,0.3837126806583686,fit_low
TOYOTA,LITE ACE,2,1,0.100064939910899,brand_fallback
TOYOTA,HAI LUX,2,2,0.07382262657590088,fit_low
CADILLAC,BROUGHTAM,2,2,0.07811533705167573,fit_low
LEXUS,LM 350H,2,2,0.7072327820291286,fit_low
NIO,ET 5,2,1,0.218559218559218,brand_fallback
HYUNDAI,IONIQ 6,2,2,0.12927536231884285,fit_low
MITSUBISHI,PAJERO IO,2,2,0.050085748407003194,fit_low
MITSUBISHI,MITSUBISHI CANTER,2,2,-0.05262185715276968,fit_low
CHANGAN,S07,2,1,0.04364530177532867,brand_fallback
CHANGAN,DEEPAL,2,2,-0.07298218105873655,fit_low
SUZUKI,HAYABUSA,2,2,0.011029531999432907,fit_low
Chevrolet,TRAX,2,2,0.134920634920633,fit_low
Chevrolet,Trailblazer,2,2,0.3216765873015871,fit_low
DAIHATSU,CHARADE,2,1,-0.15608779280130997,brand_fallback
Cadillac,XT6,2,1,0.1346695538846248,brand_fallback
Cadillac,CT5,2,2,-0.16844783715012634,fit_low
Cadillac,XT4,2,2,0.1533365413192046,fit_low
CMC,D270,2,2,0.1102434789973904,fit_low
SOUEAST,DX5,2,1,0.1601406762052924,brand_fallback
Kia,Telluride,2,2,0.20065789473683904,fit_low
MERCEDES BENZ,SLK300,2,1,0.12597345420100622,brand_fallback
LAND ROVER,RANGE ROVER ,2,1,0.1276865061033145,brand_fallback
LAND ROVER,RANGE ROVER HSE,2,2,-0.142373197872242,fit_low
LAND ROVER,RANGE ROVER VOGUE,2,2,0.22417689530421003,fit_low
LAND ROVER,HSE,2,2,-0.0020040080160350637,fit_low
BMW,BMW 320I,2,2,-2.3372081772260977,fit_low
BMW,BMW 325,2,1,0.1420568219674346,brand_fallback
JAC,M1,2,1,0.0750754383262343,brand_fallback
JAC,N65,2,1,0.0750754383262343,brand_fallback
MITSUBISHI,FUSO,2,2,0.3805073035019719,fit_low
MITSUBISHI,BA,2,1,0.12390760216589707,brand_fallback
Infiniti,QX 60,2,2,-0.11644628099173637,fit_low
ISUZU,TROOPER,2,2,-2.2090063514645077,fit_low
BMW,650I GRAN COUPE,2,2,0.17169974115616893,fit_low
BMW,540,2,2,0.12213770907114307,fit_low
HONDA,VESPA VXL 150,2,1,0.1231840170973961,brand_fallback
BMW,BMW 520,2,2,0.18085915032099553,fit_low
MITSUBISHI,1992,2,2,0.1512085677919015,fit_low
MITSUBISHI,2001,2,1,0.12390760216589707,brand_fallback
MITSUBISHI,2024,2,1,0.12390760216589707,brand_fallback
MINI,COOPER CLUBMAN,2,2,0.13690476190476364,fit_low
MG,ZS MCE,2,1,0.10393327629096116,brand_fallback
JAECOO,J8,2,1,0.14051885823628862,brand_fallback
LEXUS,SC 300,2,1,0.09017920408279849,brand_fallback
LEXUS,RX400H,2,2,0.20688446108746927,fit_low
MERCEDES BENZ,S 450,2,2,0.6478413627422053,fit_low
MERCEDES BENZ,R300L,2,1,0.12597345420100622,brand_fallback
MERCEDES BENZ,R500,2,2,0.19999999999999563,fit_low
LINCOLN,NAVIGATOR EL,2,2,0.05500000000000049,fit_low
LINCOLN,MKT,2,1,0.14253577577727233,brand_fallback
HONGQI,H7,2,1,0.03275830076479474,brand_fallback
BRILLIANCE,FRV CROSS,2,2,-0.10937500000000067,fit_low
HONDA,1800,2,1,0.1231840170973961,brand_fallback
NISSAN,SALON,2,2,-0.022474716291089436,fit_low
NISSAN,ORVAN,2,1,0.1004303758044057,brand_fallback
HONDA,INTEGRA,2,1,0.1231840170973961,brand_fallback
HONDA,HR-V,2,2,0.7805555555555567,fit_low
HONDA,GOLD WING,2,2,-0.13959505638208825,fit_low
NISSAN,NISSAN UD,2,2,0.16373680185163386,fit_low
CHEVROLET,SIERRA,2,2,0.2756632847010697,fit_low
TOYOTA,ATLIS,2,1,0.100064939910899,brand_fallback
MERCEDES BENZ,GLS-CLASS,2,1,0.12597345420100622,brand_fallback
MERCEDES BENZ,GT53,2,2,0.20399262590475853,fit_low
BMW,M2 ,2,1,0.1420568219674346,brand_fallback
BMW,i7,2,2,0.08494825252010973,fit_low
BMW,iX2,2,2,0.09040348964013278,fit_low
BMW,iX3,2,2,0.0014949224186833199,fit_low
MERCEDES BENZ,ML55,2,2,0.10077519379844968,fit_low
MERCEDES BENZ,M-CLASS,2,2,0.1631083823836762,fit_low
CHERY,ARRIZO5,2,1,-0.0408655457385822,brand_fallback
CHERY,EASTAR,2,2,0.16333997346592444,fit_low
CHEVROLET,CAVALIER,2,2,6.661338147750939e-16,fit_low
CHEVROLET,C5500,2,1,0.13566172630902404,brand_fallback
CHEVROLET,CAPRICE CLASSIC,2,2,0.09230769230769242,fit_low
CHEVROLET,SPARK EUV,2,2,0.06085714285714294,fit_low
TOYOTA,WISH STATION,2,1,0.100064939910899,brand_fallback
TOYOTA,YARIS HATCHBACK,2,2,-0.14519666862773617,fit_low
TOYOTA,TOYOTA PRADO,2,2,0.036877018403969064,fit_low
TOYOTA,TOYOTA VELOZ,2,1,0.100064939910899,brand_fallback
TOYOTA,TOYOTA VIOS,2,1,0.100064939910899,brand_fallback
NISSAN,CANTER,2,2,-0.05045096390704451,fit_low
HYUNDAI,GRANDYUOR,2,2,0.44134635777954534,fit_low
LI AUTO,L9,2,2,0.33052527254707265,fit_low
BMW,745LI,2,2,0.2512305176458395,fit_low
BMW,745i,2,2,0.20750981712061933,fit_low
BMW,750,2,2,0.23202467229314305,fit_low
Infiniti,Q70,2,2,0.088236008893403,fit_low
ISUZU,L200,2,1,0.06297576762044559,brand_fallback
LYNK & CO,01,2,1,0.14360792525387817,brand_fallback
LYNK & CO,06,2,1,0.14360792525387817,brand_fallback
MAEXTRO,S800,2,1,0.11955800924981667,global_fallback
BMW,228,2,1,0.1420568219674346,brand_fallback
BMW,228i,2,1,0.1420568219674346,brand_fallback
BMW,230i,2,2,0.10965533522190729,fit_low
BMW,225I ACTIVE TOURER,2,1,0.1420568219674346,brand_fallback
BMW,420I ,2,1,0.1420568219674346,brand_fallback
BMW,850Ci,2,2,0.18518518518518579,fit_low
BMW,760i,2,2,0.06388613042039282,fit_low
BMW,840Ci,2,2,-0.022155572755414132,fit_low
LYNK & CO,08,2,1,0.14360792525387817,brand_fallback
DFSK,V21,2,1,0.17912370959016594,brand_fallback
DAIHATSU,ROCKY,2,2,-11.612244897959174,fit_low
KIA ,K5,2,1,0.13177905251232663,brand_fallback
KIA ,SPORTAGE,2,1,0.13177905251232663,brand_fallback
LAND ROVER,DEVENDR,2,2,-0.24193847802591506,fit_low
BMW,323,2,2,-0.2853834355161644,fit_low
BMW,320,2,2,0.047281523339282705,fit_low
NISSAN,NISSAN ALTIMA,2,2,0.022388873611679183,fit_low
NISSAN,N6,2,1,0.1004303758044057,brand_fallback
HYUNDAI,ATOS PRIME,2,2,0.4729537233052701,fit_low
HONGQI,E HS9,2,2,-0.31965376827085024,fit_low
MERCEDES BENZ,GLK280,2,1,0.12597345420100622,brand_fallback
MERCEDES BENZ,GLS 500,2,2,-0.3341152428589771,fit_low
Lexus,GS 350,2,2,0.11331058277086048,fit_low
Lexus,ES 250,2,1,0.09017920408279849,brand_fallback
NISSAN,URBAN VAN,2,1,0.1004303758044057,brand_fallback
NISSAN,TEANA,2,1,0.1004303758044057,brand_fallback
NISSAN,SUNNY 1.4,2,2,0.3891527782184747,fit_low
HONDA,E-NP1,2,1,0.1231840170973961,brand_fallback
BMW,M440i,2,1,0.1420568219674346,brand_fallback
BMW,M550I,2,2,0.008246044127479424,fit_low
MAYBACH,62,2,2,0.09174803600870662,fit_low
MAXUS,D60,2,1,0.06213859070743733,brand_fallback
Lexus,UX300H,2,1,0.09017920408279849,brand_fallback
Lincoln,CONTINENTAL,2,2,-0.12050078247261253,fit_low
Lincoln,MKZ,2,2,0.18931657501963894,fit_low
Lexus,LX600,2,2,0.22907385697537963,fit_low
MAZDA,5,2,2,0.12641953526370164,fit_low
NISSAN,XTERRA,2,2,-0.04895174011606529,fit_low
HINO,300,2,2,0.19858772848598272,fit_low
GREAT WALL,POER KINGKONG,2,1,0.08395278302256816,brand_fallback
PROTON,SAGA,2,1,0.11955800924981667,global_fallback
FORD,GT,2,2,0.19957879088206665,fit_low
BMW,M135I,2,2,0.19211822660098343,fit_low
BMW,2022,2,1,0.1420568219674346,brand_fallback
BMW,218I ACTIVE TOURER,2,2,-0.025192951798456598,fit_low
BMW,218I GRAN COUP,2,1,0.1420568219674346,brand_fallback
BESTUNE,T90,2,1,0.06529422467397376,brand_fallback
MAHINDRA ,SCORPIO,2,1,0.14855724072651105,brand_fallback
BMW,IX2,2,1,0.1420568219674346,brand_fallback
BYD - DENZA,N9,2,1,0.11955800924981667,global_fallback
BYD,UNKNOWN,2,2,0.805053025577043,fit_low
BYD,SONG FLAGSHIP,2,2,-0.2317460317460296,fit_low
FORCE,URBANIA,2,1,0.11955800924981667,global_fallback
FIAT,500L,2,2,0.3809523809523804,fit_low
Peugeot,3008,2,2,0.14494549705440374,fit_low
Peugeot,408,2,2,0.1539596655189388,fit_low
DODGE,DAKOTA,2,2,0.09711954855256544,fit_low
DFSK,FENGON GLORY IX7,2,1,0.17912370959016594,brand_fallback
MAZDA,MAZDA 6,2,2,0.05817846488706857,fit_low
MAZDA,MAZDA E 2000,2,1,0.11004936841493905,brand_fallback
MAZDA,MAZDA,2,2,-0.1256645837176058,fit_low
MAZDA,CX 5,2,2,-0.048272754366431414,fit_low
BYD,DESTROYAR 05,2,2,-1.0825999999999998,fit_low
BRILLIANCE,H530,2,1,-0.10937500000000067,brand_fallback
ROEWE,5,2,1,0.27395993836671806,brand_fallback
EXEED,MY26RX T41 PHEV,2,1,0.05724401015720816,brand_fallback
JETOUR,JETOUR DASHING,2,2,-0.23240589198035844,fit_low
MERCEDES-BENZ,CLE300,2,2,0.10613217565329414,fit_low
MERCEDES-BENZ,CLK500,2,2,0.2034104399039992,fit_low
SMART,#1,2,1,0.18592378984349878,brand_fallback
SKODA,RAPID,2,1,0.12240738327579385,brand_fallback
DODGE,AVENGER,2,2,0.1528730176232035,fit_low
CHANGAN,CHANGAN,2,2,-6.395424781059422,fit_low
CADILLAC,STS-V,2,1,0.1346695538846248,brand_fallback
CADILLAC,KUN CROUS,2,1,0.1346695538846248,brand_fallback
CADILLAC,LYRIQ,2,2,0.09605132375530856,fit_low
Renault,Duster,2,2,0.09777246125954342,fit_low
ROLLS ROYCE,SILVER,2,1,0.1188438494915723,brand_fallback
ROLLS ROYCE,SILVER SERAPH,2,1,0.1188438494915723,brand_fallback
RIDDARA,RD6,2,1,0.11955800924981667,global_fallback
MAXUS,D60 MAX,2,1,0.06213859070743733,brand_fallback
MERCEDES BENZ,GLE500,2,2,0.1114766833613624,fit_low
MERCEDES BENZ,GLE63,2,2,-0.004580745063752056,fit_low
MERCEDES BENZ,GLE 53 AMG,2,2,0.15278672008188943,fit_low
MERCEDES BENZ,GLC350,2,1,0.12597345420100622,brand_fallback
MCLAREN,570GT,2,1,0.08443730705561177,brand_fallback
MCLAREN,600LT,2,2,-0.04965047499551467,fit_low
MAZDA,MAZDA 3 SEDAN,2,2,-0.3522727272727242,fit_low
MERCEDES-BENZ,GLB 35,2,2,0.0534921671018298,fit_low
MERCEDES-BENZ,GLC 43 AMG,2,2,0.13618948101706763,fit_low
MERCEDES-BENZ,G580,2,1,0.12597345420100622,brand_fallback
MERCEDES-BENZ,EQC 350,2,1,0.12597345420100622,brand_fallback
Ford,Figo,2,2,0.12110373019928533,fit_low
Ford,BRONCO,2,2,-0.2666666666666706,fit_low
Ford,Everest,2,1,0.1437659706771926,brand_fallback
TOYOTA,TOYOTA CENTURY,2,2,-0.8347860702154213,fit_low
MG,MG GT,2,2,0.003322259136211092,fit_low
MG,MG HS,2,1,0.10393327629096116,brand_fallback
MG,MG RX5,2,2,-0.3114754098360628,fit_low
MG,CYBERSTER,2,2,0.1527165932452299,fit_low
JMC,VIGUS PLUS,2,1,0.11209304195732106,brand_fallback
KIA,KIA,2,2,-0.29404427004775635,fit_low
KIA,KIA CERATO,2,2,0.16074983892975103,fit_low
MERCEDES-BENZ,GLA220,2,2,-0.07777548682459834,fit_low
TOYOTA,2007,2,1,0.100064939910899,brand_fallback
TOYOTA,2009,2,1,0.100064939910899,brand_fallback
TOYOTA,2010,2,1,0.100064939910899,brand_fallback
CHERY,TIGGO 3,2,1,-0.0408655457385822,brand_fallback
MERCEDES BENZ,GLB 35,2,2,0.14823190789474094,fit_low
MERCEDES BENZ,G65 AMG,2,2,0.19074746144361288,fit_low
VICTORY,SCH5022XXYD,2,2,-0.07999999999999985,fit_low
UAZ,HUNTER,2,1,0.11955800924981667,global_fallback
GREAT WALL,GREATWALL TANK,2,1,0.08395278302256816,brand_fallback
GMC,SEIARA,2,2,0.09745833201796295,fit_low
OPEL,ANTARA,2,1,0.12463352936734048,brand_fallback
Nissan,Armada,2,1,0.1004303758044057,brand_fallback
Subaru,CROSSTREK,2,1,0.12473015703757243,brand_fallback
Subaru,Legacy,2,2,-0.012291945207583366,fit_low
Suzuki,CELERIO,2,2,0.11551129894312118,fit_low
Skoda,Superb,2,2,0.16314998333862207,fit_low
CHERY,ARRIZO 7,2,2,0.22481135767307703,fit_low
CHERY,ARRIZO 8,2,2,0.09861218113400372,fit_low
AEOLUS,MAGE,2,1,0.08110590379803505,brand_fallback
TANK,700,2,1,0.055301498346527006,brand_fallback
ACURA,TLX,2,2,0.10427807486630858,fit_low
ZXAUTO,TERRALORD,2,1,-0.3358208955223909,brand_fallback
ZOTYE,T600,2,1,0.15380919647565672,brand_fallback
AUDI,RS4,2,2,0.17333725231781083,fit_low
AUDI,SQ6 E-TRON,2,2,0.2035398230088512,fit_low
BENTLEY,AZURE,2,2,0.059687147711039557,fit_low
MERCEDES BENZ,BRABUS,2,2,0.008539167254764335,fit_low
MERCEDES BENZ,C 250,2,2,0.21107495021868905,fit_low
MERCEDES BENZ,EQS 450+,2,2,0.1113359821206853,fit_low
Volkswagen,Arteon,2,1,0.1307814020492382,brand_fallback
Volvo,V40,2,1,0.15167980609344991,brand_fallback
AITO,M7,2,2,0.04920351199345152,fit_low
OPEL,ZAFIRA,2,2,0.03425229741019298,fit_low
GAC,XIANGHUA XING,2,1,0.1279597189736493,brand_fallback
GAC,GS7,2,1,0.1279597189736493,brand_fallback
GENESIS,EQ900,2,1,0.10447935647470451,brand_fallback
GENESIS,GV60,2,1,0.10447935647470451,brand_fallback
BMW,Z8,2,1,0.1420568219674346,brand_fallback
AVATR,7,2,2,0.2810810810810813,fit_low
AUDI,SQ7,2,2,0.05304560311824669,fit_low
MERCEDES-BENZ,GLE350,2,2,0.13309982486865124,fit_low
BMW,335i,2,2,0.10834255258335346,fit_low
BMW,325CI,2,1,0.1420568219674346,brand_fallback
BMW,530e,2,1,0.1420568219674346,brand_fallback
MERCEDES-BENZ,GLE53 AMG,2,2,0.11246837448102642,fit_low
MERCEDES BENZ,C 43 AMG,2,2,0.3611681208344959,fit_low
MERCEDES BENZ,C-CLASS,2,2,0.23175182481751833,fit_low
Audi,Q5,2,2,0.15613353351567572,fit_low
PEUGEOT,E 2008,2,1,0.13572260953087542,brand_fallback
MERCEDES BENZ,E63,2,2,0.05409589311537333,fit_low
ZEEKR,9,2,1,-0.046734728027836,brand_fallback
XPENG,X9,2,2,0.21250000000000036,fit_low
Volvo,XC60,2,2,0.13564368490862877,fit_low
Volvo,XC90,2,2,0.19245798761732735,fit_low
Triumph,TRIPLE1050,2,2,-1.085637140756646,fit_low
Toyota,Granvia,2,2,-0.028493050475491,fit_low
MERCEDES BENZ,CLE300,2,2,0.06416005519144685,fit_low
MERCEDES BENZ,E220,2,2,0.14907690822543795,fit_low
BYD,QIN PRO,2,1,0.07800796943625092,brand_fallback
BYD,SEA LION 07EV,2,1,0.07800796943625092,brand_fallback
FOTON,TOANO,2,1,0.15830231787826107,brand_fallback
FOTON,TUNLAND,2,2,0.1764836012950587,fit_low
FOTON,TUNLAND G7,2,1,0.15830231787826107,brand_fallback
FORTHING,S7,2,2,0.3111458208178153,fit_low
MERCEDES BENZ,EQE 300,2,1,0.12597345420100622,brand_fallback
MERCEDES BENZ,EQE 350+,2,2,0.30637636080870767,fit_low
MERCEDES BENZ,EQE 53 4M,2,2,0.009170400636251186,fit_low
MERCEDES BENZ,CLK230 K,2,2,0.4456179570537251,fit_low
MERCEDES BENZ,CLC180K,2,1,0.12597345420100622,brand_fallback
MERCEDES BENZ,CLC250,2,1,0.12597345420100622,brand_fallback
MERCEDES BENZ,CLC350,2,2,0.14150943396226423,fit_low
MERCEDES BENZ,CLE200,2,2,0.10271258176221698,fit_low
AUDI,RS6,2,2,0.16274844197269822,fit_low
AUDI,Q6 E-TRON,2,1,0.14525254547034694,brand_fallback
ACURA,TL,2,1,0.10427807486630858,brand_fallback
MERCEDES BENZ,E 63 AMG,2,2,0.7013463892288858,fit_low
MERCEDES BENZ,CLS55 AMG,2,2,0.204081632653064,fit_low
ASTON MARTIN,DBX707,2,2,0.031273871916631224,fit_low
ZXAUTO,GRANDTIGER,2,2,-0.3358208955223909,fit_low
ALFA ROMEO,TONALE,2,1,0.1146006314665102,brand_fallback
vgv,VX7,1,1,0.11955800924981667,global_fallback
ALFA ROMEO,156,1,1,0.1146006314665102,brand_fallback
ALFA ROMEO,4C,1,1,0.1146006314665102,brand_fallback
ALFA ROMEO,BRERA,1,1,0.1146006314665102,brand_fallback
ALFA ROMEO,H9,1,1,0.1146006314665102,brand_fallback
ALFA ROMEO,SPIDER,1,1,0.1146006314665102,brand_fallback
ARCFOX,A S,1,1,0.11955800924981667,global_fallback
ASHOK LEYLAND,2021,1,1,0.08623541245741806,brand_fallback
ASHOK LEYLAND,ASHOK LEYLAND,1,1,0.08623541245741806,brand_fallback
ASHOK LEYLAND,FALCON,1,1,0.08623541245741806,brand_fallback
ASHOK LEYLAND,OYSTER,1,1,0.08623541245741806,brand_fallback
ASTON MARTIN,ASTON MARTIN,1,1,0.09684025177231585,brand_fallback
ASTON MARTIN,RAPIDE S,1,1,0.09684025177231585,brand_fallback
ASTON MARTIN,VALHALLA,1,1,0.09684025177231585,brand_fallback
ASTON MARTIN,VALOUR,1,1,0.09684025177231585,brand_fallback
ASTON MARTIN,VIRAGE,1,1,0.09684025177231585,brand_fallback
BAIC,A115,1,1,0.09577539341453989,brand_fallback
BAIC,BJJ40 PLUS,1,1,0.09577539341453989,brand_fallback
BAIC,X 35,1,1,0.09577539341453989,brand_fallback
BAJAJ,ACCORD,1,1,0.11955800924981667,global_fallback
BAJAJ,AVENGER 220 CC,1,1,0.11955800924981667,global_fallback
BAOJUN,2024,1,1,0.11955800924981667,global_fallback
BAOJUN YEP,YEP/STATION,1,1,0.11955800924981667,global_fallback
BENTLEY,BENTLEY GT,1,1,0.14807460115928425,brand_fallback
BESTUNE,T77 ,1,1,0.06529422467397376,brand_fallback
BMW,1 SERIES,1,1,0.1420568219674346,brand_fallback
BMW,116i,1,1,0.1420568219674346,brand_fallback
BMW,128I,1,1,0.1420568219674346,brand_fallback
BMW,15,1,1,0.1420568219674346,brand_fallback
BMW,2012,1,1,0.1420568219674346,brand_fallback
Audi,S4,1,1,0.14525254547034694,brand_fallback
Audi,S8,1,1,0.14525254547034694,brand_fallback
VOLKSWAGEN,KRAFTER,1,1,0.1307814020492382,brand_fallback
VOLKSWAGEN,MPV,1,1,0.1307814020492382,brand_fallback
VOLKSWAGEN,R32,1,1,0.1307814020492382,brand_fallback
VOLKSWAGEN,TACQUA,1,1,0.1307814020492382,brand_fallback
VOLVO,960,1,1,0.15167980609344991,brand_fallback
BENTLEY,GT,1,1,0.14807460115928425,brand_fallback
BENTLEY,MULLINER,1,1,0.14807460115928425,brand_fallback
BESTUNE,NAT E05,1,1,0.06529422467397376,brand_fallback
BMW,225,1,1,0.1420568219674346,brand_fallback
BMW,235I,1,1,0.1420568219674346,brand_fallback
BMW,3 SERIES,1,1,0.1420568219674346,brand_fallback
BMW,318,1,1,0.1420568219674346,brand_fallback
BMW,318CI,1,1,0.1420568219674346,brand_fallback
BMW,320LI,1,1,0.1420568219674346,brand_fallback
VOLKSWAGEN,ID4,1,1,0.1307814020492382,brand_fallback
VOLKSWAGEN,JETTA 2.5L,1,1,0.1307814020492382,brand_fallback
MERCEDES BENZ,C 220,1,1,0.12597345420100622,brand_fallback
MERCEDES BENZ,C 63,1,1,0.12597345420100622,brand_fallback
MERCEDES BENZ,C 63 AM,1,1,0.12597345420100622,brand_fallback
MCLAREN,765LT,1,1,0.08443730705561177,brand_fallback
MCLAREN,SPEEDTRAIL,1,1,0.08443730705561177,brand_fallback
MERCEDES ,GT-53,1,1,0.11955800924981667,global_fallback
MERCEDES BENZ,1922,1,1,0.12597345420100622,brand_fallback
MERCEDES BENZ,300 G,1,1,0.12597345420100622,brand_fallback
MERCEDES BENZ,FORTWO,1,1,0.12597345420100622,brand_fallback
MERCEDES BENZ,G 300,1,1,0.12597345420100622,brand_fallback
MERCEDES BENZ,B 180,1,1,0.12597345420100622,brand_fallback
MERCEDES BENZ,B150,1,1,0.12597345420100622,brand_fallback
MERCEDES BENZ,B180,1,1,0.12597345420100622,brand_fallback
MERCEDES BENZ,B200 (HATCHBACK),1,1,0.12597345420100622,brand_fallback
MERCEDES BENZ,B250 E,1,1,0.12597345420100622,brand_fallback
MERCEDES BENZ,BENZ-S560,1,1,0.12597345420100622,brand_fallback
MERCEDES BENZ,EQA 250,1,1,0.12597345420100622,brand_fallback
MERCEDES BENZ,EQA 350,1,1,0.12597345420100622,brand_fallback
MERCEDES BENZ,EQB 350,1,1,0.12597345420100622,brand_fallback
MERCEDES BENZ,EQC 400,1,1,0.12597345420100622,brand_fallback
MERCEDES BENZ,EQE,1,1,0.12597345420100622,brand_fallback
MERCEDES BENZ,EQG G580,1,1,0.12597345420100622,brand_fallback
MERCEDES BENZ,EQS 53 AMG,1,1,0.12597345420100622,brand_fallback
MERCEDES BENZ,EQV 300,1,1,0.12597345420100622,brand_fallback
MERCEDES BENZ,C250 COUPE,1,1,0.12597345420100622,brand_fallback
MERCEDES BENZ,C55 AMG,1,1,0.12597345420100622,brand_fallback
MERCEDES BENZ,C63S AMG,1,1,0.12597345420100622,brand_fallback
MERCEDES BENZ,C835 AM,1,1,0.12597345420100622,brand_fallback
MERCEDES BENZ,CAMRY,1,1,0.12597345420100622,brand_fallback
MERCEDES BENZ,CE300,1,1,0.12597345420100622,brand_fallback
MERCEDES BENZ,CLA 35,1,1,0.12597345420100622,brand_fallback
MERCEDES BENZ,CLA180,1,1,0.12597345420100622,brand_fallback
MAZDA,MX 5,1,1,0.11004936841493905,brand_fallback
MAZDA,MX 5 COUPE,1,1,0.11004936841493905,brand_fallback
MAZDA,MX-5 MIATA,1,1,0.11004936841493905,brand_fallback
MAZDA,RX-8,1,1,0.11004936841493905,brand_fallback
MAZDA,TRIBUTE,1,1,0.11004936841493905,brand_fallback
MERCEDES BENZ,GLB-CLASS,1,1,0.12597345420100622,brand_fallback
MERCEDES BENZ,GLB220,1,1,0.12597345420100622,brand_fallback
MERCEDES BENZ,GLC350E,1,1,0.12597345420100622,brand_fallback
MERCEDES BENZ,GLA 43 AMG,1,1,0.12597345420100622,brand_fallback
MAZDA,B2500,1,1,0.11004936841493905,brand_fallback
MAZDA,CX30,1,1,0.11004936841493905,brand_fallback
MAZDA,E 2000,1,1,0.11004936841493905,brand_fallback
MAZDA,E3000,1,1,0.11004936841493905,brand_fallback
MAZDA,MAZDA 3500 T,1,1,0.11004936841493905,brand_fallback
MAZDA,MAZDA CX-3,1,1,0.11004936841493905,brand_fallback
MAZDA,MAZDA M3,1,1,0.11004936841493905,brand_fallback
MERCEDES BENZ,G 800,1,1,0.12597345420100622,brand_fallback
MERCEDES BENZ,G270,1,1,0.12597345420100622,brand_fallback
MERCEDES BENZ,G55,1,1,0.12597345420100622,brand_fallback
MERCEDES BENZ,G580,1,1,0.12597345420100622,brand_fallback
MERCEDES BENZ,G63,1,1,0.12597345420100622,brand_fallback
MERCEDES BENZ,G650 MAYBACH,1,1,0.12597345420100622,brand_fallback
MERCEDES BENZ,GL400,1,1,0.12597345420100622,brand_fallback
MERCEDES BENZ,GLA 250,1,1,0.12597345420100622,brand_fallback
MERCEDES BENZ,320,1,1,0.12597345420100622,brand_fallback
MERCEDES BENZ,500 SEL,1,1,0.12597345420100622,brand_fallback
MERCEDES BENZ,560,1,1,0.12597345420100622,brand_fallback
MERCEDES BENZ,A 30 AMG,1,1,0.12597345420100622,brand_fallback
MERCEDES BENZ,A 45 AMG,1,1,0.12597345420100622,brand_fallback
MERCEDES BENZ,G 500,1,1,0.12597345420100622,brand_fallback
MERCEDES BENZ,G 55 AMG,1,1,0.12597345420100622,brand_fallback
MERCEDES BENZ,G 63 AMG,1,1,0.12597345420100622,brand_fallback
Lexus,RC 350,1,1,0.09017920408279849,brand_fallback
Lexus,RX500H,1,1,0.09017920408279849,brand_fallback
MAEXTRO ,S800,1,1,0.11955800924981667,global_fallback
MAHINDRA,SCORPIO S6,1,1,0.14855724072651105,brand_fallback
MAHINDRA ,SCORPIO SC S6,1,1,0.14855724072651105,brand_fallback
MAXUS,CARAVAN,1,1,0.06213859070743733,brand_fallback
LUCID,GRAVITY,1,1,0.43633264425343504,brand_fallback
LYKAN, CO 900,1,1,0.11955800924981667,global_fallback
MAYBACH,62 S,1,1,0.10768228727140235,brand_fallback
MAZDA,2006 PICK UP CARGO,1,1,0.11004936841493905,brand_fallback
MAZDA,2200,1,1,0.11004936841493905,brand_fallback
MAZDA,626,1,1,0.11004936841493905,brand_fallback
MAZDA,B 2000,1,1,0.11004936841493905,brand_fallback
MAZDA,B2300,1,1,0.11004936841493905,brand_fallback
Lexus,LS 460,1,1,0.09017920408279849,brand_fallback
Lexus,LS500,1,1,0.09017920408279849,brand_fallback
MAXUS,G50 PLUS,1,1,0.06213859070743733,brand_fallback
MAXUS,MAXUS,1,1,0.06213859070743733,brand_fallback
MAXUS,MAXUS 10 G,1,1,0.06213859070743733,brand_fallback
MAXUS,MAXUS T60,1,1,0.06213859070743733,brand_fallback
MAXUS,T70,1,1,0.06213859070743733,brand_fallback
MAXUS,T70 PETROL 2WD,1,1,0.06213859070743733,brand_fallback
MAXUS,T70 PRO,1,1,0.06213859070743733,brand_fallback
MAXUS,V80 (BUS),1,1,0.06213859070743733,brand_fallback
MERCEDES BENZ,GLC63,1,1,0.12597345420100622,brand_fallback
MERCEDES BENZ,GLE 350,1,1,0.12597345420100622,brand_fallback
MERCEDES BENZ,GLE 400,1,1,0.12597345420100622,brand_fallback
MERCEDES BENZ,GLE 580,1,1,0.12597345420100622,brand_fallback
MERCEDES BENZ,GLE 63,1,1,0.12597345420100622,brand_fallback
MERCEDES BENZ,GLK 220,1,1,0.12597345420100622,brand_fallback
MAXUS,D90 MAX,1,1,0.06213859070743733,brand_fallback
MAXUS,G50 15T,1,1,0.06213859070743733,brand_fallback
LI AUTO,MEGA,1,1,0.33052527254707265,brand_fallback
LINCOLN,L6,1,1,0.14253577577727233,brand_fallback
LINCOLN,LINCOLN TOWN,1,1,0.14253577577727233,brand_fallback
LINCOLN,LINCOLN TOWN CAR,1,1,0.14253577577727233,brand_fallback
LINCOLN,MARK LT,1,1,0.14253577577727233,brand_fallback
LINCOLN,NAVIGATOR  EL,1,1,0.14253577577727233,brand_fallback
LINCOLN,SEDAN,1,1,0.14253577577727233,brand_fallback
LOTUS,ESPIRT,1,1,0.21512886677925416,brand_fallback
MERCEDES BENZ,MERCEDES S63 AMG,1,1,0.12597345420100622,brand_fallback
MERCEDES BENZ,ML430,1,1,0.12597345420100622,brand_fallback
MERCEDES BENZ,ML550,1,1,0.12597345420100622,brand_fallback
MERCEDES BENZ,MUSTANG,1,1,0.12597345420100622,brand_fallback
LEXUS,VESPA 150 CC,1,1,0.09017920408279849,brand_fallback
LEXUS,جي اس 430,1,1,0.09017920408279849,brand_fallback
LEXUS,لي اس 300,1,1,0.09017920408279849,brand_fallback
LI AUTO,L8,1,1,0.33052527254707265,brand_fallback
MERCEDES BENZ,GLS 400,1,1,0.12597345420100622,brand_fallback
MERCEDES BENZ,GLS 450,1,1,0.12597345420100622,brand_fallback
MERCEDES BENZ,GT 63,1,1,0.12597345420100622,brand_fallback
MERCEDES BENZ,MERCEDES,1,1,0.12597345420100622,brand_fallback
MERCEDES BENZ,MERCEDES 200 CLA,1,1,0.12597345420100622,brand_fallback
MERCEDES BENZ,MERCEDES 5500L,1,1,0.12597345420100622,brand_fallback
MERCEDES BENZ,MERCEDES G 550,1,1,0.12597345420100622,brand_fallback
MERCEDES BENZ,MERCEDES S550,1,1,0.12597345420100622,brand_fallback
LYNK & CO,03 PLUS,1,1,0.14360792525387817,brand_fallback
LYNK & CO,05,1,1,0.14360792525387817,brand_fallback
LYNK & CO,6,1,1,0.14360792525387817,brand_fallback
LYNK & CO,9,1,1,0.14360792525387817,brand_fallback
LYNK & CO,LYNK CO,1,1,0.14360792525387817,brand_fallback
LYNK and CO,900,1,1,0.11955800924981667,global_fallback
Land Rover,DISCOVERY SPORT,1,1,0.1276865061033145,brand_fallback
Lexus,GS450H,1,1,0.09017920408279849,brand_fallback
LEXUS,LX 600,1,1,0.09017920408279849,brand_fallback
LEXUS,LX 700 H,1,1,0.09017920408279849,brand_fallback
LEXUS,MAXIMA,1,1,0.09017920408279849,brand_fallback
LEXUS,ML350,1,1,0.09017920408279849,brand_fallback
LEXUS,NIAS 350,1,1,0.09017920408279849,brand_fallback
LEXUS,NSX,1,1,0.09017920408279849,brand_fallback
LEXUS,NX 350,1,1,0.09017920408279849,brand_fallback
LEXUS,NX 450H,1,1,0.09017920408279849,brand_fallback
LEXUS,SC 430,1,1,0.09017920408279849,brand_fallback
LEXUS,SCION IQ,1,1,0.09017920408279849,brand_fallback
LEXUS,SIXTIES 175,1,1,0.09017920408279849,brand_fallback
LEXUS,UX 200,1,1,0.09017920408279849,brand_fallback
LEXUS,UX 300 H,1,1,0.09017920408279849,brand_fallback
LEXUS,UX250(4WD),1,1,0.09017920408279849,brand_fallback
LEXUS,UX300 E,1,1,0.09017920408279849,brand_fallback
LEXUS,LX 470,1,1,0.09017920408279849,brand_fallback
MERCEDES BENZ,S 63,1,1,0.12597345420100622,brand_fallback
MERCEDES BENZ,S L 43 / COUPE,1,1,0.12597345420100622,brand_fallback
MERCEDES BENZ,S430,1,1,0.12597345420100622,brand_fallback
LEXUS,RX 2.0,1,1,0.09017920408279849,brand_fallback
LEXUS,RX270,1,1,0.09017920408279849,brand_fallback
LEXUS,RX350L,1,1,0.09017920408279849,brand_fallback
LEXUS,RX400,1,1,0.09017920408279849,brand_fallback
LEXUS,SC 400,1,1,0.09017920408279849,brand_fallback
LOTUS,EXIGE,1,1,0.21512886677925416,brand_fallback
MERCEDES BENZ,PICKUP,1,1,0.12597345420100622,brand_fallback
MERCEDES BENZ,R350L,1,1,0.12597345420100622,brand_fallback
MERCEDES BENZ,RSX,1,1,0.12597345420100622,brand_fallback
MERCEDES BENZ,S 320 L,1,1,0.12597345420100622,brand_fallback
MERCEDES BENZ,S 400h,1,1,0.12597345420100622,brand_fallback
MERCEDES BENZ,S 500 L,1,1,0.12597345420100622,brand_fallback
MERCEDES BENZ,S 560,1,1,0.12597345420100622,brand_fallback
LAND ROVER,LR 3,1,1,0.1276865061033145,brand_fallback
LAND ROVER,PICKUP,1,1,0.1276865061033145,brand_fallback
LAND ROVER,RANGE ROVER 4WD,1,1,0.1276865061033145,brand_fallback
LAND ROVER,RANGE ROVER VOG,1,1,0.1276865061033145,brand_fallback
LAND ROVER,UNKNOWN,1,1,0.1276865061033145,brand_fallback
LAND ROVER,VOGUE,1,1,0.1276865061033145,brand_fallback
LEAPMOTOR,C 16,1,1,0.11955800924981667,global_fallback
LEAPMOTOR,C16,1,1,0.11955800924981667,global_fallback
LEXUS,ES,1,1,0.09017920408279849,brand_fallback
LEXUS,ES 250,1,1,0.09017920408279849,brand_fallback
LEXUS,ES 300H,1,1,0.09017920408279849,brand_fallback
LEXUS,ES200,1,1,0.09017920408279849,brand_fallback
LEXUS,ES300h,1,1,0.09017920408279849,brand_fallback
LEXUS,GS 450 H,1,1,0.09017920408279849,brand_fallback
LEXUS,GX 460,1,1,0.09017920408279849,brand_fallback
LAND ROVER,FREELANDER,1,1,0.1276865061033145,brand_fallback
LEXUS,LM 300H,1,1,0.09017920408279849,brand_fallback
LEXUS,LS460L,1,1,0.09017920408279849,brand_fallback
MERCEDES BENZ,SEL 560,1,1,0.12597345420100622,brand_fallback
MERCEDES BENZ,SL280,1,1,0.12597345420100622,brand_fallback
MERCEDES BENZ,SL60 AMG,1,1,0.12597345420100622,brand_fallback
MERCEDES BENZ,SLINGSHOT S,1,1,0.12597345420100622,brand_fallback
MERCEDES BENZ,SLK 200,1,1,0.12597345420100622,brand_fallback
MERCEDES BENZ,SLK-CLASS,1,1,0.12597345420100622,brand_fallback
LEXUS,NX200,1,1,0.09017920408279849,brand_fallback
LEXUS,HARLEY DAVIDSON FAT,1,1,0.09017920408279849,brand_fallback
LEXUS,HS250H,1,1,0.09017920408279849,brand_fallback
LEXUS,IS 200T,1,1,0.09017920408279849,brand_fallback
LEXUS,IS 500,1,1,0.09017920408279849,brand_fallback
LEXUS,IS200,1,1,0.09017920408279849,brand_fallback
LEXUS,LEXUS,1,1,0.09017920408279849,brand_fallback
LEXUS,LFA,1,1,0.09017920408279849,brand_fallback
LAND ROVER,DEFENDER110,1,1,0.1276865061033145,brand_fallback
LAND ROVER,EC01,1,1,0.1276865061033145,brand_fallback
LAND ROVER,ENVISION,1,1,0.1276865061033145,brand_fallback
KIA,SIXTIES 17,1,1,0.13177905251232663,brand_fallback
KIA,SORRENTO,1,1,0.13177905251232663,brand_fallback
KIA,يونجو,1,1,0.13177905251232663,brand_fallback
KIA ,CERATO,1,1,0.13177905251232663,brand_fallback
KIA41964,SORENTO,1,1,0.11955800924981667,global_fallback
MERCEDES-BENZ,B250,1,1,0.12597345420100622,brand_fallback
Kia,Soul,1,1,0.13177905251232663,brand_fallback
LAMBORGHINI,SIAN,1,1,0.07300999819599842,brand_fallback
LANCIA,DELTA,1,1,0.11955800924981667,global_fallback
LAND ROVER,2023,1,1,0.1276865061033145,brand_fallback
LAND ROVER,DEFENDER 10,1,1,0.1276865061033145,brand_fallback
LAND ROVER,DEFENDER 90 X-DYNAMIC SE,1,1,0.1276865061033145,brand_fallback
LAND ROVER,DEFENDER/STATION,1,1,0.1276865061033145,brand_fallback
LEXUS,CH150T-34,1,1,0.09017920408279849,brand_fallback
MERCEDES BENZ,SLR,1,1,0.12597345420100622,brand_fallback
MERCEDES BENZ,V-CLASS-MPV,1,1,0.12597345420100622,brand_fallback
MERCEDES BENZ,V220 D,1,1,0.12597345420100622,brand_fallback
MERCEDES BENZ,V280,1,1,0.12597345420100622,brand_fallback
MERCEDES BENZ,اتيجو 1725,1,1,0.12597345420100622,brand_fallback
MERCEDES-BENZ,A220,1,1,0.12597345420100622,brand_fallback
MERCEDES-BENZ,A45,1,1,0.12597345420100622,brand_fallback
LEAPMOTORS,C 160,1,1,0.13014386082301965,brand_fallback
LEAPMOTORS,C11,1,1,0.13014386082301965,brand_fallback
LEOPARD,LEOPARD 5,1,1,0.11955800924981667,global_fallback
LEXUS,2005,1,1,0.09017920408279849,brand_fallback
LEXUS,200T,1,1,0.09017920408279849,brand_fallback
LEXUS,460,1,1,0.09017920408279849,brand_fallback
LEXUS,460 LS,1,1,0.09017920408279849,brand_fallback
LEXUS,ATOS,1,1,0.09017920408279849,brand_fallback
KIA,KIA SEDONA,1,1,0.13177905251232663,brand_fallback
KIA,KIA SELTOS,1,1,0.13177905251232663,brand_fallback
KIA,KIA SOUL,1,1,0.13177905251232663,brand_fallback
KIA,KX1,1,1,0.13177905251232663,brand_fallback
KIA,L9,1,1,0.13177905251232663,brand_fallback
KIA,MT-09,1,1,0.13177905251232663,brand_fallback
KIA,PICANTO HATCHBACK,1,1,0.13177905251232663,brand_fallback
KIA,PRIDE,1,1,0.13177905251232663,brand_fallback
KIA,KIA CARNIVAL,1,1,0.13177905251232663,brand_fallback
KIA,KIA K 3,1,1,0.13177905251232663,brand_fallback
KIA,KIA K 4,1,1,0.13177905251232663,brand_fallback
KIA,KIA K3,1,1,0.13177905251232663,brand_fallback
KIA,KIA K4,1,1,0.13177905251232663,brand_fallback
KIA,KIA K4000G,1,1,0.13177905251232663,brand_fallback
KIA,KIA K5,1,1,0.13177905251232663,brand_fallback
KIA,KIA RIO,1,1,0.13177905251232663,brand_fallback
MERCEDES-BENZ,CLK63 AMG,1,1,0.12597345420100622,brand_fallback
MERCEDES-BENZ,CLS500,1,1,0.12597345420100622,brand_fallback
MERCEDES-BENZ,CLS63 AMG,1,1,0.12597345420100622,brand_fallback
MERCEDES-BENZ,EQA 350,1,1,0.12597345420100622,brand_fallback
MERCEDES-BENZ,EQE 500,1,1,0.12597345420100622,brand_fallback
MERCEDES-BENZ,EQE 53 4M,1,1,0.12597345420100622,brand_fallback
MERCEDES-BENZ,GLB220,1,1,0.12597345420100622,brand_fallback
KIA,KIA CARENS,1,1,0.13177905251232663,brand_fallback
KTM,1290,1,1,0.11955800924981667,global_fallback
KTM,390 DUKE,1,1,0.11955800924981667,global_fallback
KTM,X BOW,1,1,0.11955800924981667,global_fallback
Kawasaki,KAWASAKI Z 900,1,1,0.11955800924981667,global_fallback
Kawasaki,KX250,1,1,0.11955800924981667,global_fallback
Kawasaki,KX450,1,1,0.11955800924981667,global_fallback
Kawasaki,Ninja 300,1,1,0.11955800924981667,global_fallback
Kawasaki,ZX6R,1,1,0.11955800924981667,global_fallback
JETOUR,X 70,1,1,0.07393419046285743,brand_fallback
JETOUR,X 70 PLUS,1,1,0.07393419046285743,brand_fallback
JETOUR,X70L,1,1,0.07393419046285743,brand_fallback
JINBEI,X30,1,1,0.11955800924981667,global_fallback
JMC,JX1043DSL2,1,1,0.11209304195732106,brand_fallback
JMC,JX3043XSG2,1,1,0.11209304195732106,brand_fallback
JMC,PICK UP,1,1,0.11209304195732106,brand_fallback
JMC,VIGUS,1,1,0.11209304195732106,brand_fallback
MERCEDES-BENZ,S680,1,1,0.12597345420100622,brand_fallback
MERCEDES-BENZ,SL500,1,1,0.12597345420100622,brand_fallback
MERCEDES-BENZ,SL600,1,1,0.12597345420100622,brand_fallback
MERCEDES-BENZ,VITO,1,1,0.12597345420100622,brand_fallback
MERCURY,MARINER,1,1,0.14459532721791807,brand_fallback
JETOUR,T 2/STATION,1,1,0.07393419046285743,brand_fallback
JETOUR,TRAVELLER,1,1,0.07393419046285743,brand_fallback
JETOUR,UNKNOWN,1,1,0.07393419046285743,brand_fallback
KIA,K 5,1,1,0.13177905251232663,brand_fallback
KIA,K 7,1,1,0.13177905251232663,brand_fallback
KIA,K8 SEDAN,1,1,0.13177905251232663,brand_fallback
KIA,KIA 1021,1,1,0.13177905251232663,brand_fallback
MERCEDES-BENZ,GLS400,1,1,0.12597345420100622,brand_fallback
MERCEDES-BENZ,R350,1,1,0.12597345420100622,brand_fallback
MERCEDES-BENZ,S500 L,1,1,0.12597345420100622,brand_fallback
MERCEDES-BENZ,S550,1,1,0.12597345420100622,brand_fallback
KIA,RAY,1,1,0.13177905251232663,brand_fallback
KIA,SEDONA VAN,1,1,0.13177905251232663,brand_fallback
KAIYI,X3 PRO (2WD),1,1,0.11730394642137507,brand_fallback
KIA,4000,1,1,0.13177905251232663,brand_fallback
KIA,B,1,1,0.13177905251232663,brand_fallback
KIA,GAC - EMZOOM 1.5TG GS,1,1,0.13177905251232663,brand_fallback
KIA,K 2700,1,1,0.13177905251232663,brand_fallback
KIA,K 4/SEDAN,1,1,0.13177905251232663,brand_fallback
JAC,JAC,1,1,0.0750754383262343,brand_fallback
JAC,SUNRAY MINI EURO5(BUS),1,1,0.0750754383262343,brand_fallback
JAC,VAN,1,1,0.0750754383262343,brand_fallback
JAECOO,J 8,1,1,0.14051885823628862,brand_fallback
JAECOO,J5,1,1,0.14051885823628862,brand_fallback
JAECOO,JAECOO,1,1,0.14051885823628862,brand_fallback
JAECOO,JAECOO J5 (2WD),1,1,0.14051885823628862,brand_fallback
JAECOO,JAECOO J7,1,1,0.14051885823628862,brand_fallback
JEEP,GS4,1,1,0.12447230998511988,brand_fallback
JETOUR,Dashing,1,1,0.07393419046285743,brand_fallback
JETOUR,JETOUR T2,1,1,0.07393419046285743,brand_fallback
JETOUR,JETOUR X50,1,1,0.07393419046285743,brand_fallback
JETOUR,JETOUR X70 PLUS,1,1,0.07393419046285743,brand_fallback
JETOUR,S06,1,1,0.07393419046285743,brand_fallback
JAC,J4,1,1,0.0750754383262343,brand_fallback
JAC,J7 LUXURY EURO5,1,1,0.0750754383262343,brand_fallback
MG,MG MG3,1,1,0.10393327629096116,brand_fallback
MG,MG RX 8,1,1,0.10393327629096116,brand_fallback
MG,NONE,1,1,0.10393327629096116,brand_fallback
MG,RX 5 PLUS,1,1,0.10393327629096116,brand_fallback
MG,SUV,1,1,0.10393327629096116,brand_fallback
JAGUAR,XGL,1,1,0.15187155405361596,brand_fallback
JAGUAR,XKR-S,1,1,0.15187155405361596,brand_fallback
JCB,JCB 3CX,1,1,0.11955800924981667,global_fallback
Jeep,Compass,1,1,0.12447230998511988,brand_fallback
KAIYI,KAIYI X3 PRO,1,1,0.11730394642137507,brand_fallback
KAIYI,KYD3000D1 (ELECTRIC BIKE),1,1,0.11730394642137507,brand_fallback
MG,550,1,1,0.10393327629096116,brand_fallback
MG,HS HYBRID+,1,1,0.10393327629096116,brand_fallback
MG,HS PHEV,1,1,0.10393327629096116,brand_fallback
MG,I5,1,1,0.10393327629096116,brand_fallback
MG,MG 350,1,1,0.10393327629096116,brand_fallback
ISUZU,FRR,1,1,0.06297576762044559,brand_fallback
ISUZU,FSR,1,1,0.06297576762044559,brand_fallback
ISUZU,KB,1,1,0.06297576762044559,brand_fallback
ISUZU,NPR LIGHT DUTY PICK UP,1,1,0.06297576762044559,brand_fallback
ISUZU,QKR,1,1,0.06297576762044559,brand_fallback
Infiniti,QX 70,1,1,0.1305647063818419,brand_fallback
Infiniti,QX55,1,1,0.1305647063818419,brand_fallback
JAC,2026,1,1,0.0750754383262343,brand_fallback
MITSUBISHI,1996,1,1,0.12390760216589707,brand_fallback
MITSUBISHI,1998,1,1,0.12390760216589707,brand_fallback
MITSUBISHI,1999,1,1,0.12390760216589707,brand_fallback
INFINITI,SPORTAGE,1,1,0.1305647063818419,brand_fallback
INFINITI,UNKNOWN,1,1,0.1305647063818419,brand_fallback
ISUZU,2019,1,1,0.06297576762044559,brand_fallback
ISUZU,225,1,1,0.06297576762044559,brand_fallback
ISUZU,DMAX,1,1,0.06297576762044559,brand_fallback
MINI,HARDTOP COOPER S,1,1,0.12110135307888101,brand_fallback
MINI,MINI COOPER,1,1,0.12110135307888101,brand_fallback
MINI,MINI COOPER S,1,1,0.12110135307888101,brand_fallback
MINI,MINI COUPE,1,1,0.12110135307888101,brand_fallback
MINI,MINI S COUNTRYMAN,1,1,0.12110135307888101,brand_fallback
MINI,SCION IQ,1,1,0.12110135307888101,brand_fallback
MITSUBISHI, CANTER,1,1,0.12390760216589707,brand_fallback
MITSUBISHI,1993,1,1,0.12390760216589707,brand_fallback
JAECOO,TIGGO 7 PRO,1,1,0.14051885823628862,brand_fallback
JAGUAR,DIMALER,1,1,0.15187155405361596,brand_fallback
MHERO,1,1,1,0.11955800924981667,global_fallback
MINI,2003,1,1,0.12110135307888101,brand_fallback
MINI,2013,1,1,0.12110135307888101,brand_fallback
MINI,ACEMAN,1,1,0.12110135307888101,brand_fallback
MINI,COOPER ROADSTER,1,1,0.12110135307888101,brand_fallback
MINI,COOPER S ROADSTER,1,1,0.12110135307888101,brand_fallback
INEOS ,GRENADIER,1,1,0.16829947067241577,brand_fallback
INFINITI,2001,1,1,0.1305647063818419,brand_fallback
INFINITI,37M,1,1,0.1305647063818419,brand_fallback
INFINITI,80QX,1,1,0.1305647063818419,brand_fallback
INFINITI,COUPE,1,1,0.1305647063818419,brand_fallback
HYUNDAI,STARKS,1,1,0.12337004868650599,brand_fallback
HYUNDAI,UNKNOWN,1,1,0.12337004868650599,brand_fallback
HYUNDAI2120117999,ACCENT,1,1,0.11955800924981667,global_fallback
MITSUBISHI,L 200,1,1,0.12390760216589707,brand_fallback
MITSUBISHI,L 300 ,1,1,0.12390760216589707,brand_fallback
MITSUBISHI,L200 DCAB,1,1,0.12390760216589707,brand_fallback
MITSUBISHI,L200 PICK UP,1,1,0.12390760216589707,brand_fallback
MITSUBISHI,MITSUBISHI ATTRAGE,1,1,0.12390760216589707,brand_fallback
Honda,S2000,1,1,0.1231840170973961,brand_fallback
Hyundai,GRAND SANTA FE,1,1,0.12337004868650599,brand_fallback
Hyundai,i30,1,1,0.12337004868650599,brand_fallback
INFINITI,Q45,1,1,0.1305647063818419,brand_fallback
MITSUBISHI,CANTER PICKUP CRANE,1,1,0.12390760216589707,brand_fallback
MITSUBISHI,CANTER VAN,1,1,0.12390760216589707,brand_fallback
MITSUBISHI,FORTIS,1,1,0.12390760216589707,brand_fallback
MITSUBISHI,FOZO,1,1,0.12390760216589707,brand_fallback
MITSUBISHI,FUSO BA,1,1,0.12390760216589707,brand_fallback
MITSUBISHI,G. V. W,1,1,0.12390760216589707,brand_fallback
MITSUBISHI,GT 3000,1,1,0.12390760216589707,brand_fallback
JAC,HFC 1062,1,1,0.0750754383262343,brand_fallback
JAC,HFC1062,1,1,0.0750754383262343,brand_fallback
INFINITI,G 25 S/SEDAN,1,1,0.1305647063818419,brand_fallback
INFINITI,I 35,1,1,0.1305647063818419,brand_fallback
INFINITI,JX 35,1,1,0.1305647063818419,brand_fallback
INFINITI,M 56,1,1,0.1305647063818419,brand_fallback
INFINITI,Q 50,1,1,0.1305647063818419,brand_fallback
INFINITI,Q40,1,1,0.1305647063818419,brand_fallback
HYUNDAI,HD72,1,1,0.12337004868650599,brand_fallback
HYUNDAI,HYUNDAI,1,1,0.12337004868650599,brand_fallback
HYUNDAI,HYUNDAI ELANTRA,1,1,0.12337004868650599,brand_fallback
HYUNDAI,I 10,1,1,0.12337004868650599,brand_fallback
HYUNDAI,IX35,1,1,0.12337004868650599,brand_fallback
HYUNDAI,LF7153D,1,1,0.12337004868650599,brand_fallback
HYUNDAI,LIONIQ,1,1,0.12337004868650599,brand_fallback
HYUNDAI,MAXCRUZ,1,1,0.12337004868650599,brand_fallback
MITSUBISHI,SIERRA,1,1,0.12390760216589707,brand_fallback
MITSUBISHI,بيك اب شحن,1,1,0.12390760216589707,brand_fallback
MORGAN,MIDSUMMER,1,1,0.11955800924981667,global_fallback
MORGAN,SUPERSPORT,1,1,0.11955800924981667,global_fallback
Maserati,QUATTROPORTE,1,1,0.14672776868334259,brand_fallback
HYUNDAI,HD 46 PICK UP CARGO,1,1,0.12337004868650599,brand_fallback
HYUNDAI,HD 66,1,1,0.12337004868650599,brand_fallback
HYUNDAI,HD 72,1,1,0.12337004868650599,brand_fallback
Honda,CR-V,1,1,0.1231840170973961,brand_fallback
Honda,Jazz,1,1,0.1231840170973961,brand_fallback
MITSUBISHI,MITSUBISHI MONTE,1,1,0.12390760216589707,brand_fallback
MITSUBISHI,MODEL 1990,1,1,0.12390760216589707,brand_fallback
MITSUBISHI,MONTERO,1,1,0.12390760216589707,brand_fallback
MITSUBISHI,OUTLANDER PHEV,1,1,0.12390760216589707,brand_fallback
MITSUBISHI,OUTLANDER SUV,1,1,0.12390760216589707,brand_fallback
MITSUBISHI,ROZA,1,1,0.12390760216589707,brand_fallback
Harley-Davidson,FLHTK,1,1,0.00025028169612117956,brand_fallback
Harley-Davidson,FLHXS,1,1,0.00025028169612117956,brand_fallback
Harley-Davidson,HARLEY DAVIDSON X,1,1,0.00025028169612117956,brand_fallback
Harley-Davidson,SPORTSTER CUSTOM XL 883,1,1,0.00025028169612117956,brand_fallback
Harley-Davidson,Street Bob,1,1,0.00025028169612117956,brand_fallback
Honda,125,1,1,0.1231840170973961,brand_fallback
Honda,CBF,1,1,0.1231840170973961,brand_fallback
Honda,CITY,1,1,0.1231840170973961,brand_fallback
HYUNDAI,HD 46,1,1,0.12337004868650599,brand_fallback
NISSAN,2010,1,1,0.1004303758044057,brand_fallback
NISSAN,2013,1,1,0.1004303758044057,brand_fallback
NISSAN,2014,1,1,0.1004303758044057,brand_fallback
NISSAN,2016,1,1,0.1004303758044057,brand_fallback
NISSAN,2400 PICK UP CARGO,1,1,0.1004303758044057,brand_fallback
NISSAN,ALTIMA SV,1,1,0.1004303758044057,brand_fallback
NISSAN,CEDRIC,1,1,0.1004303758044057,brand_fallback
NISSAN,2006,1,1,0.1004303758044057,brand_fallback
HYUNDAI,AVANTY,1,1,0.12337004868650599,brand_fallback
HYUNDAI,G80,1,1,0.12337004868650599,brand_fallback
HYUNDAI,GENESIS G70,1,1,0.12337004868650599,brand_fallback
HYUNDAI,GRAND YUOR / SEDAN,1,1,0.12337004868650599,brand_fallback
HYUNDAI,GRANDEUR SEDAN,1,1,0.12337004868650599,brand_fallback
HYUNDAI,Grand I10,1,1,0.12337004868650599,brand_fallback
HYUNDAI,H-65D,1,1,0.12337004868650599,brand_fallback
NIO,ET9,1,1,0.218559218559218,brand_fallback
NIO,NIO ET 5,1,1,0.218559218559218,brand_fallback
NISSAN,1200 GX,1,1,0.1004303758044057,brand_fallback
NISSAN,1200gx,1,1,0.1004303758044057,brand_fallback
NISSAN,1991,1,1,0.1004303758044057,brand_fallback
NISSAN,1993,1,1,0.1004303758044057,brand_fallback
NISSAN,1994,1,1,0.1004303758044057,brand_fallback
NISSAN,1996,1,1,0.1004303758044057,brand_fallback
HYUNDAI,SANTAFE,1,1,0.12337004868650599,brand_fallback
HYUNDAI,SANTEFY,1,1,0.12337004868650599,brand_fallback
HYUNDAI,STAREX VAN,1,1,0.12337004868650599,brand_fallback
Mazda,CX-60,1,1,0.11004936841493905,brand_fallback
Mazda,CX-90,1,1,0.11004936841493905,brand_fallback
Mini,CLUBMAN,1,1,0.12110135307888101,brand_fallback
Mitsubishi,L200,1,1,0.12390760216589707,brand_fallback
NIO,1,1,1,0.218559218559218,brand_fallback
HYUNDAI,2016,1,1,0.12337004868650599,brand_fallback
NISSAN,MAXIMA G 30,1,1,0.1004303758044057,brand_fallback
NISSAN,MAXSMA,1,1,0.1004303758044057,brand_fallback
NISSAN,MICRO,1,1,0.1004303758044057,brand_fallback
NISSAN,MITSUOKA,1,1,0.1004303758044057,brand_fallback
NISSAN,MORANOA,1,1,0.1004303758044057,brand_fallback
NISSAN,MT,1,1,0.1004303758044057,brand_fallback
NISSAN,NISMO,1,1,0.1004303758044057,brand_fallback
HONDA,دراجة توصيل طلبات,1,1,0.1231840170973961,brand_fallback
HONDA,يونيكورن 160,1,1,0.1231840170973961,brand_fallback
HONGQI,H 9,1,1,0.03275830076479474,brand_fallback
HONGQI,HONGQI H9,1,1,0.03275830076479474,brand_fallback
HUMMER,HUMMER H2,1,1,0.1953370305296245,brand_fallback
HYCAN,V09,1,1,0.11955800924981667,global_fallback
HYUNDAI,2008,1,1,0.12337004868650599,brand_fallback
HYUNDAI,2012,1,1,0.12337004868650599,brand_fallback
NISSAN,LKE 210,1,1,0.1004303758044057,brand_fallback
NISSAN,MAX 180,1,1,0.1004303758044057,brand_fallback
HONDA,UNICORN 160,1,1,0.1231840170973961,brand_fallback
HONDA,UNICORN 180,1,1,0.1231840170973961,brand_fallback
HONDA,UNKNOWN,1,1,0.1231840170973961,brand_fallback
HONDA,VESPA VXL,1,1,0.1231840170973961,brand_fallback
HONDA,VXL 150,1,1,0.1231840170973961,brand_fallback
HONDA,YULIKORN 160,1,1,0.1231840170973961,brand_fallback
NISSAN,CUBE,1,1,0.1004303758044057,brand_fallback
NISSAN,DIESEL UD,1,1,0.1004303758044057,brand_fallback
NISSAN,E25,1,1,0.1004303758044057,brand_fallback
NISSAN,ENCLAVE,1,1,0.1004303758044057,brand_fallback
NISSAN,G70,1,1,0.1004303758044057,brand_fallback
NISSAN,KICKS 20SVUPPER,1,1,0.1004303758044057,brand_fallback
NISSAN,L200,1,1,0.1004303758044057,brand_fallback
NISSAN,LIVINA,1,1,0.1004303758044057,brand_fallback
HONDA,HONDA TRANSIT,1,1,0.1231840170973961,brand_fallback
HONDA,HR (4WD),1,1,0.1231840170973961,brand_fallback
HONDA,HR V,1,1,0.1231840170973961,brand_fallback
HONDA,MSX125,1,1,0.1231840170973961,brand_fallback
HONDA,PCX 150,1,1,0.1231840170973961,brand_fallback
HONDA,SEDAN,1,1,0.1231840170973961,brand_fallback
HONDA,STREAM,1,1,0.1231840170973961,brand_fallback
HONDA,UNCORN,1,1,0.1231840170973961,brand_fallback
HONDA,GL1800,1,1,0.1231840170973961,brand_fallback
HONDA,GOLDEN 1,1,1,0.1231840170973961,brand_fallback
HONDA,Gold Wing GL1800,1,1,0.1231840170973961,brand_fallback
HONDA,HATCHBACK,1,1,0.1231840170973961,brand_fallback
HONDA,HONDA,1,1,0.1231840170973961,brand_fallback
HONDA,HONDA ACCORD COUPE,1,1,0.1231840170973961,brand_fallback
HONDA,HONDA INSIGHT,1,1,0.1231840170973961,brand_fallback
HONDA,HONDA ODYSSEY,1,1,0.1231840170973961,brand_fallback
NISSAN,NISSAN SUNNY,1,1,0.1004303758044057,brand_fallback
NISSAN,NISSAN SUNNY 1.3,1,1,0.1004303758044057,brand_fallback
NISSAN,NISSAN TITAN,1,1,0.1004303758044057,brand_fallback
NISSAN,NISSAN Z,1,1,0.1004303758044057,brand_fallback
NISSAN,NISSAN Z 370,1,1,0.1004303758044057,brand_fallback
NISSAN,NISSEN DIESEL UD,1,1,0.1004303758044057,brand_fallback
NISSAN,NV3500,1,1,0.1004303758044057,brand_fallback
HONDA,GL 1800,1,1,0.1231840170973961,brand_fallback
NISSAN,NISSAN / CEDRICK,1,1,0.1004303758044057,brand_fallback
NISSAN,NISSAN 2000,1,1,0.1004303758044057,brand_fallback
NISSAN,NISSAN 2400,1,1,0.1004303758044057,brand_fallback
NISSAN,NISSAN ARMADA,1,1,0.1004303758044057,brand_fallback
NISSAN,NISSAN JUKE STATION,1,1,0.1004303758044057,brand_fallback
NISSAN,NISSAN MAGNITE,1,1,0.1004303758044057,brand_fallback
NISSAN,NISSAN PATROL SUPER SAFARI,1,1,0.1004303758044057,brand_fallback
NISSAN,NISSAN SENTRA,1,1,0.1004303758044057,brand_fallback
HONDA,0.06 G,1,1,0.1231840170973961,brand_fallback
HONDA,0.60 G,1,1,0.1231840170973961,brand_fallback
HONDA,ACURA,1,1,0.1231840170973961,brand_fallback
HONDA,ALTIMA,1,1,0.1231840170973961,brand_fallback
HONDA,Acura,1,1,0.1231840170973961,brand_fallback
HONDA,CB UNICORN,1,1,0.1231840170973961,brand_fallback
HONDA,CBF 125,1,1,0.1231840170973961,brand_fallback
HONDA,CMX 500,1,1,0.1231840170973961,brand_fallback
HINO,300 PICK UP CARGO,1,1,0.20495657853096447,brand_fallback
HINO,300 SERIES 917 XLWB EURO 5,1,1,0.20495657853096447,brand_fallback
HINO,711,1,1,0.20495657853096447,brand_fallback
HINO,DUTRO,1,1,0.20495657853096447,brand_fallback
HINO ,300,1,1,0.20495657853096447,brand_fallback
HIPHI,HIPHI X,1,1,0.11955800924981667,global_fallback
HIPHI,HIPHIX,1,1,0.11955800924981667,global_fallback
HIPHI,Z,1,1,0.11955800924981667,global_fallback
NISSAN,PK 210,1,1,0.1004303758044057,brand_fallback
NISSAN,PREFACE,1,1,0.1004303758044057,brand_fallback
NISSAN,RANGE ROVER VELAR,1,1,0.1004303758044057,brand_fallback
NISSAN,RICH,1,1,0.1004303758044057,brand_fallback
NISSAN,ROCKY,1,1,0.1004303758044057,brand_fallback
NISSAN,RX350,1,1,0.1004303758044057,brand_fallback
NISSAN,SCION TC,1,1,0.1004303758044057,brand_fallback
NISSAN,SILVIA,1,1,0.1004303758044057,brand_fallback
NISSAN,NX 350 H,1,1,0.1004303758044057,brand_fallback
NISSAN,OTHERS,1,1,0.1004303758044057,brand_fallback
NISSAN,PATGAL,1,1,0.1004303758044057,brand_fallback
NISSAN,PATROL 4X4 SUV,1,1,0.1004303758044057,brand_fallback
NISSAN,PATROL SE,1,1,0.1004303758044057,brand_fallback
NISSAN,PATROL STATION,1,1,0.1004303758044057,brand_fallback
NISSAN,PATROL/JEEP,1,1,0.1004303758044057,brand_fallback
NISSAN,PATROLYYYY,1,1,0.1004303758044057,brand_fallback
GWM - WEY,GAOSHAN,1,1,0.11955800924981667,global_fallback
Geely,EM GRAND,1,1,0.12516586439000715,brand_fallback
Geely,GEOMETRY C,1,1,0.12516586439000715,brand_fallback
Geely,STARRAY,1,1,0.12516586439000715,brand_fallback
HAVAL,6H,1,1,0.11993479708411607,brand_fallback
HAVAL,H6 SPORT,1,1,0.11993479708411607,brand_fallback
HAVAL,HAVAL,1,1,0.11993479708411607,brand_fallback
HAVAL,HAVAL H,1,1,0.11993479708411607,brand_fallback
NISSAN,V7 SPECIAL SILVER,1,1,0.1004303758044057,brand_fallback
NISSAN,VANDERHALL CARM,1,1,0.1004303758044057,brand_fallback
NISSAN,VESPA 150,1,1,0.1004303758044057,brand_fallback
NISSAN,VISION,1,1,0.1004303758044057,brand_fallback
NISSAN,VOGUE,1,1,0.1004303758044057,brand_fallback
GREAT WALL,TALK 300-8,1,1,0.08395278302256816,brand_fallback
GREAT WALL,TANK 3,1,1,0.08395278302256816,brand_fallback
GREAT WALL,TANK500,1,1,0.08395278302256816,brand_fallback
NISSAN,SUNNY SV 1.5 AT,1,1,0.1004303758044057,brand_fallback
NISSAN,SX 240,1,1,0.1004303758044057,brand_fallback
NISSAN,SX 240 COUPE,1,1,0.1004303758044057,brand_fallback
NISSAN,SYLPHY,1,1,0.1004303758044057,brand_fallback
NISSAN,TIIDA SEDAN,1,1,0.1004303758044057,brand_fallback
NISSAN,TRANS,1,1,0.1004303758044057,brand_fallback
NISSAN,UD,1,1,0.1004303758044057,brand_fallback
NISSAN,URVAN/VAN,1,1,0.1004303758044057,brand_fallback
HONDA,CRX,1,1,0.1231840170973961,brand_fallback
HONDA,E NS1,1,1,0.1231840170973961,brand_fallback
HONDA,ELEMENT,1,1,0.1231840170973961,brand_fallback
HONDA,ENS 1,1,1,0.1231840170973961,brand_fallback
HONDA,ENS1,1,1,0.1231840170973961,brand_fallback
NISSAN,SLING SHOT,1,1,0.1004303758044057,brand_fallback
NISSAN,STAGEA,1,1,0.1004303758044057,brand_fallback
NISSAN,STATION,1,1,0.1004303758044057,brand_fallback
GEELY,CRUZE,1,1,0.12516586439000715,brand_fallback
GEELY,EC 7,1,1,0.12516586439000715,brand_fallback
GEELY,EC7,1,1,0.12516586439000715,brand_fallback
GEELY,EMGRAND 7RV,1,1,0.12516586439000715,brand_fallback
GEELY,EMGRAND GC7,1,1,0.12516586439000715,brand_fallback
GEELY,GC2,1,1,0.12516586439000715,brand_fallback
GEELY,GC6,1,1,0.12516586439000715,brand_fallback
GEELY,ني ام جراند,1,1,0.12516586439000715,brand_fallback
GMC,GMC 01,1,1,0.13324736933338663,brand_fallback
GMC,SAVANA(VAN),1,1,0.13324736933338663,brand_fallback
GPX,DEMON 200CC,1,1,0.11955800924981667,global_fallback
GREAT WALL,2014,1,1,0.08395278302256816,brand_fallback
GREAT WALL,D150,1,1,0.08395278302256816,brand_fallback
GREAT WALL,HILUX,1,1,0.08395278302256816,brand_fallback
GREAT WALL,KINGKONG,1,1,0.08395278302256816,brand_fallback
GREAT WALL,PICK UP DOUBLE CABIN,1,1,0.08395278302256816,brand_fallback
NISSAN,صني 1.5,1,1,0.1004303758044057,brand_fallback
NISSAN071244AA,PATROL,1,1,0.11955800924981667,global_fallback
Nissan,Juke,1,1,0.1004303758044057,brand_fallback
OMODA,7,1,1,0.33323343323343435,brand_fallback
OPEL,CASCADA,1,1,0.12463352936734048,brand_fallback
GMC,400,1,1,0.13324736933338663,brand_fallback
GMC,ACADIA DENALI,1,1,0.13324736933338663,brand_fallback
GMC,GMC,1,1,0.13324736933338663,brand_fallback
HAVAL,Jolion,1,1,0.11993479708411607,brand_fallback
HAVAL,RAPTOR,1,1,0.11993479708411607,brand_fallback
HAVAL,V7,1,1,0.11993479708411607,brand_fallback
NISSAN,XA,1,1,0.1004303758044057,brand_fallback
NISSAN,XL 883 N,1,1,0.1004303758044057,brand_fallback
NISSAN,XTRAIL,1,1,0.1004303758044057,brand_fallback
NISSAN,XXXXXXXXXX,1,1,0.1004303758044057,brand_fallback
NISSAN,صني 1.4,1,1,0.1004303758044057,brand_fallback
FOTON,BJ65496 VIEW CS2 HR,1,1,0.15830231787826107,brand_fallback
Ford,Escort,1,1,0.1437659706771926,brand_fallback
Ford,F-150,1,1,0.1437659706771926,brand_fallback
FORD,F 150,1,1,0.1437659706771926,brand_fallback
FORD,F 150 RAPTOR SHELBY,1,1,0.1437659706771926,brand_fallback
FORD,F 250 (PICK UP),1,1,0.1437659706771926,brand_fallback
FORD,F 350 XL,1,1,0.1437659706771926,brand_fallback
FORD,F-250 PICKUP,1,1,0.1437659706771926,brand_fallback
PEUGEOT,BOXER FT35,1,1,0.13572260953087542,brand_fallback
PEUGEOT,LAND REK - X MT,1,1,0.13572260953087542,brand_fallback
PEUGEOT,PARTNER L2 P,1,1,0.13572260953087542,brand_fallback
FORD,WINNEBAGO MOTOR HOME,1,1,0.1437659706771926,brand_fallback
FORD2140777009,MUSTANG,1,1,0.11955800924981667,global_fallback
FORTHING,V9,1,1,0.1082072426655293,brand_fallback
FOTON,BJ41896 AUMAN GTL E,1,1,0.15830231787826107,brand_fallback
FOTON,BJ6549 C5,1,1,0.15830231787826107,brand_fallback
GEELY,7,1,1,0.12516586439000715,brand_fallback
GEELY,COOLRAY 1.5 GL,1,1,0.12516586439000715,brand_fallback
Opel,Mokka,1,1,0.12463352936734048,brand_fallback
PADAR,KINGKONG (PICKUP),1,1,0.11955800924981667,global_fallback
PAGANI,HUAYRA,1,1,0.11955800924981667,global_fallback
PAGANI ,UTOPIA,1,1,0.11955800924981667,global_fallback
PEUGEOT,307 SW,1,1,0.13572260953087542,brand_fallback
PEUGEOT,607,1,1,0.13572260953087542,brand_fallback
GAC,AION,1,1,0.1279597189736493,brand_fallback
GAC,AION Y,1,1,0.1279597189736493,brand_fallback
GAC,GS3 EMZOOM 1.5TG GB,1,1,0.1279597189736493,brand_fallback
GAC,HACROB3151075855,1,1,0.1279597189736493,brand_fallback
GAC,HYPTEC HT,1,1,0.1279597189736493,brand_fallback
GAC,TRIUMPCHI GA3S,1,1,0.1279597189736493,brand_fallback
GEELY,2025,1,1,0.12516586439000715,brand_fallback
GEELY,2GX,1,1,0.12516586439000715,brand_fallback
FIAT,LOUNGE,1,1,0.09903879103598306,brand_fallback
FORCE,TRAVELLER,1,1,0.11955800924981667,global_fallback
FORD,500,1,1,0.1437659706771926,brand_fallback
FORD,COUPE,1,1,0.1437659706771926,brand_fallback
FORD,E450 SUPER DUTY (MOTORHOME),1,1,0.1437659706771926,brand_fallback
FORD,ECONOLINE,1,1,0.1437659706771926,brand_fallback
FORD,EXPEDITION   EL,1,1,0.1437659706771926,brand_fallback
FERRARI,12CILINDRI,1,1,0.09866988674171298,brand_fallback
PROTON,GEN-2,1,1,0.11955800924981667,global_fallback
PROTON,PERSONA,1,1,0.11955800924981667,global_fallback
Peugeot,2008,1,1,0.13572260953087542,brand_fallback
Peugeot,308,1,1,0.13572260953087542,brand_fallback
FIAT,ABARTH 695,1,1,0.09903879103598306,brand_fallback
FIAT,DOBLO,1,1,0.09903879103598306,brand_fallback
FIAT,FIAT 500,1,1,0.09903879103598306,brand_fallback
FIAT,FIAT SPIDER 661,1,1,0.09903879103598306,brand_fallback
FORD,UNKNOWN,1,1,0.1437659706771926,brand_fallback
POLESTAR,MY22,1,1,0.2999191764748282,brand_fallback
POLESTAR,POLESTAR 3,1,1,0.2999191764748282,brand_fallback
PONTIAC,FIREBIRD,1,1,0.11955800924981667,global_fallback
PONTICA,TRANS AM,1,1,0.11955800924981667,global_fallback
PORSCHE,911 CARRERA,1,1,0.11656361342109448,brand_fallback
PORSCHE,964,1,1,0.11656361342109448,brand_fallback
PREVOST,LIBERTY,1,1,0.11955800924981667,global_fallback
FORD,F-450,1,1,0.1437659706771926,brand_fallback
FORD,F600,1,1,0.1437659706771926,brand_fallback
FORD,F600 ENTEGRA ESTEEM XL 33F (MOTORHOME),1,1,0.1437659706771926,brand_fallback
FORD,FIVE HUNDRED,1,1,0.1437659706771926,brand_fallback
FORD,MUSTANG MACH E,1,1,0.1437659706771926,brand_fallback
FORD,SIXTIES,1,1,0.1437659706771926,brand_fallback
FORD,TOURNEO CUSTOM,1,1,0.1437659706771926,brand_fallback
FORD,TRAVELLER,1,1,0.1437659706771926,brand_fallback
EXEED,EXEED LX,1,1,0.05724401015720816,brand_fallback
EXEED,EXEED RX,1,1,0.05724401015720816,brand_fallback
EXEED,RX ,1,1,0.05724401015720816,brand_fallback
EXEED,RX 2.0 T,1,1,0.05724401015720816,brand_fallback
EXEED,RX PHEV,1,1,0.05724401015720816,brand_fallback
EXEED,ex,1,1,0.05724401015720816,brand_fallback
EXEED,rx,1,1,0.05724401015720816,brand_fallback
Exeed,LX,1,1,0.05724401015720816,brand_fallback
RENAULT,RENAULT EXPRESS,1,1,0.13725598274679637,brand_fallback
RENAULT,SANDERO,1,1,0.13725598274679637,brand_fallback
DONGFENG,ZN1032UCM5A,1,1,-0.04659982459882944,brand_fallback
DONGFENG eπ,MAGE,1,1,0.11955800924981667,global_fallback
DONGFENG-XIAOKA,C35,1,1,0.11955800924981667,global_fallback
DORCEN,DOMY X7,1,1,0.11955800924981667,global_fallback
Dodge,Neon,1,1,0.1523329377469475,brand_fallback
Ducati,DUCATI PANIGALE 959,1,1,0.11955800924981667,global_fallback
QINGLING,KV 100 QL,1,1,0.11955800924981667,global_fallback
RABDAN,FREE,1,1,-0.005893966668601758,brand_fallback
RABDAN,SEVEN,1,1,-0.005893966668601758,brand_fallback
RAM,RAM RAM PICKUP 15,1,1,0.14175584162113797,brand_fallback
RANGE ROVER,VOGUE,1,1,0.11955800924981667,global_fallback
RENAULT,EXPRESS EX(VAN),1,1,0.13725598274679637,brand_fallback
RENAULT,GRAND SCENIC,1,1,0.13725598274679637,brand_fallback
RENAULT,MASTER L4H3457,1,1,0.13725598274679637,brand_fallback
FERRARI,812 GTS,1,1,0.09866988674171298,brand_fallback
FERRARI,DAYTONA S,1,1,0.09866988674171298,brand_fallback
FERRARI,DAYTONA SP3,1,1,0.09866988674171298,brand_fallback
FERRARI,F575M,1,1,0.09866988674171298,brand_fallback
FERRARI,F8_TRIBUTO,1,1,0.09866988674171298,brand_fallback
FERRARI,FERRARI SUPERFAST,1,1,0.09866988674171298,brand_fallback
FERRARI,GTB 599,1,1,0.09866988674171298,brand_fallback
FIAT,124 SPIDER,1,1,0.09903879103598306,brand_fallback
DONGFENG,LIGHT PICKUP,1,1,-0.04659982459882944,brand_fallback
DONGFENG,M HERO,1,1,-0.04659982459882944,brand_fallback
DONGFENG,MAGE,1,1,-0.04659982459882944,brand_fallback
DONGFENG,P16-111,1,1,-0.04659982459882944,brand_fallback
DONGFENG,PICK UP,1,1,-0.04659982459882944,brand_fallback
DONGFENG,PICKUP,1,1,-0.04659982459882944,brand_fallback
DONGFENG,RICH 7,1,1,-0.04659982459882944,brand_fallback
DONGFENG,SHINE MAX,1,1,-0.04659982459882944,brand_fallback
DODGE,MAGNUM,1,1,0.1523329377469475,brand_fallback
DODGE,RAM 1500,1,1,0.1523329377469475,brand_fallback
DODGE ,RAM,1,1,0.1523329377469475,brand_fallback
DONGFENG,2025,1,1,-0.04659982459882944,brand_fallback
DONGFENG,7,1,1,-0.04659982459882944,brand_fallback
DONGFENG,A X 7,1,1,-0.04659982459882944,brand_fallback
DONGFENG,DONGFENG HERO,1,1,-0.04659982459882944,brand_fallback
DONGFENG,H30 CROSS,1,1,-0.04659982459882944,brand_fallback
ROX,ROX - JISHI,1,1,0.1509097161787536,brand_fallback
ROX,ROX - JISHI 2012WD,1,1,0.1509097161787536,brand_fallback
ROX,ROX 01,1,1,0.1509097161787536,brand_fallback
ROX,ROX 01-(ELECTRIC ROAD VEHICLE),1,1,0.1509097161787536,brand_fallback
Renault,ARKANA,1,1,0.13725598274679637,brand_fallback
Renault,CAPTUR,1,1,0.13725598274679637,brand_fallback
Renault,Clio,1,1,0.13725598274679637,brand_fallback
DODGE,HORNET GT,1,1,0.1523329377469475,brand_fallback
FAW,BESTURN B50,1,1,0.11955800924981667,global_fallback
FAW,BESTURN X40,1,1,0.11955800924981667,global_fallback
RIVIAN,R1S,1,1,0.03339428575225356,brand_fallback
ROLLS ROYCE,DAWN COUPE,1,1,0.1188438494915723,brand_fallback
ROX,2025,1,1,0.1509097161787536,brand_fallback
ROX,JISHI 01,1,1,0.1509097161787536,brand_fallback
ROX,ROX,1,1,0.1509097161787536,brand_fallback
ROX,ROX - 1,1,1,0.1509097161787536,brand_fallback
DEEPAL,S09,1,1,0.16593555272509056,brand_fallback
DFSK,FENGON 600,1,1,0.17912370959016594,brand_fallback
DFSK,FENGON C31,1,1,0.17912370959016594,brand_fallback
DFSK,FENGON GLORY 580,1,1,0.17912370959016594,brand_fallback
DODGE,1500,1,1,0.1523329377469475,brand_fallback
DODGE,CARAVAN,1,1,0.1523329377469475,brand_fallback
DODGE,DODGE DURANGO,1,1,0.1523329377469475,brand_fallback
SKODA,KAMIQ AMBITI,1,1,0.12240738327579385,brand_fallback
SHARMAX,GL570 ULTRA,1,1,0.11955800924981667,global_fallback
SHARMAX,Vespito,1,1,0.11955800924981667,global_fallback
SINOTRUK,DP 25 NT,1,1,0.11955800924981667,global_fallback
SINOTRUK,SITRAK (TRACTOR),1,1,0.11955800924981667,global_fallback
SKODA,ACTIVIA,1,1,0.12240738327579385,brand_fallback
DAIHATSU,DAIHATSU,1,1,-0.15608779280130997,brand_fallback
DAIHATSU,EVIO,1,1,-0.15608779280130997,brand_fallback
DAIHATSU,GRAND MAX,1,1,-0.15608779280130997,brand_fallback
SANDSTORM,ALREEM,1,1,0.11955800924981667,global_fallback
SANDSTORM,S 24,1,1,0.11955800924981667,global_fallback
SANYA,150T,1,1,0.11955800924981667,global_fallback
SEAT,ALHAMBRA,1,1,0.07553015536725821,brand_fallback
SEAT,EXEO,1,1,0.07553015536725821,brand_fallback
SHARM,RR 801 V,1,1,0.11955800924981667,global_fallback
SHARMAX,ENDURO 250,1,1,0.11955800924981667,global_fallback
SHARMAX,GL 400,1,1,0.11955800924981667,global_fallback
DONGFENG,TRANSPORTER T5,1,1,-0.04659982459882944,brand_fallback
DONGFENG,U-TOUR,1,1,-0.04659982459882944,brand_fallback
DONGFENG,Z9,1,1,-0.04659982459882944,brand_fallback
Renault,Fluence,1,1,0.13725598274679637,brand_fallback
Renault,Talisman,1,1,0.13725598274679637,brand_fallback
Royal Enfield,Bullet 350,1,1,0.11955800924981667,global_fallback
SAIC,IMLS6,1,1,0.11955800924981667,global_fallback
SAIC,RISING R7,1,1,0.11955800924981667,global_fallback
Citroen,C4,1,1,0.1090162284147051,brand_fallback
Citroen,C5 AIRCROSS,1,1,0.1090162284147051,brand_fallback
CHRYSLER,C300,1,1,0.1419743582981477,brand_fallback
CHRYSLER,CHRYSLER TWON ANC,1,1,0.1419743582981477,brand_fallback
CHRYSLER,PROWLER,1,1,0.1419743582981477,brand_fallback
CHRYSLER,SEBRING,1,1,0.1419743582981477,brand_fallback
CHRYSLER,TOWN & COUNTRY,1,1,0.1419743582981477,brand_fallback
CITROEN,C 3,1,1,0.1090162284147051,brand_fallback
CMC,FEREECA,1,1,0.09132748770335243,brand_fallback
CMC,PANEL VAN,1,1,0.09132748770335243,brand_fallback
Cadillac,ATS,1,1,0.1346695538846248,brand_fallback
Cadillac,CT4,1,1,0.1346695538846248,brand_fallback
Cadillac,CT6,1,1,0.1346695538846248,brand_fallback
Cadillac,XT5,1,1,0.1346695538846248,brand_fallback
Chevrolet,CRUZE,1,1,0.13566172630902404,brand_fallback
Chrysler,300 C,1,1,0.1419743582981477,brand_fallback
SMART,SMART S2,1,1,0.18592378984349878,brand_fallback
SMART,UNKNOWN,1,1,0.18592378984349878,brand_fallback
SOUEAST,DX 5,1,1,0.1601406762052924,brand_fallback
SOUEAST,DX8S,1,1,0.1601406762052924,brand_fallback
SOUEAST,SO6,1,1,0.1601406762052924,brand_fallback
CMC,7Z,1,1,0.09132748770335243,brand_fallback
CMC,D260 PANEL VAN,1,1,0.09132748770335243,brand_fallback
CMC,ENVOY,1,1,0.09132748770335243,brand_fallback
SKODA,RABED,1,1,0.12240738327579385,brand_fallback
SKODA,ROOMSTER,1,1,0.12240738327579385,brand_fallback
SKODA,SKODA 0,1,1,0.12240738327579385,brand_fallback
SMART,#3,1,1,0.18592378984349878,brand_fallback
SMART,ELF5,1,1,0.18592378984349878,brand_fallback
SMART,S2,1,1,0.18592378984349878,brand_fallback
SMART,SMART ELF5,1,1,0.18592378984349878,brand_fallback
SMART,SMART S 2,1,1,0.18592378984349878,brand_fallback
SUZUKI,GSXR 1000,1,1,0.09761976604793722,brand_fallback
SUZUKI,GSXR1000,1,1,0.09761976604793722,brand_fallback
SUZUKI,GSXR600,1,1,0.09761976604793722,brand_fallback
SUZUKI,S.PRESSO,1,1,0.09761976604793722,brand_fallback
SUZUKI,SKY WAVE,1,1,0.09761976604793722,brand_fallback
SUZUKI,SKYWAVE,1,1,0.09761976604793722,brand_fallback
SUZUKI,SPORT,1,1,0.09761976604793722,brand_fallback
SUZUKI,SPRESSO,1,1,0.09761976604793722,brand_fallback
SUZUKI,ESCUDO JEEP,1,1,0.09761976604793722,brand_fallback
SUZUKI,G,1,1,0.09761976604793722,brand_fallback
SUZUKI,GRAND VITA,1,1,0.09761976604793722,brand_fallback
SUZUKI,GSX R600K8,1,1,0.09761976604793722,brand_fallback
SUZUKI,GSX-S125,1,1,0.09761976604793722,brand_fallback
SUZUKI,GSX1300R,1,1,0.09761976604793722,brand_fallback
SUZUKI,GSX1300R HAYABUSA (MOTORCYCLE),1,1,0.09761976604793722,brand_fallback
SUZUKI,GSX1300RRQ MOTOR CYCLE,1,1,0.09761976604793722,brand_fallback
CITROEN,JUMPY PANEL VAN XL,1,1,0.1090162284147051,brand_fallback
SUBARU,BAJA,1,1,0.12473015703757243,brand_fallback
SUBARU,WRX STI,1,1,0.12473015703757243,brand_fallback
SUZUKI,2023,1,1,0.09761976604793722,brand_fallback
SUZUKI,400 CC,1,1,0.09761976604793722,brand_fallback
SUZUKI,CAARY,1,1,0.09761976604793722,brand_fallback
SUZUKI,CAPPUCCINO,1,1,0.09761976604793722,brand_fallback
SUZUKI,DT175,1,1,0.09761976604793722,brand_fallback
CITROEN,C-ELYSEE,1,1,0.1090162284147051,brand_fallback
CITROEN,C3,1,1,0.1090162284147051,brand_fallback
CITROEN,C4 AIRCROSS,1,1,0.1090162284147051,brand_fallback
CITROEN,C4X,1,1,0.1090162284147051,brand_fallback
CITROEN,CITROEN C3,1,1,0.1090162284147051,brand_fallback
CITROEN,DS,1,1,0.1090162284147051,brand_fallback
CITROEN,DS4,1,1,0.1090162284147051,brand_fallback
CITROEN,JUMPY,1,1,0.1090162284147051,brand_fallback
CHERY - iCAR,03T,1,1,0.07100591715976423,brand_fallback
CHEVROLET,1998,1,1,0.13566172630902404,brand_fallback
CHEVROLET,2013,1,1,0.13566172630902404,brand_fallback
CHEVROLET,CAPRICE LS,1,1,0.13566172630902404,brand_fallback
CHEVROLET,CHEVROLET,1,1,0.13566172630902404,brand_fallback
CHEVROLET,CHEVROLET BLAZER,1,1,0.13566172630902404,brand_fallback
CHEVROLET,CHEVROLET CHEVY,1,1,0.13566172630902404,brand_fallback
CHEVROLET,CHEVROLET EXPRESS,1,1,0.13566172630902404,brand_fallback
CHEVROLET,SLINGSHOT,1,1,0.13566172630902404,brand_fallback
CHEVROLET,SMB,1,1,0.13566172630902404,brand_fallback
CHEVROLET,TAHOE K1500 (4WD),1,1,0.13566172630902404,brand_fallback
CHEVROLET,TRAVERSE STATION,1,1,0.13566172630902404,brand_fallback
CHEVROLET,TRAX RS,1,1,0.13566172630902404,brand_fallback
CHEVROLET,VENTURE,1,1,0.13566172630902404,brand_fallback
CHERY - ICAR,V23,1,1,0.07100591715976423,brand_fallback
CHERY - ICAR,V27,1,1,0.07100591715976423,brand_fallback
CHEVROLET,LAF,1,1,0.13566172630902404,brand_fallback
CHEVROLET,LUV,1,1,0.13566172630902404,brand_fallback
CHEVROLET,MALIBU 400,1,1,0.13566172630902404,brand_fallback
CHEVROLET,MALIBU SEDAN,1,1,0.13566172630902404,brand_fallback
CHEVROLET,MENLO,1,1,0.13566172630902404,brand_fallback
CHEVROLET,S10,1,1,0.13566172630902404,brand_fallback
CHEVROLET,SELVERADO,1,1,0.13566172630902404,brand_fallback
CHEVROLET,SILVERADO K3500,1,1,0.13566172630902404,brand_fallback
SUZUKI,SUZUKI,1,1,0.09761976604793722,brand_fallback
SUZUKI,SUZUKI 600,1,1,0.09761976604793722,brand_fallback
SUZUKI,SUZUKI ALTO,1,1,0.09761976604793722,brand_fallback
SUZUKI,SUZUKI CIAZ,1,1,0.09761976604793722,brand_fallback
SUZUKI,SUZUKI DZIRE,1,1,0.09761976604793722,brand_fallback
SUZUKI,SWIFT HATCHBACK,1,1,0.09761976604793722,brand_fallback
SUZUKI,SX4 S-CROSS,1,1,0.09761976604793722,brand_fallback
CHEVROLET,LACETTI,1,1,0.13566172630902404,brand_fallback
TESLA,EC6,1,1,0.13333210493417616,brand_fallback
TESLA,MODELY,1,1,0.13333210493417616,brand_fallback
TESLA,TESLA MODEL 3,1,1,0.13333210493417616,brand_fallback
TESLA,TESLA MODELY,1,1,0.13333210493417616,brand_fallback
TESLA,X,1,1,0.13333210493417616,brand_fallback
TESLA2130144264,MODEL Y,1,1,0.11955800924981667,global_fallback
TOYOTA, LAND CRUISER,1,1,0.100064939910899,brand_fallback
TOYOTA,1992,1,1,0.100064939910899,brand_fallback
CHERY,ICAR V27,1,1,-0.0408655457385822,brand_fallback
CHERY,LX,1,1,-0.0408655457385822,brand_fallback
CHERY,NISSAN TIIDA,1,1,-0.0408655457385822,brand_fallback
CHERY,RELY RB (PICK UP),1,1,-0.0408655457385822,brand_fallback
CHERY,UNKNOWN,1,1,-0.0408655457385822,brand_fallback
CHERY,iCAR,1,1,-0.0408655457385822,brand_fallback
CHERY ,RX,1,1,-0.0408655457385822,brand_fallback
TESLA,CYBER TRUCK,1,1,0.13333210493417616,brand_fallback
Suzuki,Ertiga,1,1,0.09761976604793722,brand_fallback
Suzuki,Grand Vitara,1,1,0.09761976604793722,brand_fallback
TAM,C12,1,1,0.11955800924981667,global_fallback
TATA,LP613,1,1,-0.16364489907025592,brand_fallback
TATA,LPO 1618,1,1,-0.16364489907025592,brand_fallback
TATA,LPO 1618 AGILE,1,1,-0.16364489907025592,brand_fallback
TATA,LPO1316 55,1,1,-0.16364489907025592,brand_fallback
CHANGHUA,MAX PRO,1,1,0.11955800924981667,global_fallback
CHEVROLET,CRUIZ,1,1,0.13566172630902404,brand_fallback
CHEVROLET,DEFENDER,1,1,0.13566172630902404,brand_fallback
CHEVROLET,ENVOY,1,1,0.13566172630902404,brand_fallback
Skoda,RAPID,1,1,0.12240738327579385,brand_fallback
Subaru,Forester,1,1,0.12473015703757243,brand_fallback
Subaru,OUTBACK,1,1,0.12473015703757243,brand_fallback
Subaru,XV,1,1,0.12473015703757243,brand_fallback
Suzuki,DZIRE,1,1,0.09761976604793722,brand_fallback
CHANGAN,UNIV,1,1,0.04364530177532867,brand_fallback
CHANGAN,UNIVERSAL,1,1,0.04364530177532867,brand_fallback
CHANGAN,X5,1,1,0.04364530177532867,brand_fallback
TOYOTA,26 HX DC 4X4,1,1,0.100064939910899,brand_fallback
TOYOTA,26 HX DC 4X4 2.4LAT,1,1,0.100064939910899,brand_fallback
TOYOTA,26 LP SC 4X4 P4.0L AT,1,1,0.100064939910899,brand_fallback
TOYOTA,26HX DC 4X4D2.4L AT,1,1,0.100064939910899,brand_fallback
TOYOTA,26HX DC 4X4P2.7LAT,1,1,0.100064939910899,brand_fallback
CHANGAN,QIYUAN,1,1,0.04364530177532867,brand_fallback
CHANGAN,QIYUAN Q05,1,1,0.04364530177532867,brand_fallback
CHANGAN,QNE 07/SEDAN,1,1,0.04364530177532867,brand_fallback
CHANGAN,ROCKY,1,1,0.04364530177532867,brand_fallback
CHANGAN,RV Motor Home,1,1,0.04364530177532867,brand_fallback
CHANGAN,UNI Y,1,1,0.04364530177532867,brand_fallback
CHANGAN,UNI-S,1,1,0.04364530177532867,brand_fallback
CHANGAN,UNIT,1,1,0.04364530177532867,brand_fallback
TOYOTA,25 HX DC 4X4 2.7LAT,1,1,0.100064939910899,brand_fallback
TOYOTA,25 HX DC 4X4 PLAT GLX RA(PICK UP),1,1,0.100064939910899,brand_fallback
TOYOTA,25 LP SC 4X4 P4.0 MT,1,1,0.100064939910899,brand_fallback
CHANGAN,CS55 PLUSE,1,1,0.04364530177532867,brand_fallback
CHANGAN,DEEPAL S09,1,1,0.04364530177532867,brand_fallback
CHANGAN,FAIRUZA,1,1,0.04364530177532867,brand_fallback
CHANGAN,G318,1,1,0.04364530177532867,brand_fallback
CHANGAN,HAOLV R,1,1,0.04364530177532867,brand_fallback
TOYOTA,1998,1,1,0.100064939910899,brand_fallback
TOYOTA,2004,1,1,0.100064939910899,brand_fallback
TOYOTA,2005,1,1,0.100064939910899,brand_fallback
TOYOTA,2012,1,1,0.100064939910899,brand_fallback
TOYOTA,2014,1,1,0.100064939910899,brand_fallback
TOYOTA,2022,1,1,0.100064939910899,brand_fallback
TOYOTA,2023,1,1,0.100064939910899,brand_fallback
TOYOTA,25 HX DC 4X4,1,1,0.100064939910899,brand_fallback
CHANGAN,CHANGAN EADO,1,1,0.04364530177532867,brand_fallback
CHANGAN,CS 95,1,1,0.04364530177532867,brand_fallback
TOYOTA,COROLLA 1.5,1,1,0.100064939910899,brand_fallback
TOYOTA,COROLLA 1.6 SEDAN,1,1,0.100064939910899,brand_fallback
TOYOTA,COROLLA 1.8 YUS,1,1,0.100064939910899,brand_fallback
TOYOTA,COROLLA ALTIS,1,1,0.100064939910899,brand_fallback
TOYOTA,COUPE,1,1,0.100064939910899,brand_fallback
TOYOTA,DLX FA (PICK UP),1,1,0.100064939910899,brand_fallback
CADILLAC,FLEETWOOD,1,1,0.1346695538846248,brand_fallback
CADILLAC,IQ,1,1,0.1346695538846248,brand_fallback
CADILLAC,SLS,1,1,0.1346695538846248,brand_fallback
CADILLAC,XLR,1,1,0.1346695538846248,brand_fallback
CADILLAC,XT 5,1,1,0.1346695538846248,brand_fallback
CATERHAM,SEVEN,1,1,0.11955800924981667,global_fallback
CFMoto,450SR,1,1,0.11955800924981667,global_fallback
CHANGAN,2022,1,1,0.04364530177532867,brand_fallback
TOYOTA,CELICA,1,1,0.100064939910899,brand_fallback
TOYOTA,CENTURY,1,1,0.100064939910899,brand_fallback
TOYOTA,CHR,1,1,0.100064939910899,brand_fallback
TOYOTA,CIVIC,1,1,0.100064939910899,brand_fallback
TOYOTA,COROLLA ,1,1,0.100064939910899,brand_fallback
CADILLAC,CT5-V,1,1,0.1346695538846248,brand_fallback
CADILLAC,ELDORADO,1,1,0.1346695538846248,brand_fallback
CADILLAC,FLAT WOOD,1,1,0.1346695538846248,brand_fallback
TOYOTA,4 RUNNER,1,1,0.100064939910899,brand_fallback
TOYOTA,900,1,1,0.100064939910899,brand_fallback
TOYOTA,ALLION,1,1,0.100064939910899,brand_fallback
TOYOTA,AQUA,1,1,0.100064939910899,brand_fallback
TOYOTA,ARISTO,1,1,0.100064939910899,brand_fallback
TOYOTA,ASX,1,1,0.100064939910899,brand_fallback
TOYOTA,ATLAAS,1,1,0.100064939910899,brand_fallback
TOYOTA,BZ3X,1,1,0.100064939910899,brand_fallback
CADILLAC,BLS,1,1,0.1346695538846248,brand_fallback
CADILLAC,BROGH,1,1,0.1346695538846248,brand_fallback
CADILLAC,BROGHAM,1,1,0.1346695538846248,brand_fallback
CADILLAC,CADILLAC SEVILLE,1,1,0.1346695538846248,brand_fallback
TOYOTA,HIACE ,1,1,0.100064939910899,brand_fallback
TOYOTA,HILUX ADVENTURE,1,1,0.100064939910899,brand_fallback
TOYOTA,HX DC 4X4 D 2.4L AT,1,1,0.100064939910899,brand_fallback
TOYOTA,KS01,1,1,0.100064939910899,brand_fallback
BYD,STATION,1,1,0.07800796943625092,brand_fallback
BYD,VAN,1,1,0.07800796943625092,brand_fallback
BYD,XIA STATION,1,1,0.07800796943625092,brand_fallback
BYD,YUAN PLUS,1,1,0.07800796943625092,brand_fallback
BYD,YUAN UP,1,1,0.07800796943625092,brand_fallback
BYD - DENZA,B8 JEEP,1,1,0.11955800924981667,global_fallback
BYD - DENZA,D9,1,1,0.11955800924981667,global_fallback
CADILLAC,ATS-V,1,1,0.1346695538846248,brand_fallback
TOYOTA,GXR RA(STATION WAGON),1,1,0.100064939910899,brand_fallback
TOYOTA,H 530,1,1,0.100064939910899,brand_fallback
TOYOTA,H3,1,1,0.100064939910899,brand_fallback
BYD,SLINGSHOT,1,1,0.07800796943625092,brand_fallback
BYD,SONG (2WD),1,1,0.07800796943625092,brand_fallback
BYD,SONG L DMI CAR,1,1,0.07800796943625092,brand_fallback
BYD,SONG PLUS EV,1,1,0.07800796943625092,brand_fallback
BYD,SONG PRO,1,1,0.07800796943625092,brand_fallback
TOYOTA,DYNA,1,1,0.100064939910899,brand_fallback
TOYOTA,FIOS,1,1,0.100064939910899,brand_fallback
TOYOTA,FJ,1,1,0.100064939910899,brand_fallback
TOYOTA,FLHTK,1,1,0.100064939910899,brand_fallback
TOYOTA,FORERUNNER,1,1,0.100064939910899,brand_fallback
TOYOTA,GL770ULTRA,1,1,0.100064939910899,brand_fallback
TOYOTA,GLX RA(PICK UP),1,1,0.100064939910899,brand_fallback
TOYOTA,GS 300,1,1,0.100064939910899,brand_fallback
BYD,SEALION 7 AWD,1,1,0.07800796943625092,brand_fallback
BYD,SEL 50,1,1,0.07800796943625092,brand_fallback
TOYOTA,PRADO12357190,1,1,0.100064939910899,brand_fallback
TOYOTA,R1,1,1,0.100064939910899,brand_fallback
TOYOTA,RUMION,1,1,0.100064939910899,brand_fallback
TOYOTA,SALON,1,1,0.100064939910899,brand_fallback
TOYOTA,SALOON,1,1,0.100064939910899,brand_fallback
TOYOTA,SEDAN,1,1,0.100064939910899,brand_fallback
BYD,QIN,1,1,0.07800796943625092,brand_fallback
BYD,QIN L DM,1,1,0.07800796943625092,brand_fallback
BYD,QIN PLUS DM-I,1,1,0.07800796943625092,brand_fallback
BYD,QIN PLUS(2WD),1,1,0.07800796943625092,brand_fallback
BYD,SEAL 06,1,1,0.07800796943625092,brand_fallback
BYD,SEAL 07,1,1,0.07800796943625092,brand_fallback
BYD,SEAL 50,1,1,0.07800796943625092,brand_fallback
BYD,SEALION 05,1,1,0.07800796943625092,brand_fallback
TOYOTA,ORION,1,1,0.100064939910899,brand_fallback
TOYOTA,OTHERS,1,1,0.100064939910899,brand_fallback
TOYOTA,PICKUP,1,1,0.100064939910899,brand_fallback
BYD,LEOPARD 7 (4WD),1,1,0.07800796943625092,brand_fallback
BYD,LEOPARD 7 ULTRA,1,1,0.07800796943625092,brand_fallback
BYD,LEOPARD S/STATION,1,1,0.07800796943625092,brand_fallback
BYD,LEOPARD TAI3,1,1,0.07800796943625092,brand_fallback
BYD,LEOPARD/STATION,1,1,0.07800796943625092,brand_fallback
TOYOTA,LAND CRUISER VXR,1,1,0.100064939910899,brand_fallback
TOYOTA,LAND CRUISER0001,1,1,0.100064939910899,brand_fallback
TOYOTA,LAND CRUSER,1,1,0.100064939910899,brand_fallback
TOYOTA,LS4X4 P4.0L MT,1,1,0.100064939910899,brand_fallback
TOYOTA,MIRAGE,1,1,0.100064939910899,brand_fallback
TOYOTA,MIRAI,1,1,0.100064939910899,brand_fallback
TOYOTA,MODEL 2022,1,1,0.100064939910899,brand_fallback
TOYOTA,NIO ES8,1,1,0.100064939910899,brand_fallback
BMW,MINI,1,1,0.1420568219674346,brand_fallback
BMW,R1200GS,1,1,0.1420568219674346,brand_fallback
BMW,R9T,1,1,0.1420568219674346,brand_fallback
BMW,SLINGSHOT SLINGS,1,1,0.1420568219674346,brand_fallback
BMW,VESPA VXL,1,1,0.1420568219674346,brand_fallback
BMW,X 3,1,1,0.1420568219674346,brand_fallback
BMW,X 5,1,1,0.1420568219674346,brand_fallback
BORGWARD,BX5,1,1,0.03912363067292801,brand_fallback
BYD,F6,1,1,0.07800796943625092,brand_fallback
BYD,FANGCHENGBAO 5,1,1,0.07800796943625092,brand_fallback
BYD,FORMULA LEOPARD,1,1,0.07800796943625092,brand_fallback
BYD,FORMULA LEOPARD S,1,1,0.07800796943625092,brand_fallback
BYD,HAN L,1,1,0.07800796943625092,brand_fallback
BYD,LEOPARD ,1,1,0.07800796943625092,brand_fallback
BYD,LEOPARD 05,1,1,0.07800796943625092,brand_fallback
BYD,LEOPARD 7 (2WD),1,1,0.07800796943625092,brand_fallback
BRILLIANCE,V5,1,1,-0.10937500000000067,brand_fallback
BUICK,RIVIERA,1,1,0.11955800924981667,global_fallback
BYD,2023,1,1,0.07800796943625092,brand_fallback
BYD,BYD,1,1,0.07800796943625092,brand_fallback
BYD,BYD SEAL,1,1,0.07800796943625092,brand_fallback
BYD,BYD SONG PLUS,1,1,0.07800796943625092,brand_fallback
BYD,DENZA,1,1,0.07800796943625092,brand_fallback
BYD,E2,1,1,0.07800796943625092,brand_fallback
TOYOTA,SONATA,1,1,0.100064939910899,brand_fallback
TOYOTA,STARLET,1,1,0.100064939910899,brand_fallback
TOYOTA,TANDRA,1,1,0.100064939910899,brand_fallback
TOYOTA,TERCEL,1,1,0.100064939910899,brand_fallback
TOYOTA,TOYOTA ALPHARD,1,1,0.100064939910899,brand_fallback
TOYOTA,TOYOTA ALTIS,1,1,0.100064939910899,brand_fallback
TOYOTA,TOYOTA COASTER,1,1,0.100064939910899,brand_fallback
BRILLIANCE,JINBEI,1,1,-0.10937500000000067,brand_fallback
BMW,BMW 400 CC MOTORCYCLE,1,1,0.1420568219674346,brand_fallback
BMW,BMW 420,1,1,0.1420568219674346,brand_fallback
BMW,BMW 525,1,1,0.1420568219674346,brand_fallback
BMW,BMW 540,1,1,0.1420568219674346,brand_fallback
BMW,BMW 750,1,1,0.1420568219674346,brand_fallback
BMW,BMW I5,1,1,0.1420568219674346,brand_fallback
BMW,BMW X5,1,1,0.1420568219674346,brand_fallback
BMW,C 650 GT,1,1,0.1420568219674346,brand_fallback
TOYOTA,فورشنر,1,1,0.100064939910899,brand_fallback
TOYOTA,هايلوكس,1,1,0.100064939910899,brand_fallback
TOYOTA12024631,YARIS,1,1,0.11955800924981667,global_fallback
TOYOTA2100875058,LAND CRUISER,1,1,0.11955800924981667,global_fallback
BMW,BMW 14,1,1,0.1420568219674346,brand_fallback
BMW,BMW 3251,1,1,0.1420568219674346,brand_fallback
BMW,BMW 330,1,1,0.1420568219674346,brand_fallback
BMW,BMW 3301,1,1,0.1420568219674346,brand_fallback
TOYOTA,TOYOTA TACOMA,1,1,0.100064939910899,brand_fallback
TOYOTA,TOYOTA WISH,1,1,0.100064939910899,brand_fallback
TOYOTA,U7,1,1,0.100064939910899,brand_fallback
TOYOTA,VAHALA MOULAT,1,1,0.100064939910899,brand_fallback
TOYOTA,VENZA,1,1,0.100064939910899,brand_fallback
TOYOTA,VESPA VXL 150,1,1,0.100064939910899,brand_fallback
TOYOTA,WIGO,1,1,0.100064939910899,brand_fallback
TOYOTA,برادو,1,1,0.100064939910899,brand_fallback
BMW,M 5,1,1,0.1420568219674346,brand_fallback
BMW,M2351,1,1,0.1420568219674346,brand_fallback
BMW,M6 GRAN COUPE,1,1,0.1420568219674346,brand_fallback
BMW,M6 Gran Coupe,1,1,0.1420568219674346,brand_fallback
BMW,M760LI,1,1,0.1420568219674346,brand_fallback
BMW,M760Li,1,1,0.1420568219674346,brand_fallback
TOYOTA,TOYOTA IQ,1,1,0.100064939910899,brand_fallback
TOYOTA,TOYOTA PREVIA,1,1,0.100064939910899,brand_fallback
BMW,BMW 120,1,1,0.1420568219674346,brand_fallback
BMW,BMW 135,1,1,0.1420568219674346,brand_fallback
BMW,545I,1,1,0.1420568219674346,brand_fallback
BMW,6 SERIES GT,1,1,0.1420568219674346,brand_fallback
BMW,640,1,1,0.1420568219674346,brand_fallback
BMW,645 CI,1,1,0.1420568219674346,brand_fallback
BMW,728,1,1,0.1420568219674346,brand_fallback
BMW,735LI,1,1,0.1420568219674346,brand_fallback
Triumph,SPEED 400,1,1,-1.085637140756646,brand_fallback
BMW,740,1,1,0.1420568219674346,brand_fallback
BMW,740LT,1,1,0.1420568219674346,brand_fallback
BMW,745Li,1,1,0.1420568219674346,brand_fallback
BMW,840CI,1,1,0.1420568219674346,brand_fallback
BMW,840i GRAN COUPE,1,1,0.1420568219674346,brand_fallback
BMW,ACTIVE HYBRID 7,1,1,0.1420568219674346,brand_fallback
BMW,AL E 750,1,1,0.1420568219674346,brand_fallback
TVS,APACHE RR 310 EU,1,1,0.11955800924981667,global_fallback
TVS,APACHE RTR160 4V,1,1,0.11955800924981667,global_fallback
Toyota,ALPHARD,1,1,0.100064939910899,brand_fallback
Toyota,CAMRY,1,1,0.100064939910899,brand_fallback
Toyota,Innova,1,1,0.100064939910899,brand_fallback
Toyota,PRIUS,1,1,0.100064939910899,brand_fallback
Toyota,Rush,1,1,0.100064939910899,brand_fallback
Toyota,VELOZ,1,1,0.100064939910899,brand_fallback
BMW,CAR,1,1,0.1420568219674346,brand_fallback
BMW,E 323,1,1,0.1420568219674346,brand_fallback
BMW,EC6,1,1,0.1420568219674346,brand_fallback
BMW,EDAN,1,1,0.1420568219674346,brand_fallback
BMW,HERITAGE SOFTAIL,1,1,0.1420568219674346,brand_fallback
BMW,IQ,1,1,0.1420568219674346,brand_fallback
BMW,IX 3,1,1,0.1420568219674346,brand_fallback
TOYOTAالمـ,YARIS,1,1,0.11955800924981667,global_fallback
BMW,325,1,1,0.1420568219674346,brand_fallback
BMW,325XI,1,1,0.1420568219674346,brand_fallback
BMW,328,1,1,0.1420568219674346,brand_fallback
BMW,330 I,1,1,0.1420568219674346,brand_fallback
BMW,330E,1,1,0.1420568219674346,brand_fallback
BMW,335,1,1,0.1420568219674346,brand_fallback
BMW,220,1,1,0.1420568219674346,brand_fallback
BMW,220D,1,1,0.1420568219674346,brand_fallback
BMW,440,1,1,0.1420568219674346,brand_fallback
BMW,5 SERIES GT,1,1,0.1420568219674346,brand_fallback
BMW,520D,1,1,0.1420568219674346,brand_fallback
BMW,525,1,1,0.1420568219674346,brand_fallback
BMW,525 I,1,1,0.1420568219674346,brand_fallback
BMW,528,1,1,0.1420568219674346,brand_fallback
BMW,530E,1,1,0.1420568219674346,brand_fallback
BMW,530Li,1,1,0.1420568219674346,brand_fallback
VICTORY,SCHI025D,1,1,0.08983182426460704,brand_fallback
VICTORY,SIXTIES,1,1,0.08983182426460704,brand_fallback
VINFAST,SLINGSHOT SLINGS,1,1,0.11955800924981667,global_fallback
VINFAST,VF8,1,1,0.11955800924981667,global_fallback
VOLKSWAGEN,2021,1,1,0.1307814020492382,brand_fallback
VOLKSWAGEN,GOLF HATCHBACK,1,1,0.1307814020492382,brand_fallback
BMW,430i,1,1,0.1420568219674346,brand_fallback
BMW,435i,1,1,0.1420568219674346,brand_fallback
BMW,735Li,1,1,0.1420568219674346,brand_fallback
VESPA,VESPA VXL,1,1,0.11955800924981667,global_fallback
VESPA,VESPA VXL 150,1,1,0.11955800924981667,global_fallback
VICTORY,FCH 5022 XXYD,1,1,0.08983182426460704,brand_fallback
VICTORY,SCH 1025 D,1,1,0.08983182426460704,brand_fallback
VICTORY,SCH1025D,1,1,0.08983182426460704,brand_fallback
VICTORY,SCH1025S,1,1,0.08983182426460704,brand_fallback
VICTORY,SCH5022XXYD ,1,1,0.08983182426460704,brand_fallback
ZOTYE,T700,1,1,0.15380919647565672,brand_fallback
ZXAUTO,GRANDLION,1,1,-0.3358208955223909,brand_fallback
ACURA,INTEGRA,1,1,0.10427807486630858,brand_fallback
ABARTH,124 SPIDER,1,1,0.07830085755543785,brand_fallback
baw,212,1,1,-0.026752767527673083,brand_fallback
baw,212(4WD),1,1,-0.026752767527673083,brand_fallback
hig,KLQ6600,1,1,0.11955800924981667,global_fallback
AUDI,2006,1,1,0.14525254547034694,brand_fallback
VOYAH,TAISHAN,1,1,0.13923500729723698,brand_fallback
Vespa,GTS 300,1,1,0.11955800924981667,global_fallback
Volkswagen,Amarok,1,1,0.1307814020492382,brand_fallback
Volkswagen,Jetta,1,1,0.1307814020492382,brand_fallback
Volvo,S90,1,1,0.15167980609344991,brand_fallback
ZNA,YUMSUN,1,1,0.15204832377748856,brand_fallback
ACURA,RSX,1,1,0.10427807486630858,brand_fallback
ACURA,RDX,1,1,0.10427807486630858,brand_fallback
AUDI,E TRON,1,1,0.14525254547034694,brand_fallback
AUDI,Q8 E-TRON,1,1,0.14525254547034694,brand_fallback
AUDI,R8 SPYDER,1,1,0.14525254547034694,brand_fallback
AUDI,RS Q8,1,1,0.14525254547034694,brand_fallback
VOLVO,FH 12,1,1,0.15167980609344991,brand_fallback
VOLVO,FM460,1,1,0.15167980609344991,brand_fallback
VOLVO,HEAD FH(TRUCK,1,1,0.15167980609344991,brand_fallback
VOLVO,XC70,1,1,0.15167980609344991,brand_fallback
AUDI,SCION TC,1,1,0.14525254547034694,brand_fallback
AUDI ,Q8,1,1,0.14525254547034694,brand_fallback
AVANTY,ELANTRA,1,1,0.11955800924981667,global_fallback
AVATR,07,1,1,0.18146177127900368,brand_fallback
AVATR,AVATAR 12,1,1,0.18146177127900368,brand_fallback
Aston Martin,DBX,1,1,0.09684025177231585,brand_fallback
AUDI,AUDI 53,1,1,0.14525254547034694,brand_fallback
AUDI,AUDI SEDAN,1,1,0.14525254547034694,brand_fallback
MERCEDES BENZ,CLE-CLASS,1,1,0.12597345420100622,brand_fallback
MERCEDES BENZ,CLE450,1,1,0.12597345420100622,brand_fallback
MERCEDES BENZ,CLS 400,1,1,0.12597345420100622,brand_fallback
MERCEDES BENZ,CLS 53 AMG,1,1,0.12597345420100622,brand_fallback
MERCEDES BENZ,CLS 550,1,1,0.12597345420100622,brand_fallback
MERCEDES BENZ,CLS 63 AMG,1,1,0.12597345420100622,brand_fallback
MERCEDES BENZ,CLS300,1,1,0.12597345420100622,brand_fallback
MERCEDES BENZ,CLS320 CDI,1,1,0.12597345420100622,brand_fallback
MERCEDES BENZ,E 430,1,1,0.12597345420100622,brand_fallback
MERCEDES BENZ,E 53 AM,1,1,0.12597345420100622,brand_fallback
MERCEDES BENZ,E 53 HYBRID 4MATIC+ SEDAN,1,1,0.12597345420100622,brand_fallback
MERCEDES BENZ,E 55,1,1,0.12597345420100622,brand_fallback
MERCEDES BENZ,E 55 AMG,1,1,0.12597345420100622,brand_fallback
MERCEDES BENZ,E260L,1,1,0.12597345420100622,brand_fallback
MERCEDES BENZ,E430,1,1,0.12597345420100622,brand_fallback
MERCEDES BENZ,CLC200K,1,1,0.12597345420100622,brand_fallback
ZEEKR,007,1,1,-0.046734728027836,brand_fallback
ZEEKR,X/STATION,1,1,-0.046734728027836,brand_fallback
ZEEKR,ZEEKR 001,1,1,-0.046734728027836,brand_fallback
ZEEKR,ZEEKR 7X,1,1,-0.046734728027836,brand_fallback
ZEEKR,ZEEKR 9X,1,1,-0.046734728027836,brand_fallback
MERCEDES BENZ,COROLLA,1,1,0.12597345420100622,brand_fallback
MERCEDES BENZ,COUPE,1,1,0.12597345420100622,brand_fallback
MERCEDES BENZ,E 320,1,1,0.12597345420100622,brand_fallback
WULING,KAIJIE,1,1,0.2228571428571421,brand_fallback
XIAOMI,اس يو 7 الترا,1,1,0.13720795981605868,brand_fallback
XPENG,EXPENG G6,1,1,0.05209550715802872,brand_fallback
XPENG,P7,1,1,0.05209550715802872,brand_fallback
Yamaha,250 CC,1,1,0.11955800924981667,global_fallback
Yamaha,DT175,1,1,0.11955800924981667,global_fallback
Yamaha,XSR900,1,1,0.11955800924981667,global_fallback
Yamaha,Y Z F 690,1,1,0.11955800924981667,global_fallback
