model_slug,year,trim_name,price_min_aed,price_max_aed,price_avg_aed,price_raw,currency,url,scraped_at,make,model_name,model,annual_dep_rate,car_age,depreciated_value
audi-a1,2011.0,1.4TC I4 TFSI 122,90000.0,120000.0,105000.0,"AED 90,000 - 120,000",AED,https://www.drivearabia.com/carprices/uae/audi/audi-a1/2011/,2026-06-12T11:24:36Z,AUDI,A1,A1,0.08212,15.0,29039.0
audi-a1,2011.0,1.4TSC I4 TFSI 185,130000.0,140000.0,135000.0,"AED 130,000 - 140,000",AED,https://www.drivearabia.com/carprices/uae/audi/audi-a1/2011/,2026-06-12T11:24:36Z,AUDI,A1,A1,0.08212,15.0,37336.0
audi-a1,2012.0,1.4TC I4 TFSI 122,90000.0,120000.0,105000.0,"AED 90,000 - 120,000",AED,https://www.drivearabia.com/carprices/uae/audi/audi-a1/2012/,2026-06-12T11:24:38Z,AUDI,A1,A1,0.08212,14.0,31637.0
audi-a1,2012.0,1.4TSC I4 TFSI 185,130000.0,140000.0,135000.0,"AED 130,000 - 140,000",AED,https://www.drivearabia.com/carprices/uae/audi/audi-a1/2012/,2026-06-12T11:24:38Z,AUDI,A1,A1,0.08212,14.0,40676.0
audi-a1,2013.0,1.4TC I4 TFSI 122,90000.0,120000.0,105000.0,"AED 90,000 - 120,000",AED,https://www.drivearabia.com/carprices/uae/audi/audi-a1/2013/,2026-06-12T11:24:40Z,AUDI,A1,A1,0.08212,13.0,34467.0
audi-a1,2013.0,1.4TSC I4 TFSI 185,130000.0,140000.0,135000.0,"AED 130,000 - 140,000",AED,https://www.drivearabia.com/carprices/uae/audi/audi-a1/2013/,2026-06-12T11:24:40Z,AUDI,A1,A1,0.08212,13.0,44315.0
audi-a1,2014.0,1.4TC I4 TFSI 122,90000.0,120000.0,105000.0,"AED 90,000 - 120,000",AED,https://www.drivearabia.com/carprices/uae/audi/audi-a1/2014/,2026-06-12T11:24:42Z,AUDI,A1,A1,0.08212,12.0,37551.0
audi-a1,2014.0,1.4TSC I4 TFSI 185,130000.0,140000.0,135000.0,"AED 130,000 - 140,000",AED,https://www.drivearabia.com/carprices/uae/audi/audi-a1/2014/,2026-06-12T11:24:42Z,AUDI,A1,A1,0.08212,12.0,48280.0
audi-a1,2015.0,1.4TC I4 TFSI 122,90000.0,120000.0,105000.0,"AED 90,000 - 120,000",AED,https://www.drivearabia.com/carprices/uae/audi/audi-a1/2015/,2026-06-12T11:24:44Z,AUDI,A1,A1,0.08212,11.0,40910.0
audi-a1,2015.0,1.4TSC I4 TFSI 185,130000.0,140000.0,135000.0,"AED 130,000 - 140,000",AED,https://www.drivearabia.com/carprices/uae/audi/audi-a1/2015/,2026-06-12T11:24:44Z,AUDI,A1,A1,0.08212,11.0,52599.0
audi-a1,2016.0,1.4TC I4 TFSI 122,90000.0,120000.0,105000.0,"AED 90,000 - 120,000",AED,https://www.drivearabia.com/carprices/uae/audi/audi-a1/2016/,2026-06-12T11:24:46Z,AUDI,A1,A1,0.08212,10.0,44571.0
audi-a1,2016.0,1.4TSC I4 TFSI 185,130000.0,140000.0,135000.0,"AED 130,000 - 140,000",AED,https://www.drivearabia.com/carprices/uae/audi/audi-a1/2016/,2026-06-12T11:24:46Z,AUDI,A1,A1,0.08212,10.0,57305.0
audi-a3,2004.0,1.8 I4 1.8 FSI,86000.0,101000.0,93500.0,"AED 86,000 - 101,000",AED,https://www.drivearabia.com/carprices/uae/audi/audi-a3/2004/,2026-06-12T11:25:41Z,AUDI,A3,A3,0.1327324268680578,22.0,4075.0
audi-a3,2004.0,2.0 I4 2.0 FSI,99000.0,121000.0,110000.0,"AED 99,000 - 121,000",AED,https://www.drivearabia.com/carprices/uae/audi/audi-a3/2004/,2026-06-12T11:25:41Z,AUDI,A3,A3,0.1327324268680578,22.0,4795.0
audi-a3,2004.0,3.2 V6 3.2 VR6 Quattro,133000.0,138600.0,135800.0,"AED 133,000 - 138,600",AED,https://www.drivearabia.com/carprices/uae/audi/audi-a3/2004/,2026-06-12T11:25:41Z,AUDI,A3,A3,0.1327324268680578,22.0,5919.0
audi-a3,2005.0,1.8 I4 1.8 FSI,86000.0,101000.0,93500.0,"AED 86,000 - 101,000",AED,https://www.drivearabia.com/carprices/uae/audi/audi-a3/2005/,2026-06-12T11:25:43Z,AUDI,A3,A3,0.1327324268680578,21.0,4699.0
audi-a3,2005.0,2.0 I4 2.0 FSI,99000.0,121000.0,110000.0,"AED 99,000 - 121,000",AED,https://www.drivearabia.com/carprices/uae/audi/audi-a3/2005/,2026-06-12T11:25:43Z,AUDI,A3,A3,0.1327324268680578,21.0,5529.0
audi-a3,2005.0,3.2 V6 3.2 VR6 Quattro,133000.0,138600.0,135800.0,"AED 133,000 - 138,600",AED,https://www.drivearabia.com/carprices/uae/audi/audi-a3/2005/,2026-06-12T11:25:43Z,AUDI,A3,A3,0.1327324268680578,21.0,6825.0
audi-a3,2006.0,1.8 I4 1.8 FSI,86000.0,101000.0,93500.0,"AED 86,000 - 101,000",AED,https://www.drivearabia.com/carprices/uae/audi/audi-a3/2006/,2026-06-12T11:25:45Z,AUDI,A3,A3,0.1327324268680578,20.0,5418.0
audi-a3,2006.0,2.0 I4 2.0 FSI,99000.0,121000.0,110000.0,"AED 99,000 - 121,000",AED,https://www.drivearabia.com/carprices/uae/audi/audi-a3/2006/,2026-06-12T11:25:45Z,AUDI,A3,A3,0.1327324268680578,20.0,6375.0
audi-a3,2006.0,3.2 V6 3.2 VR6 Quattro,133000.0,138600.0,135800.0,"AED 133,000 - 138,600",AED,https://www.drivearabia.com/carprices/uae/audi/audi-a3/2006/,2026-06-12T11:25:45Z,AUDI,A3,A3,0.1327324268680578,20.0,7870.0
audi-a3,2007.0,1.8 I4 1.8 FSI,86000.0,101000.0,93500.0,"AED 86,000 - 101,000",AED,https://www.drivearabia.com/carprices/uae/audi/audi-a3/2007/,2026-06-12T11:25:47Z,AUDI,A3,A3,0.1327324268680578,19.0,6248.0
audi-a3,2007.0,2.0 I4 2.0 FSI,99000.0,121000.0,110000.0,"AED 99,000 - 121,000",AED,https://www.drivearabia.com/carprices/uae/audi/audi-a3/2007/,2026-06-12T11:25:47Z,AUDI,A3,A3,0.1327324268680578,19.0,7350.0
audi-a3,2007.0,3.2 V6 3.2 VR6 Quattro,133000.0,138600.0,135800.0,"AED 133,000 - 138,600",AED,https://www.drivearabia.com/carprices/uae/audi/audi-a3/2007/,2026-06-12T11:25:47Z,AUDI,A3,A3,0.1327324268680578,19.0,9074.0
audi-a3,2008.0,1.8 I4 1.8 FSI,86000.0,101000.0,93500.0,"AED 86,000 - 101,000",AED,https://www.drivearabia.com/carprices/uae/audi/audi-a3/2008/,2026-06-12T11:25:49Z,AUDI,A3,A3,0.1327324268680578,18.0,7204.0
audi-a3,2008.0,2.0 I4 2.0 FSI,99000.0,121000.0,110000.0,"AED 99,000 - 121,000",AED,https://www.drivearabia.com/carprices/uae/audi/audi-a3/2008/,2026-06-12T11:25:49Z,AUDI,A3,A3,0.1327324268680578,18.0,8475.0
audi-a3,2008.0,3.2 V6 3.2 VR6 Quattro,133000.0,138600.0,135800.0,"AED 133,000 - 138,600",AED,https://www.drivearabia.com/carprices/uae/audi/audi-a3/2008/,2026-06-12T11:25:49Z,AUDI,A3,A3,0.1327324268680578,18.0,10463.0
audi-a3,2009.0,1.8TC I4 1.8 TFSI,108400.0,112000.0,110200.0,"AED 108,400 - 112,000",AED,https://www.drivearabia.com/carprices/uae/audi/audi-a3/2009/,2026-06-12T11:25:51Z,AUDI,A3,A3,0.1327324268680578,17.0,9790.0
audi-a3,2009.0,2.0TC I4 2.0 TFSI,120000.0,125000.0,122500.0,"AED 120,000 - 125,000",AED,https://www.drivearabia.com/carprices/uae/audi/audi-a3/2009/,2026-06-12T11:25:51Z,AUDI,A3,A3,0.1327324268680578,17.0,10883.0
audi-a3,2010.0,1.8TC I4 1.8 TFSI,108400.0,112000.0,110200.0,"AED 108,400 - 112,000",AED,https://www.drivearabia.com/carprices/uae/audi/audi-a3/2010/,2026-06-12T11:25:53Z,AUDI,A3,A3,0.1327324268680578,16.0,11288.0
audi-a3,2010.0,2.0TC I4 2.0 TFSI,120000.0,125000.0,122500.0,"AED 120,000 - 125,000",AED,https://www.drivearabia.com/carprices/uae/audi/audi-a3/2010/,2026-06-12T11:25:53Z,AUDI,A3,A3,0.1327324268680578,16.0,12548.0
audi-a3,2011.0,1.8TC I4 1.8 TFSI,108400.0,112000.0,110200.0,"AED 108,400 - 112,000",AED,https://www.drivearabia.com/carprices/uae/audi/audi-a3/2011/,2026-06-12T11:25:55Z,AUDI,A3,A3,0.1327324268680578,15.0,13016.0
audi-a3,2011.0,2.0TC I4 2.0 TFSI,120000.0,125000.0,122500.0,"AED 120,000 - 125,000",AED,https://www.drivearabia.com/carprices/uae/audi/audi-a3/2011/,2026-06-12T11:25:55Z,AUDI,A3,A3,0.1327324268680578,15.0,14469.0
audi-a3,2012.0,1.8TC I4 1.8 TFSI,108400.0,112000.0,110200.0,"AED 108,400 - 112,000",AED,https://www.drivearabia.com/carprices/uae/audi/audi-a3/2012/,2026-06-12T11:25:57Z,AUDI,A3,A3,0.1327324268680578,14.0,15008.0
audi-a3,2012.0,2.0TC I4 2.0 TFSI,120000.0,125000.0,122500.0,"AED 120,000 - 125,000",AED,https://www.drivearabia.com/carprices/uae/audi/audi-a3/2012/,2026-06-12T11:25:57Z,AUDI,A3,A3,0.1327324268680578,14.0,16683.0
audi-a3-sedan,2014.0,1.4TC I4 30 TFSI,92000.0,99500.0,95750.0,"AED 92,000 - 99,500",AED,https://www.drivearabia.com/carprices/uae/audi/audi-a3-sedan/2014/,2026-06-12T11:26:46Z,AUDI,A3 SEDAN,A3 SEDAN,0.141747,12.0,15294.0
audi-a3-sedan,2014.0,1.8TC I4 40 TFSI,109500.0,132500.0,121000.0,"AED 109,500 - 132,500",AED,https://www.drivearabia.com/carprices/uae/audi/audi-a3-sedan/2014/,2026-06-12T11:26:46Z,AUDI,A3 SEDAN,A3 SEDAN,0.141747,12.0,19327.0
audi-a3-sedan,2014.0,1.8TC I4 40 TFSI Quattro,119500.0,142500.0,131000.0,"AED 119,500 - 142,500",AED,https://www.drivearabia.com/carprices/uae/audi/audi-a3-sedan/2014/,2026-06-12T11:26:46Z,AUDI,A3 SEDAN,A3 SEDAN,0.141747,12.0,20925.0
audi-a3-sedan,2015.0,1.4TC I4 30 TFSI,92000.0,99500.0,95750.0,"AED 92,000 - 99,500",AED,https://www.drivearabia.com/carprices/uae/audi/audi-a3-sedan/2015/,2026-06-12T11:26:48Z,AUDI,A3 SEDAN,A3 SEDAN,0.141747,11.0,17820.0
audi-a3-sedan,2015.0,1.8TC I4 40 TFSI,109500.0,132500.0,121000.0,"AED 109,500 - 132,500",AED,https://www.drivearabia.com/carprices/uae/audi/audi-a3-sedan/2015/,2026-06-12T11:26:48Z,AUDI,A3 SEDAN,A3 SEDAN,0.141747,11.0,22519.0
audi-a3-sedan,2015.0,1.8TC I4 40 TFSI Quattro,119500.0,142500.0,131000.0,"AED 119,500 - 142,500",AED,https://www.drivearabia.com/carprices/uae/audi/audi-a3-sedan/2015/,2026-06-12T11:26:48Z,AUDI,A3 SEDAN,A3 SEDAN,0.141747,11.0,24380.0
audi-a3-sedan,2016.0,1.4TC I4 30 TFSI,92000.0,99500.0,95750.0,"AED 92,000 - 99,500",AED,https://www.drivearabia.com/carprices/uae/audi/audi-a3-sedan/2016/,2026-06-12T11:26:50Z,AUDI,A3 SEDAN,A3 SEDAN,0.141747,10.0,20763.0
audi-a3-sedan,2016.0,1.8TC I4 40 TFSI,109500.0,132500.0,121000.0,"AED 109,500 - 132,500",AED,https://www.drivearabia.com/carprices/uae/audi/audi-a3-sedan/2016/,2026-06-12T11:26:50Z,AUDI,A3 SEDAN,A3 SEDAN,0.141747,10.0,26238.0
audi-a3-sedan,2016.0,1.8TC I4 40 TFSI Quattro,119500.0,142500.0,131000.0,"AED 119,500 - 142,500",AED,https://www.drivearabia.com/carprices/uae/audi/audi-a3-sedan/2016/,2026-06-12T11:26:50Z,AUDI,A3 SEDAN,A3 SEDAN,0.141747,10.0,28407.0
audi-a3-sedan,2017.0,1.4TC I4 30 TFSI,92000.0,99500.0,95750.0,"AED 92,000 - 99,500",AED,https://www.drivearabia.com/carprices/uae/audi/audi-a3-sedan/2017/,2026-06-12T11:26:52Z,AUDI,A3 SEDAN,A3 SEDAN,0.141747,9.0,24192.0
audi-a3-sedan,2017.0,1.8TC I4 40 TFSI,109500.0,132500.0,121000.0,"AED 109,500 - 132,500",AED,https://www.drivearabia.com/carprices/uae/audi/audi-a3-sedan/2017/,2026-06-12T11:26:52Z,AUDI,A3 SEDAN,A3 SEDAN,0.141747,9.0,30572.0
audi-a3-sedan,2017.0,1.8TC I4 40 TFSI Quattro,119500.0,142500.0,131000.0,"AED 119,500 - 142,500",AED,https://www.drivearabia.com/carprices/uae/audi/audi-a3-sedan/2017/,2026-06-12T11:26:52Z,AUDI,A3 SEDAN,A3 SEDAN,0.141747,9.0,33099.0
audi-a3-sedan,2018.0,1.4TC I4 30 TFSI,92000.0,99500.0,95750.0,"AED 92,000 - 99,500",AED,https://www.drivearabia.com/carprices/uae/audi/audi-a3-sedan/2018/,2026-06-12T11:26:54Z,AUDI,A3 SEDAN,A3 SEDAN,0.141747,8.0,28188.0
audi-a3-sedan,2018.0,1.8TC I4 40 TFSI,109500.0,132500.0,121000.0,"AED 109,500 - 132,500",AED,https://www.drivearabia.com/carprices/uae/audi/audi-a3-sedan/2018/,2026-06-12T11:26:54Z,AUDI,A3 SEDAN,A3 SEDAN,0.141747,8.0,35621.0
audi-a3-sedan,2018.0,1.8TC I4 40 TFSI Quattro,119500.0,142500.0,131000.0,"AED 119,500 - 142,500",AED,https://www.drivearabia.com/carprices/uae/audi/audi-a3-sedan/2018/,2026-06-12T11:26:54Z,AUDI,A3 SEDAN,A3 SEDAN,0.141747,8.0,38565.0
audi-a3-sedan,2019.0,1.4TC I4 30 TFSI,92000.0,99500.0,95750.0,"AED 92,000 - 99,500",AED,https://www.drivearabia.com/carprices/uae/audi/audi-a3-sedan/2019/,2026-06-12T11:26:56Z,AUDI,A3 SEDAN,A3 SEDAN,0.141747,7.0,32843.0
audi-a3-sedan,2019.0,1.8TC I4 40 TFSI,109500.0,132500.0,121000.0,"AED 109,500 - 132,500",AED,https://www.drivearabia.com/carprices/uae/audi/audi-a3-sedan/2019/,2026-06-12T11:26:56Z,AUDI,A3 SEDAN,A3 SEDAN,0.141747,7.0,41504.0
audi-a3-sedan,2019.0,1.8TC I4 40 TFSI Quattro,119500.0,142500.0,131000.0,"AED 119,500 - 142,500",AED,https://www.drivearabia.com/carprices/uae/audi/audi-a3-sedan/2019/,2026-06-12T11:26:56Z,AUDI,A3 SEDAN,A3 SEDAN,0.141747,7.0,44934.0
audi-a3-sedan,2020.0,1.4TC I4 30 TFSI,92000.0,99500.0,95750.0,"AED 92,000 - 99,500",AED,https://www.drivearabia.com/carprices/uae/audi/audi-a3-sedan/2020/,2026-06-12T11:26:58Z,AUDI,A3 SEDAN,A3 SEDAN,0.141747,6.0,38268.0
audi-a3-sedan,2020.0,1.8TC I4 40 TFSI,109500.0,132500.0,121000.0,"AED 109,500 - 132,500",AED,https://www.drivearabia.com/carprices/uae/audi/audi-a3-sedan/2020/,2026-06-12T11:26:58Z,AUDI,A3 SEDAN,A3 SEDAN,0.141747,6.0,48359.0
audi-a3-sedan,2020.0,1.8TC I4 40 TFSI Quattro,119500.0,142500.0,131000.0,"AED 119,500 - 142,500",AED,https://www.drivearabia.com/carprices/uae/audi/audi-a3-sedan/2020/,2026-06-12T11:26:58Z,AUDI,A3 SEDAN,A3 SEDAN,0.141747,6.0,52356.0
audi-a3-sedan,2021.0,1.4TC I4 35 TFSI,115000.0,120000.0,117500.0,"AED 115,000 - 120,000",AED,https://www.drivearabia.com/carprices/uae/audi/audi-a3-sedan/2021/,2026-06-12T11:27:00Z,AUDI,A3 SEDAN,A3 SEDAN,0.141747,5.0,54716.0
audi-a3-sedan,2022.0,1.4TC I4 35 TFSI,115000.0,120000.0,117500.0,"AED 115,000 - 120,000",AED,https://www.drivearabia.com/carprices/uae/audi/audi-a3-sedan/2022/,2026-06-12T11:27:02Z,AUDI,A3 SEDAN,A3 SEDAN,0.141747,4.0,63753.0
audi-a3-sedan,2023.0,1.4TC I4 35 TFSI,115000.0,120000.0,117500.0,"AED 115,000 - 120,000",AED,https://www.drivearabia.com/carprices/uae/audi/audi-a3-sedan/2023/,2026-06-12T11:27:04Z,AUDI,A3 SEDAN,A3 SEDAN,0.141747,3.0,74282.0
audi-a3-sedan,2024.0,1.4TC I4 35 TFSI FWD,115000.0,120000.0,117500.0,"AED 115,000 - 120,000",AED,https://www.drivearabia.com/carprices/uae/audi/audi-a3-sedan/2024/,2026-06-12T11:27:06Z,AUDI,A3 SEDAN,A3 SEDAN,0.141747,2.0,86550.0
audi-a3-sedan,2025.0,1.4TC I4 35 TFSI FWD,149900.0,179900.0,164900.0,"AED 149,900 - 179,900",AED,https://www.drivearabia.com/carprices/uae/audi/audi-a3-sedan/2025/,2026-06-12T11:27:08Z,AUDI,A3 SEDAN,A3 SEDAN,0.141747,1.0,141526.0
audi-a3-sedan,2026.0,1.4TC I4 35 TFSI FWD,149900.0,179900.0,164900.0,"AED 149,900 - 179,900",AED,https://www.drivearabia.com/carprices/uae/audi/audi-a3-sedan/2026/,2026-06-12T11:27:11Z,AUDI,A3 SEDAN,A3 SEDAN,0.141747,0.0,164900.0
audi-a4,2001.0,2.0 I4 2.0 FSI,100000.0,115000.0,107500.0,"AED 100,000 - 115,000",AED,https://www.drivearabia.com/carprices/uae/audi/audi-a4/2001/,2026-06-12T11:27:20Z,AUDI,A4,A4,0.1698598625955771,25.0,1024.0
audi-a4,2001.0,1.8TC I4 1.8 TFSI,125000.0,138000.0,131500.0,"AED 125,000 - 138,000",AED,https://www.drivearabia.com/carprices/uae/audi/audi-a4/2001/,2026-06-12T11:27:20Z,AUDI,A4,A4,0.1698598625955771,25.0,1252.0
audi-a4,2001.0,2.4 V6 2.4 FSI,148000.0,155000.0,151500.0,"AED 148,000 - 155,000",AED,https://www.drivearabia.com/carprices/uae/audi/audi-a4/2001/,2026-06-12T11:27:20Z,AUDI,A4,A4,0.1698598625955771,25.0,1443.0
audi-a4,2001.0,3.0 V6 3.0 FSI,198000.0,215000.0,206500.0,"AED 198,000 - 215,000",AED,https://www.drivearabia.com/carprices/uae/audi/audi-a4/2001/,2026-06-12T11:27:20Z,AUDI,A4,A4,0.1698598625955771,25.0,1967.0
audi-a4,2001.0,4.2 V8 4.2 FSI Quattro,233000.0,238000.0,235500.0,"AED 233,000 - 238,000",AED,https://www.drivearabia.com/carprices/uae/audi/audi-a4/2001/,2026-06-12T11:27:20Z,AUDI,A4,A4,0.1698598625955771,25.0,2243.0
audi-a4,2002.0,2.0 I4 2.0 FSI,100000.0,115000.0,107500.0,"AED 100,000 - 115,000",AED,https://www.drivearabia.com/carprices/uae/audi/audi-a4/2002/,2026-06-12T11:27:23Z,AUDI,A4,A4,0.1698598625955771,24.0,1233.0
audi-a4,2002.0,1.8TC I4 1.8 TFSI,125000.0,138000.0,131500.0,"AED 125,000 - 138,000",AED,https://www.drivearabia.com/carprices/uae/audi/audi-a4/2002/,2026-06-12T11:27:23Z,AUDI,A4,A4,0.1698598625955771,24.0,1509.0
audi-a4,2002.0,2.4 V6 2.4 FSI,148000.0,155000.0,151500.0,"AED 148,000 - 155,000",AED,https://www.drivearabia.com/carprices/uae/audi/audi-a4/2002/,2026-06-12T11:27:23Z,AUDI,A4,A4,0.1698598625955771,24.0,1738.0
audi-a4,2002.0,3.0 V6 3.0 FSI,198000.0,215000.0,206500.0,"AED 198,000 - 215,000",AED,https://www.drivearabia.com/carprices/uae/audi/audi-a4/2002/,2026-06-12T11:27:23Z,AUDI,A4,A4,0.1698598625955771,24.0,2369.0
audi-a4,2002.0,4.2 V8 4.2 FSI Quattro,233000.0,238000.0,235500.0,"AED 233,000 - 238,000",AED,https://www.drivearabia.com/carprices/uae/audi/audi-a4/2002/,2026-06-12T11:27:23Z,AUDI,A4,A4,0.1698598625955771,24.0,2702.0
audi-a4,2003.0,2.0 I4 2.0 FSI,100000.0,115000.0,107500.0,"AED 100,000 - 115,000",AED,https://www.drivearabia.com/carprices/uae/audi/audi-a4/2003/,2026-06-12T11:27:25Z,AUDI,A4,A4,0.1698598625955771,23.0,1486.0
audi-a4,2003.0,1.8TC I4 1.8 TFSI,125000.0,138000.0,131500.0,"AED 125,000 - 138,000",AED,https://www.drivearabia.com/carprices/uae/audi/audi-a4/2003/,2026-06-12T11:27:25Z,AUDI,A4,A4,0.1698598625955771,23.0,1817.0
audi-a4,2003.0,2.4 V6 2.4 FSI,148000.0,155000.0,151500.0,"AED 148,000 - 155,000",AED,https://www.drivearabia.com/carprices/uae/audi/audi-a4/2003/,2026-06-12T11:27:25Z,AUDI,A4,A4,0.1698598625955771,23.0,2094.0
audi-a4,2003.0,3.0 V6 3.0 FSI,198000.0,215000.0,206500.0,"AED 198,000 - 215,000",AED,https://www.drivearabia.com/carprices/uae/audi/audi-a4/2003/,2026-06-12T11:27:25Z,AUDI,A4,A4,0.1698598625955771,23.0,2854.0
audi-a4,2003.0,4.2 V8 4.2 FSI Quattro,233000.0,238000.0,235500.0,"AED 233,000 - 238,000",AED,https://www.drivearabia.com/carprices/uae/audi/audi-a4/2003/,2026-06-12T11:27:25Z,AUDI,A4,A4,0.1698598625955771,23.0,3254.0
audi-a4,2004.0,2.0 I4 2.0 FSI,100000.0,115000.0,107500.0,"AED 100,000 - 115,000",AED,https://www.drivearabia.com/carprices/uae/audi/audi-a4/2004/,2026-06-12T11:27:27Z,AUDI,A4,A4,0.1698598625955771,22.0,1790.0
audi-a4,2004.0,1.8TC I4 1.8 TFSI,125000.0,138000.0,131500.0,"AED 125,000 - 138,000",AED,https://www.drivearabia.com/carprices/uae/audi/audi-a4/2004/,2026-06-12T11:27:27Z,AUDI,A4,A4,0.1698598625955771,22.0,2189.0
audi-a4,2004.0,2.4 V6 2.4 FSI,148000.0,155000.0,151500.0,"AED 148,000 - 155,000",AED,https://www.drivearabia.com/carprices/uae/audi/audi-a4/2004/,2026-06-12T11:27:27Z,AUDI,A4,A4,0.1698598625955771,22.0,2522.0
audi-a4,2004.0,3.0 V6 3.0 FSI,198000.0,215000.0,206500.0,"AED 198,000 - 215,000",AED,https://www.drivearabia.com/carprices/uae/audi/audi-a4/2004/,2026-06-12T11:27:27Z,AUDI,A4,A4,0.1698598625955771,22.0,3438.0
audi-a4,2004.0,4.2 V8 4.2 FSI Quattro,233000.0,238000.0,235500.0,"AED 233,000 - 238,000",AED,https://www.drivearabia.com/carprices/uae/audi/audi-a4/2004/,2026-06-12T11:27:27Z,AUDI,A4,A4,0.1698598625955771,22.0,3920.0
audi-a4,2005.0,2.0 I4 2.0 FSI,109000.0,122000.0,115500.0,"AED 109,000 - 122,000",AED,https://www.drivearabia.com/carprices/uae/audi/audi-a4/2005/,2026-06-12T11:27:29Z,AUDI,A4,A4,0.1698598625955771,21.0,2316.0
audi-a4,2005.0,1.8TC I4 1.8 TFSI,135000.0,148000.0,141500.0,"AED 135,000 - 148,000",AED,https://www.drivearabia.com/carprices/uae/audi/audi-a4/2005/,2026-06-12T11:27:29Z,AUDI,A4,A4,0.1698598625955771,21.0,2838.0
audi-a4,2005.0,2.0TC I4 2.0 TFSI,155000.0,167000.0,161000.0,"AED 155,000 - 167,000",AED,https://www.drivearabia.com/carprices/uae/audi/audi-a4/2005/,2026-06-12T11:27:29Z,AUDI,A4,A4,0.1698598625955771,21.0,3229.0
audi-a4,2005.0,3.2 V6 3.2 FSI Quattro,209000.0,225000.0,217000.0,"AED 209,000 - 225,000",AED,https://www.drivearabia.com/carprices/uae/audi/audi-a4/2005/,2026-06-12T11:27:29Z,AUDI,A4,A4,0.1698598625955771,21.0,4352.0
audi-a4,2005.0,4.2 V8 4.2 FSI Quattro,285000.0,290000.0,287500.0,"AED 285,000 - 290,000",AED,https://www.drivearabia.com/carprices/uae/audi/audi-a4/2005/,2026-06-12T11:27:29Z,AUDI,A4,A4,0.1698598625955771,21.0,5765.0
audi-a4,2006.0,2.0 I4 2.0 FSI,109000.0,122000.0,115500.0,"AED 109,000 - 122,000",AED,https://www.drivearabia.com/carprices/uae/audi/audi-a4/2006/,2026-06-12T11:27:31Z,AUDI,A4,A4,0.1698598625955771,20.0,2790.0
audi-a4,2006.0,1.8TC I4 1.8 TFSI,135000.0,148000.0,141500.0,"AED 135,000 - 148,000",AED,https://www.drivearabia.com/carprices/uae/audi/audi-a4/2006/,2026-06-12T11:27:31Z,AUDI,A4,A4,0.1698598625955771,20.0,3418.0
audi-a4,2006.0,2.0TC I4 2.0 TFSI,155000.0,167000.0,161000.0,"AED 155,000 - 167,000",AED,https://www.drivearabia.com/carprices/uae/audi/audi-a4/2006/,2026-06-12T11:27:31Z,AUDI,A4,A4,0.1698598625955771,20.0,3889.0
audi-a4,2006.0,3.2 V6 3.2 FSI Quattro,209000.0,225000.0,217000.0,"AED 209,000 - 225,000",AED,https://www.drivearabia.com/carprices/uae/audi/audi-a4/2006/,2026-06-12T11:27:31Z,AUDI,A4,A4,0.1698598625955771,20.0,5242.0
audi-a4,2006.0,4.2 V8 4.2 FSI Quattro,285000.0,290000.0,287500.0,"AED 285,000 - 290,000",AED,https://www.drivearabia.com/carprices/uae/audi/audi-a4/2006/,2026-06-12T11:27:31Z,AUDI,A4,A4,0.1698598625955771,20.0,6945.0
audi-a4,2007.0,2.0 I4 2.0 FSI,109000.0,122000.0,115500.0,"AED 109,000 - 122,000",AED,https://www.drivearabia.com/carprices/uae/audi/audi-a4/2007/,2026-06-12T11:27:33Z,AUDI,A4,A4,0.1698598625955771,19.0,3361.0
audi-a4,2007.0,1.8TC I4 1.8 TFSI,135000.0,148000.0,141500.0,"AED 135,000 - 148,000",AED,https://www.drivearabia.com/carprices/uae/audi/audi-a4/2007/,2026-06-12T11:27:33Z,AUDI,A4,A4,0.1698598625955771,19.0,4117.0
audi-a4,2007.0,2.0TC I4 2.0 TFSI,155000.0,167000.0,161000.0,"AED 155,000 - 167,000",AED,https://www.drivearabia.com/carprices/uae/audi/audi-a4/2007/,2026-06-12T11:27:33Z,AUDI,A4,A4,0.1698598625955771,19.0,4685.0
audi-a4,2007.0,3.2 V6 3.2 FSI Quattro,209000.0,225000.0,217000.0,"AED 209,000 - 225,000",AED,https://www.drivearabia.com/carprices/uae/audi/audi-a4/2007/,2026-06-12T11:27:33Z,AUDI,A4,A4,0.1698598625955771,19.0,6314.0
audi-a4,2007.0,4.2 V8 4.2 FSI Quattro,285000.0,290000.0,287500.0,"AED 285,000 - 290,000",AED,https://www.drivearabia.com/carprices/uae/audi/audi-a4/2007/,2026-06-12T11:27:33Z,AUDI,A4,A4,0.1698598625955771,19.0,8366.0
audi-a4,2008.0,2.0 I4 2.0 FSI,109000.0,122000.0,115500.0,"AED 109,000 - 122,000",AED,https://www.drivearabia.com/carprices/uae/audi/audi-a4/2008/,2026-06-12T11:27:35Z,AUDI,A4,A4,0.1698598625955771,18.0,4049.0
audi-a4,2008.0,1.8TC I4 1.8 TFSI,135000.0,148000.0,141500.0,"AED 135,000 - 148,000",AED,https://www.drivearabia.com/carprices/uae/audi/audi-a4/2008/,2026-06-12T11:27:35Z,AUDI,A4,A4,0.1698598625955771,18.0,4960.0
audi-a4,2008.0,2.0TC I4 2.0 TFSI,155000.0,167000.0,161000.0,"AED 155,000 - 167,000",AED,https://www.drivearabia.com/carprices/uae/audi/audi-a4/2008/,2026-06-12T11:27:35Z,AUDI,A4,A4,0.1698598625955771,18.0,5644.0
audi-a4,2008.0,3.2 V6 3.2 FSI Quattro,209000.0,225000.0,217000.0,"AED 209,000 - 225,000",AED,https://www.drivearabia.com/carprices/uae/audi/audi-a4/2008/,2026-06-12T11:27:35Z,AUDI,A4,A4,0.1698598625955771,18.0,7607.0
audi-a4,2008.0,4.2 V8 4.2 FSI Quattro,285000.0,290000.0,287500.0,"AED 285,000 - 290,000",AED,https://www.drivearabia.com/carprices/uae/audi/audi-a4/2008/,2026-06-12T11:27:35Z,AUDI,A4,A4,0.1698598625955771,18.0,10078.0
audi-a4,2009.0,1.8TC I4 1.8 TFSI,134000.0,136000.0,135000.0,"AED 134,000 - 136,000",AED,https://www.drivearabia.com/carprices/uae/audi/audi-a4/2009/,2026-06-12T11:27:37Z,AUDI,A4,A4,0.1698598625955771,17.0,5700.0
audi-a4,2009.0,2.0TC I4 2.0 TFSI,139900.0,145000.0,142450.0,"AED 139,900 - 145,000",AED,https://www.drivearabia.com/carprices/uae/audi/audi-a4/2009/,2026-06-12T11:27:37Z,AUDI,A4,A4,0.1698598625955771,17.0,6015.0
audi-a4,2009.0,2.0TC I4 2.0 TFSI Quattro,160000.0,165000.0,162500.0,"AED 160,000 - 165,000",AED,https://www.drivearabia.com/carprices/uae/audi/audi-a4/2009/,2026-06-12T11:27:37Z,AUDI,A4,A4,0.1698598625955771,17.0,6862.0
audi-a4,2009.0,3.2 V6 3.2 FSI Quattro,185000.0,200000.0,192500.0,"AED 185,000 - 200,000",AED,https://www.drivearabia.com/carprices/uae/audi/audi-a4/2009/,2026-06-12T11:27:37Z,AUDI,A4,A4,0.1698598625955771,17.0,8128.0
audi-a4,2010.0,1.8TC I4 1.8 TFSI,134000.0,136000.0,135000.0,"AED 134,000 - 136,000",AED,https://www.drivearabia.com/carprices/uae/audi/audi-a4/2010/,2026-06-12T11:27:39Z,AUDI,A4,A4,0.1698598625955771,16.0,6867.0
audi-a4,2010.0,2.0TC I4 2.0 TFSI,139900.0,145000.0,142450.0,"AED 139,900 - 145,000",AED,https://www.drivearabia.com/carprices/uae/audi/audi-a4/2010/,2026-06-12T11:27:39Z,AUDI,A4,A4,0.1698598625955771,16.0,7246.0
audi-a4,2010.0,2.0TC I4 2.0 TFSI Quattro,160000.0,165000.0,162500.0,"AED 160,000 - 165,000",AED,https://www.drivearabia.com/carprices/uae/audi/audi-a4/2010/,2026-06-12T11:27:39Z,AUDI,A4,A4,0.1698598625955771,16.0,8266.0
audi-a4,2010.0,3.2 V6 3.2 FSI Quattro,185000.0,200000.0,192500.0,"AED 185,000 - 200,000",AED,https://www.drivearabia.com/carprices/uae/audi/audi-a4/2010/,2026-06-12T11:27:39Z,AUDI,A4,A4,0.1698598625955771,16.0,9792.0
audi-a4,2011.0,1.8TC I4 1.8 TFSI,134000.0,136000.0,135000.0,"AED 134,000 - 136,000",AED,https://www.drivearabia.com/carprices/uae/audi/audi-a4/2011/,2026-06-12T11:27:41Z,AUDI,A4,A4,0.1698598625955771,15.0,8272.0
audi-a4,2011.0,2.0TC I4 2.0 TFSI,139900.0,145000.0,142450.0,"AED 139,900 - 145,000",AED,https://www.drivearabia.com/carprices/uae/audi/audi-a4/2011/,2026-06-12T11:27:41Z,AUDI,A4,A4,0.1698598625955771,15.0,8728.0
audi-a4,2011.0,2.0TC I4 2.0 TFSI Quattro,160000.0,165000.0,162500.0,"AED 160,000 - 165,000",AED,https://www.drivearabia.com/carprices/uae/audi/audi-a4/2011/,2026-06-12T11:27:41Z,AUDI,A4,A4,0.1698598625955771,15.0,9957.0
audi-a4,2011.0,3.2 V6 3.2 FSI Quattro,185000.0,200000.0,192500.0,"AED 185,000 - 200,000",AED,https://www.drivearabia.com/carprices/uae/audi/audi-a4/2011/,2026-06-12T11:27:41Z,AUDI,A4,A4,0.1698598625955771,15.0,11795.0
audi-a4,2012.0,1.8TC I4 1.8 TFSI,134000.0,136000.0,135000.0,"AED 134,000 - 136,000",AED,https://www.drivearabia.com/carprices/uae/audi/audi-a4/2012/,2026-06-12T11:27:43Z,AUDI,A4,A4,0.1698598625955771,14.0,9964.0
audi-a4,2012.0,2.0TC I4 2.0 TFSI,139900.0,145000.0,142450.0,"AED 139,900 - 145,000",AED,https://www.drivearabia.com/carprices/uae/audi/audi-a4/2012/,2026-06-12T11:27:43Z,AUDI,A4,A4,0.1698598625955771,14.0,10514.0
audi-a4,2012.0,2.0TC I4 2.0 TFSI Quattro,160000.0,165000.0,162500.0,"AED 160,000 - 165,000",AED,https://www.drivearabia.com/carprices/uae/audi/audi-a4/2012/,2026-06-12T11:27:43Z,AUDI,A4,A4,0.1698598625955771,14.0,11994.0
audi-a4,2012.0,3.2 V6 3.2 FSI Quattro,185000.0,200000.0,192500.0,"AED 185,000 - 200,000",AED,https://www.drivearabia.com/carprices/uae/audi/audi-a4/2012/,2026-06-12T11:27:43Z,AUDI,A4,A4,0.1698598625955771,14.0,14209.0
audi-a4,2013.0,1.8TC I4 1.8 TFSI,140000.0,150000.0,145000.0,"AED 140,000 - 150,000",AED,https://www.drivearabia.com/carprices/uae/audi/audi-a4/2013/,2026-06-12T11:27:46Z,AUDI,A4,A4,0.1698598625955771,13.0,12892.0
audi-a4,2013.0,2.0TC I4 2.0 TFSI Quattro,160000.0,165000.0,162500.0,"AED 160,000 - 165,000",AED,https://www.drivearabia.com/carprices/uae/audi/audi-a4/2013/,2026-06-12T11:27:46Z,AUDI,A4,A4,0.1698598625955771,13.0,14448.0
audi-a4,2013.0,3.0SC V6 3.0 TFSI Quattro,177000.0,205000.0,191000.0,"AED 177,000 - 205,000",AED,https://www.drivearabia.com/carprices/uae/audi/audi-a4/2013/,2026-06-12T11:27:46Z,AUDI,A4,A4,0.1698598625955771,13.0,16983.0
audi-a4,2014.0,1.8TC I4 1.8 TFSI,140000.0,150000.0,145000.0,"AED 140,000 - 150,000",AED,https://www.drivearabia.com/carprices/uae/audi/audi-a4/2014/,2026-06-12T11:27:49Z,AUDI,A4,A4,0.1698598625955771,12.0,15530.0
audi-a4,2014.0,2.0TC I4 2.0 TFSI Quattro,160000.0,165000.0,162500.0,"AED 160,000 - 165,000",AED,https://www.drivearabia.com/carprices/uae/audi/audi-a4/2014/,2026-06-12T11:27:49Z,AUDI,A4,A4,0.1698598625955771,12.0,17405.0
audi-a4,2014.0,3.0SC V6 3.0 TFSI Quattro,177000.0,205000.0,191000.0,"AED 177,000 - 205,000",AED,https://www.drivearabia.com/carprices/uae/audi/audi-a4/2014/,2026-06-12T11:27:49Z,AUDI,A4,A4,0.1698598625955771,12.0,20457.0
audi-a4,2015.0,1.8TC I4 1.8 TFSI,140000.0,150000.0,145000.0,"AED 140,000 - 150,000",AED,https://www.drivearabia.com/carprices/uae/audi/audi-a4/2015/,2026-06-12T11:27:51Z,AUDI,A4,A4,0.1698598625955771,11.0,18708.0
audi-a4,2015.0,2.0TC I4 2.0 TFSI Quattro,160000.0,165000.0,162500.0,"AED 160,000 - 165,000",AED,https://www.drivearabia.com/carprices/uae/audi/audi-a4/2015/,2026-06-12T11:27:51Z,AUDI,A4,A4,0.1698598625955771,11.0,20966.0
audi-a4,2015.0,3.0SC V6 3.0 TFSI Quattro,177000.0,205000.0,191000.0,"AED 177,000 - 205,000",AED,https://www.drivearabia.com/carprices/uae/audi/audi-a4/2015/,2026-06-12T11:27:51Z,AUDI,A4,A4,0.1698598625955771,11.0,24643.0
audi-a4,2016.0,1.4TC I4 35 TFSI,138000.0,155000.0,146500.0,"AED 138,000 - 155,000",AED,https://www.drivearabia.com/carprices/uae/audi/audi-a4/2016/,2026-06-12T11:27:53Z,AUDI,A4,A4,0.1698598625955771,10.0,22769.0
audi-a4,2016.0,2.0TC I4 40 TFSI,146000.0,160000.0,153000.0,"AED 146,000 - 160,000",AED,https://www.drivearabia.com/carprices/uae/audi/audi-a4/2016/,2026-06-12T11:27:53Z,AUDI,A4,A4,0.1698598625955771,10.0,23780.0
audi-a4,2016.0,2.0TC I4 45 TFSI Quattro,178000.0,185000.0,181500.0,"AED 178,000 - 185,000",AED,https://www.drivearabia.com/carprices/uae/audi/audi-a4/2016/,2026-06-12T11:27:53Z,AUDI,A4,A4,0.1698598625955771,10.0,28209.0
audi-a4,2017.0,1.4TC I4 35 TFSI,138000.0,155000.0,146500.0,"AED 138,000 - 155,000",AED,https://www.drivearabia.com/carprices/uae/audi/audi-a4/2017/,2026-06-12T11:27:55Z,AUDI,A4,A4,0.1698598625955771,9.0,27428.0
audi-a4,2017.0,2.0TC I4 40 TFSI,146000.0,160000.0,153000.0,"AED 146,000 - 160,000",AED,https://www.drivearabia.com/carprices/uae/audi/audi-a4/2017/,2026-06-12T11:27:55Z,AUDI,A4,A4,0.1698598625955771,9.0,28645.0
audi-a4,2017.0,2.0TC I4 45 TFSI Quattro,178000.0,185000.0,181500.0,"AED 178,000 - 185,000",AED,https://www.drivearabia.com/carprices/uae/audi/audi-a4/2017/,2026-06-12T11:27:55Z,AUDI,A4,A4,0.1698598625955771,9.0,33981.0
audi-a4,2018.0,1.4TC I4 35 TFSI,138000.0,155000.0,146500.0,"AED 138,000 - 155,000",AED,https://www.drivearabia.com/carprices/uae/audi/audi-a4/2018/,2026-06-12T11:27:58Z,AUDI,A4,A4,0.1698598625955771,8.0,33041.0
audi-a4,2018.0,2.0TC I4 40 TFSI,146000.0,160000.0,153000.0,"AED 146,000 - 160,000",AED,https://www.drivearabia.com/carprices/uae/audi/audi-a4/2018/,2026-06-12T11:27:58Z,AUDI,A4,A4,0.1698598625955771,8.0,34507.0
audi-a4,2018.0,2.0TC I4 45 TFSI Quattro,178000.0,185000.0,181500.0,"AED 178,000 - 185,000",AED,https://www.drivearabia.com/carprices/uae/audi/audi-a4/2018/,2026-06-12T11:27:58Z,AUDI,A4,A4,0.1698598625955771,8.0,40934.0
audi-a4,2019.0,1.4TC I4 35 TFSI,138000.0,155000.0,146500.0,"AED 138,000 - 155,000",AED,https://www.drivearabia.com/carprices/uae/audi/audi-a4/2019/,2026-06-12T11:27:59Z,AUDI,A4,A4,0.1698598625955771,7.0,39801.0
audi-a4,2019.0,2.0TC I4 40 TFSI,146000.0,160000.0,153000.0,"AED 146,000 - 160,000",AED,https://www.drivearabia.com/carprices/uae/audi/audi-a4/2019/,2026-06-12T11:27:59Z,AUDI,A4,A4,0.1698598625955771,7.0,41567.0
audi-a4,2019.0,2.0TC I4 45 TFSI Quattro,178000.0,185000.0,181500.0,"AED 178,000 - 185,000",AED,https://www.drivearabia.com/carprices/uae/audi/audi-a4/2019/,2026-06-12T11:27:59Z,AUDI,A4,A4,0.1698598625955771,7.0,49310.0
audi-a4,2020.0,2.0TC I4 35 TFSI,164325.0,165000.0,164662.0,"AED 164,325 - 165,000",AED,https://www.drivearabia.com/carprices/uae/audi/audi-a4/2020/,2026-06-12T11:28:01Z,AUDI,A4,A4,0.1698598625955771,6.0,53889.0
audi-a4,2020.0,2.0TC I4 35 TFSI S-line,168000.0,169000.0,168500.0,"AED 168,000 - 169,000",AED,https://www.drivearabia.com/carprices/uae/audi/audi-a4/2020/,2026-06-12T11:28:01Z,AUDI,A4,A4,0.1698598625955771,6.0,55145.0
audi-a4,2020.0,2.0TC I4 40 TFSI,174000.0,175000.0,174500.0,"AED 174,000 - 175,000",AED,https://www.drivearabia.com/carprices/uae/audi/audi-a4/2020/,2026-06-12T11:28:01Z,AUDI,A4,A4,0.1698598625955771,6.0,57109.0
audi-a4,2020.0,2.0TC I4 40 TFSI S-line,178000.0,179000.0,178500.0,"AED 178,000 - 179,000",AED,https://www.drivearabia.com/carprices/uae/audi/audi-a4/2020/,2026-06-12T11:28:01Z,AUDI,A4,A4,0.1698598625955771,6.0,58418.0
audi-a4,2021.0,2.0TC I4 35 TFSI,180000.0,185000.0,182500.0,"AED 180,000 - 185,000",AED,https://www.drivearabia.com/carprices/uae/audi/audi-a4/2021/,2026-06-12T11:28:04Z,AUDI,A4,A4,0.1698598625955771,5.0,71948.0
audi-a4,2021.0,2.0TC I4 35 TFSI S-line,194250.0,195000.0,194625.0,"AED 194,250 - 195,000",AED,https://www.drivearabia.com/carprices/uae/audi/audi-a4/2021/,2026-06-12T11:28:04Z,AUDI,A4,A4,0.1698598625955771,5.0,76728.0
audi-a4,2021.0,2.0TC I4 40 TFSI,200000.0,205000.0,202500.0,"AED 200,000 - 205,000",AED,https://www.drivearabia.com/carprices/uae/audi/audi-a4/2021/,2026-06-12T11:28:04Z,AUDI,A4,A4,0.1698598625955771,5.0,79833.0
audi-a4,2021.0,2.0TC I4 40 TFSI S-line,220000.0,230000.0,225000.0,"AED 220,000 - 230,000",AED,https://www.drivearabia.com/carprices/uae/audi/audi-a4/2021/,2026-06-12T11:28:04Z,AUDI,A4,A4,0.1698598625955771,5.0,88703.0
audi-a4,2022.0,2.0TC I4 35 TFSI,180000.0,185000.0,182500.0,"AED 180,000 - 185,000",AED,https://www.drivearabia.com/carprices/uae/audi/audi-a4/2022/,2026-06-12T11:28:06Z,AUDI,A4,A4,0.1698598625955771,4.0,86670.0
audi-a4,2022.0,2.0TC I4 35 TFSI S-line,194250.0,195000.0,194625.0,"AED 194,250 - 195,000",AED,https://www.drivearabia.com/carprices/uae/audi/audi-a4/2022/,2026-06-12T11:28:06Z,AUDI,A4,A4,0.1698598625955771,4.0,92428.0
audi-a4,2022.0,2.0TC I4 40 TFSI,200000.0,205000.0,202500.0,"AED 200,000 - 205,000",AED,https://www.drivearabia.com/carprices/uae/audi/audi-a4/2022/,2026-06-12T11:28:06Z,AUDI,A4,A4,0.1698598625955771,4.0,96168.0
audi-a4,2022.0,2.0TC I4 40 TFSI S-line,220000.0,230000.0,225000.0,"AED 220,000 - 230,000",AED,https://www.drivearabia.com/carprices/uae/audi/audi-a4/2022/,2026-06-12T11:28:06Z,AUDI,A4,A4,0.1698598625955771,4.0,106853.0
audi-a4,2023.0,2.0TC I4 35 TFSI,180000.0,185000.0,182500.0,"AED 180,000 - 185,000",AED,https://www.drivearabia.com/carprices/uae/audi/audi-a4/2023/,2026-06-12T11:28:08Z,AUDI,A4,A4,0.1698598625955771,3.0,104404.0
audi-a4,2023.0,2.0TC I4 35 TFSI S-line,194250.0,195000.0,194625.0,"AED 194,250 - 195,000",AED,https://www.drivearabia.com/carprices/uae/audi/audi-a4/2023/,2026-06-12T11:28:08Z,AUDI,A4,A4,0.1698598625955771,3.0,111340.0
audi-a4,2023.0,2.0TC I4 40 TFSI,200000.0,205000.0,202500.0,"AED 200,000 - 205,000",AED,https://www.drivearabia.com/carprices/uae/audi/audi-a4/2023/,2026-06-12T11:28:08Z,AUDI,A4,A4,0.1698598625955771,3.0,115846.0
audi-a4,2023.0,2.0TC I4 40 TFSI S-line,220000.0,230000.0,225000.0,"AED 220,000 - 230,000",AED,https://www.drivearabia.com/carprices/uae/audi/audi-a4/2023/,2026-06-12T11:28:08Z,AUDI,A4,A4,0.1698598625955771,3.0,128717.0
audi-a4,2024.0,2.0TC I4 35 TFSI FWD,180000.0,185000.0,182500.0,"AED 180,000 - 185,000",AED,https://www.drivearabia.com/carprices/uae/audi/audi-a4/2024/,2026-06-12T11:28:10Z,AUDI,A4,A4,0.1698598625955771,2.0,125767.0
audi-a4,2024.0,2.0TC I4 35 TFSI S-line FWD,194250.0,195000.0,194625.0,"AED 194,250 - 195,000",AED,https://www.drivearabia.com/carprices/uae/audi/audi-a4/2024/,2026-06-12T11:28:10Z,AUDI,A4,A4,0.1698598625955771,2.0,134122.0
audi-a4,2024.0,2.0TC I4 40 TFSI 4WD,200000.0,205000.0,202500.0,"AED 200,000 - 205,000",AED,https://www.drivearabia.com/carprices/uae/audi/audi-a4/2024/,2026-06-12T11:28:10Z,AUDI,A4,A4,0.1698598625955771,2.0,139549.0
audi-a4,2024.0,2.0TC I4 40 TFSI S-line 4WD,220000.0,230000.0,225000.0,"AED 220,000 - 230,000",AED,https://www.drivearabia.com/carprices/uae/audi/audi-a4/2024/,2026-06-12T11:28:10Z,AUDI,A4,A4,0.1698598625955771,2.0,155055.0
audi-a5,2025.0,2.0TC I4 40 TFSI FWD,249900.0,275000.0,262450.0,"AED 249,900 - 275,000",AED,https://www.drivearabia.com/carprices/uae/audi/audi-a5/2025/,2026-06-12T11:28:53Z,AUDI,A5,A5,0.1403037718180974,1.0,225627.0
audi-a5,2026.0,2.0TC I4 40 TFSI FWD,249900.0,275000.0,262450.0,"AED 249,900 - 275,000",AED,https://www.drivearabia.com/carprices/uae/audi/audi-a5/2026/,2026-06-12T11:28:55Z,AUDI,A5,A5,0.1403037718180974,0.0,262450.0
audi-a5-cabriolet,2010.0,2.0TC I4 45 TFSI,238000.0,259000.0,248500.0,"AED 238,000 - 259,000",AED,https://www.drivearabia.com/carprices/uae/audi/audi-a5-cabriolet/2010/,2026-06-12T11:29:17Z,AUDI,A5 CABRIOLET,A5 CABRIOLET,0.125825,16.0,28900.0
audi-a5-cabriolet,2011.0,2.0TC I4 45 TFSI,238000.0,259000.0,248500.0,"AED 238,000 - 259,000",AED,https://www.drivearabia.com/carprices/uae/audi/audi-a5-cabriolet/2011/,2026-06-12T11:29:19Z,AUDI,A5 CABRIOLET,A5 CABRIOLET,0.125825,15.0,33060.0
audi-a5-cabriolet,2012.0,2.0TC I4 45 TFSI,238000.0,259000.0,248500.0,"AED 238,000 - 259,000",AED,https://www.drivearabia.com/carprices/uae/audi/audi-a5-cabriolet/2012/,2026-06-12T11:29:21Z,AUDI,A5 CABRIOLET,A5 CABRIOLET,0.125825,14.0,37818.0
audi-a5-cabriolet,2013.0,1.8TC I4 35 TFSI,195500.0,216000.0,205750.0,"AED 195,500 - 216,000",AED,https://www.drivearabia.com/carprices/uae/audi/audi-a5-cabriolet/2013/,2026-06-12T11:29:23Z,AUDI,A5 CABRIOLET,A5 CABRIOLET,0.125825,13.0,35819.0
audi-a5-cabriolet,2013.0,2.0TC I4 45 TFSI Quattro,214000.0,245000.0,229500.0,"AED 214,000 - 245,000",AED,https://www.drivearabia.com/carprices/uae/audi/audi-a5-cabriolet/2013/,2026-06-12T11:29:23Z,AUDI,A5 CABRIOLET,A5 CABRIOLET,0.125825,13.0,39954.0
audi-a5-cabriolet,2013.0,3.0SC V6 55 TFSI Quattro,239700.0,260000.0,249850.0,"AED 239,700 - 260,000",AED,https://www.drivearabia.com/carprices/uae/audi/audi-a5-cabriolet/2013/,2026-06-12T11:29:23Z,AUDI,A5 CABRIOLET,A5 CABRIOLET,0.125825,13.0,43497.0
audi-a5-cabriolet,2014.0,1.8TC I4 35 TFSI,195500.0,216000.0,205750.0,"AED 195,500 - 216,000",AED,https://www.drivearabia.com/carprices/uae/audi/audi-a5-cabriolet/2014/,2026-06-12T11:29:25Z,AUDI,A5 CABRIOLET,A5 CABRIOLET,0.125825,12.0,40975.0
audi-a5-cabriolet,2014.0,2.0TC I4 45 TFSI Quattro,214000.0,245000.0,229500.0,"AED 214,000 - 245,000",AED,https://www.drivearabia.com/carprices/uae/audi/audi-a5-cabriolet/2014/,2026-06-12T11:29:25Z,AUDI,A5 CABRIOLET,A5 CABRIOLET,0.125825,12.0,45705.0
audi-a5-cabriolet,2014.0,3.0SC V6 55 TFSI Quattro,239700.0,260000.0,249850.0,"AED 239,700 - 260,000",AED,https://www.drivearabia.com/carprices/uae/audi/audi-a5-cabriolet/2014/,2026-06-12T11:29:25Z,AUDI,A5 CABRIOLET,A5 CABRIOLET,0.125825,12.0,49758.0
audi-a5-cabriolet,2015.0,1.8TC I4 35 TFSI,195500.0,216000.0,205750.0,"AED 195,500 - 216,000",AED,https://www.drivearabia.com/carprices/uae/audi/audi-a5-cabriolet/2015/,2026-06-12T11:29:27Z,AUDI,A5 CABRIOLET,A5 CABRIOLET,0.125825,11.0,46873.0
audi-a5-cabriolet,2015.0,2.0TC I4 45 TFSI Quattro,214000.0,245000.0,229500.0,"AED 214,000 - 245,000",AED,https://www.drivearabia.com/carprices/uae/audi/audi-a5-cabriolet/2015/,2026-06-12T11:29:27Z,AUDI,A5 CABRIOLET,A5 CABRIOLET,0.125825,11.0,52284.0
audi-a5-cabriolet,2015.0,3.0SC V6 55 TFSI Quattro,239700.0,260000.0,249850.0,"AED 239,700 - 260,000",AED,https://www.drivearabia.com/carprices/uae/audi/audi-a5-cabriolet/2015/,2026-06-12T11:29:27Z,AUDI,A5 CABRIOLET,A5 CABRIOLET,0.125825,11.0,56920.0
audi-a5-cabriolet,2016.0,1.8TC I4 35 TFSI,195500.0,216000.0,205750.0,"AED 195,500 - 216,000",AED,https://www.drivearabia.com/carprices/uae/audi/audi-a5-cabriolet/2016/,2026-06-12T11:29:29Z,AUDI,A5 CABRIOLET,A5 CABRIOLET,0.125825,10.0,53620.0
audi-a5-cabriolet,2016.0,2.0TC I4 45 TFSI Quattro,214000.0,245000.0,229500.0,"AED 214,000 - 245,000",AED,https://www.drivearabia.com/carprices/uae/audi/audi-a5-cabriolet/2016/,2026-06-12T11:29:29Z,AUDI,A5 CABRIOLET,A5 CABRIOLET,0.125825,10.0,59809.0
audi-a5-cabriolet,2016.0,3.0SC V6 55 TFSI Quattro,239700.0,260000.0,249850.0,"AED 239,700 - 260,000",AED,https://www.drivearabia.com/carprices/uae/audi/audi-a5-cabriolet/2016/,2026-06-12T11:29:29Z,AUDI,A5 CABRIOLET,A5 CABRIOLET,0.125825,10.0,65112.0
audi-a5-cabriolet,2017.0,2.0TC I4 45 TFSI,196000.0,198000.0,197000.0,"AED 196,000 - 198,000",AED,https://www.drivearabia.com/carprices/uae/audi/audi-a5-cabriolet/2017/,2026-06-12T11:29:32Z,AUDI,A5 CABRIOLET,A5 CABRIOLET,0.125825,9.0,58729.0
audi-a5-cabriolet,2017.0,2.0TC I4 45 TFSI Quattro,218000.0,220000.0,219000.0,"AED 218,000 - 220,000",AED,https://www.drivearabia.com/carprices/uae/audi/audi-a5-cabriolet/2017/,2026-06-12T11:29:32Z,AUDI,A5 CABRIOLET,A5 CABRIOLET,0.125825,9.0,65287.0
audi-a5-cabriolet,2018.0,2.0TC I4 45 TFSI,196000.0,198000.0,197000.0,"AED 196,000 - 198,000",AED,https://www.drivearabia.com/carprices/uae/audi/audi-a5-cabriolet/2018/,2026-06-12T11:29:34Z,AUDI,A5 CABRIOLET,A5 CABRIOLET,0.125825,8.0,67182.0
audi-a5-cabriolet,2018.0,2.0TC I4 45 TFSI Quattro,218000.0,220000.0,219000.0,"AED 218,000 - 220,000",AED,https://www.drivearabia.com/carprices/uae/audi/audi-a5-cabriolet/2018/,2026-06-12T11:29:34Z,AUDI,A5 CABRIOLET,A5 CABRIOLET,0.125825,8.0,74685.0
audi-a5-cabriolet,2019.0,2.0TC I4 45 TFSI,196000.0,198000.0,197000.0,"AED 196,000 - 198,000",AED,https://www.drivearabia.com/carprices/uae/audi/audi-a5-cabriolet/2019/,2026-06-12T11:29:36Z,AUDI,A5 CABRIOLET,A5 CABRIOLET,0.125825,7.0,76852.0
audi-a5-cabriolet,2019.0,2.0TC I4 45 TFSI Quattro,218000.0,220000.0,219000.0,"AED 218,000 - 220,000",AED,https://www.drivearabia.com/carprices/uae/audi/audi-a5-cabriolet/2019/,2026-06-12T11:29:36Z,AUDI,A5 CABRIOLET,A5 CABRIOLET,0.125825,7.0,85434.0
audi-a5-cabriolet,2020.0,2.0TC I4 45 TFSI,196000.0,198000.0,197000.0,"AED 196,000 - 198,000",AED,https://www.drivearabia.com/carprices/uae/audi/audi-a5-cabriolet/2020/,2026-06-12T11:29:38Z,AUDI,A5 CABRIOLET,A5 CABRIOLET,0.125825,6.0,87914.0
audi-a5-cabriolet,2020.0,2.0TC I4 45 TFSI Quattro,218000.0,220000.0,219000.0,"AED 218,000 - 220,000",AED,https://www.drivearabia.com/carprices/uae/audi/audi-a5-cabriolet/2020/,2026-06-12T11:29:38Z,AUDI,A5 CABRIOLET,A5 CABRIOLET,0.125825,6.0,97731.0
audi-a5-cabriolet,2021.0,2.0TC I4 45 TFSI,196000.0,198000.0,197000.0,"AED 196,000 - 198,000",AED,https://www.drivearabia.com/carprices/uae/audi/audi-a5-cabriolet/2021/,2026-06-12T11:29:40Z,AUDI,A5 CABRIOLET,A5 CABRIOLET,0.125825,5.0,100568.0
audi-a5-cabriolet,2021.0,2.0TC I4 45 TFSI Quattro,218000.0,220000.0,219000.0,"AED 218,000 - 220,000",AED,https://www.drivearabia.com/carprices/uae/audi/audi-a5-cabriolet/2021/,2026-06-12T11:29:40Z,AUDI,A5 CABRIOLET,A5 CABRIOLET,0.125825,5.0,111799.0
audi-a5-cabriolet,2022.0,2.0TC I4 45 TFSI,196000.0,198000.0,197000.0,"AED 196,000 - 198,000",AED,https://www.drivearabia.com/carprices/uae/audi/audi-a5-cabriolet/2022/,2026-06-12T11:29:42Z,AUDI,A5 CABRIOLET,A5 CABRIOLET,0.125825,4.0,115043.0
audi-a5-cabriolet,2022.0,2.0TC I4 45 TFSI Quattro,218000.0,220000.0,219000.0,"AED 218,000 - 220,000",AED,https://www.drivearabia.com/carprices/uae/audi/audi-a5-cabriolet/2022/,2026-06-12T11:29:42Z,AUDI,A5 CABRIOLET,A5 CABRIOLET,0.125825,4.0,127890.0
audi-a5-cabriolet,2023.0,2.0TC I4 45 TFSI,196000.0,198000.0,197000.0,"AED 196,000 - 198,000",AED,https://www.drivearabia.com/carprices/uae/audi/audi-a5-cabriolet/2023/,2026-06-12T11:29:44Z,AUDI,A5 CABRIOLET,A5 CABRIOLET,0.125825,3.0,131602.0
audi-a5-cabriolet,2023.0,2.0TC I4 45 TFSI Quattro,218000.0,220000.0,219000.0,"AED 218,000 - 220,000",AED,https://www.drivearabia.com/carprices/uae/audi/audi-a5-cabriolet/2023/,2026-06-12T11:29:44Z,AUDI,A5 CABRIOLET,A5 CABRIOLET,0.125825,3.0,146298.0
audi-a5-cabriolet,2024.0,2.0TC I4 45 TFSI FWD,196000.0,198000.0,197000.0,"AED 196,000 - 198,000",AED,https://www.drivearabia.com/carprices/uae/audi/audi-a5-cabriolet/2024/,2026-06-12T11:29:46Z,AUDI,A5 CABRIOLET,A5 CABRIOLET,0.125825,2.0,150544.0
audi-a5-cabriolet,2024.0,2.0TC I4 45 TFSI Quattro 4WD,218000.0,220000.0,219000.0,"AED 218,000 - 220,000",AED,https://www.drivearabia.com/carprices/uae/audi/audi-a5-cabriolet/2024/,2026-06-12T11:29:46Z,AUDI,A5 CABRIOLET,A5 CABRIOLET,0.125825,2.0,167356.0
audi-a5-coupe,2008.0,3.2 V6 3.2 FSI,210000.0,220000.0,215000.0,"AED 210,000 - 220,000",AED,https://www.drivearabia.com/carprices/uae/audi/audi-a5-coupe/2008/,2026-06-12T11:30:09Z,AUDI,A5 COUPE,A5 COUPE,0.125825,18.0,19108.0
audi-a5-coupe,2008.0,3.2 V6 3.2 FSI Quattro,290000.0,295000.0,292500.0,"AED 290,000 - 295,000",AED,https://www.drivearabia.com/carprices/uae/audi/audi-a5-coupe/2008/,2026-06-12T11:30:09Z,AUDI,A5 COUPE,A5 COUPE,0.125825,18.0,25995.0
audi-a5-coupe,2009.0,3.2 V6 3.2 FSI,210000.0,220000.0,215000.0,"AED 210,000 - 220,000",AED,https://www.drivearabia.com/carprices/uae/audi/audi-a5-coupe/2009/,2026-06-12T11:30:11Z,AUDI,A5 COUPE,A5 COUPE,0.125825,17.0,21858.0
audi-a5-coupe,2009.0,3.2 V6 3.2 FSI Quattro,290000.0,295000.0,292500.0,"AED 290,000 - 295,000",AED,https://www.drivearabia.com/carprices/uae/audi/audi-a5-coupe/2009/,2026-06-12T11:30:11Z,AUDI,A5 COUPE,A5 COUPE,0.125825,17.0,29737.0
audi-a5-coupe,2010.0,2.0TC I4 2.0 TFSI,195000.0,210000.0,202500.0,"AED 195,000 - 210,000",AED,https://www.drivearabia.com/carprices/uae/audi/audi-a5-coupe/2010/,2026-06-12T11:30:14Z,AUDI,A5 COUPE,A5 COUPE,0.125825,16.0,23550.0
audi-a5-coupe,2010.0,3.2 V6 3.2 FSI,235000.0,240000.0,237500.0,"AED 235,000 - 240,000",AED,https://www.drivearabia.com/carprices/uae/audi/audi-a5-coupe/2010/,2026-06-12T11:30:14Z,AUDI,A5 COUPE,A5 COUPE,0.125825,16.0,27621.0
audi-a5-coupe,2010.0,3.2 V6 3.2 FSI Quattro,242000.0,250000.0,246000.0,"AED 242,000 - 250,000",AED,https://www.drivearabia.com/carprices/uae/audi/audi-a5-coupe/2010/,2026-06-12T11:30:14Z,AUDI,A5 COUPE,A5 COUPE,0.125825,16.0,28609.0
audi-a5-coupe,2011.0,2.0TC I4 2.0 TFSI,195000.0,210000.0,202500.0,"AED 195,000 - 210,000",AED,https://www.drivearabia.com/carprices/uae/audi/audi-a5-coupe/2011/,2026-06-12T11:30:16Z,AUDI,A5 COUPE,A5 COUPE,0.125825,15.0,26940.0
audi-a5-coupe,2011.0,3.2 V6 3.2 FSI,235000.0,240000.0,237500.0,"AED 235,000 - 240,000",AED,https://www.drivearabia.com/carprices/uae/audi/audi-a5-coupe/2011/,2026-06-12T11:30:16Z,AUDI,A5 COUPE,A5 COUPE,0.125825,15.0,31597.0
audi-a5-coupe,2011.0,3.2 V6 3.2 FSI Quattro,242000.0,250000.0,246000.0,"AED 242,000 - 250,000",AED,https://www.drivearabia.com/carprices/uae/audi/audi-a5-coupe/2011/,2026-06-12T11:30:16Z,AUDI,A5 COUPE,A5 COUPE,0.125825,15.0,32727.0
audi-a5-coupe,2012.0,2.0TC I4 2.0 TFSI,195000.0,210000.0,202500.0,"AED 195,000 - 210,000",AED,https://www.drivearabia.com/carprices/uae/audi/audi-a5-coupe/2012/,2026-06-12T11:30:18Z,AUDI,A5 COUPE,A5 COUPE,0.125825,14.0,30818.0
audi-a5-coupe,2012.0,3.2 V6 3.2 FSI,235000.0,240000.0,237500.0,"AED 235,000 - 240,000",AED,https://www.drivearabia.com/carprices/uae/audi/audi-a5-coupe/2012/,2026-06-12T11:30:18Z,AUDI,A5 COUPE,A5 COUPE,0.125825,14.0,36144.0
audi-a5-coupe,2012.0,3.2 V6 3.2 FSI Quattro,242000.0,250000.0,246000.0,"AED 242,000 - 250,000",AED,https://www.drivearabia.com/carprices/uae/audi/audi-a5-coupe/2012/,2026-06-12T11:30:18Z,AUDI,A5 COUPE,A5 COUPE,0.125825,14.0,37438.0
audi-a5-coupe,2013.0,1.8TC I4 35 TFSI,175500.0,250000.0,212750.0,"AED 175,500 - 250,000",AED,https://www.drivearabia.com/carprices/uae/audi/audi-a5-coupe/2013/,2026-06-12T11:30:20Z,AUDI,A5 COUPE,A5 COUPE,0.125825,13.0,37038.0
audi-a5-coupe,2013.0,2.0TC I4 40 TFSI,196000.0,225000.0,210500.0,"AED 196,000 - 225,000",AED,https://www.drivearabia.com/carprices/uae/audi/audi-a5-coupe/2013/,2026-06-12T11:30:20Z,AUDI,A5 COUPE,A5 COUPE,0.125825,13.0,36646.0
audi-a5-coupe,2013.0,3.0SC V6 55 TFSI,224700.0,255000.0,239850.0,"AED 224,700 - 255,000",AED,https://www.drivearabia.com/carprices/uae/audi/audi-a5-coupe/2013/,2026-06-12T11:30:20Z,AUDI,A5 COUPE,A5 COUPE,0.125825,13.0,41756.0
audi-a5-coupe,2014.0,1.8TC I4 35 TFSI,175500.0,250000.0,212750.0,"AED 175,500 - 250,000",AED,https://www.drivearabia.com/carprices/uae/audi/audi-a5-coupe/2014/,2026-06-12T11:30:22Z,AUDI,A5 COUPE,A5 COUPE,0.125825,12.0,42369.0
audi-a5-coupe,2014.0,2.0TC I4 40 TFSI,196000.0,225000.0,210500.0,"AED 196,000 - 225,000",AED,https://www.drivearabia.com/carprices/uae/audi/audi-a5-coupe/2014/,2026-06-12T11:30:22Z,AUDI,A5 COUPE,A5 COUPE,0.125825,12.0,41921.0
audi-a5-coupe,2014.0,3.0SC V6 55 TFSI,224700.0,255000.0,239850.0,"AED 224,700 - 255,000",AED,https://www.drivearabia.com/carprices/uae/audi/audi-a5-coupe/2014/,2026-06-12T11:30:22Z,AUDI,A5 COUPE,A5 COUPE,0.125825,12.0,47766.0
audi-a5-coupe,2015.0,1.8TC I4 35 TFSI,175500.0,250000.0,212750.0,"AED 175,500 - 250,000",AED,https://www.drivearabia.com/carprices/uae/audi/audi-a5-coupe/2015/,2026-06-12T11:30:24Z,AUDI,A5 COUPE,A5 COUPE,0.125825,11.0,48468.0
audi-a5-coupe,2015.0,2.0TC I4 40 TFSI,196000.0,225000.0,210500.0,"AED 196,000 - 225,000",AED,https://www.drivearabia.com/carprices/uae/audi/audi-a5-coupe/2015/,2026-06-12T11:30:24Z,AUDI,A5 COUPE,A5 COUPE,0.125825,11.0,47955.0
audi-a5-coupe,2015.0,3.0SC V6 55 TFSI,224700.0,255000.0,239850.0,"AED 224,700 - 255,000",AED,https://www.drivearabia.com/carprices/uae/audi/audi-a5-coupe/2015/,2026-06-12T11:30:24Z,AUDI,A5 COUPE,A5 COUPE,0.125825,11.0,54641.0
audi-a5-coupe,2016.0,1.8TC I4 35 TFSI,175500.0,250000.0,212750.0,"AED 175,500 - 250,000",AED,https://www.drivearabia.com/carprices/uae/audi/audi-a5-coupe/2016/,2026-06-12T11:30:26Z,AUDI,A5 COUPE,A5 COUPE,0.125825,10.0,55444.0
audi-a5-coupe,2016.0,2.0TC I4 40 TFSI,196000.0,225000.0,210500.0,"AED 196,000 - 225,000",AED,https://www.drivearabia.com/carprices/uae/audi/audi-a5-coupe/2016/,2026-06-12T11:30:26Z,AUDI,A5 COUPE,A5 COUPE,0.125825,10.0,54857.0
audi-a5-coupe,2016.0,3.0SC V6 55 TFSI,224700.0,255000.0,239850.0,"AED 224,700 - 255,000",AED,https://www.drivearabia.com/carprices/uae/audi/audi-a5-coupe/2016/,2026-06-12T11:30:26Z,AUDI,A5 COUPE,A5 COUPE,0.125825,10.0,62506.0
audi-a5-coupe,2017.0,2.0TC I4 40 TFSI,188000.0,205000.0,196500.0,"AED 188,000 - 205,000",AED,https://www.drivearabia.com/carprices/uae/audi/audi-a5-coupe/2017/,2026-06-12T11:30:28Z,AUDI,A5 COUPE,A5 COUPE,0.125825,9.0,58580.0
audi-a5-coupe,2017.0,2.0TC I4 45 TFSI S-Line,250000.0,255000.0,252500.0,"AED 250,000 - 255,000",AED,https://www.drivearabia.com/carprices/uae/audi/audi-a5-coupe/2017/,2026-06-12T11:30:28Z,AUDI,A5 COUPE,A5 COUPE,0.125825,9.0,75274.0
audi-a5-coupe,2018.0,2.0TC I4 40 TFSI,188000.0,205000.0,196500.0,"AED 188,000 - 205,000",AED,https://www.drivearabia.com/carprices/uae/audi/audi-a5-coupe/2018/,2026-06-12T11:30:30Z,AUDI,A5 COUPE,A5 COUPE,0.125825,8.0,67012.0
audi-a5-coupe,2018.0,2.0TC I4 45 TFSI S-Line,250000.0,255000.0,252500.0,"AED 250,000 - 255,000",AED,https://www.drivearabia.com/carprices/uae/audi/audi-a5-coupe/2018/,2026-06-12T11:30:30Z,AUDI,A5 COUPE,A5 COUPE,0.125825,8.0,86109.0
audi-a5-coupe,2019.0,2.0TC I4 40 TFSI,188000.0,205000.0,196500.0,"AED 188,000 - 205,000",AED,https://www.drivearabia.com/carprices/uae/audi/audi-a5-coupe/2019/,2026-06-12T11:30:33Z,AUDI,A5 COUPE,A5 COUPE,0.125825,7.0,76657.0
audi-a5-coupe,2019.0,2.0TC I4 45 TFSI S-Line,250000.0,255000.0,252500.0,"AED 250,000 - 255,000",AED,https://www.drivearabia.com/carprices/uae/audi/audi-a5-coupe/2019/,2026-06-12T11:30:33Z,AUDI,A5 COUPE,A5 COUPE,0.125825,7.0,98503.0
audi-a5-coupe,2020.0,2.0TC I4 40 TFSI,188000.0,205000.0,196500.0,"AED 188,000 - 205,000",AED,https://www.drivearabia.com/carprices/uae/audi/audi-a5-coupe/2020/,2026-06-12T11:30:35Z,AUDI,A5 COUPE,A5 COUPE,0.125825,6.0,87691.0
audi-a5-coupe,2020.0,2.0TC I4 45 TFSI S-Line,250000.0,255000.0,252500.0,"AED 250,000 - 255,000",AED,https://www.drivearabia.com/carprices/uae/audi/audi-a5-coupe/2020/,2026-06-12T11:30:35Z,AUDI,A5 COUPE,A5 COUPE,0.125825,6.0,112681.0
audi-a5-coupe,2021.0,2.0TC I4 40 TFSI,190000.0,200000.0,195000.0,"AED 190,000 - 200,000",AED,https://www.drivearabia.com/carprices/uae/audi/audi-a5-coupe/2021/,2026-06-12T11:30:37Z,AUDI,A5 COUPE,A5 COUPE,0.125825,5.0,99547.0
audi-a5-coupe,2021.0,2.0TC I4 40 TFSI S-line,236000.0,237000.0,236500.0,"AED 236,000 - 237,000",AED,https://www.drivearabia.com/carprices/uae/audi/audi-a5-coupe/2021/,2026-06-12T11:30:37Z,AUDI,A5 COUPE,A5 COUPE,0.125825,5.0,120732.0
audi-a5-coupe,2021.0,2.0TC I4 45 TFSI S-Line,260000.0,261000.0,260500.0,"AED 260,000 - 261,000",AED,https://www.drivearabia.com/carprices/uae/audi/audi-a5-coupe/2021/,2026-06-12T11:30:37Z,AUDI,A5 COUPE,A5 COUPE,0.125825,5.0,132984.0
audi-a5-coupe,2022.0,2.0TC I4 40 TFSI,190000.0,200000.0,195000.0,"AED 190,000 - 200,000",AED,https://www.drivearabia.com/carprices/uae/audi/audi-a5-coupe/2022/,2026-06-12T11:30:40Z,AUDI,A5 COUPE,A5 COUPE,0.125825,4.0,113875.0
audi-a5-coupe,2022.0,2.0TC I4 40 TFSI S-line,236000.0,237000.0,236500.0,"AED 236,000 - 237,000",AED,https://www.drivearabia.com/carprices/uae/audi/audi-a5-coupe/2022/,2026-06-12T11:30:40Z,AUDI,A5 COUPE,A5 COUPE,0.125825,4.0,138110.0
audi-a5-coupe,2022.0,2.0TC I4 45 TFSI S-Line,260000.0,261000.0,260500.0,"AED 260,000 - 261,000",AED,https://www.drivearabia.com/carprices/uae/audi/audi-a5-coupe/2022/,2026-06-12T11:30:40Z,AUDI,A5 COUPE,A5 COUPE,0.125825,4.0,152125.0
audi-a5-coupe,2023.0,2.0TC I4 40 TFSI,190000.0,200000.0,195000.0,"AED 190,000 - 200,000",AED,https://www.drivearabia.com/carprices/uae/audi/audi-a5-coupe/2023/,2026-06-12T11:30:42Z,AUDI,A5 COUPE,A5 COUPE,0.125825,3.0,130266.0
audi-a5-coupe,2023.0,2.0TC I4 40 TFSI S-line,236000.0,237000.0,236500.0,"AED 236,000 - 237,000",AED,https://www.drivearabia.com/carprices/uae/audi/audi-a5-coupe/2023/,2026-06-12T11:30:42Z,AUDI,A5 COUPE,A5 COUPE,0.125825,3.0,157989.0
audi-a5-coupe,2023.0,2.0TC I4 45 TFSI S-Line,260000.0,261000.0,260500.0,"AED 260,000 - 261,000",AED,https://www.drivearabia.com/carprices/uae/audi/audi-a5-coupe/2023/,2026-06-12T11:30:42Z,AUDI,A5 COUPE,A5 COUPE,0.125825,3.0,174021.0
audi-a5-coupe,2024.0,2.0TC I4 40 TFSI FWD,190000.0,200000.0,195000.0,"AED 190,000 - 200,000",AED,https://www.drivearabia.com/carprices/uae/audi/audi-a5-coupe/2024/,2026-06-12T11:30:44Z,AUDI,A5 COUPE,A5 COUPE,0.125825,2.0,149015.0
audi-a5-coupe,2024.0,2.0TC I4 40 TFSI S-Line FWD,236000.0,237000.0,236500.0,"AED 236,000 - 237,000",AED,https://www.drivearabia.com/carprices/uae/audi/audi-a5-coupe/2024/,2026-06-12T11:30:44Z,AUDI,A5 COUPE,A5 COUPE,0.125825,2.0,180729.0
audi-a5-coupe,2024.0,2.0TC I4 45 TFSI S-Line 4WD,260000.0,261000.0,260500.0,"AED 260,000 - 261,000",AED,https://www.drivearabia.com/carprices/uae/audi/audi-a5-coupe/2024/,2026-06-12T11:30:44Z,AUDI,A5 COUPE,A5 COUPE,0.125825,2.0,199069.0
audi-a5-sportback,2010.0,2.0TC I4 45 TFSI Quattro,180000.0,250000.0,215000.0,"AED 180,000 - 250,000",AED,https://www.drivearabia.com/carprices/uae/audi/audi-a5-sportback/2010/,2026-06-12T11:31:10Z,AUDI,A5 SPORTBACK,A5 SPORTBACK,0.125825,16.0,25004.0
audi-a5-sportback,2011.0,2.0TC I4 45 TFSI Quattro,180000.0,250000.0,215000.0,"AED 180,000 - 250,000",AED,https://www.drivearabia.com/carprices/uae/audi/audi-a5-sportback/2011/,2026-06-12T11:31:12Z,AUDI,A5 SPORTBACK,A5 SPORTBACK,0.125825,15.0,28603.0
audi-a5-sportback,2012.0,2.0TC I4 45 TFSI Quattro,180000.0,250000.0,215000.0,"AED 180,000 - 250,000",AED,https://www.drivearabia.com/carprices/uae/audi/audi-a5-sportback/2012/,2026-06-12T11:31:14Z,AUDI,A5 SPORTBACK,A5 SPORTBACK,0.125825,14.0,32720.0
audi-a5-sportback,2013.0,1.8TC I4 35 TFSI,165400.0,195000.0,180200.0,"AED 165,400 - 195,000",AED,https://www.drivearabia.com/carprices/uae/audi/audi-a5-sportback/2013/,2026-06-12T11:31:16Z,AUDI,A5 SPORTBACK,A5 SPORTBACK,0.125825,13.0,31371.0
audi-a5-sportback,2013.0,2.0TC I4 45 TFSI Quattro,184000.0,215000.0,199500.0,"AED 184,000 - 215,000",AED,https://www.drivearabia.com/carprices/uae/audi/audi-a5-sportback/2013/,2026-06-12T11:31:16Z,AUDI,A5 SPORTBACK,A5 SPORTBACK,0.125825,13.0,34731.0
audi-a5-sportback,2013.0,3.0SC V6 55 TFSI Quattro,209600.0,240000.0,224800.0,"AED 209,600 - 240,000",AED,https://www.drivearabia.com/carprices/uae/audi/audi-a5-sportback/2013/,2026-06-12T11:31:16Z,AUDI,A5 SPORTBACK,A5 SPORTBACK,0.125825,13.0,39136.0
audi-a5-sportback,2014.0,1.8TC I4 35 TFSI,165400.0,195000.0,180200.0,"AED 165,400 - 195,000",AED,https://www.drivearabia.com/carprices/uae/audi/audi-a5-sportback/2014/,2026-06-12T11:31:18Z,AUDI,A5 SPORTBACK,A5 SPORTBACK,0.125825,12.0,35887.0
audi-a5-sportback,2014.0,2.0TC I4 45 TFSI Quattro,184000.0,215000.0,199500.0,"AED 184,000 - 215,000",AED,https://www.drivearabia.com/carprices/uae/audi/audi-a5-sportback/2014/,2026-06-12T11:31:18Z,AUDI,A5 SPORTBACK,A5 SPORTBACK,0.125825,12.0,39730.0
audi-a5-sportback,2014.0,3.0SC V6 55 TFSI Quattro,209600.0,240000.0,224800.0,"AED 209,600 - 240,000",AED,https://www.drivearabia.com/carprices/uae/audi/audi-a5-sportback/2014/,2026-06-12T11:31:18Z,AUDI,A5 SPORTBACK,A5 SPORTBACK,0.125825,12.0,44769.0
audi-a5-sportback,2015.0,1.8TC I4 35 TFSI,165400.0,195000.0,180200.0,"AED 165,400 - 195,000",AED,https://www.drivearabia.com/carprices/uae/audi/audi-a5-sportback/2015/,2026-06-12T11:31:21Z,AUDI,A5 SPORTBACK,A5 SPORTBACK,0.125825,11.0,41052.0
audi-a5-sportback,2015.0,2.0TC I4 45 TFSI Quattro,184000.0,215000.0,199500.0,"AED 184,000 - 215,000",AED,https://www.drivearabia.com/carprices/uae/audi/audi-a5-sportback/2015/,2026-06-12T11:31:21Z,AUDI,A5 SPORTBACK,A5 SPORTBACK,0.125825,11.0,45449.0
audi-a5-sportback,2015.0,3.0SC V6 55 TFSI Quattro,209600.0,240000.0,224800.0,"AED 209,600 - 240,000",AED,https://www.drivearabia.com/carprices/uae/audi/audi-a5-sportback/2015/,2026-06-12T11:31:21Z,AUDI,A5 SPORTBACK,A5 SPORTBACK,0.125825,11.0,51213.0
audi-a5-sportback,2016.0,1.8TC I4 35 TFSI,165400.0,195000.0,180200.0,"AED 165,400 - 195,000",AED,https://www.drivearabia.com/carprices/uae/audi/audi-a5-sportback/2016/,2026-06-12T11:31:23Z,AUDI,A5 SPORTBACK,A5 SPORTBACK,0.125825,10.0,46961.0
audi-a5-sportback,2016.0,2.0TC I4 45 TFSI Quattro,184000.0,215000.0,199500.0,"AED 184,000 - 215,000",AED,https://www.drivearabia.com/carprices/uae/audi/audi-a5-sportback/2016/,2026-06-12T11:31:23Z,AUDI,A5 SPORTBACK,A5 SPORTBACK,0.125825,10.0,51991.0
audi-a5-sportback,2016.0,3.0SC V6 55 TFSI Quattro,209600.0,240000.0,224800.0,"AED 209,600 - 240,000",AED,https://www.drivearabia.com/carprices/uae/audi/audi-a5-sportback/2016/,2026-06-12T11:31:23Z,AUDI,A5 SPORTBACK,A5 SPORTBACK,0.125825,10.0,58584.0
audi-a5-sportback,2017.0,2.0TC I4 40 TFSI,187600.0,200000.0,193800.0,"AED 187,600 - 200,000",AED,https://www.drivearabia.com/carprices/uae/audi/audi-a5-sportback/2017/,2026-06-12T11:31:26Z,AUDI,A5 SPORTBACK,A5 SPORTBACK,0.125825,9.0,57775.0
audi-a5-sportback,2017.0,2.0TC I4 45 TFSI S-Line Quattro,254000.0,255000.0,254500.0,"AED 254,000 - 255,000",AED,https://www.drivearabia.com/carprices/uae/audi/audi-a5-sportback/2017/,2026-06-12T11:31:26Z,AUDI,A5 SPORTBACK,A5 SPORTBACK,0.125825,9.0,75871.0
audi-a5-sportback,2018.0,2.0TC I4 40 TFSI,187600.0,200000.0,193800.0,"AED 187,600 - 200,000",AED,https://www.drivearabia.com/carprices/uae/audi/audi-a5-sportback/2018/,2026-06-12T11:31:29Z,AUDI,A5 SPORTBACK,A5 SPORTBACK,0.125825,8.0,66091.0
audi-a5-sportback,2018.0,2.0TC I4 45 TFSI S-Line Quattro,254000.0,255000.0,254500.0,"AED 254,000 - 255,000",AED,https://www.drivearabia.com/carprices/uae/audi/audi-a5-sportback/2018/,2026-06-12T11:31:29Z,AUDI,A5 SPORTBACK,A5 SPORTBACK,0.125825,8.0,86791.0
audi-a5-sportback,2019.0,2.0TC I4 40 TFSI,187600.0,200000.0,193800.0,"AED 187,600 - 200,000",AED,https://www.drivearabia.com/carprices/uae/audi/audi-a5-sportback/2019/,2026-06-12T11:31:31Z,AUDI,A5 SPORTBACK,A5 SPORTBACK,0.125825,7.0,75604.0
audi-a5-sportback,2019.0,2.0TC I4 45 TFSI S-Line Quattro,254000.0,255000.0,254500.0,"AED 254,000 - 255,000",AED,https://www.drivearabia.com/carprices/uae/audi/audi-a5-sportback/2019/,2026-06-12T11:31:31Z,AUDI,A5 SPORTBACK,A5 SPORTBACK,0.125825,7.0,99283.0
audi-a5-sportback,2020.0,2.0TC I4 40 TFSI,187600.0,200000.0,193800.0,"AED 187,600 - 200,000",AED,https://www.drivearabia.com/carprices/uae/audi/audi-a5-sportback/2020/,2026-06-12T11:31:33Z,AUDI,A5 SPORTBACK,A5 SPORTBACK,0.125825,6.0,86486.0
audi-a5-sportback,2020.0,2.0TC I4 40 TFSI S-line,226000.0,227000.0,226500.0,"AED 226,000 - 227,000",AED,https://www.drivearabia.com/carprices/uae/audi/audi-a5-sportback/2020/,2026-06-12T11:31:33Z,AUDI,A5 SPORTBACK,A5 SPORTBACK,0.125825,6.0,101078.0
audi-a5-sportback,2020.0,2.0TC I4 45 TFSI S-Line,254000.0,255000.0,254500.0,"AED 254,000 - 255,000",AED,https://www.drivearabia.com/carprices/uae/audi/audi-a5-sportback/2020/,2026-06-12T11:31:33Z,AUDI,A5 SPORTBACK,A5 SPORTBACK,0.125825,6.0,113574.0
audi-a5-sportback,2021.0,2.0TC I4 40 TFSI,190000.0,200000.0,195000.0,"AED 190,000 - 200,000",AED,https://www.drivearabia.com/carprices/uae/audi/audi-a5-sportback/2021/,2026-06-12T11:31:35Z,AUDI,A5 SPORTBACK,A5 SPORTBACK,0.125825,5.0,99547.0
audi-a5-sportback,2021.0,2.0TC I4 40 TFSI S-line,236000.0,237000.0,236500.0,"AED 236,000 - 237,000",AED,https://www.drivearabia.com/carprices/uae/audi/audi-a5-sportback/2021/,2026-06-12T11:31:35Z,AUDI,A5 SPORTBACK,A5 SPORTBACK,0.125825,5.0,120732.0
audi-a5-sportback,2021.0,2.0TC I4 45 TFSI S-Line,260000.0,261000.0,260500.0,"AED 260,000 - 261,000",AED,https://www.drivearabia.com/carprices/uae/audi/audi-a5-sportback/2021/,2026-06-12T11:31:35Z,AUDI,A5 SPORTBACK,A5 SPORTBACK,0.125825,5.0,132984.0
audi-a5-sportback,2022.0,2.0TC I4 40 TFSI,190000.0,200000.0,195000.0,"AED 190,000 - 200,000",AED,https://www.drivearabia.com/carprices/uae/audi/audi-a5-sportback/2022/,2026-06-12T11:31:38Z,AUDI,A5 SPORTBACK,A5 SPORTBACK,0.125825,4.0,113875.0
audi-a5-sportback,2022.0,2.0TC I4 40 TFSI S-line,236000.0,237000.0,236500.0,"AED 236,000 - 237,000",AED,https://www.drivearabia.com/carprices/uae/audi/audi-a5-sportback/2022/,2026-06-12T11:31:38Z,AUDI,A5 SPORTBACK,A5 SPORTBACK,0.125825,4.0,138110.0
audi-a5-sportback,2022.0,2.0TC I4 45 TFSI S-Line,260000.0,261000.0,260500.0,"AED 260,000 - 261,000",AED,https://www.drivearabia.com/carprices/uae/audi/audi-a5-sportback/2022/,2026-06-12T11:31:38Z,AUDI,A5 SPORTBACK,A5 SPORTBACK,0.125825,4.0,152125.0
audi-a5-sportback,2023.0,2.0TC I4 40 TFSI,190000.0,200000.0,195000.0,"AED 190,000 - 200,000",AED,https://www.drivearabia.com/carprices/uae/audi/audi-a5-sportback/2023/,2026-06-12T11:31:40Z,AUDI,A5 SPORTBACK,A5 SPORTBACK,0.125825,3.0,130266.0
audi-a5-sportback,2023.0,2.0TC I4 40 TFSI S-line,236000.0,237000.0,236500.0,"AED 236,000 - 237,000",AED,https://www.drivearabia.com/carprices/uae/audi/audi-a5-sportback/2023/,2026-06-12T11:31:40Z,AUDI,A5 SPORTBACK,A5 SPORTBACK,0.125825,3.0,157989.0
audi-a5-sportback,2023.0,2.0TC I4 45 TFSI S-Line,260000.0,261000.0,260500.0,"AED 260,000 - 261,000",AED,https://www.drivearabia.com/carprices/uae/audi/audi-a5-sportback/2023/,2026-06-12T11:31:40Z,AUDI,A5 SPORTBACK,A5 SPORTBACK,0.125825,3.0,174021.0
audi-a6,2005.0,2.4 V6 2.4 FSI,153000.0,175000.0,164000.0,"AED 153,000 - 175,000",AED,https://www.drivearabia.com/carprices/uae/audi/audi-a6/2005/,2026-06-12T11:31:58Z,AUDI,A6,A6,0.1517082975028319,21.0,5180.0
audi-a6,2005.0,2.0TC I4 2.0 TFSI,172000.0,181000.0,176500.0,"AED 172,000 - 181,000",AED,https://www.drivearabia.com/carprices/uae/audi/audi-a6/2005/,2026-06-12T11:31:58Z,AUDI,A6,A6,0.1517082975028319,21.0,5574.0
audi-a6,2005.0,3.2 V6 3.2 FSI,178000.0,195000.0,186500.0,"AED 178,000 - 195,000",AED,https://www.drivearabia.com/carprices/uae/audi/audi-a6/2005/,2026-06-12T11:31:58Z,AUDI,A6,A6,0.1517082975028319,21.0,5890.0
audi-a6,2005.0,3.2 V6 3.2 FSI Quattro,198000.0,203000.0,200500.0,"AED 198,000 - 203,000",AED,https://www.drivearabia.com/carprices/uae/audi/audi-a6/2005/,2026-06-12T11:31:58Z,AUDI,A6,A6,0.1517082975028319,21.0,6332.0
audi-a6,2005.0,4.2 V8 4.2 FSI Quattro,275000.0,280000.0,277500.0,"AED 275,000 - 280,000",AED,https://www.drivearabia.com/carprices/uae/audi/audi-a6/2005/,2026-06-12T11:31:58Z,AUDI,A6,A6,0.1517082975028319,21.0,8764.0
audi-a6,2005.0,5.2TC V10 5.2 TFSI S6,335000.0,340000.0,337500.0,"AED 335,000 - 340,000",AED,https://www.drivearabia.com/carprices/uae/audi/audi-a6/2005/,2026-06-12T11:31:58Z,AUDI,A6,A6,0.1517082975028319,21.0,10659.0
audi-a6,2006.0,2.4 V6 2.4 FSI,153000.0,175000.0,164000.0,"AED 153,000 - 175,000",AED,https://www.drivearabia.com/carprices/uae/audi/audi-a6/2006/,2026-06-12T11:32:00Z,AUDI,A6,A6,0.1517082975028319,20.0,6106.0
audi-a6,2006.0,2.0TC I4 2.0 TFSI,172000.0,181000.0,176500.0,"AED 172,000 - 181,000",AED,https://www.drivearabia.com/carprices/uae/audi/audi-a6/2006/,2026-06-12T11:32:00Z,AUDI,A6,A6,0.1517082975028319,20.0,6571.0
audi-a6,2006.0,3.2 V6 3.2 FSI,178000.0,195000.0,186500.0,"AED 178,000 - 195,000",AED,https://www.drivearabia.com/carprices/uae/audi/audi-a6/2006/,2026-06-12T11:32:00Z,AUDI,A6,A6,0.1517082975028319,20.0,6944.0
audi-a6,2006.0,3.2 V6 3.2 FSI Quattro,198000.0,203000.0,200500.0,"AED 198,000 - 203,000",AED,https://www.drivearabia.com/carprices/uae/audi/audi-a6/2006/,2026-06-12T11:32:00Z,AUDI,A6,A6,0.1517082975028319,20.0,7465.0
audi-a6,2006.0,4.2 V8 4.2 FSI Quattro,275000.0,280000.0,277500.0,"AED 275,000 - 280,000",AED,https://www.drivearabia.com/carprices/uae/audi/audi-a6/2006/,2026-06-12T11:32:00Z,AUDI,A6,A6,0.1517082975028319,20.0,10332.0
audi-a6,2006.0,5.2TC V10 5.2 TFSI S6,335000.0,340000.0,337500.0,"AED 335,000 - 340,000",AED,https://www.drivearabia.com/carprices/uae/audi/audi-a6/2006/,2026-06-12T11:32:00Z,AUDI,A6,A6,0.1517082975028319,20.0,12565.0
audi-a6,2007.0,2.4 V6 2.4 FSI,153000.0,175000.0,164000.0,"AED 153,000 - 175,000",AED,https://www.drivearabia.com/carprices/uae/audi/audi-a6/2007/,2026-06-12T11:32:02Z,AUDI,A6,A6,0.1517082975028319,19.0,7198.0
audi-a6,2007.0,2.0TC I4 2.0 TFSI,172000.0,181000.0,176500.0,"AED 172,000 - 181,000",AED,https://www.drivearabia.com/carprices/uae/audi/audi-a6/2007/,2026-06-12T11:32:02Z,AUDI,A6,A6,0.1517082975028319,19.0,7746.0
audi-a6,2007.0,3.2 V6 3.2 FSI,178000.0,195000.0,186500.0,"AED 178,000 - 195,000",AED,https://www.drivearabia.com/carprices/uae/audi/audi-a6/2007/,2026-06-12T11:32:02Z,AUDI,A6,A6,0.1517082975028319,19.0,8185.0
audi-a6,2007.0,3.2 V6 3.2 FSI Quattro,198000.0,203000.0,200500.0,"AED 198,000 - 203,000",AED,https://www.drivearabia.com/carprices/uae/audi/audi-a6/2007/,2026-06-12T11:32:02Z,AUDI,A6,A6,0.1517082975028319,19.0,8800.0
audi-a6,2007.0,4.2 V8 4.2 FSI Quattro,275000.0,280000.0,277500.0,"AED 275,000 - 280,000",AED,https://www.drivearabia.com/carprices/uae/audi/audi-a6/2007/,2026-06-12T11:32:02Z,AUDI,A6,A6,0.1517082975028319,19.0,12179.0
audi-a6,2007.0,5.2TC V10 5.2 TFSI S6,335000.0,340000.0,337500.0,"AED 335,000 - 340,000",AED,https://www.drivearabia.com/carprices/uae/audi/audi-a6/2007/,2026-06-12T11:32:02Z,AUDI,A6,A6,0.1517082975028319,19.0,14813.0
audi-a6,2008.0,2.4 V6 2.4 FSI,153000.0,175000.0,164000.0,"AED 153,000 - 175,000",AED,https://www.drivearabia.com/carprices/uae/audi/audi-a6/2008/,2026-06-12T11:32:04Z,AUDI,A6,A6,0.1517082975028319,18.0,8485.0
audi-a6,2008.0,2.0TC I4 2.0 TFSI,172000.0,181000.0,176500.0,"AED 172,000 - 181,000",AED,https://www.drivearabia.com/carprices/uae/audi/audi-a6/2008/,2026-06-12T11:32:04Z,AUDI,A6,A6,0.1517082975028319,18.0,9132.0
audi-a6,2008.0,3.2 V6 3.2 FSI,178000.0,195000.0,186500.0,"AED 178,000 - 195,000",AED,https://www.drivearabia.com/carprices/uae/audi/audi-a6/2008/,2026-06-12T11:32:04Z,AUDI,A6,A6,0.1517082975028319,18.0,9649.0
audi-a6,2008.0,3.2 V6 3.2 FSI Quattro,198000.0,203000.0,200500.0,"AED 198,000 - 203,000",AED,https://www.drivearabia.com/carprices/uae/audi/audi-a6/2008/,2026-06-12T11:32:04Z,AUDI,A6,A6,0.1517082975028319,18.0,10374.0
audi-a6,2008.0,4.2 V8 4.2 FSI Quattro,275000.0,280000.0,277500.0,"AED 275,000 - 280,000",AED,https://www.drivearabia.com/carprices/uae/audi/audi-a6/2008/,2026-06-12T11:32:04Z,AUDI,A6,A6,0.1517082975028319,18.0,14357.0
audi-a6,2008.0,5.2TC V10 5.2 TFSI S6,335000.0,340000.0,337500.0,"AED 335,000 - 340,000",AED,https://www.drivearabia.com/carprices/uae/audi/audi-a6/2008/,2026-06-12T11:32:04Z,AUDI,A6,A6,0.1517082975028319,18.0,17462.0
audi-a6,2009.0,2.0TC I4 2.0 TFSI,159000.0,185000.0,172000.0,"AED 159,000 - 185,000",AED,https://www.drivearabia.com/carprices/uae/audi/audi-a6/2009/,2026-06-12T11:32:07Z,AUDI,A6,A6,0.1517082975028319,17.0,10491.0
audi-a6,2009.0,2.8 V6 2.8 FSI,199000.0,215000.0,207000.0,"AED 199,000 - 215,000",AED,https://www.drivearabia.com/carprices/uae/audi/audi-a6/2009/,2026-06-12T11:32:07Z,AUDI,A6,A6,0.1517082975028319,17.0,12625.0
audi-a6,2009.0,3.0SC V6 3.0 TFSI,305000.0,335000.0,320000.0,"AED 305,000 - 335,000",AED,https://www.drivearabia.com/carprices/uae/audi/audi-a6/2009/,2026-06-12T11:32:07Z,AUDI,A6,A6,0.1517082975028319,17.0,19517.0
audi-a6,2009.0,5.0TC V10 5.0 TFSI S6,470000.0,480000.0,475000.0,"AED 470,000 - 480,000",AED,https://www.drivearabia.com/carprices/uae/audi/audi-a6/2009/,2026-06-12T11:32:07Z,AUDI,A6,A6,0.1517082975028319,17.0,28971.0
audi-a6,2010.0,2.0TC I4 2.0 TFSI,159000.0,185000.0,172000.0,"AED 159,000 - 185,000",AED,https://www.drivearabia.com/carprices/uae/audi/audi-a6/2010/,2026-06-12T11:32:09Z,AUDI,A6,A6,0.1517082975028319,16.0,12367.0
audi-a6,2010.0,2.8 V6 2.8 FSI,199000.0,215000.0,207000.0,"AED 199,000 - 215,000",AED,https://www.drivearabia.com/carprices/uae/audi/audi-a6/2010/,2026-06-12T11:32:09Z,AUDI,A6,A6,0.1517082975028319,16.0,14883.0
audi-a6,2010.0,3.0SC V6 3.0 TFSI,305000.0,335000.0,320000.0,"AED 305,000 - 335,000",AED,https://www.drivearabia.com/carprices/uae/audi/audi-a6/2010/,2026-06-12T11:32:09Z,AUDI,A6,A6,0.1517082975028319,16.0,23008.0
audi-a6,2010.0,5.0TC V10 5.0 TFSI S6,470000.0,480000.0,475000.0,"AED 470,000 - 480,000",AED,https://www.drivearabia.com/carprices/uae/audi/audi-a6/2010/,2026-06-12T11:32:09Z,AUDI,A6,A6,0.1517082975028319,16.0,34152.0
audi-a6,2011.0,2.0TC I4 2.0 TFSI,159000.0,185000.0,172000.0,"AED 159,000 - 185,000",AED,https://www.drivearabia.com/carprices/uae/audi/audi-a6/2011/,2026-06-12T11:32:11Z,AUDI,A6,A6,0.1517082975028319,15.0,14578.0
audi-a6,2011.0,2.8 V6 2.8 FSI,199000.0,215000.0,207000.0,"AED 199,000 - 215,000",AED,https://www.drivearabia.com/carprices/uae/audi/audi-a6/2011/,2026-06-12T11:32:11Z,AUDI,A6,A6,0.1517082975028319,15.0,17545.0
audi-a6,2011.0,3.0SC V6 3.0 TFSI,305000.0,335000.0,320000.0,"AED 305,000 - 335,000",AED,https://www.drivearabia.com/carprices/uae/audi/audi-a6/2011/,2026-06-12T11:32:11Z,AUDI,A6,A6,0.1517082975028319,15.0,27122.0
audi-a6,2011.0,5.0TC V10 5.0 TFSI S6,470000.0,480000.0,475000.0,"AED 470,000 - 480,000",AED,https://www.drivearabia.com/carprices/uae/audi/audi-a6/2011/,2026-06-12T11:32:11Z,AUDI,A6,A6,0.1517082975028319,15.0,40260.0
audi-a6,2012.0,2.0TC I4 40 TFSI,163900.0,220000.0,191950.0,"AED 163,900 - 220,000",AED,https://www.drivearabia.com/carprices/uae/audi/audi-a6/2012/,2026-06-12T11:32:13Z,AUDI,A6,A6,0.1517082975028319,14.0,19179.0
audi-a6,2012.0,2.8 V6 35 FSI,192000.0,240000.0,216000.0,"AED 192,000 - 240,000",AED,https://www.drivearabia.com/carprices/uae/audi/audi-a6/2012/,2026-06-12T11:32:13Z,AUDI,A6,A6,0.1517082975028319,14.0,21582.0
audi-a6,2012.0,3.0SC V6 50 TFSI,236000.0,300000.0,268000.0,"AED 236,000 - 300,000",AED,https://www.drivearabia.com/carprices/uae/audi/audi-a6/2012/,2026-06-12T11:32:13Z,AUDI,A6,A6,0.1517082975028319,14.0,26777.0
audi-a6,2012.0,4.0TC V8 60 TFSI,299000.0,350000.0,324500.0,"AED 299,000 - 350,000",AED,https://www.drivearabia.com/carprices/uae/audi/audi-a6/2012/,2026-06-12T11:32:13Z,AUDI,A6,A6,0.1517082975028319,14.0,32423.0
audi-a6,2013.0,2.0TC I4 40 TFSI,163900.0,220000.0,191950.0,"AED 163,900 - 220,000",AED,https://www.drivearabia.com/carprices/uae/audi/audi-a6/2013/,2026-06-12T11:32:15Z,AUDI,A6,A6,0.1517082975028319,13.0,22609.0
audi-a6,2013.0,2.8 V6 35 FSI,192000.0,240000.0,216000.0,"AED 192,000 - 240,000",AED,https://www.drivearabia.com/carprices/uae/audi/audi-a6/2013/,2026-06-12T11:32:15Z,AUDI,A6,A6,0.1517082975028319,13.0,25441.0
audi-a6,2013.0,3.0SC V6 50 TFSI,236000.0,300000.0,268000.0,"AED 236,000 - 300,000",AED,https://www.drivearabia.com/carprices/uae/audi/audi-a6/2013/,2026-06-12T11:32:15Z,AUDI,A6,A6,0.1517082975028319,13.0,31566.0
audi-a6,2013.0,4.0TC V8 60 TFSI,299000.0,350000.0,324500.0,"AED 299,000 - 350,000",AED,https://www.drivearabia.com/carprices/uae/audi/audi-a6/2013/,2026-06-12T11:32:15Z,AUDI,A6,A6,0.1517082975028319,13.0,38221.0
audi-a6,2014.0,2.0TC I4 40 TFSI,163900.0,220000.0,191950.0,"AED 163,900 - 220,000",AED,https://www.drivearabia.com/carprices/uae/audi/audi-a6/2014/,2026-06-12T11:32:17Z,AUDI,A6,A6,0.1517082975028319,12.0,26652.0
audi-a6,2014.0,2.8 V6 35 FSI,192000.0,240000.0,216000.0,"AED 192,000 - 240,000",AED,https://www.drivearabia.com/carprices/uae/audi/audi-a6/2014/,2026-06-12T11:32:17Z,AUDI,A6,A6,0.1517082975028319,12.0,29991.0
audi-a6,2014.0,3.0SC V6 50 TFSI,236000.0,300000.0,268000.0,"AED 236,000 - 300,000",AED,https://www.drivearabia.com/carprices/uae/audi/audi-a6/2014/,2026-06-12T11:32:17Z,AUDI,A6,A6,0.1517082975028319,12.0,37212.0
audi-a6,2014.0,4.0TC V8 60 TFSI,299000.0,350000.0,324500.0,"AED 299,000 - 350,000",AED,https://www.drivearabia.com/carprices/uae/audi/audi-a6/2014/,2026-06-12T11:32:17Z,AUDI,A6,A6,0.1517082975028319,12.0,45056.0
audi-a6,2015.0,2.0TC I4 40 TFSI,163900.0,220000.0,191950.0,"AED 163,900 - 220,000",AED,https://www.drivearabia.com/carprices/uae/audi/audi-a6/2015/,2026-06-12T11:32:19Z,AUDI,A6,A6,0.1517082975028319,11.0,31419.0
audi-a6,2015.0,2.8 V6 35 FSI,192000.0,240000.0,216000.0,"AED 192,000 - 240,000",AED,https://www.drivearabia.com/carprices/uae/audi/audi-a6/2015/,2026-06-12T11:32:19Z,AUDI,A6,A6,0.1517082975028319,11.0,35355.0
audi-a6,2015.0,3.0SC V6 50 TFSI,236000.0,300000.0,268000.0,"AED 236,000 - 300,000",AED,https://www.drivearabia.com/carprices/uae/audi/audi-a6/2015/,2026-06-12T11:32:19Z,AUDI,A6,A6,0.1517082975028319,11.0,43866.0
audi-a6,2015.0,4.0TC V8 60 TFSI,299000.0,350000.0,324500.0,"AED 299,000 - 350,000",AED,https://www.drivearabia.com/carprices/uae/audi/audi-a6/2015/,2026-06-12T11:32:19Z,AUDI,A6,A6,0.1517082975028319,11.0,53114.0
audi-a6,2016.0,1.8TC I4 35 TFSI,179500.0,220000.0,199750.0,"AED 179,500 - 220,000",AED,https://www.drivearabia.com/carprices/uae/audi/audi-a6/2016/,2026-06-12T11:32:21Z,AUDI,A6,A6,0.1517082975028319,10.0,38542.0
audi-a6,2016.0,2.0TC I4 40 TFSI,201500.0,250000.0,225750.0,"AED 201,500 - 250,000",AED,https://www.drivearabia.com/carprices/uae/audi/audi-a6/2016/,2026-06-12T11:32:21Z,AUDI,A6,A6,0.1517082975028319,10.0,43559.0
audi-a6,2016.0,2.8 V6 35 FSI,209500.0,230000.0,219750.0,"AED 209,500 - 230,000",AED,https://www.drivearabia.com/carprices/uae/audi/audi-a6/2016/,2026-06-12T11:32:21Z,AUDI,A6,A6,0.1517082975028319,10.0,42401.0
audi-a6,2016.0,3.0SC V6 55 TFSI,247000.0,300000.0,273500.0,"AED 247,000 - 300,000",AED,https://www.drivearabia.com/carprices/uae/audi/audi-a6/2016/,2026-06-12T11:32:21Z,AUDI,A6,A6,0.1517082975028319,10.0,52773.0
audi-a6,2017.0,1.8TC I4 35 TFSI,179500.0,220000.0,199750.0,"AED 179,500 - 220,000",AED,https://www.drivearabia.com/carprices/uae/audi/audi-a6/2017/,2026-06-12T11:32:23Z,AUDI,A6,A6,0.1517082975028319,9.0,45435.0
audi-a6,2017.0,2.0TC I4 40 TFSI,201500.0,250000.0,225750.0,"AED 201,500 - 250,000",AED,https://www.drivearabia.com/carprices/uae/audi/audi-a6/2017/,2026-06-12T11:32:23Z,AUDI,A6,A6,0.1517082975028319,9.0,51349.0
audi-a6,2017.0,2.8 V6 35 FSI,209500.0,230000.0,219750.0,"AED 209,500 - 230,000",AED,https://www.drivearabia.com/carprices/uae/audi/audi-a6/2017/,2026-06-12T11:32:23Z,AUDI,A6,A6,0.1517082975028319,9.0,49985.0
audi-a6,2017.0,3.0SC V6 55 TFSI,247000.0,300000.0,273500.0,"AED 247,000 - 300,000",AED,https://www.drivearabia.com/carprices/uae/audi/audi-a6/2017/,2026-06-12T11:32:23Z,AUDI,A6,A6,0.1517082975028319,9.0,62211.0
audi-a6,2018.0,1.8TC I4 35 TFSI,179500.0,220000.0,199750.0,"AED 179,500 - 220,000",AED,https://www.drivearabia.com/carprices/uae/audi/audi-a6/2018/,2026-06-12T11:32:25Z,AUDI,A6,A6,0.1517082975028319,8.0,53561.0
audi-a6,2018.0,2.0TC I4 40 TFSI,201500.0,250000.0,225750.0,"AED 201,500 - 250,000",AED,https://www.drivearabia.com/carprices/uae/audi/audi-a6/2018/,2026-06-12T11:32:25Z,AUDI,A6,A6,0.1517082975028319,8.0,60533.0
audi-a6,2018.0,2.8 V6 35 FSI,209500.0,230000.0,219750.0,"AED 209,500 - 230,000",AED,https://www.drivearabia.com/carprices/uae/audi/audi-a6/2018/,2026-06-12T11:32:25Z,AUDI,A6,A6,0.1517082975028319,8.0,58924.0
audi-a6,2018.0,3.0SC V6 55 TFSI,247000.0,300000.0,273500.0,"AED 247,000 - 300,000",AED,https://www.drivearabia.com/carprices/uae/audi/audi-a6/2018/,2026-06-12T11:32:25Z,AUDI,A6,A6,0.1517082975028319,8.0,73336.0
audi-a6,2019.0,3.0SC V6 55TFSI,258000.0,280000.0,269000.0,"AED 258,000 - 280,000",AED,https://www.drivearabia.com/carprices/uae/audi/audi-a6/2019/,2026-06-12T11:32:27Z,AUDI,A6,A6,0.1517082975028319,7.0,85029.0
audi-a6,2020.0,2.0TC+H I4 40 TFSI,190000.0,191000.0,190500.0,"AED 190,000 - 191,000",AED,https://www.drivearabia.com/carprices/uae/audi/audi-a6/2020/,2026-06-12T11:32:30Z,AUDI,A6,A6,0.1517082975028319,6.0,70985.0
audi-a6,2020.0,2.0TC+H I4 45 TFSI,199500.0,200000.0,199750.0,"AED 199,500 - 200,000",AED,https://www.drivearabia.com/carprices/uae/audi/audi-a6/2020/,2026-06-12T11:32:30Z,AUDI,A6,A6,0.1517082975028319,6.0,74432.0
audi-a6,2020.0,2.0TC+H I4 45 TFSI Quattro,234045.0,255000.0,244522.0,"AED 234,045 - 255,000",AED,https://www.drivearabia.com/carprices/uae/audi/audi-a6/2020/,2026-06-12T11:32:30Z,AUDI,A6,A6,0.1517082975028319,6.0,91115.0
audi-a6,2020.0,3.0SC+H V6 55 TFSI Quattro,275000.0,295000.0,285000.0,"AED 275,000 - 295,000",AED,https://www.drivearabia.com/carprices/uae/audi/audi-a6/2020/,2026-06-12T11:32:30Z,AUDI,A6,A6,0.1517082975028319,6.0,106198.0
audi-a6,2021.0,2.0TC+H I4 40 TFSI,190000.0,191000.0,190500.0,"AED 190,000 - 191,000",AED,https://www.drivearabia.com/carprices/uae/audi/audi-a6/2021/,2026-06-12T11:32:32Z,AUDI,A6,A6,0.1517082975028319,5.0,83680.0
audi-a6,2021.0,2.0TC+H I4 45 TFSI,199500.0,200000.0,199750.0,"AED 199,500 - 200,000",AED,https://www.drivearabia.com/carprices/uae/audi/audi-a6/2021/,2026-06-12T11:32:32Z,AUDI,A6,A6,0.1517082975028319,5.0,87743.0
audi-a6,2021.0,2.0TC+H I4 40 TFSI S-Line,210000.0,211000.0,210500.0,"AED 210,000 - 211,000",AED,https://www.drivearabia.com/carprices/uae/audi/audi-a6/2021/,2026-06-12T11:32:32Z,AUDI,A6,A6,0.1517082975028319,5.0,92465.0
audi-a6,2021.0,2.0TC+H I4 45 TFSI Quattro,234045.0,255000.0,244522.0,"AED 234,045 - 255,000",AED,https://www.drivearabia.com/carprices/uae/audi/audi-a6/2021/,2026-06-12T11:32:32Z,AUDI,A6,A6,0.1517082975028319,5.0,107410.0
audi-a6,2022.0,2.0TC+H I4 40 TFSI,190000.0,191000.0,190500.0,"AED 190,000 - 191,000",AED,https://www.drivearabia.com/carprices/uae/audi/audi-a6/2022/,2026-06-12T11:32:34Z,AUDI,A6,A6,0.1517082975028319,4.0,98645.0
audi-a6,2022.0,2.0TC+H I4 45 TFSI,199500.0,200000.0,199750.0,"AED 199,500 - 200,000",AED,https://www.drivearabia.com/carprices/uae/audi/audi-a6/2022/,2026-06-12T11:32:34Z,AUDI,A6,A6,0.1517082975028319,4.0,103435.0
audi-a6,2022.0,2.0TC+H I4 45 TFSI Quattro,234045.0,255000.0,244522.0,"AED 234,045 - 255,000",AED,https://www.drivearabia.com/carprices/uae/audi/audi-a6/2022/,2026-06-12T11:32:34Z,AUDI,A6,A6,0.1517082975028319,4.0,126619.0
audi-a6,2023.0,2.0TC+H I4 40 TFSI,190000.0,191000.0,190500.0,"AED 190,000 - 191,000",AED,https://www.drivearabia.com/carprices/uae/audi/audi-a6/2023/,2026-06-12T11:32:36Z,AUDI,A6,A6,0.1517082975028319,3.0,116287.0
audi-a6,2023.0,2.0TC+H I4 45 TFSI,199500.0,200000.0,199750.0,"AED 199,500 - 200,000",AED,https://www.drivearabia.com/carprices/uae/audi/audi-a6/2023/,2026-06-12T11:32:36Z,AUDI,A6,A6,0.1517082975028319,3.0,121933.0
audi-a6,2023.0,2.0TC+H I4 45 TFSI Quattro,234045.0,255000.0,244522.0,"AED 234,045 - 255,000",AED,https://www.drivearabia.com/carprices/uae/audi/audi-a6/2023/,2026-06-12T11:32:36Z,AUDI,A6,A6,0.1517082975028319,3.0,149263.0
audi-a6,2024.0,2.0TC+H I4 40 TFSI FWD,190000.0,191000.0,190500.0,"AED 190,000 - 191,000",AED,https://www.drivearabia.com/carprices/uae/audi/audi-a6/2024/,2026-06-12T11:32:38Z,AUDI,A6,A6,0.1517082975028319,2.0,137084.0
audi-a6,2024.0,2.0TC+H I4 45 TFSI FWD,199500.0,200000.0,199750.0,"AED 199,500 - 200,000",AED,https://www.drivearabia.com/carprices/uae/audi/audi-a6/2024/,2026-06-12T11:32:38Z,AUDI,A6,A6,0.1517082975028319,2.0,143740.0
audi-a6,2024.0,2.0TC+H I4 45 TFSI Quattro 4WD,234045.0,255000.0,244522.0,"AED 234,045 - 255,000",AED,https://www.drivearabia.com/carprices/uae/audi/audi-a6/2024/,2026-06-12T11:32:38Z,AUDI,A6,A6,0.1517082975028319,2.0,175958.0
audi-a6-sportback-e-tron,2025.0,75.8 kWh base 4WD,309900.0,310000.0,309950.0,"AED 309,900 - 310,000",AED,https://www.drivearabia.com/carprices/uae/audi/audi-a6-sportback-e-tron/2025/,2026-06-12T11:33:22Z,AUDI,A6 SPORTBACK E-TRON,A6 SPORTBACK E-TRON,0.145253,1.0,264929.0
audi-a7,2011.0,2.8 V6 35 FSI,238000.0,260000.0,249000.0,"AED 238,000 - 260,000",AED,https://www.drivearabia.com/carprices/uae/audi/audi-a7/2011/,2026-06-12T11:33:47Z,AUDI,A7,A7,0.1733278677369116,15.0,14328.0
audi-a7,2011.0,3.0SC V6 50 TFSI,265000.0,400000.0,332500.0,"AED 265,000 - 400,000",AED,https://www.drivearabia.com/carprices/uae/audi/audi-a7/2011/,2026-06-12T11:33:47Z,AUDI,A7,A7,0.1733278677369116,15.0,19133.0
audi-a7,2011.0,4.0TC V8 60TFSI,335000.0,360000.0,347500.0,"AED 335,000 - 360,000",AED,https://www.drivearabia.com/carprices/uae/audi/audi-a7/2011/,2026-06-12T11:33:47Z,AUDI,A7,A7,0.1733278677369116,15.0,19997.0
audi-a7,2012.0,2.8 V6 35 FSI,238000.0,260000.0,249000.0,"AED 238,000 - 260,000",AED,https://www.drivearabia.com/carprices/uae/audi/audi-a7/2012/,2026-06-12T11:33:49Z,AUDI,A7,A7,0.1733278677369116,14.0,17333.0
audi-a7,2012.0,3.0SC V6 50 TFSI,265000.0,400000.0,332500.0,"AED 265,000 - 400,000",AED,https://www.drivearabia.com/carprices/uae/audi/audi-a7/2012/,2026-06-12T11:33:49Z,AUDI,A7,A7,0.1733278677369116,14.0,23145.0
audi-a7,2012.0,4.0TC V8 60TFSI,335000.0,360000.0,347500.0,"AED 335,000 - 360,000",AED,https://www.drivearabia.com/carprices/uae/audi/audi-a7/2012/,2026-06-12T11:33:49Z,AUDI,A7,A7,0.1733278677369116,14.0,24189.0
audi-a7,2013.0,2.8 V6 35 FSI,238000.0,260000.0,249000.0,"AED 238,000 - 260,000",AED,https://www.drivearabia.com/carprices/uae/audi/audi-a7/2013/,2026-06-12T11:33:51Z,AUDI,A7,A7,0.1733278677369116,13.0,20967.0
audi-a7,2013.0,3.0SC V6 50 TFSI,265000.0,400000.0,332500.0,"AED 265,000 - 400,000",AED,https://www.drivearabia.com/carprices/uae/audi/audi-a7/2013/,2026-06-12T11:33:51Z,AUDI,A7,A7,0.1733278677369116,13.0,27998.0
audi-a7,2013.0,4.0TC V8 60TFSI,335000.0,360000.0,347500.0,"AED 335,000 - 360,000",AED,https://www.drivearabia.com/carprices/uae/audi/audi-a7/2013/,2026-06-12T11:33:51Z,AUDI,A7,A7,0.1733278677369116,13.0,29261.0
audi-a7,2014.0,2.8 V6 35 FSI,238000.0,260000.0,249000.0,"AED 238,000 - 260,000",AED,https://www.drivearabia.com/carprices/uae/audi/audi-a7/2014/,2026-06-12T11:33:53Z,AUDI,A7,A7,0.1733278677369116,12.0,25363.0
audi-a7,2014.0,3.0SC V6 50 TFSI,265000.0,400000.0,332500.0,"AED 265,000 - 400,000",AED,https://www.drivearabia.com/carprices/uae/audi/audi-a7/2014/,2026-06-12T11:33:53Z,AUDI,A7,A7,0.1733278677369116,12.0,33868.0
audi-a7,2014.0,4.0TC V8 60TFSI,335000.0,360000.0,347500.0,"AED 335,000 - 360,000",AED,https://www.drivearabia.com/carprices/uae/audi/audi-a7/2014/,2026-06-12T11:33:53Z,AUDI,A7,A7,0.1733278677369116,12.0,35396.0
audi-a7,2015.0,2.8 V6 35 FSI,238000.0,260000.0,249000.0,"AED 238,000 - 260,000",AED,https://www.drivearabia.com/carprices/uae/audi/audi-a7/2015/,2026-06-12T11:33:57Z,AUDI,A7,A7,0.1733278677369116,11.0,30681.0
audi-a7,2015.0,3.0SC V6 50 TFSI,265000.0,400000.0,332500.0,"AED 265,000 - 400,000",AED,https://www.drivearabia.com/carprices/uae/audi/audi-a7/2015/,2026-06-12T11:33:57Z,AUDI,A7,A7,0.1733278677369116,11.0,40969.0
audi-a7,2016.0,2.0TC I4 40 TFSI,244300.0,280000.0,262150.0,"AED 244,300 - 280,000",AED,https://www.drivearabia.com/carprices/uae/audi/audi-a7/2016/,2026-06-12T11:33:59Z,AUDI,A7,A7,0.1733278677369116,10.0,39074.0
audi-a7,2016.0,2.8 V6 35 FSI,252100.0,280000.0,266050.0,"AED 252,100 - 280,000",AED,https://www.drivearabia.com/carprices/uae/audi/audi-a7/2016/,2026-06-12T11:33:59Z,AUDI,A7,A7,0.1733278677369116,10.0,39655.0
audi-a7,2016.0,3.0SC V6 50 TFSI,281400.0,320000.0,300700.0,"AED 281,400 - 320,000",AED,https://www.drivearabia.com/carprices/uae/audi/audi-a7/2016/,2026-06-12T11:33:59Z,AUDI,A7,A7,0.1733278677369116,10.0,44819.0
audi-a7,2017.0,2.0TC I4 40 TFSI,244300.0,280000.0,262150.0,"AED 244,300 - 280,000",AED,https://www.drivearabia.com/carprices/uae/audi/audi-a7/2017/,2026-06-12T11:34:01Z,AUDI,A7,A7,0.1733278677369116,9.0,47266.0
audi-a7,2017.0,2.8 V6 35 FSI,252100.0,280000.0,266050.0,"AED 252,100 - 280,000",AED,https://www.drivearabia.com/carprices/uae/audi/audi-a7/2017/,2026-06-12T11:34:01Z,AUDI,A7,A7,0.1733278677369116,9.0,47969.0
audi-a7,2017.0,3.0SC V6 50 TFSI,281400.0,320000.0,300700.0,"AED 281,400 - 320,000",AED,https://www.drivearabia.com/carprices/uae/audi/audi-a7/2017/,2026-06-12T11:34:01Z,AUDI,A7,A7,0.1733278677369116,9.0,54217.0
audi-a7,2018.0,2.0TC I4 40 TFSI,244300.0,280000.0,262150.0,"AED 244,300 - 280,000",AED,https://www.drivearabia.com/carprices/uae/audi/audi-a7/2018/,2026-06-12T11:34:03Z,AUDI,A7,A7,0.1733278677369116,8.0,57176.0
audi-a7,2018.0,2.8 V6 35 FSI,252100.0,280000.0,266050.0,"AED 252,100 - 280,000",AED,https://www.drivearabia.com/carprices/uae/audi/audi-a7/2018/,2026-06-12T11:34:03Z,AUDI,A7,A7,0.1733278677369116,8.0,58027.0
audi-a7,2018.0,3.0SC V6 50 TFSI,281400.0,320000.0,300700.0,"AED 281,400 - 320,000",AED,https://www.drivearabia.com/carprices/uae/audi/audi-a7/2018/,2026-06-12T11:34:03Z,AUDI,A7,A7,0.1733278677369116,8.0,65584.0
audi-a7,2019.0,3.0TC V6 55 TFSI Quattro,390600.0,391000.0,390800.0,"AED 390,600 - 391,000",AED,https://www.drivearabia.com/carprices/uae/audi/audi-a7/2019/,2026-06-12T11:34:06Z,AUDI,A7,A7,0.1733278677369116,7.0,103107.0
audi-a7,2020.0,3.0TC V6 55 TFSI Quattro,390600.0,391000.0,390800.0,"AED 390,600 - 391,000",AED,https://www.drivearabia.com/carprices/uae/audi/audi-a7/2020/,2026-06-12T11:34:08Z,AUDI,A7,A7,0.1733278677369116,6.0,124725.0
audi-a7,2021.0,3.0TC V6 55 TFSI Quattro,390600.0,391000.0,390800.0,"AED 390,600 - 391,000",AED,https://www.drivearabia.com/carprices/uae/audi/audi-a7/2021/,2026-06-12T11:34:10Z,AUDI,A7,A7,0.1733278677369116,5.0,150876.0
audi-a7,2022.0,3.0TC V6 55 TFSI Quattro,390600.0,391000.0,390800.0,"AED 390,600 - 391,000",AED,https://www.drivearabia.com/carprices/uae/audi/audi-a7/2022/,2026-06-12T11:34:12Z,AUDI,A7,A7,0.1733278677369116,4.0,182510.0
audi-a7,2023.0,3.0TC V6 55 TFSI Quattro,390600.0,391000.0,390800.0,"AED 390,600 - 391,000",AED,https://www.drivearabia.com/carprices/uae/audi/audi-a7/2023/,2026-06-12T11:34:14Z,AUDI,A7,A7,0.1733278677369116,3.0,220777.0
audi-a7,2024.0,3.0TC V6 55 TFSI Quattro 4WD,390600.0,391000.0,390800.0,"AED 390,600 - 391,000",AED,https://www.drivearabia.com/carprices/uae/audi/audi-a7/2024/,2026-06-12T11:34:16Z,AUDI,A7,A7,0.1733278677369116,2.0,267068.0
audi-a7,2025.0,3.0TC V6 55 TFSI Quattro 4WD,390600.0,391000.0,390800.0,"AED 390,600 - 391,000",AED,https://www.drivearabia.com/carprices/uae/audi/audi-a7/2025/,2026-06-12T11:34:18Z,AUDI,A7,A7,0.1733278677369116,1.0,323063.0
audi-a8,2004.0,2.8 V6 2.8 FSI,240000.0,268000.0,254000.0,"AED 240,000 - 268,000",AED,https://www.drivearabia.com/carprices/uae/audi/audi-a8/2004/,2026-06-12T11:34:34Z,AUDI,A8,A8,0.1745503758378076,22.0,3733.0
audi-a8,2004.0,3.2 V6 3.2 FSI,255000.0,281000.0,268000.0,"AED 255,000 - 281,000",AED,https://www.drivearabia.com/carprices/uae/audi/audi-a8/2004/,2026-06-12T11:34:34Z,AUDI,A8,A8,0.1745503758378076,22.0,3938.0
audi-a8,2004.0,4.2 V8 4.2 FSI,295000.0,318000.0,306500.0,"AED 295,000 - 318,000",AED,https://www.drivearabia.com/carprices/uae/audi/audi-a8/2004/,2026-06-12T11:34:34Z,AUDI,A8,A8,0.1745503758378076,22.0,4504.0
audi-a8,2004.0,5.2 V10 S8 5.2 FSI,435000.0,438000.0,436500.0,"AED 435,000 - 438,000",AED,https://www.drivearabia.com/carprices/uae/audi/audi-a8/2004/,2026-06-12T11:34:34Z,AUDI,A8,A8,0.1745503758378076,22.0,6415.0
audi-a8,2005.0,2.8 V6 2.8 FSI,240000.0,268000.0,254000.0,"AED 240,000 - 268,000",AED,https://www.drivearabia.com/carprices/uae/audi/audi-a8/2005/,2026-06-12T11:34:36Z,AUDI,A8,A8,0.1745503758378076,21.0,4522.0
audi-a8,2005.0,3.2 V6 3.2 FSI,255000.0,281000.0,268000.0,"AED 255,000 - 281,000",AED,https://www.drivearabia.com/carprices/uae/audi/audi-a8/2005/,2026-06-12T11:34:36Z,AUDI,A8,A8,0.1745503758378076,21.0,4771.0
audi-a8,2005.0,4.2 V8 4.2 FSI,295000.0,318000.0,306500.0,"AED 295,000 - 318,000",AED,https://www.drivearabia.com/carprices/uae/audi/audi-a8/2005/,2026-06-12T11:34:36Z,AUDI,A8,A8,0.1745503758378076,21.0,5457.0
audi-a8,2005.0,5.2 V10 S8 5.2 FSI,435000.0,438000.0,436500.0,"AED 435,000 - 438,000",AED,https://www.drivearabia.com/carprices/uae/audi/audi-a8/2005/,2026-06-12T11:34:36Z,AUDI,A8,A8,0.1745503758378076,21.0,7771.0
audi-a8,2006.0,2.8 V6 2.8 FSI,240000.0,268000.0,254000.0,"AED 240,000 - 268,000",AED,https://www.drivearabia.com/carprices/uae/audi/audi-a8/2006/,2026-06-12T11:34:38Z,AUDI,A8,A8,0.1745503758378076,20.0,5478.0
audi-a8,2006.0,3.2 V6 3.2 FSI,255000.0,281000.0,268000.0,"AED 255,000 - 281,000",AED,https://www.drivearabia.com/carprices/uae/audi/audi-a8/2006/,2026-06-12T11:34:38Z,AUDI,A8,A8,0.1745503758378076,20.0,5780.0
audi-a8,2006.0,4.2 V8 4.2 FSI,295000.0,318000.0,306500.0,"AED 295,000 - 318,000",AED,https://www.drivearabia.com/carprices/uae/audi/audi-a8/2006/,2026-06-12T11:34:38Z,AUDI,A8,A8,0.1745503758378076,20.0,6611.0
audi-a8,2006.0,5.2 V10 S8 5.2 FSI,435000.0,438000.0,436500.0,"AED 435,000 - 438,000",AED,https://www.drivearabia.com/carprices/uae/audi/audi-a8/2006/,2026-06-12T11:34:38Z,AUDI,A8,A8,0.1745503758378076,20.0,9414.0
audi-a8,2007.0,2.8 V6 2.8 FSI,240000.0,268000.0,254000.0,"AED 240,000 - 268,000",AED,https://www.drivearabia.com/carprices/uae/audi/audi-a8/2007/,2026-06-12T11:34:40Z,AUDI,A8,A8,0.1745503758378076,19.0,6637.0
audi-a8,2007.0,3.2 V6 3.2 FSI,255000.0,281000.0,268000.0,"AED 255,000 - 281,000",AED,https://www.drivearabia.com/carprices/uae/audi/audi-a8/2007/,2026-06-12T11:34:40Z,AUDI,A8,A8,0.1745503758378076,19.0,7003.0
audi-a8,2007.0,4.2 V8 4.2 FSI,295000.0,318000.0,306500.0,"AED 295,000 - 318,000",AED,https://www.drivearabia.com/carprices/uae/audi/audi-a8/2007/,2026-06-12T11:34:40Z,AUDI,A8,A8,0.1745503758378076,19.0,8009.0
audi-a8,2007.0,5.2 V10 S8 5.2 FSI,435000.0,438000.0,436500.0,"AED 435,000 - 438,000",AED,https://www.drivearabia.com/carprices/uae/audi/audi-a8/2007/,2026-06-12T11:34:40Z,AUDI,A8,A8,0.1745503758378076,19.0,11405.0
audi-a8,2008.0,2.8 V6 2.8 FSI,240000.0,268000.0,254000.0,"AED 240,000 - 268,000",AED,https://www.drivearabia.com/carprices/uae/audi/audi-a8/2008/,2026-06-12T11:34:42Z,AUDI,A8,A8,0.1745503758378076,18.0,8040.0
audi-a8,2008.0,3.2 V6 3.2 FSI,255000.0,281000.0,268000.0,"AED 255,000 - 281,000",AED,https://www.drivearabia.com/carprices/uae/audi/audi-a8/2008/,2026-06-12T11:34:42Z,AUDI,A8,A8,0.1745503758378076,18.0,8483.0
audi-a8,2008.0,4.2 V8 4.2 FSI,295000.0,318000.0,306500.0,"AED 295,000 - 318,000",AED,https://www.drivearabia.com/carprices/uae/audi/audi-a8/2008/,2026-06-12T11:34:42Z,AUDI,A8,A8,0.1745503758378076,18.0,9702.0
audi-a8,2008.0,5.2 V10 S8 5.2 FSI,435000.0,438000.0,436500.0,"AED 435,000 - 438,000",AED,https://www.drivearabia.com/carprices/uae/audi/audi-a8/2008/,2026-06-12T11:34:42Z,AUDI,A8,A8,0.1745503758378076,18.0,13817.0
audi-a8,2009.0,2.8 V6 2.8 FSI,240000.0,268000.0,254000.0,"AED 240,000 - 268,000",AED,https://www.drivearabia.com/carprices/uae/audi/audi-a8/2009/,2026-06-12T11:34:44Z,AUDI,A8,A8,0.1745503758378076,17.0,9740.0
audi-a8,2009.0,3.2 V6 3.2 FSI,255000.0,281000.0,268000.0,"AED 255,000 - 281,000",AED,https://www.drivearabia.com/carprices/uae/audi/audi-a8/2009/,2026-06-12T11:34:44Z,AUDI,A8,A8,0.1745503758378076,17.0,10277.0
audi-a8,2009.0,4.2 V8 4.2 FSI,295000.0,318000.0,306500.0,"AED 295,000 - 318,000",AED,https://www.drivearabia.com/carprices/uae/audi/audi-a8/2009/,2026-06-12T11:34:44Z,AUDI,A8,A8,0.1745503758378076,17.0,11754.0
audi-a8,2009.0,5.2 V10 S8 5.2 FSI,435000.0,438000.0,436500.0,"AED 435,000 - 438,000",AED,https://www.drivearabia.com/carprices/uae/audi/audi-a8/2009/,2026-06-12T11:34:44Z,AUDI,A8,A8,0.1745503758378076,17.0,16739.0
audi-a8,2010.0,2.8 V6 2.8 FSI,240000.0,268000.0,254000.0,"AED 240,000 - 268,000",AED,https://www.drivearabia.com/carprices/uae/audi/audi-a8/2010/,2026-06-12T11:34:46Z,AUDI,A8,A8,0.1745503758378076,16.0,11800.0
audi-a8,2010.0,3.2 V6 3.2 FSI,255000.0,281000.0,268000.0,"AED 255,000 - 281,000",AED,https://www.drivearabia.com/carprices/uae/audi/audi-a8/2010/,2026-06-12T11:34:46Z,AUDI,A8,A8,0.1745503758378076,16.0,12450.0
audi-a8,2010.0,4.2 V8 4.2 FSI,295000.0,318000.0,306500.0,"AED 295,000 - 318,000",AED,https://www.drivearabia.com/carprices/uae/audi/audi-a8/2010/,2026-06-12T11:34:46Z,AUDI,A8,A8,0.1745503758378076,16.0,14239.0
audi-a8,2010.0,5.2 V10 S8 5.2 FSI,435000.0,438000.0,436500.0,"AED 435,000 - 438,000",AED,https://www.drivearabia.com/carprices/uae/audi/audi-a8/2010/,2026-06-12T11:34:46Z,AUDI,A8,A8,0.1745503758378076,16.0,20278.0
audi-a8,2011.0,3.0SC V6 55 TFSI Quattro,310000.0,497000.0,403500.0,"AED 310,000 - 497,000",AED,https://www.drivearabia.com/carprices/uae/audi/audi-a8/2011/,2026-06-12T11:34:48Z,AUDI,A8,A8,0.1745503758378076,15.0,22709.0
audi-a8,2011.0,4.0TC V8 60 TFSI Quattro,369000.0,556000.0,462500.0,"AED 369,000 - 556,000",AED,https://www.drivearabia.com/carprices/uae/audi/audi-a8/2011/,2026-06-12T11:34:48Z,AUDI,A8,A8,0.1745503758378076,15.0,26030.0
audi-a8,2011.0,6.3 W12 A8 L W12 Quattro,535000.0,765000.0,650000.0,"AED 535,000 - 765,000",AED,https://www.drivearabia.com/carprices/uae/audi/audi-a8/2011/,2026-06-12T11:34:48Z,AUDI,A8,A8,0.1745503758378076,15.0,36582.0
audi-a8,2012.0,3.0SC V6 55 TFSI Quattro,310000.0,497000.0,403500.0,"AED 310,000 - 497,000",AED,https://www.drivearabia.com/carprices/uae/audi/audi-a8/2012/,2026-06-12T11:34:50Z,AUDI,A8,A8,0.1745503758378076,14.0,27511.0
audi-a8,2012.0,4.0TC V8 60 TFSI Quattro,369000.0,556000.0,462500.0,"AED 369,000 - 556,000",AED,https://www.drivearabia.com/carprices/uae/audi/audi-a8/2012/,2026-06-12T11:34:50Z,AUDI,A8,A8,0.1745503758378076,14.0,31534.0
audi-a8,2012.0,6.3 W12 A8 L W12 Quattro,535000.0,765000.0,650000.0,"AED 535,000 - 765,000",AED,https://www.drivearabia.com/carprices/uae/audi/audi-a8/2012/,2026-06-12T11:34:50Z,AUDI,A8,A8,0.1745503758378076,14.0,44318.0
audi-a8,2013.0,3.0SC V6 55 TFSI Quattro,310000.0,497000.0,403500.0,"AED 310,000 - 497,000",AED,https://www.drivearabia.com/carprices/uae/audi/audi-a8/2013/,2026-06-12T11:34:52Z,AUDI,A8,A8,0.1745503758378076,13.0,33329.0
audi-a8,2013.0,4.0TC V8 60 TFSI Quattro,369000.0,556000.0,462500.0,"AED 369,000 - 556,000",AED,https://www.drivearabia.com/carprices/uae/audi/audi-a8/2013/,2026-06-12T11:34:52Z,AUDI,A8,A8,0.1745503758378076,13.0,38202.0
audi-a8,2013.0,6.3 W12 A8 L W12 Quattro,535000.0,765000.0,650000.0,"AED 535,000 - 765,000",AED,https://www.drivearabia.com/carprices/uae/audi/audi-a8/2013/,2026-06-12T11:34:52Z,AUDI,A8,A8,0.1745503758378076,13.0,53690.0
audi-a8,2014.0,3.0SC V6 55 TFSI Quattro,325000.0,497000.0,411000.0,"AED 325,000 - 497,000",AED,https://www.drivearabia.com/carprices/uae/audi/audi-a8/2014/,2026-06-12T11:34:54Z,AUDI,A8,A8,0.1745503758378076,12.0,41127.0
audi-a8,2014.0,4.0TC V8 60 TFSI Quattro,384000.0,456000.0,420000.0,"AED 384,000 - 456,000",AED,https://www.drivearabia.com/carprices/uae/audi/audi-a8/2014/,2026-06-12T11:34:54Z,AUDI,A8,A8,0.1745503758378076,12.0,42028.0
audi-a8,2014.0,6.3 W12 A8 L W12 Quattro,550000.0,665000.0,607500.0,"AED 550,000 - 665,000",AED,https://www.drivearabia.com/carprices/uae/audi/audi-a8/2014/,2026-06-12T11:34:54Z,AUDI,A8,A8,0.1745503758378076,12.0,60790.0
audi-a8,2015.0,3.0SC V6 55 TFSI Quattro,325000.0,497000.0,411000.0,"AED 325,000 - 497,000",AED,https://www.drivearabia.com/carprices/uae/audi/audi-a8/2015/,2026-06-12T11:34:57Z,AUDI,A8,A8,0.1745503758378076,11.0,49824.0
audi-a8,2015.0,4.0TC V8 60 TFSI Quattro,384000.0,456000.0,420000.0,"AED 384,000 - 456,000",AED,https://www.drivearabia.com/carprices/uae/audi/audi-a8/2015/,2026-06-12T11:34:57Z,AUDI,A8,A8,0.1745503758378076,11.0,50915.0
audi-a8,2015.0,6.3 W12 A8 L W12 Quattro,550000.0,665000.0,607500.0,"AED 550,000 - 665,000",AED,https://www.drivearabia.com/carprices/uae/audi/audi-a8/2015/,2026-06-12T11:34:57Z,AUDI,A8,A8,0.1745503758378076,11.0,73645.0
audi-a8,2016.0,3.0SC V6 55 TFSI Quattro,325000.0,497000.0,411000.0,"AED 325,000 - 497,000",AED,https://www.drivearabia.com/carprices/uae/audi/audi-a8/2016/,2026-06-12T11:34:59Z,AUDI,A8,A8,0.1745503758378076,10.0,60360.0
audi-a8,2016.0,4.0TC V8 60 TFSI Quattro,384000.0,456000.0,420000.0,"AED 384,000 - 456,000",AED,https://www.drivearabia.com/carprices/uae/audi/audi-a8/2016/,2026-06-12T11:34:59Z,AUDI,A8,A8,0.1745503758378076,10.0,61682.0
audi-a8,2016.0,6.3 W12 A8 L W12 Quattro,550000.0,665000.0,607500.0,"AED 550,000 - 665,000",AED,https://www.drivearabia.com/carprices/uae/audi/audi-a8/2016/,2026-06-12T11:34:59Z,AUDI,A8,A8,0.1745503758378076,10.0,89218.0
audi-a8,2017.0,3.0SC V6 55 TFSI Quattro,325000.0,497000.0,411000.0,"AED 325,000 - 497,000",AED,https://www.drivearabia.com/carprices/uae/audi/audi-a8/2017/,2026-06-12T11:35:02Z,AUDI,A8,A8,0.1745503758378076,9.0,73124.0
audi-a8,2017.0,4.0TC V8 60 TFSI Quattro,384000.0,456000.0,420000.0,"AED 384,000 - 456,000",AED,https://www.drivearabia.com/carprices/uae/audi/audi-a8/2017/,2026-06-12T11:35:02Z,AUDI,A8,A8,0.1745503758378076,9.0,74725.0
audi-a8,2017.0,6.3 W12 A8 L W12 Quattro,550000.0,665000.0,607500.0,"AED 550,000 - 665,000",AED,https://www.drivearabia.com/carprices/uae/audi/audi-a8/2017/,2026-06-12T11:35:02Z,AUDI,A8,A8,0.1745503758378076,9.0,108084.0
audi-a8,2018.0,3.0TC V6 55 TFSI Quattro,357000.0,400000.0,378500.0,"AED 357,000 - 400,000",AED,https://www.drivearabia.com/carprices/uae/audi/audi-a8/2018/,2026-06-12T11:35:04Z,AUDI,A8,A8,0.1745503758378076,8.0,81581.0
audi-a8,2018.0,3.0TC V6 55 TFSI Quattro LWB,380000.0,450000.0,415000.0,"AED 380,000 - 450,000",AED,https://www.drivearabia.com/carprices/uae/audi/audi-a8/2018/,2026-06-12T11:35:04Z,AUDI,A8,A8,0.1745503758378076,8.0,89448.0
audi-a8,2019.0,3.0TC V6 55 TFSI Quattro,357000.0,400000.0,378500.0,"AED 357,000 - 400,000",AED,https://www.drivearabia.com/carprices/uae/audi/audi-a8/2019/,2026-06-12T11:35:07Z,AUDI,A8,A8,0.1745503758378076,7.0,98833.0
audi-a8,2019.0,3.0TC V6 55 TFSI Quattro LWB,380000.0,450000.0,415000.0,"AED 380,000 - 450,000",AED,https://www.drivearabia.com/carprices/uae/audi/audi-a8/2019/,2026-06-12T11:35:07Z,AUDI,A8,A8,0.1745503758378076,7.0,108363.0
audi-a8,2020.0,3.0TC V6 55 TFSI Quattro,362500.0,370000.0,366250.0,"AED 362,500 - 370,000",AED,https://www.drivearabia.com/carprices/uae/audi/audi-a8/2020/,2026-06-12T11:35:09Z,AUDI,A8,A8,0.1745503758378076,6.0,115857.0
audi-a8,2020.0,4.0TC V8 60 TFSI LWB,380000.0,450000.0,415000.0,"AED 380,000 - 450,000",AED,https://www.drivearabia.com/carprices/uae/audi/audi-a8/2020/,2026-06-12T11:35:09Z,AUDI,A8,A8,0.1745503758378076,6.0,131278.0
audi-a8,2020.0,3.0TC V6 55 TFSI Quattro LWB,385000.0,390000.0,387500.0,"AED 385,000 - 390,000",AED,https://www.drivearabia.com/carprices/uae/audi/audi-a8/2020/,2026-06-12T11:35:09Z,AUDI,A8,A8,0.1745503758378076,6.0,122579.0
audi-a8,2021.0,3.0TC V6 55 TFSI Quattro,362500.0,370000.0,366250.0,"AED 362,500 - 370,000",AED,https://www.drivearabia.com/carprices/uae/audi/audi-a8/2021/,2026-06-12T11:35:11Z,AUDI,A8,A8,0.1745503758378076,5.0,140356.0
audi-a8,2021.0,4.0TC V8 60 TFSI Quattro LWB,380000.0,450000.0,415000.0,"AED 380,000 - 450,000",AED,https://www.drivearabia.com/carprices/uae/audi/audi-a8/2021/,2026-06-12T11:35:11Z,AUDI,A8,A8,0.1745503758378076,5.0,159038.0
audi-a8,2021.0,3.0TC V6 55 TFSI Quattro LWB,385000.0,390000.0,387500.0,"AED 385,000 - 390,000",AED,https://www.drivearabia.com/carprices/uae/audi/audi-a8/2021/,2026-06-12T11:35:11Z,AUDI,A8,A8,0.1745503758378076,5.0,148499.0
audi-a8,2022.0,3.0TC V6 55 TFSI Quattro,362500.0,370000.0,366250.0,"AED 362,500 - 370,000",AED,https://www.drivearabia.com/carprices/uae/audi/audi-a8/2022/,2026-06-12T11:35:13Z,AUDI,A8,A8,0.1745503758378076,4.0,170036.0
audi-a8,2022.0,4.0TC V8 60 TFSI Quattro LWB,380000.0,450000.0,415000.0,"AED 380,000 - 450,000",AED,https://www.drivearabia.com/carprices/uae/audi/audi-a8/2022/,2026-06-12T11:35:13Z,AUDI,A8,A8,0.1745503758378076,4.0,192668.0
audi-a8,2022.0,3.0TC V6 55 TFSI Quattro LWB,385000.0,390000.0,387500.0,"AED 385,000 - 390,000",AED,https://www.drivearabia.com/carprices/uae/audi/audi-a8/2022/,2026-06-12T11:35:13Z,AUDI,A8,A8,0.1745503758378076,4.0,179901.0
audi-a8,2023.0,3.0TC V6 55 TFSI Quattro 4WD,362500.0,370000.0,366250.0,"AED 362,500 - 370,000",AED,https://www.drivearabia.com/carprices/uae/audi/audi-a8/2023/,2026-06-12T11:35:15Z,AUDI,A8,A8,0.1745503758378076,3.0,205992.0
audi-a8,2023.0,4.0TC V8 60 TFSI Quattro LWB 4WD,380000.0,450000.0,415000.0,"AED 380,000 - 450,000",AED,https://www.drivearabia.com/carprices/uae/audi/audi-a8/2023/,2026-06-12T11:35:15Z,AUDI,A8,A8,0.1745503758378076,3.0,233410.0
audi-a8,2023.0,3.0TC V6 55 TFSI Quattro LWB 4WD,385000.0,390000.0,387500.0,"AED 385,000 - 390,000",AED,https://www.drivearabia.com/carprices/uae/audi/audi-a8/2023/,2026-06-12T11:35:15Z,AUDI,A8,A8,0.1745503758378076,3.0,217943.0
audi-a8,2024.0,3.0TC V6 55 TFSI Quattro 4WD,362500.0,370000.0,366250.0,"AED 362,500 - 370,000",AED,https://www.drivearabia.com/carprices/uae/audi/audi-a8/2024/,2026-06-12T11:35:17Z,AUDI,A8,A8,0.1745503758378076,2.0,249551.0
audi-a8,2024.0,4.0TC V8 60 TFSI Quattro LWB 4WD,380000.0,450000.0,415000.0,"AED 380,000 - 450,000",AED,https://www.drivearabia.com/carprices/uae/audi/audi-a8/2024/,2026-06-12T11:35:17Z,AUDI,A8,A8,0.1745503758378076,2.0,282767.0
audi-a8,2024.0,3.0TC V6 55 TFSI Quattro LWB 4WD,385000.0,390000.0,387500.0,"AED 385,000 - 390,000",AED,https://www.drivearabia.com/carprices/uae/audi/audi-a8/2024/,2026-06-12T11:35:17Z,AUDI,A8,A8,0.1745503758378076,2.0,264030.0
audi-a8,2025.0,3.0TC V6 55 TFSI Quattro 4WD,362500.0,370000.0,366250.0,"AED 362,500 - 370,000",AED,https://www.drivearabia.com/carprices/uae/audi/audi-a8/2025/,2026-06-12T11:35:19Z,AUDI,A8,A8,0.1745503758378076,1.0,302321.0
audi-a8,2025.0,4.0TC V8 60 TFSI Quattro LWB 4WD,380000.0,450000.0,415000.0,"AED 380,000 - 450,000",AED,https://www.drivearabia.com/carprices/uae/audi/audi-a8/2025/,2026-06-12T11:35:19Z,AUDI,A8,A8,0.1745503758378076,1.0,342562.0
audi-a8,2025.0,3.0TC V6 55 TFSI Quattro LWB 4WD,385000.0,390000.0,387500.0,"AED 385,000 - 390,000",AED,https://www.drivearabia.com/carprices/uae/audi/audi-a8/2025/,2026-06-12T11:35:19Z,AUDI,A8,A8,0.1745503758378076,1.0,319862.0
audi-a8,2026.0,3.0TC V6 55 TFSI Quattro 4WD,362500.0,370000.0,366250.0,"AED 362,500 - 370,000",AED,https://www.drivearabia.com/carprices/uae/audi/audi-a8/2026/,2026-06-12T11:35:21Z,AUDI,A8,A8,0.1745503758378076,0.0,366250.0
audi-a8,2026.0,4.0TC V8 60 TFSI Quattro LWB 4WD,380000.0,450000.0,415000.0,"AED 380,000 - 450,000",AED,https://www.drivearabia.com/carprices/uae/audi/audi-a8/2026/,2026-06-12T11:35:21Z,AUDI,A8,A8,0.1745503758378076,0.0,415000.0
audi-a8,2026.0,3.0TC V6 55 TFSI Quattro LWB 4WD,385000.0,390000.0,387500.0,"AED 385,000 - 390,000",AED,https://www.drivearabia.com/carprices/uae/audi/audi-a8/2026/,2026-06-12T11:35:21Z,AUDI,A8,A8,0.1745503758378076,0.0,387500.0
audi-e-tron,2020.0,95kWh E-Tron 4WD,450000.0,500000.0,475000.0,"AED 450,000 - 500,000",AED,https://www.drivearabia.com/carprices/uae/audi/audi-e-tron/2020/,2026-06-12T11:35:56Z,AUDI,E-TRON,E-TRON,0.0994889954399834,6.0,253296.0
audi-e-tron,2021.0,95kWh E-Tron,450000.0,500000.0,475000.0,"AED 450,000 - 500,000",AED,https://www.drivearabia.com/carprices/uae/audi/audi-e-tron/2021/,2026-06-12T11:35:58Z,AUDI,E-TRON,E-TRON,0.0994889954399834,5.0,281280.0
audi-e-tron,2022.0,95kWh E-Tron,450000.0,500000.0,475000.0,"AED 450,000 - 500,000",AED,https://www.drivearabia.com/carprices/uae/audi/audi-e-tron/2022/,2026-06-12T11:36:00Z,AUDI,E-TRON,E-TRON,0.0994889954399834,4.0,312356.0
audi-e-tron,2023.0,95kWh E-Tron,450000.0,500000.0,475000.0,"AED 450,000 - 500,000",AED,https://www.drivearabia.com/carprices/uae/audi/audi-e-tron/2023/,2026-06-12T11:36:04Z,AUDI,E-TRON,E-TRON,0.0994889954399834,3.0,346865.0
audi-e-tron-gt-quattro,2024.0,93.4kWh e-tron GT quattro,489900.0,530000.0,509950.0,"AED 489,900 - 530,000",AED,https://www.drivearabia.com/carprices/uae/audi/audi-e-tron-gt-quattro/2024/,2026-06-12T11:36:51Z,AUDI,E-TRON GT,E-TRON GT,0.182407,2.0,340880.0
audi-e-tron-gt-quattro,2025.0,93.4kWh e-tron GT quattro,489900.0,530000.0,509950.0,"AED 489,900 - 530,000",AED,https://www.drivearabia.com/carprices/uae/audi/audi-e-tron-gt-quattro/2025/,2026-06-12T11:36:53Z,AUDI,E-TRON GT,E-TRON GT,0.182407,1.0,416932.0
audi-e-tron-gt-quattro,2026.0,93.4kWh e-tron GT quattro,489900.0,530000.0,509950.0,"AED 489,900 - 530,000",AED,https://www.drivearabia.com/carprices/uae/audi/audi-e-tron-gt-quattro/2026/,2026-06-12T11:36:55Z,AUDI,E-TRON GT,E-TRON GT,0.182407,0.0,509950.0
audi-e-tron-sportback,2021.0,95kWh 55 Quattro,457000.0,500000.0,478500.0,"AED 457,000 - 500,000",AED,https://www.drivearabia.com/carprices/uae/audi/audi-e-tron-sportback/2021/,2026-06-12T11:37:34Z,AUDI,E-TRON SPORTBACK,E-TRON SPORTBACK,0.099489,5.0,283353.0
audi-e-tron-sportback,2022.0,95kWh 55 Quattro,392000.0,405000.0,398500.0,"AED 392,000 - 405,000",AED,https://www.drivearabia.com/carprices/uae/audi/audi-e-tron-sportback/2022/,2026-06-12T11:37:36Z,AUDI,E-TRON SPORTBACK,E-TRON SPORTBACK,0.099489,4.0,262050.0
audi-e-tron-sportback,2022.0,95kWh S-Line 55 Quattro,461000.0,470000.0,465500.0,"AED 461,000 - 470,000",AED,https://www.drivearabia.com/carprices/uae/audi/audi-e-tron-sportback/2022/,2026-06-12T11:37:36Z,AUDI,E-TRON SPORTBACK,E-TRON SPORTBACK,0.099489,4.0,306109.0
audi-e-tron-sportback,2023.0,95kWh 55 Quattro,392000.0,405000.0,398500.0,"AED 392,000 - 405,000",AED,https://www.drivearabia.com/carprices/uae/audi/audi-e-tron-sportback/2023/,2026-06-12T11:37:39Z,AUDI,E-TRON SPORTBACK,E-TRON SPORTBACK,0.099489,3.0,291002.0
audi-e-tron-sportback,2023.0,95kWh S-Line 55 Quattro,461000.0,470000.0,465500.0,"AED 461,000 - 470,000",AED,https://www.drivearabia.com/carprices/uae/audi/audi-e-tron-sportback/2023/,2026-06-12T11:37:39Z,AUDI,E-TRON SPORTBACK,E-TRON SPORTBACK,0.099489,3.0,339928.0
audi-q2,2017.0,1.0TC I4 30 TFSI,105500.0,111000.0,108250.0,"AED 105,500 - 111,000",AED,https://www.drivearabia.com/carprices/uae/audi/audi-q2/2017/,2026-06-12T11:38:14Z,AUDI,Q2,Q2,0.1489381052099979,9.0,25356.0
audi-q2,2017.0,1.4TC I4 35 TFSI,117000.0,125000.0,121000.0,"AED 117,000 - 125,000",AED,https://www.drivearabia.com/carprices/uae/audi/audi-q2/2017/,2026-06-12T11:38:14Z,AUDI,Q2,Q2,0.1489381052099979,9.0,28342.0
audi-q2,2018.0,1.0TC I4 30 TFSI,105500.0,111000.0,108250.0,"AED 105,500 - 111,000",AED,https://www.drivearabia.com/carprices/uae/audi/audi-q2/2018/,2026-06-12T11:38:17Z,AUDI,Q2,Q2,0.1489381052099979,8.0,29793.0
audi-q2,2018.0,1.4TC I4 35 TFSI,117000.0,125000.0,121000.0,"AED 117,000 - 125,000",AED,https://www.drivearabia.com/carprices/uae/audi/audi-q2/2018/,2026-06-12T11:38:17Z,AUDI,Q2,Q2,0.1489381052099979,8.0,33302.0
audi-q2,2019.0,1.0TC I4 30 TFSI,105500.0,111000.0,108250.0,"AED 105,500 - 111,000",AED,https://www.drivearabia.com/carprices/uae/audi/audi-q2/2019/,2026-06-12T11:38:20Z,AUDI,Q2,Q2,0.1489381052099979,7.0,35007.0
audi-q2,2019.0,1.4TC I4 35 TFSI,117000.0,125000.0,121000.0,"AED 117,000 - 125,000",AED,https://www.drivearabia.com/carprices/uae/audi/audi-q2/2019/,2026-06-12T11:38:20Z,AUDI,Q2,Q2,0.1489381052099979,7.0,39130.0
audi-q2,2024.0,1.4TC I4 35 TFSI,139900.0,155000.0,147450.0,"AED 139,900 - 155,000",AED,https://www.drivearabia.com/carprices/uae/audi/audi-q2/2024/,2026-06-12T11:38:27Z,AUDI,Q2,Q2,0.1489381052099979,2.0,106799.0
audi-q2,2025.0,1.4TC I4 35 TFSI,139900.0,155000.0,147450.0,"AED 139,900 - 155,000",AED,https://www.drivearabia.com/carprices/uae/audi/audi-q2/2025/,2026-06-12T11:38:29Z,AUDI,Q2,Q2,0.1489381052099979,1.0,125489.0
audi-q2,2026.0,1.4TC I4 35 TFSI,139900.0,155000.0,147450.0,"AED 139,900 - 155,000",AED,https://www.drivearabia.com/carprices/uae/audi/audi-q2/2026/,2026-06-12T11:38:31Z,AUDI,Q2,Q2,0.1489381052099979,0.0,147450.0
audi-q3,2012.0,1.4TC I4 35 TFSI,121000.0,150000.0,135500.0,"AED 121,000 - 150,000",AED,https://www.drivearabia.com/carprices/uae/audi/audi-q3/2012/,2026-06-12T11:38:57Z,AUDI,Q3,Q3,0.1287538909888181,14.0,19675.0
audi-q3,2012.0,2.0TC I4 S-Line 40 TFSI,137000.0,180000.0,158500.0,"AED 137,000 - 180,000",AED,https://www.drivearabia.com/carprices/uae/audi/audi-q3/2012/,2026-06-12T11:38:57Z,AUDI,Q3,Q3,0.1287538909888181,14.0,23014.0
audi-q3,2012.0,2.0TC I4 S-Line 45 TFSI,146000.0,210000.0,178000.0,"AED 146,000 - 210,000",AED,https://www.drivearabia.com/carprices/uae/audi/audi-q3/2012/,2026-06-12T11:38:57Z,AUDI,Q3,Q3,0.1287538909888181,14.0,25846.0
audi-q3,2013.0,1.4TC I4 35 TFSI,121000.0,150000.0,135500.0,"AED 121,000 - 150,000",AED,https://www.drivearabia.com/carprices/uae/audi/audi-q3/2013/,2026-06-12T11:39:00Z,AUDI,Q3,Q3,0.1287538909888181,13.0,22582.0
audi-q3,2013.0,2.0TC I4 S-Line 40 TFSI,137000.0,180000.0,158500.0,"AED 137,000 - 180,000",AED,https://www.drivearabia.com/carprices/uae/audi/audi-q3/2013/,2026-06-12T11:39:00Z,AUDI,Q3,Q3,0.1287538909888181,13.0,26416.0
audi-q3,2013.0,2.0TC I4 S-Line 45 TFSI,146000.0,210000.0,178000.0,"AED 146,000 - 210,000",AED,https://www.drivearabia.com/carprices/uae/audi/audi-q3/2013/,2026-06-12T11:39:00Z,AUDI,Q3,Q3,0.1287538909888181,13.0,29665.0
audi-q3,2014.0,1.4TC I4 35 TFSI,121000.0,150000.0,135500.0,"AED 121,000 - 150,000",AED,https://www.drivearabia.com/carprices/uae/audi/audi-q3/2014/,2026-06-12T11:39:02Z,AUDI,Q3,Q3,0.1287538909888181,12.0,25920.0
audi-q3,2014.0,2.0TC I4 S-Line 40 TFSI,137000.0,180000.0,158500.0,"AED 137,000 - 180,000",AED,https://www.drivearabia.com/carprices/uae/audi/audi-q3/2014/,2026-06-12T11:39:02Z,AUDI,Q3,Q3,0.1287538909888181,12.0,30319.0
audi-q3,2014.0,2.0TC I4 S-Line 45 TFSI,146000.0,210000.0,178000.0,"AED 146,000 - 210,000",AED,https://www.drivearabia.com/carprices/uae/audi/audi-q3/2014/,2026-06-12T11:39:02Z,AUDI,Q3,Q3,0.1287538909888181,12.0,34049.0
audi-q3,2015.0,1.4TC I4 35 TFSI,122500.0,140000.0,131250.0,"AED 122,500 - 140,000",AED,https://www.drivearabia.com/carprices/uae/audi/audi-q3/2015/,2026-06-12T11:39:04Z,AUDI,Q3,Q3,0.1287538909888181,11.0,28817.0
audi-q3,2015.0,2.0TC I4 S-Line 40 TFSI,131000.0,150000.0,140500.0,"AED 131,000 - 150,000",AED,https://www.drivearabia.com/carprices/uae/audi/audi-q3/2015/,2026-06-12T11:39:04Z,AUDI,Q3,Q3,0.1287538909888181,11.0,30848.0
audi-q3,2015.0,2.0TC I4 S-Line 45 TFSI,139500.0,210000.0,174750.0,"AED 139,500 - 210,000",AED,https://www.drivearabia.com/carprices/uae/audi/audi-q3/2015/,2026-06-12T11:39:04Z,AUDI,Q3,Q3,0.1287538909888181,11.0,38368.0
audi-q3,2016.0,1.4TC I4 35 TFSI,122500.0,140000.0,131250.0,"AED 122,500 - 140,000",AED,https://www.drivearabia.com/carprices/uae/audi/audi-q3/2016/,2026-06-12T11:39:07Z,AUDI,Q3,Q3,0.1287538909888181,10.0,33076.0
audi-q3,2016.0,2.0TC I4 S-Line 40 TFSI,131000.0,150000.0,140500.0,"AED 131,000 - 150,000",AED,https://www.drivearabia.com/carprices/uae/audi/audi-q3/2016/,2026-06-12T11:39:07Z,AUDI,Q3,Q3,0.1287538909888181,10.0,35407.0
audi-q3,2016.0,2.0TC I4 S-Line 45 TFSI,139500.0,210000.0,174750.0,"AED 139,500 - 210,000",AED,https://www.drivearabia.com/carprices/uae/audi/audi-q3/2016/,2026-06-12T11:39:07Z,AUDI,Q3,Q3,0.1287538909888181,10.0,44038.0
audi-q3,2017.0,1.4TC I4 35 TFSI,122500.0,140000.0,131250.0,"AED 122,500 - 140,000",AED,https://www.drivearabia.com/carprices/uae/audi/audi-q3/2017/,2026-06-12T11:39:09Z,AUDI,Q3,Q3,0.1287538909888181,9.0,37964.0
audi-q3,2017.0,2.0TC I4 S-Line 40 TFSI,131000.0,150000.0,140500.0,"AED 131,000 - 150,000",AED,https://www.drivearabia.com/carprices/uae/audi/audi-q3/2017/,2026-06-12T11:39:09Z,AUDI,Q3,Q3,0.1287538909888181,9.0,40639.0
audi-q3,2017.0,2.0TC I4 S-Line 45 TFSI,139500.0,210000.0,174750.0,"AED 139,500 - 210,000",AED,https://www.drivearabia.com/carprices/uae/audi/audi-q3/2017/,2026-06-12T11:39:09Z,AUDI,Q3,Q3,0.1287538909888181,9.0,50546.0
audi-q3,2018.0,1.4TC I4 35 TFSI,122500.0,140000.0,131250.0,"AED 122,500 - 140,000",AED,https://www.drivearabia.com/carprices/uae/audi/audi-q3/2018/,2026-06-12T11:39:11Z,AUDI,Q3,Q3,0.1287538909888181,8.0,43574.0
audi-q3,2018.0,2.0TC I4 S-Line 40 TFSI,131000.0,150000.0,140500.0,"AED 131,000 - 150,000",AED,https://www.drivearabia.com/carprices/uae/audi/audi-q3/2018/,2026-06-12T11:39:11Z,AUDI,Q3,Q3,0.1287538909888181,8.0,46645.0
audi-q3,2018.0,2.0TC I4 S-Line 45 TFSI,139500.0,210000.0,174750.0,"AED 139,500 - 210,000",AED,https://www.drivearabia.com/carprices/uae/audi/audi-q3/2018/,2026-06-12T11:39:11Z,AUDI,Q3,Q3,0.1287538909888181,8.0,58015.0
audi-q3,2019.0,1.4TC I4 35 TFSI,122500.0,140000.0,131250.0,"AED 122,500 - 140,000",AED,https://www.drivearabia.com/carprices/uae/audi/audi-q3/2019/,2026-06-12T11:39:14Z,AUDI,Q3,Q3,0.1287538909888181,7.0,50013.0
audi-q3,2019.0,2.0TC I4 S-Line 40 TFSI,131000.0,150000.0,140500.0,"AED 131,000 - 150,000",AED,https://www.drivearabia.com/carprices/uae/audi/audi-q3/2019/,2026-06-12T11:39:14Z,AUDI,Q3,Q3,0.1287538909888181,7.0,53538.0
audi-q3,2019.0,2.0TC I4 S-Line 45 TFSI,139500.0,210000.0,174750.0,"AED 139,500 - 210,000",AED,https://www.drivearabia.com/carprices/uae/audi/audi-q3/2019/,2026-06-12T11:39:14Z,AUDI,Q3,Q3,0.1287538909888181,7.0,66589.0
audi-q3,2020.0,1.4TC I4 35 TFSI,144000.0,160000.0,152000.0,"AED 144,000 - 160,000",AED,https://www.drivearabia.com/carprices/uae/audi/audi-q3/2020/,2026-06-12T11:39:16Z,AUDI,Q3,Q3,0.1287538909888181,6.0,66480.0
audi-q3,2020.0,2.0TC I4 S-Line 45 TFSI,185000.0,188000.0,186500.0,"AED 185,000 - 188,000",AED,https://www.drivearabia.com/carprices/uae/audi/audi-q3/2020/,2026-06-12T11:39:16Z,AUDI,Q3,Q3,0.1287538909888181,6.0,81569.0
audi-q3,2021.0,1.4TC I4 35 TFSI,144000.0,160000.0,152000.0,"AED 144,000 - 160,000",AED,https://www.drivearabia.com/carprices/uae/audi/audi-q3/2021/,2026-06-12T11:39:18Z,AUDI,Q3,Q3,0.1287538909888181,5.0,76304.0
audi-q3,2021.0,1.4TC I4 S-Line 35 TFSI,185000.0,188000.0,186500.0,"AED 185,000 - 188,000",AED,https://www.drivearabia.com/carprices/uae/audi/audi-q3/2021/,2026-06-12T11:39:18Z,AUDI,Q3,Q3,0.1287538909888181,5.0,93623.0
audi-q3,2021.0,2.0TC I4 S-Line 45 TFSI,200000.0,210000.0,205000.0,"AED 200,000 - 210,000",AED,https://www.drivearabia.com/carprices/uae/audi/audi-q3/2021/,2026-06-12T11:39:18Z,AUDI,Q3,Q3,0.1287538909888181,5.0,102910.0
audi-q3,2022.0,1.4TC I4 35 TFSI,144000.0,160000.0,152000.0,"AED 144,000 - 160,000",AED,https://www.drivearabia.com/carprices/uae/audi/audi-q3/2022/,2026-06-12T11:39:21Z,AUDI,Q3,Q3,0.1287538909888181,4.0,87580.0
audi-q3,2022.0,1.4TC I4 S-Line 35 TFSI,185000.0,188000.0,186500.0,"AED 185,000 - 188,000",AED,https://www.drivearabia.com/carprices/uae/audi/audi-q3/2022/,2026-06-12T11:39:21Z,AUDI,Q3,Q3,0.1287538909888181,4.0,107459.0
audi-q3,2022.0,2.0TC I4 S-Line 45 TFSI,200000.0,210000.0,205000.0,"AED 200,000 - 210,000",AED,https://www.drivearabia.com/carprices/uae/audi/audi-q3/2022/,2026-06-12T11:39:21Z,AUDI,Q3,Q3,0.1287538909888181,4.0,118118.0
audi-q3,2023.0,1.4TC I4 35 TFSI,144000.0,160000.0,152000.0,"AED 144,000 - 160,000",AED,https://www.drivearabia.com/carprices/uae/audi/audi-q3/2023/,2026-06-12T11:39:23Z,AUDI,Q3,Q3,0.1287538909888181,3.0,100523.0
audi-q3,2023.0,1.4TC I4 S-Line 35 TFSI,185000.0,188000.0,186500.0,"AED 185,000 - 188,000",AED,https://www.drivearabia.com/carprices/uae/audi/audi-q3/2023/,2026-06-12T11:39:23Z,AUDI,Q3,Q3,0.1287538909888181,3.0,123339.0
audi-q3,2023.0,2.0TC I4 S-Line 45 TFSI,200000.0,210000.0,205000.0,"AED 200,000 - 210,000",AED,https://www.drivearabia.com/carprices/uae/audi/audi-q3/2023/,2026-06-12T11:39:23Z,AUDI,Q3,Q3,0.1287538909888181,3.0,135574.0
audi-q3,2024.0,1.4TC I4 35 TFSI FWD,144000.0,160000.0,152000.0,"AED 144,000 - 160,000",AED,https://www.drivearabia.com/carprices/uae/audi/audi-q3/2024/,2026-06-12T11:39:26Z,AUDI,Q3,Q3,0.1287538909888181,2.0,115379.0
audi-q3,2024.0,1.4TC I4 S-Line 35 TFSI FWD,185000.0,188000.0,186500.0,"AED 185,000 - 188,000",AED,https://www.drivearabia.com/carprices/uae/audi/audi-q3/2024/,2026-06-12T11:39:26Z,AUDI,Q3,Q3,0.1287538909888181,2.0,141567.0
audi-q3,2024.0,2.0TC I4 S-Line 45 TFSI 4WD,200000.0,210000.0,205000.0,"AED 200,000 - 210,000",AED,https://www.drivearabia.com/carprices/uae/audi/audi-q3/2024/,2026-06-12T11:39:26Z,AUDI,Q3,Q3,0.1287538909888181,2.0,155609.0
audi-q3,2025.0,1.4TC I4 35 TFSI FWD,144000.0,160000.0,152000.0,"AED 144,000 - 160,000",AED,https://www.drivearabia.com/carprices/uae/audi/audi-q3/2025/,2026-06-12T11:39:28Z,AUDI,Q3,Q3,0.1287538909888181,1.0,132429.0
audi-q3,2025.0,1.4TC I4 S-Line 35 TFSI FWD,185000.0,188000.0,186500.0,"AED 185,000 - 188,000",AED,https://www.drivearabia.com/carprices/uae/audi/audi-q3/2025/,2026-06-12T11:39:28Z,AUDI,Q3,Q3,0.1287538909888181,1.0,162487.0
audi-q3,2025.0,2.0TC I4 S-Line 45 TFSI 4WD,200000.0,210000.0,205000.0,"AED 200,000 - 210,000",AED,https://www.drivearabia.com/carprices/uae/audi/audi-q3/2025/,2026-06-12T11:39:28Z,AUDI,Q3,Q3,0.1287538909888181,1.0,178605.0
audi-q3,2026.0,1.4TC I4 35 TFSI FWD,144000.0,160000.0,152000.0,"AED 144,000 - 160,000",AED,https://www.drivearabia.com/carprices/uae/audi/audi-q3/2026/,2026-06-12T11:39:30Z,AUDI,Q3,Q3,0.1287538909888181,0.0,152000.0
audi-q3,2026.0,1.4TC I4 S-Line 35 TFSI FWD,185000.0,188000.0,186500.0,"AED 185,000 - 188,000",AED,https://www.drivearabia.com/carprices/uae/audi/audi-q3/2026/,2026-06-12T11:39:30Z,AUDI,Q3,Q3,0.1287538909888181,0.0,186500.0
audi-q3,2026.0,2.0TC I4 S-Line 45 TFSI 4WD,200000.0,210000.0,205000.0,"AED 200,000 - 210,000",AED,https://www.drivearabia.com/carprices/uae/audi/audi-q3/2026/,2026-06-12T11:39:30Z,AUDI,Q3,Q3,0.1287538909888181,0.0,205000.0
audi-q3-sportback,2020.0,1.4TC I4 35 TFSI,144000.0,160000.0,152000.0,"AED 144,000 - 160,000",AED,https://www.drivearabia.com/carprices/uae/audi/audi-q3-sportback/2020/,2026-06-12T11:40:10Z,AUDI,Q3 SPORTBACK,Q3 SPORTBACK,0.130029,6.0,65898.0
audi-q3-sportback,2020.0,1.4TC I4 S-Line 35 TFSI,185000.0,188000.0,186500.0,"AED 185,000 - 188,000",AED,https://www.drivearabia.com/carprices/uae/audi/audi-q3-sportback/2020/,2026-06-12T11:40:10Z,AUDI,Q3 SPORTBACK,Q3 SPORTBACK,0.130029,6.0,80855.0
audi-q3-sportback,2020.0,2.0TC I4 S-Line 45 TFSI,200000.0,210000.0,205000.0,"AED 200,000 - 210,000",AED,https://www.drivearabia.com/carprices/uae/audi/audi-q3-sportback/2020/,2026-06-12T11:40:10Z,AUDI,Q3 SPORTBACK,Q3 SPORTBACK,0.130029,6.0,88876.0
audi-q3-sportback,2021.0,1.4TC I4 35 TFSI,144000.0,160000.0,152000.0,"AED 144,000 - 160,000",AED,https://www.drivearabia.com/carprices/uae/audi/audi-q3-sportback/2021/,2026-06-12T11:40:12Z,AUDI,Q3 SPORTBACK,Q3 SPORTBACK,0.130029,5.0,75747.0
audi-q3-sportback,2021.0,1.4TC I4 S-Line 35 TFSI,185000.0,188000.0,186500.0,"AED 185,000 - 188,000",AED,https://www.drivearabia.com/carprices/uae/audi/audi-q3-sportback/2021/,2026-06-12T11:40:12Z,AUDI,Q3 SPORTBACK,Q3 SPORTBACK,0.130029,5.0,92940.0
audi-q3-sportback,2021.0,2.0TC I4 S-Line 45 TFSI,200000.0,210000.0,205000.0,"AED 200,000 - 210,000",AED,https://www.drivearabia.com/carprices/uae/audi/audi-q3-sportback/2021/,2026-06-12T11:40:12Z,AUDI,Q3 SPORTBACK,Q3 SPORTBACK,0.130029,5.0,102159.0
audi-q3-sportback,2022.0,1.4TC I4 35 TFSI,144000.0,160000.0,152000.0,"AED 144,000 - 160,000",AED,https://www.drivearabia.com/carprices/uae/audi/audi-q3-sportback/2022/,2026-06-12T11:40:14Z,AUDI,Q3 SPORTBACK,Q3 SPORTBACK,0.130029,4.0,87069.0
audi-q3-sportback,2022.0,1.4TC I4 S-Line 35 TFSI,185000.0,188000.0,186500.0,"AED 185,000 - 188,000",AED,https://www.drivearabia.com/carprices/uae/audi/audi-q3-sportback/2022/,2026-06-12T11:40:14Z,AUDI,Q3 SPORTBACK,Q3 SPORTBACK,0.130029,4.0,106831.0
audi-q3-sportback,2022.0,2.0TC I4 S-Line 45 TFSI,200000.0,210000.0,205000.0,"AED 200,000 - 210,000",AED,https://www.drivearabia.com/carprices/uae/audi/audi-q3-sportback/2022/,2026-06-12T11:40:14Z,AUDI,Q3 SPORTBACK,Q3 SPORTBACK,0.130029,4.0,117428.0
audi-q3-sportback,2023.0,1.4TC I4 35 TFSI,144000.0,160000.0,152000.0,"AED 144,000 - 160,000",AED,https://www.drivearabia.com/carprices/uae/audi/audi-q3-sportback/2023/,2026-06-12T11:40:16Z,AUDI,Q3 SPORTBACK,Q3 SPORTBACK,0.130029,3.0,100082.0
audi-q3-sportback,2023.0,1.4TC I4 S-Line 35 TFSI,185000.0,188000.0,186500.0,"AED 185,000 - 188,000",AED,https://www.drivearabia.com/carprices/uae/audi/audi-q3-sportback/2023/,2026-06-12T11:40:16Z,AUDI,Q3 SPORTBACK,Q3 SPORTBACK,0.130029,3.0,122799.0
audi-q3-sportback,2023.0,2.0TC I4 S-Line 45 TFSI,200000.0,210000.0,205000.0,"AED 200,000 - 210,000",AED,https://www.drivearabia.com/carprices/uae/audi/audi-q3-sportback/2023/,2026-06-12T11:40:16Z,AUDI,Q3 SPORTBACK,Q3 SPORTBACK,0.130029,3.0,134980.0
audi-q3-sportback,2024.0,2.0TC I4 S-Line 45 TFSI,228900.0,235000.0,231950.0,"AED 228,900 - 235,000",AED,https://www.drivearabia.com/carprices/uae/audi/audi-q3-sportback/2024/,2026-06-12T11:40:18Z,AUDI,Q3 SPORTBACK,Q3 SPORTBACK,0.130029,2.0,175551.0
audi-q3-sportback,2025.0,2.0TC I4 S-Line 45 TFSI,228900.0,235000.0,231950.0,"AED 228,900 - 235,000",AED,https://www.drivearabia.com/carprices/uae/audi/audi-q3-sportback/2025/,2026-06-12T11:40:21Z,AUDI,Q3 SPORTBACK,Q3 SPORTBACK,0.130029,1.0,201790.0
audi-q3-sportback,2026.0,2.0TC I4 S-Line 45 TFSI,228900.0,235000.0,231950.0,"AED 228,900 - 235,000",AED,https://www.drivearabia.com/carprices/uae/audi/audi-q3-sportback/2026/,2026-06-12T11:40:23Z,AUDI,Q3 SPORTBACK,Q3 SPORTBACK,0.130029,0.0,231950.0
audi-q5,2009.0,2.0TC I4 2.0 TFSI,166000.0,190000.0,178000.0,"AED 166,000 - 190,000",AED,https://www.drivearabia.com/carprices/uae/audi/audi-q5/2009/,2026-06-12T11:40:45Z,AUDI,Q5,Q5,0.1536528525650679,17.0,10441.0
audi-q5,2009.0,3.2 V6 3.2 FSI,203000.0,220000.0,211500.0,"AED 203,000 - 220,000",AED,https://www.drivearabia.com/carprices/uae/audi/audi-q5/2009/,2026-06-12T11:40:45Z,AUDI,Q5,Q5,0.1536528525650679,17.0,12406.0
audi-q5,2010.0,2.0TC I4 2.0 TFSI,166000.0,190000.0,178000.0,"AED 166,000 - 190,000",AED,https://www.drivearabia.com/carprices/uae/audi/audi-q5/2010/,2026-06-12T11:40:47Z,AUDI,Q5,Q5,0.1536528525650679,16.0,12337.0
audi-q5,2010.0,3.2 V6 3.2 FSI,203000.0,220000.0,211500.0,"AED 203,000 - 220,000",AED,https://www.drivearabia.com/carprices/uae/audi/audi-q5/2010/,2026-06-12T11:40:47Z,AUDI,Q5,Q5,0.1536528525650679,16.0,14658.0
audi-q5,2011.0,2.0TC I4 2.0 TFSI,166000.0,190000.0,178000.0,"AED 166,000 - 190,000",AED,https://www.drivearabia.com/carprices/uae/audi/audi-q5/2011/,2026-06-12T11:40:50Z,AUDI,Q5,Q5,0.1536528525650679,15.0,14576.0
audi-q5,2011.0,3.2 V6 3.2 FSI,203000.0,220000.0,211500.0,"AED 203,000 - 220,000",AED,https://www.drivearabia.com/carprices/uae/audi/audi-q5/2011/,2026-06-12T11:40:50Z,AUDI,Q5,Q5,0.1536528525650679,15.0,17320.0
audi-q5,2012.0,2.0TC I4 2.0 TFSI,166000.0,190000.0,178000.0,"AED 166,000 - 190,000",AED,https://www.drivearabia.com/carprices/uae/audi/audi-q5/2012/,2026-06-12T11:40:52Z,AUDI,Q5,Q5,0.1536528525650679,14.0,17223.0
audi-q5,2012.0,3.2 V6 3.2 FSI,203000.0,220000.0,211500.0,"AED 203,000 - 220,000",AED,https://www.drivearabia.com/carprices/uae/audi/audi-q5/2012/,2026-06-12T11:40:52Z,AUDI,Q5,Q5,0.1536528525650679,14.0,20464.0
audi-q5,2013.0,2.0TC I4 45 TFSI,169900.0,195000.0,182450.0,"AED 169,900 - 195,000",AED,https://www.drivearabia.com/carprices/uae/audi/audi-q5/2013/,2026-06-12T11:40:54Z,AUDI,Q5,Q5,0.1536528525650679,13.0,20858.0
audi-q5,2013.0,3.0SC V6 55 TFSI,207000.0,220000.0,213500.0,"AED 207,000 - 220,000",AED,https://www.drivearabia.com/carprices/uae/audi/audi-q5/2013/,2026-06-12T11:40:54Z,AUDI,Q5,Q5,0.1536528525650679,13.0,24408.0
audi-q5,2014.0,2.0TC I4 45 TFSI,169900.0,195000.0,182450.0,"AED 169,900 - 195,000",AED,https://www.drivearabia.com/carprices/uae/audi/audi-q5/2014/,2026-06-12T11:40:56Z,AUDI,Q5,Q5,0.1536528525650679,12.0,24645.0
audi-q5,2014.0,3.0SC V6 55 TFSI,207000.0,220000.0,213500.0,"AED 207,000 - 220,000",AED,https://www.drivearabia.com/carprices/uae/audi/audi-q5/2014/,2026-06-12T11:40:56Z,AUDI,Q5,Q5,0.1536528525650679,12.0,28839.0
audi-q5,2015.0,2.0TC I4 45 TFSI,169900.0,195000.0,182450.0,"AED 169,900 - 195,000",AED,https://www.drivearabia.com/carprices/uae/audi/audi-q5/2015/,2026-06-12T11:40:59Z,AUDI,Q5,Q5,0.1536528525650679,11.0,29119.0
audi-q5,2015.0,3.0SC V6 55 TFSI,207000.0,220000.0,213500.0,"AED 207,000 - 220,000",AED,https://www.drivearabia.com/carprices/uae/audi/audi-q5/2015/,2026-06-12T11:40:59Z,AUDI,Q5,Q5,0.1536528525650679,11.0,34075.0
audi-q5,2016.0,2.0TC I4 45 TFSI,169900.0,195000.0,182450.0,"AED 169,900 - 195,000",AED,https://www.drivearabia.com/carprices/uae/audi/audi-q5/2016/,2026-06-12T11:41:01Z,AUDI,Q5,Q5,0.1536528525650679,10.0,34406.0
audi-q5,2016.0,3.0SC V6 55 TFSI,212000.0,220000.0,216000.0,"AED 212,000 - 220,000",AED,https://www.drivearabia.com/carprices/uae/audi/audi-q5/2016/,2026-06-12T11:41:01Z,AUDI,Q5,Q5,0.1536528525650679,10.0,40732.0
audi-q5,2017.0,2.0TC I4 45 TFSI,169900.0,195000.0,182450.0,"AED 169,900 - 195,000",AED,https://www.drivearabia.com/carprices/uae/audi/audi-q5/2017/,2026-06-12T11:41:03Z,AUDI,Q5,Q5,0.1536528525650679,9.0,40652.0
audi-q5,2017.0,3.0SC V6 55 TFSI,212000.0,220000.0,216000.0,"AED 212,000 - 220,000",AED,https://www.drivearabia.com/carprices/uae/audi/audi-q5/2017/,2026-06-12T11:41:03Z,AUDI,Q5,Q5,0.1536528525650679,9.0,48127.0
audi-q5,2018.0,2.0TC I4 45 TFSI Quattro,183900.0,260000.0,221950.0,"AED 183,900 - 260,000",AED,https://www.drivearabia.com/carprices/uae/audi/audi-q5/2018/,2026-06-12T11:41:05Z,AUDI,Q5,Q5,0.1536528525650679,8.0,58431.0
audi-q5,2019.0,2.0TC I4 45 TFSI Quattro,183900.0,260000.0,221950.0,"AED 183,900 - 260,000",AED,https://www.drivearabia.com/carprices/uae/audi/audi-q5/2019/,2026-06-12T11:41:07Z,AUDI,Q5,Q5,0.1536528525650679,7.0,69039.0
audi-q5,2020.0,2.0TC I4 45 TFSI Quattro,210000.0,215000.0,212500.0,"AED 210,000 - 215,000",AED,https://www.drivearabia.com/carprices/uae/audi/audi-q5/2020/,2026-06-12T11:41:09Z,AUDI,Q5,Q5,0.1536528525650679,6.0,78100.0
audi-q5,2021.0,2.0TC I4 45 TFSI Quattro,210000.0,215000.0,212500.0,"AED 210,000 - 215,000",AED,https://www.drivearabia.com/carprices/uae/audi/audi-q5/2021/,2026-06-12T11:41:11Z,AUDI,Q5,Q5,0.1536528525650679,5.0,92279.0
audi-q5,2022.0,2.0TC I4 45 TFSI Quattro,210000.0,215000.0,212500.0,"AED 210,000 - 215,000",AED,https://www.drivearabia.com/carprices/uae/audi/audi-q5/2022/,2026-06-12T11:41:14Z,AUDI,Q5,Q5,0.1536528525650679,4.0,109032.0
audi-q5,2023.0,2.0TC I4 45 TFSI Quattro,210000.0,215000.0,212500.0,"AED 210,000 - 215,000",AED,https://www.drivearabia.com/carprices/uae/audi/audi-q5/2023/,2026-06-12T11:41:16Z,AUDI,Q5,Q5,0.1536528525650679,3.0,128826.0
audi-q5,2024.0,2.0TC I4 45 TFSI Quattro 4WD,210000.0,215000.0,212500.0,"AED 210,000 - 215,000",AED,https://www.drivearabia.com/carprices/uae/audi/audi-q5/2024/,2026-06-12T11:41:18Z,AUDI,Q5,Q5,0.1536528525650679,2.0,152214.0
audi-q5,2025.0,2.0TC I4 40 TFSI 4WD,289900.0,330000.0,309950.0,"AED 289,900 - 330,000",AED,https://www.drivearabia.com/carprices/uae/audi/audi-q5/2025/,2026-06-12T11:41:20Z,AUDI,Q5,Q5,0.1536528525650679,1.0,262325.0
audi-q5,2025.0,2.0TC I4 40 TFSI Sportback 4WD,329900.0,350000.0,339950.0,"AED 329,900 - 350,000",AED,https://www.drivearabia.com/carprices/uae/audi/audi-q5/2025/,2026-06-12T11:41:20Z,AUDI,Q5,Q5,0.1536528525650679,1.0,287716.0
audi-q5,2026.0,2.0TC I4 40 TFSI 4WD,289900.0,330000.0,309950.0,"AED 289,900 - 330,000",AED,https://www.drivearabia.com/carprices/uae/audi/audi-q5/2026/,2026-06-12T11:41:23Z,AUDI,Q5,Q5,0.1536528525650679,0.0,309950.0
audi-q5,2026.0,2.0TC I4 40 TFSI Sportback 4WD,329900.0,350000.0,339950.0,"AED 329,900 - 350,000",AED,https://www.drivearabia.com/carprices/uae/audi/audi-q5/2026/,2026-06-12T11:41:23Z,AUDI,Q5,Q5,0.1536528525650679,0.0,339950.0
audi-q6-e-tron,2025.0,83 kWh Q6 e-tron 4WD,305000.0,310000.0,307500.0,"AED 305,000 - 310,000",AED,https://www.drivearabia.com/carprices/uae/audi/audi-q6-e-tron/2025/,2026-06-12T11:42:06Z,AUDI,Q6 E-TRON,Q6 E-TRON,0.145253,1.0,262835.0
audi-q6-e-tron,2026.0,83 kWh Q6 e-tron 4WD,305000.0,310000.0,307500.0,"AED 305,000 - 310,000",AED,https://www.drivearabia.com/carprices/uae/audi/audi-q6-e-tron/2026/,2026-06-12T11:42:10Z,AUDI,Q6 E-TRON,Q6 E-TRON,0.145253,0.0,307500.0
audi-q7,2007.0,3.6 V6 3.6 FSI,199000.0,232000.0,215500.0,"AED 199,000 - 232,000",AED,https://www.drivearabia.com/carprices/uae/audi/audi-q7/2007/,2026-06-12T11:42:29Z,AUDI,Q7,Q7,0.1720702052416165,19.0,5961.0
audi-q7,2007.0,4.2 V8 4.2 FSI,262000.0,280000.0,271000.0,"AED 262,000 - 280,000",AED,https://www.drivearabia.com/carprices/uae/audi/audi-q7/2007/,2026-06-12T11:42:29Z,AUDI,Q7,Q7,0.1720702052416165,19.0,7496.0
audi-q7,2008.0,3.6 V6 3.6 FSI,199000.0,232000.0,215500.0,"AED 199,000 - 232,000",AED,https://www.drivearabia.com/carprices/uae/audi/audi-q7/2008/,2026-06-12T11:42:32Z,AUDI,Q7,Q7,0.1720702052416165,18.0,7200.0
audi-q7,2008.0,4.2 V8 4.2 FSI,262000.0,280000.0,271000.0,"AED 262,000 - 280,000",AED,https://www.drivearabia.com/carprices/uae/audi/audi-q7/2008/,2026-06-12T11:42:32Z,AUDI,Q7,Q7,0.1720702052416165,18.0,9054.0
audi-q7,2009.0,3.6 V6 3.6 FSI,199000.0,232000.0,215500.0,"AED 199,000 - 232,000",AED,https://www.drivearabia.com/carprices/uae/audi/audi-q7/2009/,2026-06-12T11:42:34Z,AUDI,Q7,Q7,0.1720702052416165,17.0,8696.0
audi-q7,2009.0,4.2 V8 4.2 FSI,262000.0,280000.0,271000.0,"AED 262,000 - 280,000",AED,https://www.drivearabia.com/carprices/uae/audi/audi-q7/2009/,2026-06-12T11:42:34Z,AUDI,Q7,Q7,0.1720702052416165,17.0,10936.0
audi-q7,2010.0,3.6 V6 3.2 FSI,205000.0,250000.0,227500.0,"AED 205,000 - 250,000",AED,https://www.drivearabia.com/carprices/uae/audi/audi-q7/2010/,2026-06-12T11:42:36Z,AUDI,Q7,Q7,0.1720702052416165,16.0,11089.0
audi-q7,2010.0,3.0SC V6 TFSI,209000.0,250000.0,229500.0,"AED 209,000 - 250,000",AED,https://www.drivearabia.com/carprices/uae/audi/audi-q7/2010/,2026-06-12T11:42:36Z,AUDI,Q7,Q7,0.1720702052416165,16.0,11186.0
audi-q7,2010.0,3.0SC V6 TFSI S-Line,248000.0,270000.0,259000.0,"AED 248,000 - 270,000",AED,https://www.drivearabia.com/carprices/uae/audi/audi-q7/2010/,2026-06-12T11:42:36Z,AUDI,Q7,Q7,0.1720702052416165,16.0,12624.0
audi-q7,2010.0,4.2 V8 4.2 FSI,260000.0,280000.0,270000.0,"AED 260,000 - 280,000",AED,https://www.drivearabia.com/carprices/uae/audi/audi-q7/2010/,2026-06-12T11:42:36Z,AUDI,Q7,Q7,0.1720702052416165,16.0,13160.0
audi-q7,2010.0,4.2TD V8 TDI,278000.0,310000.0,294000.0,"AED 278,000 - 310,000",AED,https://www.drivearabia.com/carprices/uae/audi/audi-q7/2010/,2026-06-12T11:42:36Z,AUDI,Q7,Q7,0.1720702052416165,16.0,14330.0
audi-q7,2010.0,6.0TD V12 TDI,489000.0,520000.0,504500.0,"AED 489,000 - 520,000",AED,https://www.drivearabia.com/carprices/uae/audi/audi-q7/2010/,2026-06-12T11:42:36Z,AUDI,Q7,Q7,0.1720702052416165,16.0,24590.0
audi-q7,2011.0,3.6 V6 3.2 FSI,205000.0,250000.0,227500.0,"AED 205,000 - 250,000",AED,https://www.drivearabia.com/carprices/uae/audi/audi-q7/2011/,2026-06-12T11:42:38Z,AUDI,Q7,Q7,0.1720702052416165,15.0,13393.0
audi-q7,2011.0,3.0SC V6 TFSI,209000.0,250000.0,229500.0,"AED 209,000 - 250,000",AED,https://www.drivearabia.com/carprices/uae/audi/audi-q7/2011/,2026-06-12T11:42:38Z,AUDI,Q7,Q7,0.1720702052416165,15.0,13511.0
audi-q7,2011.0,3.0SC V6 TFSI S-Line,248000.0,270000.0,259000.0,"AED 248,000 - 270,000",AED,https://www.drivearabia.com/carprices/uae/audi/audi-q7/2011/,2026-06-12T11:42:38Z,AUDI,Q7,Q7,0.1720702052416165,15.0,15248.0
audi-q7,2011.0,4.2 V8 4.2 FSI,260000.0,280000.0,270000.0,"AED 260,000 - 280,000",AED,https://www.drivearabia.com/carprices/uae/audi/audi-q7/2011/,2026-06-12T11:42:38Z,AUDI,Q7,Q7,0.1720702052416165,15.0,15895.0
audi-q7,2011.0,4.2TD V8 TDI,278000.0,310000.0,294000.0,"AED 278,000 - 310,000",AED,https://www.drivearabia.com/carprices/uae/audi/audi-q7/2011/,2026-06-12T11:42:38Z,AUDI,Q7,Q7,0.1720702052416165,15.0,17308.0
audi-q7,2011.0,6.0TD V12 TDI,489000.0,520000.0,504500.0,"AED 489,000 - 520,000",AED,https://www.drivearabia.com/carprices/uae/audi/audi-q7/2011/,2026-06-12T11:42:38Z,AUDI,Q7,Q7,0.1720702052416165,15.0,29701.0
audi-q7,2012.0,3.0SC V6 3.0 TFSI,219000.0,260000.0,239500.0,"AED 219,000 - 260,000",AED,https://www.drivearabia.com/carprices/uae/audi/audi-q7/2012/,2026-06-12T11:42:41Z,AUDI,Q7,Q7,0.1720702052416165,14.0,17030.0
audi-q7,2012.0,3.0SC V6 3.0 TFSI S-Line,249500.0,280000.0,264750.0,"AED 249,500 - 280,000",AED,https://www.drivearabia.com/carprices/uae/audi/audi-q7/2012/,2026-06-12T11:42:41Z,AUDI,Q7,Q7,0.1720702052416165,14.0,18825.0
audi-q7,2012.0,4.2TD V8 4.2 TDI,278600.0,320000.0,299300.0,"AED 278,600 - 320,000",AED,https://www.drivearabia.com/carprices/uae/audi/audi-q7/2012/,2026-06-12T11:42:41Z,AUDI,Q7,Q7,0.1720702052416165,14.0,21282.0
audi-q7,2012.0,6.0TD V12 6.0 TDI,494500.0,520000.0,507250.0,"AED 494,500 - 520,000",AED,https://www.drivearabia.com/carprices/uae/audi/audi-q7/2012/,2026-06-12T11:42:41Z,AUDI,Q7,Q7,0.1720702052416165,14.0,36069.0
audi-q7,2013.0,3.0SC V6 3.0 TFSI,219000.0,260000.0,239500.0,"AED 219,000 - 260,000",AED,https://www.drivearabia.com/carprices/uae/audi/audi-q7/2013/,2026-06-12T11:42:43Z,AUDI,Q7,Q7,0.1720702052416165,13.0,20569.0
audi-q7,2013.0,3.0SC V6 3.0 TFSI S-Line,249500.0,280000.0,264750.0,"AED 249,500 - 280,000",AED,https://www.drivearabia.com/carprices/uae/audi/audi-q7/2013/,2026-06-12T11:42:43Z,AUDI,Q7,Q7,0.1720702052416165,13.0,22738.0
audi-q7,2013.0,4.2TD V8 4.2 TDI,278600.0,320000.0,299300.0,"AED 278,600 - 320,000",AED,https://www.drivearabia.com/carprices/uae/audi/audi-q7/2013/,2026-06-12T11:42:43Z,AUDI,Q7,Q7,0.1720702052416165,13.0,25705.0
audi-q7,2013.0,6.0TD V12 6.0 TDI,494500.0,520000.0,507250.0,"AED 494,500 - 520,000",AED,https://www.drivearabia.com/carprices/uae/audi/audi-q7/2013/,2026-06-12T11:42:43Z,AUDI,Q7,Q7,0.1720702052416165,13.0,43565.0
audi-q7,2014.0,3.0SC V6 3.0 TFSI,219000.0,260000.0,239500.0,"AED 219,000 - 260,000",AED,https://www.drivearabia.com/carprices/uae/audi/audi-q7/2014/,2026-06-12T11:42:45Z,AUDI,Q7,Q7,0.1720702052416165,12.0,24844.0
audi-q7,2014.0,3.0SC V6 3.0 TFSI S-Line,249500.0,280000.0,264750.0,"AED 249,500 - 280,000",AED,https://www.drivearabia.com/carprices/uae/audi/audi-q7/2014/,2026-06-12T11:42:45Z,AUDI,Q7,Q7,0.1720702052416165,12.0,27464.0
audi-q7,2014.0,4.2TD V8 4.2 TDI,278600.0,320000.0,299300.0,"AED 278,600 - 320,000",AED,https://www.drivearabia.com/carprices/uae/audi/audi-q7/2014/,2026-06-12T11:42:45Z,AUDI,Q7,Q7,0.1720702052416165,12.0,31048.0
audi-q7,2014.0,6.0TD V12 6.0 TDI,494500.0,520000.0,507250.0,"AED 494,500 - 520,000",AED,https://www.drivearabia.com/carprices/uae/audi/audi-q7/2014/,2026-06-12T11:42:45Z,AUDI,Q7,Q7,0.1720702052416165,12.0,52619.0
audi-q7,2015.0,3.0SC V6 3.0 TFSI,219000.0,260000.0,239500.0,"AED 219,000 - 260,000",AED,https://www.drivearabia.com/carprices/uae/audi/audi-q7/2015/,2026-06-12T11:42:48Z,AUDI,Q7,Q7,0.1720702052416165,11.0,30008.0
audi-q7,2015.0,3.0SC V6 3.0 TFSI S-Line,249500.0,280000.0,264750.0,"AED 249,500 - 280,000",AED,https://www.drivearabia.com/carprices/uae/audi/audi-q7/2015/,2026-06-12T11:42:48Z,AUDI,Q7,Q7,0.1720702052416165,11.0,33171.0
audi-q7,2015.0,4.2TD V8 4.2 TDI,278600.0,320000.0,299300.0,"AED 278,600 - 320,000",AED,https://www.drivearabia.com/carprices/uae/audi/audi-q7/2015/,2026-06-12T11:42:48Z,AUDI,Q7,Q7,0.1720702052416165,11.0,37500.0
audi-q7,2015.0,6.0TD V12 6.0 TDI,494500.0,520000.0,507250.0,"AED 494,500 - 520,000",AED,https://www.drivearabia.com/carprices/uae/audi/audi-q7/2015/,2026-06-12T11:42:48Z,AUDI,Q7,Q7,0.1720702052416165,11.0,63555.0
audi-q7,2016.0,3.0SC V6 55 TFSI,275000.0,330000.0,302500.0,"AED 275,000 - 330,000",AED,https://www.drivearabia.com/carprices/uae/audi/audi-q7/2016/,2026-06-12T11:42:50Z,AUDI,Q7,Q7,0.1720702052416165,10.0,45778.0
audi-q7,2017.0,3.0SC V6 55 TFSI,275000.0,330000.0,302500.0,"AED 275,000 - 330,000",AED,https://www.drivearabia.com/carprices/uae/audi/audi-q7/2017/,2026-06-12T11:42:52Z,AUDI,Q7,Q7,0.1720702052416165,9.0,55293.0
audi-q7,2018.0,3.0SC V6 55 TFSI,275000.0,330000.0,302500.0,"AED 275,000 - 330,000",AED,https://www.drivearabia.com/carprices/uae/audi/audi-q7/2018/,2026-06-12T11:42:55Z,AUDI,Q7,Q7,0.1720702052416165,8.0,66784.0
audi-q7,2019.0,3.0SC V6 55 TFSI,275000.0,330000.0,302500.0,"AED 275,000 - 330,000",AED,https://www.drivearabia.com/carprices/uae/audi/audi-q7/2019/,2026-06-12T11:42:57Z,AUDI,Q7,Q7,0.1720702052416165,7.0,80664.0
audi-q7,2020.0,2.0TC+E I4 45 TFSI,275000.0,292000.0,283500.0,"AED 275,000 - 292,000",AED,https://www.drivearabia.com/carprices/uae/audi/audi-q7/2020/,2026-06-12T11:42:59Z,AUDI,Q7,Q7,0.1720702052416165,6.0,91309.0
audi-q7,2020.0,3.0TC+E V6 55 TFSI,320000.0,330000.0,325000.0,"AED 320,000 - 330,000",AED,https://www.drivearabia.com/carprices/uae/audi/audi-q7/2020/,2026-06-12T11:42:59Z,AUDI,Q7,Q7,0.1720702052416165,6.0,104675.0
audi-q7,2021.0,2.0TC+E I4 45 TFSI,275000.0,292000.0,283500.0,"AED 275,000 - 292,000",AED,https://www.drivearabia.com/carprices/uae/audi/audi-q7/2021/,2026-06-12T11:43:01Z,AUDI,Q7,Q7,0.1720702052416165,5.0,110286.0
audi-q7,2021.0,3.0TC+E V6 55 TFSI,320000.0,330000.0,325000.0,"AED 320,000 - 330,000",AED,https://www.drivearabia.com/carprices/uae/audi/audi-q7/2021/,2026-06-12T11:43:01Z,AUDI,Q7,Q7,0.1720702052416165,5.0,126430.0
audi-q7,2022.0,2.0TC+E I4 45 TFSI,310000.0,330000.0,320000.0,"AED 310,000 - 330,000",AED,https://www.drivearabia.com/carprices/uae/audi/audi-q7/2022/,2026-06-12T11:43:04Z,AUDI,Q7,Q7,0.1720702052416165,4.0,150357.0
audi-q7,2022.0,3.0TC+E V6 55 TFSI,380000.0,395000.0,387500.0,"AED 380,000 - 395,000",AED,https://www.drivearabia.com/carprices/uae/audi/audi-q7/2022/,2026-06-12T11:43:04Z,AUDI,Q7,Q7,0.1720702052416165,4.0,182073.0
audi-q7,2023.0,2.0TC+E I4 45 TFSI,310000.0,330000.0,320000.0,"AED 310,000 - 330,000",AED,https://www.drivearabia.com/carprices/uae/audi/audi-q7/2023/,2026-06-12T11:43:06Z,AUDI,Q7,Q7,0.1720702052416165,3.0,181606.0
audi-q7,2023.0,3.0TC+E V6 55 TFSI,380000.0,395000.0,387500.0,"AED 380,000 - 395,000",AED,https://www.drivearabia.com/carprices/uae/audi/audi-q7/2023/,2026-06-12T11:43:06Z,AUDI,Q7,Q7,0.1720702052416165,3.0,219914.0
audi-q7,2024.0,2.0TC+E I4 45 TFSI 4WD,339000.0,340000.0,339500.0,"AED 339,000 - 340,000",AED,https://www.drivearabia.com/carprices/uae/audi/audi-q7/2024/,2026-06-12T11:43:08Z,AUDI,Q7,Q7,0.1720702052416165,2.0,232716.0
audi-q7,2024.0,3.0TC+E V6 55 TFSI 4WD,400000.0,415000.0,407500.0,"AED 400,000 - 415,000",AED,https://www.drivearabia.com/carprices/uae/audi/audi-q7/2024/,2026-06-12T11:43:08Z,AUDI,Q7,Q7,0.1720702052416165,2.0,279328.0
audi-q7,2025.0,2.0TC+E I4 45 TFSI 4WD,339000.0,340000.0,339500.0,"AED 339,000 - 340,000",AED,https://www.drivearabia.com/carprices/uae/audi/audi-q7/2025/,2026-06-12T11:43:10Z,AUDI,Q7,Q7,0.1720702052416165,1.0,281082.0
audi-q7,2025.0,3.0TC+E V6 55 TFSI 4WD,400000.0,415000.0,407500.0,"AED 400,000 - 415,000",AED,https://www.drivearabia.com/carprices/uae/audi/audi-q7/2025/,2026-06-12T11:43:10Z,AUDI,Q7,Q7,0.1720702052416165,1.0,337381.0
audi-q7,2026.0,2.0TC+E I4 45 TFSI 4WD,339000.0,340000.0,339500.0,"AED 339,000 - 340,000",AED,https://www.drivearabia.com/carprices/uae/audi/audi-q7/2026/,2026-06-12T11:43:12Z,AUDI,Q7,Q7,0.1720702052416165,0.0,339500.0
audi-q7,2026.0,3.0TC+E V6 55 TFSI 4WD,400000.0,415000.0,407500.0,"AED 400,000 - 415,000",AED,https://www.drivearabia.com/carprices/uae/audi/audi-q7/2026/,2026-06-12T11:43:12Z,AUDI,Q7,Q7,0.1720702052416165,0.0,407500.0
audi-q8,2019.0,3.0SC V6 55 TFSI,315000.0,380000.0,347500.0,"AED 315,000 - 380,000",AED,https://www.drivearabia.com/carprices/uae/audi/audi-q8/2019/,2026-06-12T11:43:49Z,AUDI,Q8,Q8,0.1406453071915865,7.0,120271.0
audi-q8,2020.0,3.0SC V6 55 TFSI,315000.0,380000.0,347500.0,"AED 315,000 - 380,000",AED,https://www.drivearabia.com/carprices/uae/audi/audi-q8/2020/,2026-06-12T11:43:51Z,AUDI,Q8,Q8,0.1406453071915865,6.0,139955.0
audi-q8,2021.0,3.0SC V6 55 TFSI,315000.0,380000.0,347500.0,"AED 315,000 - 380,000",AED,https://www.drivearabia.com/carprices/uae/audi/audi-q8/2021/,2026-06-12T11:43:53Z,AUDI,Q8,Q8,0.1406453071915865,5.0,162861.0
audi-q8,2022.0,3.0T 55 TFSI,378000.0,380000.0,379000.0,"AED 378,000 - 380,000",AED,https://www.drivearabia.com/carprices/uae/audi/audi-q8/2022/,2026-06-12T11:43:55Z,AUDI,Q8,Q8,0.1406453071915865,4.0,206695.0
audi-q8,2023.0,3.0TC V6 55 TFSI 4WD,378000.0,380000.0,379000.0,"AED 378,000 - 380,000",AED,https://www.drivearabia.com/carprices/uae/audi/audi-q8/2023/,2026-06-12T11:43:57Z,AUDI,Q8,Q8,0.1406453071915865,3.0,240523.0
audi-q8,2024.0,3.0TC V6 55 TFSI 4WD,378000.0,380000.0,379000.0,"AED 378,000 - 380,000",AED,https://www.drivearabia.com/carprices/uae/audi/audi-q8/2024/,2026-06-12T11:43:59Z,AUDI,Q8,Q8,0.1406453071915865,2.0,279888.0
audi-q8,2025.0,3.0TC V6 55 TFSI 4WD,378000.0,380000.0,379000.0,"AED 378,000 - 380,000",AED,https://www.drivearabia.com/carprices/uae/audi/audi-q8/2025/,2026-06-12T11:44:01Z,AUDI,Q8,Q8,0.1406453071915865,1.0,325695.0
audi-q8,2026.0,3.0TC V6 55 TFSI 4WD,378000.0,380000.0,379000.0,"AED 378,000 - 380,000",AED,https://www.drivearabia.com/carprices/uae/audi/audi-q8/2026/,2026-06-12T11:44:03Z,AUDI,Q8,Q8,0.1406453071915865,0.0,379000.0
audi-q8-e-tron,2024.0,114 kWh E-Tron,397900.0,430000.0,413950.0,"AED 397,900 - 430,000",AED,https://www.drivearabia.com/carprices/uae/audi/audi-q8-e-tron/2024/,2026-06-12T11:44:45Z,AUDI,Q8 E-TRON,Q8 E-TRON,0.1452525454703469,2.0,302429.0
audi-q8-e-tron,2025.0,114 kWh E-Tron,397900.0,430000.0,413950.0,"AED 397,900 - 430,000",AED,https://www.drivearabia.com/carprices/uae/audi/audi-q8-e-tron/2025/,2026-06-12T11:44:48Z,AUDI,Q8 E-TRON,Q8 E-TRON,0.1452525454703469,1.0,353823.0
audi-q8-e-tron,2026.0,114 kWh E-Tron,397900.0,430000.0,413950.0,"AED 397,900 - 430,000",AED,https://www.drivearabia.com/carprices/uae/audi/audi-q8-e-tron/2026/,2026-06-12T11:44:50Z,AUDI,Q8 E-TRON,Q8 E-TRON,0.1452525454703469,0.0,413950.0
audi-q8-e-tron-sportback,2024.0,114kWh S-Line 55 Quattro,459900.0,525000.0,492450.0,"AED 459,900 - 525,000",AED,https://www.drivearabia.com/carprices/uae/audi/audi-q8-e-tron-sportback/2024/,2026-06-12T11:45:35Z,AUDI,Q8 E-TRON SPORTBACK,Q8 E-TRON SPORTBACK,0.099489,2.0,399338.0
audi-q8-e-tron-sportback,2025.0,114kWh S-Line 55 4WD,459900.0,525000.0,492450.0,"AED 459,900 - 525,000",AED,https://www.drivearabia.com/carprices/uae/audi/audi-q8-e-tron-sportback/2025/,2026-06-12T11:45:37Z,AUDI,Q8 E-TRON SPORTBACK,Q8 E-TRON SPORTBACK,0.099489,1.0,443457.0
audi-q8-e-tron-sportback,2026.0,114kWh S-Line 55 4WD,459900.0,525000.0,492450.0,"AED 459,900 - 525,000",AED,https://www.drivearabia.com/carprices/uae/audi/audi-q8-e-tron-sportback/2026/,2026-06-12T11:45:40Z,AUDI,Q8 E-TRON SPORTBACK,Q8 E-TRON SPORTBACK,0.099489,0.0,492450.0
audi-r8,2008.0,4.2 V8 Coupe,469000.0,500000.0,484500.0,"AED 469,000 - 500,000",AED,https://www.drivearabia.com/carprices/uae/audi/audi-r8/2008/,2026-06-12T11:46:00Z,AUDI,R8,R8,0.1446463471506567,18.0,29102.0
audi-r8,2008.0,5.2 V10 Coupe AWD,537500.0,555000.0,546250.0,"AED 537,500 - 555,000",AED,https://www.drivearabia.com/carprices/uae/audi/audi-r8/2008/,2026-06-12T11:46:00Z,AUDI,R8,R8,0.1446463471506567,18.0,32811.0
audi-r8,2008.0,5.2 V10 Spyder AWD,592500.0,620000.0,606250.0,"AED 592,500 - 620,000",AED,https://www.drivearabia.com/carprices/uae/audi/audi-r8/2008/,2026-06-12T11:46:00Z,AUDI,R8,R8,0.1446463471506567,18.0,36415.0
audi-r8,2009.0,4.2 V8 Coupe,469000.0,500000.0,484500.0,"AED 469,000 - 500,000",AED,https://www.drivearabia.com/carprices/uae/audi/audi-r8/2009/,2026-06-12T11:46:03Z,AUDI,R8,R8,0.1446463471506567,17.0,34023.0
audi-r8,2009.0,5.2 V10 Coupe AWD,537500.0,555000.0,546250.0,"AED 537,500 - 555,000",AED,https://www.drivearabia.com/carprices/uae/audi/audi-r8/2009/,2026-06-12T11:46:03Z,AUDI,R8,R8,0.1446463471506567,17.0,38359.0
audi-r8,2009.0,5.2 V10 Spyder AWD,592500.0,620000.0,606250.0,"AED 592,500 - 620,000",AED,https://www.drivearabia.com/carprices/uae/audi/audi-r8/2009/,2026-06-12T11:46:03Z,AUDI,R8,R8,0.1446463471506567,17.0,42572.0
audi-r8,2010.0,4.2 V8 Coupe,469000.0,500000.0,484500.0,"AED 469,000 - 500,000",AED,https://www.drivearabia.com/carprices/uae/audi/audi-r8/2010/,2026-06-12T11:46:05Z,AUDI,R8,R8,0.1446463471506567,16.0,39776.0
audi-r8,2010.0,5.2 V10 Coupe AWD,537500.0,555000.0,546250.0,"AED 537,500 - 555,000",AED,https://www.drivearabia.com/carprices/uae/audi/audi-r8/2010/,2026-06-12T11:46:05Z,AUDI,R8,R8,0.1446463471506567,16.0,44846.0
audi-r8,2010.0,5.2 V10 Spyder AWD,592500.0,620000.0,606250.0,"AED 592,500 - 620,000",AED,https://www.drivearabia.com/carprices/uae/audi/audi-r8/2010/,2026-06-12T11:46:05Z,AUDI,R8,R8,0.1446463471506567,16.0,49772.0
audi-r8,2011.0,4.2 V8 Coupe,469000.0,500000.0,484500.0,"AED 469,000 - 500,000",AED,https://www.drivearabia.com/carprices/uae/audi/audi-r8/2011/,2026-06-12T11:46:07Z,AUDI,R8,R8,0.1446463471506567,15.0,46503.0
audi-r8,2011.0,5.2 V10 Coupe AWD,537500.0,555000.0,546250.0,"AED 537,500 - 555,000",AED,https://www.drivearabia.com/carprices/uae/audi/audi-r8/2011/,2026-06-12T11:46:07Z,AUDI,R8,R8,0.1446463471506567,15.0,52430.0
audi-r8,2011.0,5.2 V10 Spyder AWD,592500.0,620000.0,606250.0,"AED 592,500 - 620,000",AED,https://www.drivearabia.com/carprices/uae/audi/audi-r8/2011/,2026-06-12T11:46:07Z,AUDI,R8,R8,0.1446463471506567,15.0,58189.0
audi-r8,2012.0,4.2 V8 Coupe,469000.0,500000.0,484500.0,"AED 469,000 - 500,000",AED,https://www.drivearabia.com/carprices/uae/audi/audi-r8/2012/,2026-06-12T11:46:11Z,AUDI,R8,R8,0.1446463471506567,14.0,54367.0
audi-r8,2012.0,5.2 V10 Coupe,537500.0,555000.0,546250.0,"AED 537,500 - 555,000",AED,https://www.drivearabia.com/carprices/uae/audi/audi-r8/2012/,2026-06-12T11:46:11Z,AUDI,R8,R8,0.1446463471506567,14.0,61296.0
audi-r8,2012.0,5.2 V10 Spyder,592500.0,620000.0,606250.0,"AED 592,500 - 620,000",AED,https://www.drivearabia.com/carprices/uae/audi/audi-r8/2012/,2026-06-12T11:46:11Z,AUDI,R8,R8,0.1446463471506567,14.0,68029.0
audi-r8,2013.0,4.2 V8 Coupe,405000.0,500000.0,452500.0,"AED 405,000 - 500,000",AED,https://www.drivearabia.com/carprices/uae/audi/audi-r8/2013/,2026-06-12T11:46:13Z,AUDI,R8,R8,0.1446463471506567,13.0,59363.0
audi-r8,2013.0,5.2 V10 Coupe AWD,537500.0,555000.0,546250.0,"AED 537,500 - 555,000",AED,https://www.drivearabia.com/carprices/uae/audi/audi-r8/2013/,2026-06-12T11:46:13Z,AUDI,R8,R8,0.1446463471506567,13.0,71661.0
audi-r8,2013.0,5.2 V10 Spyder AWD,592500.0,620000.0,606250.0,"AED 592,500 - 620,000",AED,https://www.drivearabia.com/carprices/uae/audi/audi-r8/2013/,2026-06-12T11:46:13Z,AUDI,R8,R8,0.1446463471506567,13.0,79533.0
audi-r8,2014.0,4.2 V8 Coupe,405000.0,500000.0,452500.0,"AED 405,000 - 500,000",AED,https://www.drivearabia.com/carprices/uae/audi/audi-r8/2014/,2026-06-12T11:46:17Z,AUDI,R8,R8,0.1446463471506567,12.0,69401.0
audi-r8,2014.0,5.2 V10 Coupe AWD,537500.0,555000.0,546250.0,"AED 537,500 - 555,000",AED,https://www.drivearabia.com/carprices/uae/audi/audi-r8/2014/,2026-06-12T11:46:17Z,AUDI,R8,R8,0.1446463471506567,12.0,83780.0
audi-r8,2014.0,5.2 V10 Spyder AWD,592500.0,620000.0,606250.0,"AED 592,500 - 620,000",AED,https://www.drivearabia.com/carprices/uae/audi/audi-r8/2014/,2026-06-12T11:46:17Z,AUDI,R8,R8,0.1446463471506567,12.0,92982.0
audi-r8,2015.0,4.2 V8 Coupe,405000.0,500000.0,452500.0,"AED 405,000 - 500,000",AED,https://www.drivearabia.com/carprices/uae/audi/audi-r8/2015/,2026-06-12T11:46:19Z,AUDI,R8,R8,0.1446463471506567,11.0,81137.0
audi-r8,2015.0,5.2 V10 Coupe AWD,537500.0,555000.0,546250.0,"AED 537,500 - 555,000",AED,https://www.drivearabia.com/carprices/uae/audi/audi-r8/2015/,2026-06-12T11:46:19Z,AUDI,R8,R8,0.1446463471506567,11.0,97948.0
audi-r8,2015.0,5.2 V10 Plus AWD,595000.0,620000.0,607500.0,"AED 595,000 - 620,000",AED,https://www.drivearabia.com/carprices/uae/audi/audi-r8/2015/,2026-06-12T11:46:19Z,AUDI,R8,R8,0.1446463471506567,11.0,108930.0
audi-r8,2016.0,5.2 V10 R8 AWD,549000.0,630000.0,589500.0,"AED 549,000 - 630,000",AED,https://www.drivearabia.com/carprices/uae/audi/audi-r8/2016/,2026-06-12T11:46:22Z,AUDI,R8,R8,0.1446463471506567,10.0,123578.0
audi-r8,2016.0,5.2 V10 R8 Plus AWD,629000.0,680000.0,654500.0,"AED 629,000 - 680,000",AED,https://www.drivearabia.com/carprices/uae/audi/audi-r8/2016/,2026-06-12T11:46:22Z,AUDI,R8,R8,0.1446463471506567,10.0,137204.0
audi-r8,2017.0,5.2 V10 R8 AWD,549000.0,630000.0,589500.0,"AED 549,000 - 630,000",AED,https://www.drivearabia.com/carprices/uae/audi/audi-r8/2017/,2026-06-12T11:46:24Z,AUDI,R8,R8,0.1446463471506567,9.0,144476.0
audi-r8,2017.0,5.2 V10 R8 Plus AWD,629000.0,680000.0,654500.0,"AED 629,000 - 680,000",AED,https://www.drivearabia.com/carprices/uae/audi/audi-r8/2017/,2026-06-12T11:46:24Z,AUDI,R8,R8,0.1446463471506567,9.0,160406.0
audi-r8,2018.0,5.2 V10 R8 AWD,549000.0,630000.0,589500.0,"AED 549,000 - 630,000",AED,https://www.drivearabia.com/carprices/uae/audi/audi-r8/2018/,2026-06-12T11:46:27Z,AUDI,R8,R8,0.1446463471506567,8.0,168908.0
audi-r8,2018.0,5.2 V10 R8 Plus AWD,629000.0,680000.0,654500.0,"AED 629,000 - 680,000",AED,https://www.drivearabia.com/carprices/uae/audi/audi-r8/2018/,2026-06-12T11:46:27Z,AUDI,R8,R8,0.1446463471506567,8.0,187532.0
audi-r8,2019.0,5.2 V10 R8 AWD,582225.0,630000.0,606112.0,"AED 582,225 - 630,000",AED,https://www.drivearabia.com/carprices/uae/audi/audi-r8/2019/,2026-06-12T11:46:29Z,AUDI,R8,R8,0.1446463471506567,7.0,203036.0
audi-r8,2019.0,5.2 V10 R8 Plus AWD,650000.0,680000.0,665000.0,"AED 650,000 - 680,000",AED,https://www.drivearabia.com/carprices/uae/audi/audi-r8/2019/,2026-06-12T11:46:29Z,AUDI,R8,R8,0.1446463471506567,7.0,222762.0
audi-r8,2020.0,5.2 V10 R8 RWD,567000.0,568000.0,567500.0,"AED 567,000 - 568,000",AED,https://www.drivearabia.com/carprices/uae/audi/audi-r8/2020/,2026-06-12T11:46:32Z,AUDI,R8,R8,0.1446463471506567,6.0,222249.0
audi-r8,2020.0,5.2 V10 R8 AWD,582225.0,630000.0,606112.0,"AED 582,225 - 630,000",AED,https://www.drivearabia.com/carprices/uae/audi/audi-r8/2020/,2026-06-12T11:46:32Z,AUDI,R8,R8,0.1446463471506567,6.0,237371.0
audi-r8,2020.0,5.2 V10 R8 Plus AWD,650000.0,680000.0,665000.0,"AED 650,000 - 680,000",AED,https://www.drivearabia.com/carprices/uae/audi/audi-r8/2020/,2026-06-12T11:46:32Z,AUDI,R8,R8,0.1446463471506567,6.0,260433.0
audi-r8,2021.0,5.2 V10 R8 RWD,567000.0,568000.0,567500.0,"AED 567,000 - 568,000",AED,https://www.drivearabia.com/carprices/uae/audi/audi-r8/2021/,2026-06-12T11:46:35Z,AUDI,R8,R8,0.1446463471506567,5.0,259833.0
audi-r8,2021.0,5.2 V10 R8 AWD,582225.0,630000.0,606112.0,"AED 582,225 - 630,000",AED,https://www.drivearabia.com/carprices/uae/audi/audi-r8/2021/,2026-06-12T11:46:35Z,AUDI,R8,R8,0.1446463471506567,5.0,277512.0
audi-r8,2021.0,5.2 V10 R8 Plus AWD,650000.0,680000.0,665000.0,"AED 650,000 - 680,000",AED,https://www.drivearabia.com/carprices/uae/audi/audi-r8/2021/,2026-06-12T11:46:35Z,AUDI,R8,R8,0.1446463471506567,5.0,304474.0
audi-r8,2022.0,5.2 V10 R8 RWD,567000.0,568000.0,567500.0,"AED 567,000 - 568,000",AED,https://www.drivearabia.com/carprices/uae/audi/audi-r8/2022/,2026-06-12T11:46:37Z,AUDI,R8,R8,0.1446463471506567,4.0,303773.0
audi-r8,2022.0,5.2 V10 R8 AWD,582225.0,630000.0,606112.0,"AED 582,225 - 630,000",AED,https://www.drivearabia.com/carprices/uae/audi/audi-r8/2022/,2026-06-12T11:46:37Z,AUDI,R8,R8,0.1446463471506567,4.0,324441.0
audi-r8,2022.0,5.2 V10 R8 Plus AWD,650000.0,680000.0,665000.0,"AED 650,000 - 680,000",AED,https://www.drivearabia.com/carprices/uae/audi/audi-r8/2022/,2026-06-12T11:46:37Z,AUDI,R8,R8,0.1446463471506567,4.0,355963.0
audi-r8,2023.0,5.2 V10 R8 RWD,567000.0,568000.0,567500.0,"AED 567,000 - 568,000",AED,https://www.drivearabia.com/carprices/uae/audi/audi-r8/2023/,2026-06-12T11:46:40Z,AUDI,R8,R8,0.1446463471506567,3.0,355143.0
audi-r8,2023.0,5.2 V10 R8 AWD,582225.0,630000.0,606112.0,"AED 582,225 - 630,000",AED,https://www.drivearabia.com/carprices/uae/audi/audi-r8/2023/,2026-06-12T11:46:40Z,AUDI,R8,R8,0.1446463471506567,3.0,379306.0
audi-r8,2023.0,5.2 V10 R8 Plus AWD,650000.0,680000.0,665000.0,"AED 650,000 - 680,000",AED,https://www.drivearabia.com/carprices/uae/audi/audi-r8/2023/,2026-06-12T11:46:40Z,AUDI,R8,R8,0.1446463471506567,3.0,416159.0
audi-r8,2024.0,5.2 V10 R8 RWD,567000.0,568000.0,567500.0,"AED 567,000 - 568,000",AED,https://www.drivearabia.com/carprices/uae/audi/audi-r8/2024/,2026-06-12T11:46:42Z,AUDI,R8,R8,0.1446463471506567,2.0,415200.0
audi-r8,2024.0,5.2 V10 R8 Plus 4WD,650000.0,680000.0,665000.0,"AED 650,000 - 680,000",AED,https://www.drivearabia.com/carprices/uae/audi/audi-r8/2024/,2026-06-12T11:46:42Z,AUDI,R8,R8,0.1446463471506567,2.0,486534.0
audi-r8-spyder,2011.0,4.2 V8 R8 Spyder AWD,455000.0,500000.0,477500.0,"AED 455,000 - 500,000",AED,https://www.drivearabia.com/carprices/uae/audi/audi-r8-spyder/2011/,2026-06-12T11:47:10Z,AUDI,R8 SPYDER,R8 SPYDER,0.144646,15.0,45831.0
audi-r8-spyder,2011.0,5.2 V10 R8 Spyder AWD,592500.0,620000.0,606250.0,"AED 592,500 - 620,000",AED,https://www.drivearabia.com/carprices/uae/audi/audi-r8-spyder/2011/,2026-06-12T11:47:10Z,AUDI,R8 SPYDER,R8 SPYDER,0.144646,15.0,58189.0
audi-r8-spyder,2012.0,4.2 V8 R8 Spyder AWD,455000.0,500000.0,477500.0,"AED 455,000 - 500,000",AED,https://www.drivearabia.com/carprices/uae/audi/audi-r8-spyder/2012/,2026-06-12T11:47:12Z,AUDI,R8 SPYDER,R8 SPYDER,0.144646,14.0,53582.0
audi-r8-spyder,2012.0,5.2 V10 R8 Spyder AWD,592500.0,620000.0,606250.0,"AED 592,500 - 620,000",AED,https://www.drivearabia.com/carprices/uae/audi/audi-r8-spyder/2012/,2026-06-12T11:47:12Z,AUDI,R8 SPYDER,R8 SPYDER,0.144646,14.0,68029.0
audi-r8-spyder,2013.0,4.2 V8 R8 Spyder AWD,455000.0,500000.0,477500.0,"AED 455,000 - 500,000",AED,https://www.drivearabia.com/carprices/uae/audi/audi-r8-spyder/2013/,2026-06-12T11:47:14Z,AUDI,R8 SPYDER,R8 SPYDER,0.144646,13.0,62643.0
audi-r8-spyder,2013.0,5.2 V10 R8 Spyder AWD,592500.0,620000.0,606250.0,"AED 592,500 - 620,000",AED,https://www.drivearabia.com/carprices/uae/audi/audi-r8-spyder/2013/,2026-06-12T11:47:14Z,AUDI,R8 SPYDER,R8 SPYDER,0.144646,13.0,79533.0
audi-r8-spyder,2014.0,4.2 V8 R8 Spyder AWD,455000.0,500000.0,477500.0,"AED 455,000 - 500,000",AED,https://www.drivearabia.com/carprices/uae/audi/audi-r8-spyder/2014/,2026-06-12T11:47:16Z,AUDI,R8 SPYDER,R8 SPYDER,0.144646,12.0,73236.0
audi-r8-spyder,2014.0,5.2 V10 R8 Spyder AWD,592500.0,620000.0,606250.0,"AED 592,500 - 620,000",AED,https://www.drivearabia.com/carprices/uae/audi/audi-r8-spyder/2014/,2026-06-12T11:47:16Z,AUDI,R8 SPYDER,R8 SPYDER,0.144646,12.0,92983.0
audi-r8-spyder,2015.0,4.2 V8 R8 Spyder AWD,455000.0,500000.0,477500.0,"AED 455,000 - 500,000",AED,https://www.drivearabia.com/carprices/uae/audi/audi-r8-spyder/2015/,2026-06-12T11:47:19Z,AUDI,R8 SPYDER,R8 SPYDER,0.144646,11.0,85621.0
audi-r8-spyder,2015.0,5.2 V10 R8 Spyder AWD,592500.0,620000.0,606250.0,"AED 592,500 - 620,000",AED,https://www.drivearabia.com/carprices/uae/audi/audi-r8-spyder/2015/,2026-06-12T11:47:19Z,AUDI,R8 SPYDER,R8 SPYDER,0.144646,11.0,108707.0
audi-r8-spyder,2016.0,4.2 V8 R8 Spyder AWD,455000.0,500000.0,477500.0,"AED 455,000 - 500,000",AED,https://www.drivearabia.com/carprices/uae/audi/audi-r8-spyder/2016/,2026-06-12T11:47:21Z,AUDI,R8 SPYDER,R8 SPYDER,0.144646,10.0,100100.0
audi-r8-spyder,2016.0,5.2 V10 R8 Spyder AWD,592500.0,620000.0,606250.0,"AED 592,500 - 620,000",AED,https://www.drivearabia.com/carprices/uae/audi/audi-r8-spyder/2016/,2026-06-12T11:47:21Z,AUDI,R8 SPYDER,R8 SPYDER,0.144646,10.0,127090.0
audi-rs-3,2016.0,2.5TC I5 RS 3 Sportback,211000.0,225000.0,218000.0,"AED 211,000 - 225,000",AED,https://www.drivearabia.com/carprices/uae/audi/audi-rs-3/2016/,2026-06-12T11:48:08Z,AUDI,RS3,RS3,0.114301,10.0,64762.0
audi-rs-3,2017.0,2.5TC I5 RS 3 Sportback,211000.0,225000.0,218000.0,"AED 211,000 - 225,000",AED,https://www.drivearabia.com/carprices/uae/audi/audi-rs-3/2017/,2026-06-12T11:48:10Z,AUDI,RS3,RS3,0.114301,9.0,73119.0
audi-rs-3,2018.0,2.5TC I5 RS 3 Sportback,235000.0,240000.0,237500.0,"AED 235,000 - 240,000",AED,https://www.drivearabia.com/carprices/uae/audi/audi-rs-3/2018/,2026-06-12T11:48:12Z,AUDI,RS3,RS3,0.114301,8.0,89940.0
audi-rs-3,2019.0,2.5TC I5 RS 3 Sportback,235000.0,240000.0,237500.0,"AED 235,000 - 240,000",AED,https://www.drivearabia.com/carprices/uae/audi/audi-rs-3/2019/,2026-06-12T11:48:15Z,AUDI,RS3,RS3,0.114301,7.0,101547.0
audi-rs-3,2022.0,2.5TC I5 RS 3 Sportback,285600.0,286000.0,285800.0,"AED 285,600 - 286,000",AED,https://www.drivearabia.com/carprices/uae/audi/audi-rs-3/2022/,2026-06-12T11:48:20Z,AUDI,RS3,RS3,0.114301,4.0,175876.0
audi-rs-3,2023.0,2.5TC I5 RS 3 Sportback,285600.0,286000.0,285800.0,"AED 285,600 - 286,000",AED,https://www.drivearabia.com/carprices/uae/audi/audi-rs-3/2023/,2026-06-12T11:48:22Z,AUDI,RS3,RS3,0.114301,3.0,198573.0
audi-rs-3,2024.0,2.5TC I5 Sportback 4WD,325000.0,350000.0,337500.0,"AED 325,000 - 350,000",AED,https://www.drivearabia.com/carprices/uae/audi/audi-rs-3/2024/,2026-06-12T11:48:25Z,AUDI,RS3,RS3,0.114301,2.0,264756.0
audi-rs-3,2025.0,2.5TC I5 Sportback 4WD,325000.0,350000.0,337500.0,"AED 325,000 - 350,000",AED,https://www.drivearabia.com/carprices/uae/audi/audi-rs-3/2025/,2026-06-12T11:48:27Z,AUDI,RS3,RS3,0.114301,1.0,298923.0
audi-rs-3,2026.0,2.5TC I5 Sportback 4WD,325000.0,350000.0,337500.0,"AED 325,000 - 350,000",AED,https://www.drivearabia.com/carprices/uae/audi/audi-rs-3/2026/,2026-06-12T11:48:29Z,AUDI,RS3,RS3,0.114301,0.0,337500.0
audi-rs-3-sedan,2018.0,2.5TC I5 RS 3 Sedan,227000.0,242000.0,234500.0,"AED 227,000 - 242,000",AED,https://www.drivearabia.com/carprices/uae/audi/audi-rs-3-sedan/2018/,2026-06-12T11:49:06Z,AUDI,RS3 SEDAN,RS3 SEDAN,0.114301,8.0,88804.0
audi-rs-3-sedan,2019.0,2.5TC I5 RS 3 Sedan,227000.0,242000.0,234500.0,"AED 227,000 - 242,000",AED,https://www.drivearabia.com/carprices/uae/audi/audi-rs-3-sedan/2019/,2026-06-12T11:49:09Z,AUDI,RS3 SEDAN,RS3 SEDAN,0.114301,7.0,100264.0
audi-rs-3-sedan,2022.0,2.5TC I5 RS 3 Sedan,285600.0,286000.0,285800.0,"AED 285,600 - 286,000",AED,https://www.drivearabia.com/carprices/uae/audi/audi-rs-3-sedan/2022/,2026-06-12T11:49:15Z,AUDI,RS3 SEDAN,RS3 SEDAN,0.114301,4.0,175876.0
audi-rs-3-sedan,2023.0,2.5TC I5 RS 3 Sedan,285600.0,286000.0,285800.0,"AED 285,600 - 286,000",AED,https://www.drivearabia.com/carprices/uae/audi/audi-rs-3-sedan/2023/,2026-06-12T11:49:17Z,AUDI,RS3 SEDAN,RS3 SEDAN,0.114301,3.0,198573.0
audi-rs-3-sedan,2024.0,2.5TC I5 Sedan 4WD,285600.0,286000.0,285800.0,"AED 285,600 - 286,000",AED,https://www.drivearabia.com/carprices/uae/audi/audi-rs-3-sedan/2024/,2026-06-12T11:49:20Z,AUDI,RS3 SEDAN,RS3 SEDAN,0.114301,2.0,224199.0
audi-rs-3-sedan,2025.0,2.5TC I5 RS3 4WD,325000.0,326000.0,325500.0,"AED 325,000 - 326,000",AED,https://www.drivearabia.com/carprices/uae/audi/audi-rs-3-sedan/2025/,2026-06-12T11:49:22Z,AUDI,RS3 SEDAN,RS3 SEDAN,0.114301,1.0,288295.0
audi-rs-3-sedan,2025.0,2.5TC I5 Carbon Package 4WD,349000.0,351000.0,350000.0,"AED 349,000 - 351,000",AED,https://www.drivearabia.com/carprices/uae/audi/audi-rs-3-sedan/2025/,2026-06-12T11:49:22Z,AUDI,RS3 SEDAN,RS3 SEDAN,0.114301,1.0,309995.0
audi-rs-3-sedan,2026.0,2.5TC I5 RS3 4WD,325000.0,326000.0,325500.0,"AED 325,000 - 326,000",AED,https://www.drivearabia.com/carprices/uae/audi/audi-rs-3-sedan/2026/,2026-06-12T11:49:24Z,AUDI,RS3 SEDAN,RS3 SEDAN,0.114301,0.0,325500.0
audi-rs-3-sedan,2026.0,2.5TC I5 Carbon Package 4WD,349000.0,351000.0,350000.0,"AED 349,000 - 351,000",AED,https://www.drivearabia.com/carprices/uae/audi/audi-rs-3-sedan/2026/,2026-06-12T11:49:24Z,AUDI,RS3 SEDAN,RS3 SEDAN,0.114301,0.0,350000.0
audi-rs-4,2006.0,4.2 V8 RS 4 Quattro,280000.0,320000.0,300000.0,"AED 280,000 - 320,000",AED,https://www.drivearabia.com/carprices/uae/audi/audi-rs-4/2006/,2026-06-12T11:49:43Z,AUDI,RS4,RS4,0.173337,20.0,6663.0
audi-rs-4,2007.0,4.2 V8 RS 4 Quattro,280000.0,320000.0,300000.0,"AED 280,000 - 320,000",AED,https://www.drivearabia.com/carprices/uae/audi/audi-rs-4/2007/,2026-06-12T11:49:46Z,AUDI,RS4,RS4,0.173337,19.0,8061.0
audi-rs-4,2008.0,4.2 V8 RS 4 Quattro,280000.0,320000.0,300000.0,"AED 280,000 - 320,000",AED,https://www.drivearabia.com/carprices/uae/audi/audi-rs-4/2008/,2026-06-12T11:49:48Z,AUDI,RS4,RS4,0.173337,18.0,9751.0
audi-rs-4,2013.0,4.2 V8 RS 4 Quattro,290000.0,320000.0,305000.0,"AED 290,000 - 320,000",AED,https://www.drivearabia.com/carprices/uae/audi/audi-rs-4/2013/,2026-06-12T11:49:57Z,AUDI,RS4,RS4,0.173337,13.0,25679.0
audi-rs-4,2014.0,4.2 V8 RS 4 Quattro,290000.0,320000.0,305000.0,"AED 290,000 - 320,000",AED,https://www.drivearabia.com/carprices/uae/audi/audi-rs-4/2014/,2026-06-12T11:49:59Z,AUDI,RS4,RS4,0.173337,12.0,31063.0
audi-rs-4,2015.0,4.2 V8 RS 4 Quattro,290000.0,320000.0,305000.0,"AED 290,000 - 320,000",AED,https://www.drivearabia.com/carprices/uae/audi/audi-rs-4/2015/,2026-06-12T11:50:02Z,AUDI,RS4,RS4,0.173337,11.0,37576.0
audi-rs-4,2016.0,4.2 V8 RS 4 Quattro,290000.0,320000.0,305000.0,"AED 290,000 - 320,000",AED,https://www.drivearabia.com/carprices/uae/audi/audi-rs-4/2016/,2026-06-12T11:50:04Z,AUDI,RS4,RS4,0.173337,10.0,45455.0
audi-rs-5,2013.0,4.2 V8 RS 5 Quattro,351000.0,400000.0,375500.0,"AED 351,000 - 400,000",AED,https://www.drivearabia.com/carprices/uae/audi/audi-rs-5/2013/,2026-06-12T11:51:01Z,AUDI,RS5,RS5,0.134063,13.0,57801.0
audi-rs-5,2014.0,4.2 V8 RS 5 Quattro,351000.0,400000.0,375500.0,"AED 351,000 - 400,000",AED,https://www.drivearabia.com/carprices/uae/audi/audi-rs-5/2014/,2026-06-12T11:51:04Z,AUDI,RS5,RS5,0.134063,12.0,66749.0
audi-rs-5,2015.0,4.2 V8 RS 5 Quattro,351000.0,400000.0,375500.0,"AED 351,000 - 400,000",AED,https://www.drivearabia.com/carprices/uae/audi/audi-rs-5/2015/,2026-06-12T11:51:07Z,AUDI,RS5,RS5,0.134063,11.0,77083.0
audi-rs-5,2016.0,4.2 V8 RS 5 Quattro,351000.0,400000.0,375500.0,"AED 351,000 - 400,000",AED,https://www.drivearabia.com/carprices/uae/audi/audi-rs-5/2016/,2026-06-12T11:51:09Z,AUDI,RS5,RS5,0.134063,10.0,89017.0
audi-rs-5,2018.0,2.9TC V6 RS 5 Quattro,377000.0,420000.0,398500.0,"AED 377,000 - 420,000",AED,https://www.drivearabia.com/carprices/uae/audi/audi-rs-5/2018/,2026-06-12T11:51:14Z,AUDI,RS5,RS5,0.134063,8.0,125985.0
audi-rs-5,2019.0,2.9TC V6 RS 5 Quattro,377000.0,420000.0,398500.0,"AED 377,000 - 420,000",AED,https://www.drivearabia.com/carprices/uae/audi/audi-rs-5/2019/,2026-06-12T11:51:17Z,AUDI,RS5,RS5,0.134063,7.0,145490.0
audi-rs-5,2020.0,2.9TC V6 RS 5 Quattro,377000.0,420000.0,398500.0,"AED 377,000 - 420,000",AED,https://www.drivearabia.com/carprices/uae/audi/audi-rs-5/2020/,2026-06-12T11:51:20Z,AUDI,RS5,RS5,0.134063,6.0,168014.0
audi-rs-5,2021.0,2.9TC V6 RS 5 Quattro,377000.0,420000.0,398500.0,"AED 377,000 - 420,000",AED,https://www.drivearabia.com/carprices/uae/audi/audi-rs-5/2021/,2026-06-12T11:51:22Z,AUDI,RS5,RS5,0.134063,5.0,194026.0
audi-rs-5,2022.0,2.9TC V6 RS 5 Quattro,377000.0,420000.0,398500.0,"AED 377,000 - 420,000",AED,https://www.drivearabia.com/carprices/uae/audi/audi-rs-5/2022/,2026-06-12T11:51:25Z,AUDI,RS5,RS5,0.134063,4.0,224065.0
audi-rs-5,2023.0,2.9TC V6 RS 5 Quattro,377000.0,420000.0,398500.0,"AED 377,000 - 420,000",AED,https://www.drivearabia.com/carprices/uae/audi/audi-rs-5/2023/,2026-06-12T11:51:27Z,AUDI,RS5,RS5,0.134063,3.0,258754.0
audi-rs-5,2024.0,2.9TC V6 RS 5 Quattro 4WD,377000.0,420000.0,398500.0,"AED 377,000 - 420,000",AED,https://www.drivearabia.com/carprices/uae/audi/audi-rs-5/2024/,2026-06-12T11:51:31Z,AUDI,RS5,RS5,0.134063,2.0,298814.0
audi-rs-5-sportback,2020.0,2.9TC V6 RS 5 Sportback Quattro,377000.0,420000.0,398500.0,"AED 377,000 - 420,000",AED,https://www.drivearabia.com/carprices/uae/audi/audi-rs-5-sportback/2020/,2026-06-12T11:52:16Z,AUDI,RS5 SPORTBACK,RS5 SPORTBACK,0.134063,6.0,168014.0
audi-rs-5-sportback,2021.0,2.9TC V6 RS 5 Sportback Quattro,377000.0,420000.0,398500.0,"AED 377,000 - 420,000",AED,https://www.drivearabia.com/carprices/uae/audi/audi-rs-5-sportback/2021/,2026-06-12T11:52:18Z,AUDI,RS5 SPORTBACK,RS5 SPORTBACK,0.134063,5.0,194026.0
audi-rs-5-sportback,2022.0,2.9TC V6 RS 5 Sportback Quattro,377000.0,420000.0,398500.0,"AED 377,000 - 420,000",AED,https://www.drivearabia.com/carprices/uae/audi/audi-rs-5-sportback/2022/,2026-06-12T11:52:20Z,AUDI,RS5 SPORTBACK,RS5 SPORTBACK,0.134063,4.0,224065.0
audi-rs-5-sportback,2023.0,2.9TC V6 RS 5 Sportback Quattro,377000.0,420000.0,398500.0,"AED 377,000 - 420,000",AED,https://www.drivearabia.com/carprices/uae/audi/audi-rs-5-sportback/2023/,2026-06-12T11:52:23Z,AUDI,RS5 SPORTBACK,RS5 SPORTBACK,0.134063,3.0,258754.0
audi-rs-5-sportback,2024.0,2.9TC V6 RS 5 Sportback Quattro,479900.0,500000.0,489950.0,"AED 479,900 - 500,000",AED,https://www.drivearabia.com/carprices/uae/audi/audi-rs-5-sportback/2024/,2026-06-12T11:52:25Z,AUDI,RS5 SPORTBACK,RS5 SPORTBACK,0.134063,2.0,367387.0
audi-rs-6,2014.0,4.0TC V8 RS 6 Quattro,538000.0,540000.0,539000.0,"AED 538,000 - 540,000",AED,https://www.drivearabia.com/carprices/uae/audi/audi-rs-6/2014/,2026-06-12T11:52:59Z,AUDI,RS6,RS6,0.162748,12.0,63953.0
audi-rs-6,2015.0,4.0TC V8 RS 6 Quattro,538000.0,540000.0,539000.0,"AED 538,000 - 540,000",AED,https://www.drivearabia.com/carprices/uae/audi/audi-rs-6/2015/,2026-06-12T11:53:01Z,AUDI,RS6,RS6,0.162748,11.0,76385.0
audi-rs-6,2016.0,4.0TC V8 RS 6 Quattro,538000.0,540000.0,539000.0,"AED 538,000 - 540,000",AED,https://www.drivearabia.com/carprices/uae/audi/audi-rs-6/2016/,2026-06-12T11:53:03Z,AUDI,RS6,RS6,0.162748,10.0,91233.0
audi-rs-6,2017.0,4.0TC V8 RS 6 Quattro,538000.0,540000.0,539000.0,"AED 538,000 - 540,000",AED,https://www.drivearabia.com/carprices/uae/audi/audi-rs-6/2017/,2026-06-12T11:53:06Z,AUDI,RS6,RS6,0.162748,9.0,108967.0
audi-rs-6,2018.0,4.0TC V8 RS 6 Quattro,538000.0,540000.0,539000.0,"AED 538,000 - 540,000",AED,https://www.drivearabia.com/carprices/uae/audi/audi-rs-6/2018/,2026-06-12T11:53:08Z,AUDI,RS6,RS6,0.162748,8.0,130148.0
audi-rs-6,2020.0,4.0TC V8 RS 6 Quattro,538000.0,540000.0,539000.0,"AED 538,000 - 540,000",AED,https://www.drivearabia.com/carprices/uae/audi/audi-rs-6/2020/,2026-06-12T11:53:12Z,AUDI,RS6,RS6,0.162748,6.0,185663.0
audi-rs-6,2021.0,4.0TC V8 RS 6 Quattro,589000.0,610000.0,599500.0,"AED 589,000 - 610,000",AED,https://www.drivearabia.com/carprices/uae/audi/audi-rs-6/2021/,2026-06-12T11:53:14Z,AUDI,RS6,RS6,0.162748,5.0,246644.0
audi-rs-6,2022.0,4.0TC V8 RS 6 Quattro,589000.0,610000.0,599500.0,"AED 589,000 - 610,000",AED,https://www.drivearabia.com/carprices/uae/audi/audi-rs-6/2022/,2026-06-12T11:53:17Z,AUDI,RS6,RS6,0.162748,4.0,294587.0
audi-rs-6,2023.0,4.0TC V8 RS 6 Quattro,589000.0,610000.0,599500.0,"AED 589,000 - 610,000",AED,https://www.drivearabia.com/carprices/uae/audi/audi-rs-6/2023/,2026-06-12T11:53:19Z,AUDI,RS6,RS6,0.162748,3.0,351850.0
audi-rs-6,2024.0,4.0TC V8 RS 6 Quattro 4WD,589000.0,610000.0,599500.0,"AED 589,000 - 610,000",AED,https://www.drivearabia.com/carprices/uae/audi/audi-rs-6/2024/,2026-06-12T11:53:22Z,AUDI,RS6,RS6,0.162748,2.0,420244.0
audi-rs-7,2014.0,4.0TC V8 RS 7 Quattro,475000.0,510000.0,492500.0,"AED 475,000 - 510,000",AED,https://www.drivearabia.com/carprices/uae/audi/audi-rs-7/2014/,2026-06-12T11:53:55Z,AUDI,RS7,RS7,0.159865,12.0,60897.0
audi-rs-7,2015.0,4.0TC V8 RS 7 Quattro,475000.0,510000.0,492500.0,"AED 475,000 - 510,000",AED,https://www.drivearabia.com/carprices/uae/audi/audi-rs-7/2015/,2026-06-12T11:53:57Z,AUDI,RS7,RS7,0.159865,11.0,72485.0
audi-rs-7,2016.0,4.0TC V8 RS 7 Quattro,475000.0,510000.0,492500.0,"AED 475,000 - 510,000",AED,https://www.drivearabia.com/carprices/uae/audi/audi-rs-7/2016/,2026-06-12T11:53:59Z,AUDI,RS7,RS7,0.159865,10.0,86277.0
audi-rs-7,2017.0,4.0TC V8 RS 7 Quattro,475000.0,510000.0,492500.0,"AED 475,000 - 510,000",AED,https://www.drivearabia.com/carprices/uae/audi/audi-rs-7/2017/,2026-06-12T11:54:01Z,AUDI,RS7,RS7,0.159865,9.0,102695.0
audi-rs-7,2018.0,4.0TC V8 RS 7 Quattro,475000.0,510000.0,492500.0,"AED 475,000 - 510,000",AED,https://www.drivearabia.com/carprices/uae/audi/audi-rs-7/2018/,2026-06-12T11:54:03Z,AUDI,RS7,RS7,0.159865,8.0,122236.0
audi-rs-7,2019.0,4.0TC V8 RS 7 Quattro,475000.0,510000.0,492500.0,"AED 475,000 - 510,000",AED,https://www.drivearabia.com/carprices/uae/audi/audi-rs-7/2019/,2026-06-12T11:54:05Z,AUDI,RS7,RS7,0.159865,7.0,145496.0
audi-rs-7,2020.0,4.0TC V8 RS 7 Quattro,500000.0,510000.0,505000.0,"AED 500,000 - 510,000",AED,https://www.drivearabia.com/carprices/uae/audi/audi-rs-7/2020/,2026-06-12T11:54:07Z,AUDI,RS7,RS7,0.159865,6.0,177577.0
audi-rs-7,2021.0,4.0TC V8 RS 7 Quattro,599000.0,610000.0,604500.0,"AED 599,000 - 610,000",AED,https://www.drivearabia.com/carprices/uae/audi/audi-rs-7/2021/,2026-06-12T11:54:09Z,AUDI,RS7,RS7,0.159865,5.0,253012.0
audi-rs-7,2022.0,4.0TC V8 RS 7 Quattro,599000.0,610000.0,604500.0,"AED 599,000 - 610,000",AED,https://www.drivearabia.com/carprices/uae/audi/audi-rs-7/2022/,2026-06-12T11:54:11Z,AUDI,RS7,RS7,0.159865,4.0,301157.0
audi-rs-7,2023.0,4.0TC V8 RS 7 Quattro 4WD,599000.0,610000.0,604500.0,"AED 599,000 - 610,000",AED,https://www.drivearabia.com/carprices/uae/audi/audi-rs-7/2023/,2026-06-12T11:54:13Z,AUDI,RS7,RS7,0.159865,3.0,358462.0
audi-rs-7,2024.0,4.0TC V8 RS 7 Quattro 4WD,599000.0,610000.0,604500.0,"AED 599,000 - 610,000",AED,https://www.drivearabia.com/carprices/uae/audi/audi-rs-7/2024/,2026-06-12T11:54:15Z,AUDI,RS7,RS7,0.159865,2.0,426672.0
audi-rs-e-tron-gt,2022.0,93.4kWh E-Tron GT,552311.0,650000.0,601156.0,"AED 552,311 - 650,000",AED,https://www.drivearabia.com/carprices/uae/audi/audi-rs-e-tron-gt/2022/,2026-06-12T11:54:56Z,AUDI,RS E-TRON GT,RS E-TRON GT,0.209,4.0,235339.0
audi-rs-e-tron-gt,2023.0,93.4kWh E-Tron GT,552311.0,650000.0,601156.0,"AED 552,311 - 650,000",AED,https://www.drivearabia.com/carprices/uae/audi/audi-rs-e-tron-gt/2023/,2026-06-12T11:54:58Z,AUDI,RS E-TRON GT,RS E-TRON GT,0.209,3.0,297520.0
audi-rs-e-tron-gt,2024.0,93.4kWh E-Tron GT,624900.0,650000.0,637450.0,"AED 624,900 - 650,000",AED,https://www.drivearabia.com/carprices/uae/audi/audi-rs-e-tron-gt/2024/,2026-06-12T11:55:00Z,AUDI,RS E-TRON GT,RS E-TRON GT,0.209,2.0,398840.0
audi-rs-e-tron-gt,2025.0,93.4kWh E-Tron GT,624900.0,650000.0,637450.0,"AED 624,900 - 650,000",AED,https://www.drivearabia.com/carprices/uae/audi/audi-rs-e-tron-gt/2025/,2026-06-12T11:55:02Z,AUDI,RS E-TRON GT,RS E-TRON GT,0.209,1.0,504223.0
audi-rs-e-tron-gt,2026.0,E-Tron GT,624900.0,650000.0,637450.0,"AED 624,900 - 650,000",AED,https://www.drivearabia.com/carprices/uae/audi/audi-rs-e-tron-gt/2026/,2026-06-12T11:55:04Z,AUDI,RS E-TRON GT,RS E-TRON GT,0.209,0.0,637450.0
audi-rs-q3,2016.0,2.5TC I5 RS Q3 Base,231500.0,233000.0,232250.0,"AED 231,500 - 233,000",AED,https://www.drivearabia.com/carprices/uae/audi/audi-rs-q3/2016/,2026-06-12T11:55:32Z,AUDI,RSQ3,RSQ3,0.145609,10.0,48142.0
audi-rs-q3,2016.0,2.5TC I5 RS Q3 Full options,258000.0,260000.0,259000.0,"AED 258,000 - 260,000",AED,https://www.drivearabia.com/carprices/uae/audi/audi-rs-q3/2016/,2026-06-12T11:55:32Z,AUDI,RSQ3,RSQ3,0.145609,10.0,53687.0
audi-rs-q3,2017.0,2.5TC I5 RS Q3 Base,231500.0,233000.0,232250.0,"AED 231,500 - 233,000",AED,https://www.drivearabia.com/carprices/uae/audi/audi-rs-q3/2017/,2026-06-12T11:55:34Z,AUDI,RSQ3,RSQ3,0.145609,9.0,56346.0
audi-rs-q3,2017.0,2.5TC I5 RS Q3 Full options,258000.0,260000.0,259000.0,"AED 258,000 - 260,000",AED,https://www.drivearabia.com/carprices/uae/audi/audi-rs-q3/2017/,2026-06-12T11:55:34Z,AUDI,RSQ3,RSQ3,0.145609,9.0,62836.0
audi-rs-q3,2018.0,2.5TC I5 RS Q3 Base,231500.0,233000.0,232250.0,"AED 231,500 - 233,000",AED,https://www.drivearabia.com/carprices/uae/audi/audi-rs-q3/2018/,2026-06-12T11:55:36Z,AUDI,RSQ3,RSQ3,0.145609,8.0,65949.0
audi-rs-q3,2018.0,2.5TC I5 RS Q3 Full options,258000.0,260000.0,259000.0,"AED 258,000 - 260,000",AED,https://www.drivearabia.com/carprices/uae/audi/audi-rs-q3/2018/,2026-06-12T11:55:36Z,AUDI,RSQ3,RSQ3,0.145609,8.0,73545.0
audi-rs-q3,2021.0,2.5TC I5 RS Q3 Base,255000.0,260000.0,257500.0,"AED 255,000 - 260,000",AED,https://www.drivearabia.com/carprices/uae/audi/audi-rs-q3/2021/,2026-06-12T11:55:41Z,AUDI,RSQ3,RSQ3,0.145609,5.0,117236.0
audi-rs-q3,2021.0,2.5TC I5 RS Q3 Full options,281000.0,299250.0,290125.0,"AED 281,000 - 299,250",AED,https://www.drivearabia.com/carprices/uae/audi/audi-rs-q3/2021/,2026-06-12T11:55:41Z,AUDI,RSQ3,RSQ3,0.145609,5.0,132090.0
audi-rs-q3,2022.0,2.5TC I5 RS Q3 Base,255000.0,260000.0,257500.0,"AED 255,000 - 260,000",AED,https://www.drivearabia.com/carprices/uae/audi/audi-rs-q3/2022/,2026-06-12T11:55:43Z,AUDI,RSQ3,RSQ3,0.145609,4.0,137216.0
audi-rs-q3,2022.0,2.5TC I5 RS Q3 Full options,281000.0,299250.0,290125.0,"AED 281,000 - 299,250",AED,https://www.drivearabia.com/carprices/uae/audi/audi-rs-q3/2022/,2026-06-12T11:55:43Z,AUDI,RSQ3,RSQ3,0.145609,4.0,154601.0
audi-rs-q3,2023.0,2.5TC I5 RS Q3 Base,255000.0,260000.0,257500.0,"AED 255,000 - 260,000",AED,https://www.drivearabia.com/carprices/uae/audi/audi-rs-q3/2023/,2026-06-12T11:55:45Z,AUDI,RSQ3,RSQ3,0.145609,3.0,160601.0
audi-rs-q3,2023.0,2.5TC I5 RS Q3 Full options,281000.0,299250.0,290125.0,"AED 281,000 - 299,250",AED,https://www.drivearabia.com/carprices/uae/audi/audi-rs-q3/2023/,2026-06-12T11:55:45Z,AUDI,RSQ3,RSQ3,0.145609,3.0,180949.0
audi-rs-q3,2024.0,2.5TC I5 RS Q3,318000.0,380000.0,349000.0,"AED 318,000 - 380,000",AED,https://www.drivearabia.com/carprices/uae/audi/audi-rs-q3/2024/,2026-06-12T11:55:47Z,AUDI,RSQ3,RSQ3,0.145609,2.0,254764.0
audi-rs-q3,2025.0,2.5TC I5 RS Q3,318000.0,380000.0,349000.0,"AED 318,000 - 380,000",AED,https://www.drivearabia.com/carprices/uae/audi/audi-rs-q3/2025/,2026-06-12T11:55:49Z,AUDI,RSQ3,RSQ3,0.145609,1.0,298182.0
audi-rs-q8,2021.0,4.0TC+E V8 RS Q8,624750.0,735000.0,679875.0,"AED 624,750 - 735,000",AED,https://www.drivearabia.com/carprices/uae/audi/audi-rs-q8/2021/,2026-06-12T11:56:23Z,AUDI,RSQ8,RSQ8,0.086304,5.0,432950.0
audi-rs-q8,2022.0,4.0TC+E V8 RS Q8,635000.0,650000.0,642500.0,"AED 635,000 - 650,000",AED,https://www.drivearabia.com/carprices/uae/audi/audi-rs-q8/2022/,2026-06-12T11:56:25Z,AUDI,RSQ8,RSQ8,0.086304,4.0,447796.0
audi-rs-q8,2023.0,4.0TC+E V8 RS Q8,635000.0,650000.0,642500.0,"AED 635,000 - 650,000",AED,https://www.drivearabia.com/carprices/uae/audi/audi-rs-q8/2023/,2026-06-12T11:56:27Z,AUDI,RSQ8,RSQ8,0.086304,3.0,490093.0
audi-rs-q8,2024.0,4.0TC+E V8 RS Q8,635000.0,650000.0,642500.0,"AED 635,000 - 650,000",AED,https://www.drivearabia.com/carprices/uae/audi/audi-rs-q8/2024/,2026-06-12T11:56:29Z,AUDI,RSQ8,RSQ8,0.086304,2.0,536385.0
audi-rs-q8,2025.0,4.0TC+E V8 RS 4WD,635000.0,650000.0,642500.0,"AED 635,000 - 650,000",AED,https://www.drivearabia.com/carprices/uae/audi/audi-rs-q8/2025/,2026-06-12T11:56:31Z,AUDI,RSQ8,RSQ8,0.086304,1.0,587050.0
audi-rs-q8,2025.0,4.0TC+E V8 RS Performance 4WD,799900.0,800000.0,799950.0,"AED 799,900 - 800,000",AED,https://www.drivearabia.com/carprices/uae/audi/audi-rs-q8/2025/,2026-06-12T11:56:31Z,AUDI,RSQ8,RSQ8,0.086304,1.0,730911.0
audi-rs-q8,2026.0,4.0TC+E V8 RS 4WD,635000.0,650000.0,642500.0,"AED 635,000 - 650,000",AED,https://www.drivearabia.com/carprices/uae/audi/audi-rs-q8/2026/,2026-06-12T11:56:33Z,AUDI,RSQ8,RSQ8,0.086304,0.0,642500.0
audi-rs-q8,2026.0,4.0TC+E V8 RS Performance 4WD,799900.0,800000.0,799950.0,"AED 799,900 - 800,000",AED,https://www.drivearabia.com/carprices/uae/audi/audi-rs-q8/2026/,2026-06-12T11:56:33Z,AUDI,RSQ8,RSQ8,0.086304,0.0,799950.0
audi-s-q5,2016.0,3.0SC V6 S Q5,237400.0,270000.0,253700.0,"AED 237,400 - 270,000",AED,https://www.drivearabia.com/carprices/uae/audi/audi-s-q5/2016/,2026-06-12T11:56:58Z,AUDI,SQ5,SQ5,0.121877,10.0,69163.0
audi-s-q5,2017.0,3.0SC V6 S Q5,237400.0,270000.0,253700.0,"AED 237,400 - 270,000",AED,https://www.drivearabia.com/carprices/uae/audi/audi-s-q5/2017/,2026-06-12T11:57:00Z,AUDI,SQ5,SQ5,0.121877,9.0,78762.0
audi-s-q5,2018.0,3.0TC V6 S Q5,278000.0,280000.0,279000.0,"AED 278,000 - 280,000",AED,https://www.drivearabia.com/carprices/uae/audi/audi-s-q5/2018/,2026-06-12T11:57:02Z,AUDI,SQ5,SQ5,0.121877,8.0,98639.0
audi-s-q5,2019.0,3.0TC V6 S Q5,278000.0,280000.0,279000.0,"AED 278,000 - 280,000",AED,https://www.drivearabia.com/carprices/uae/audi/audi-s-q5/2019/,2026-06-12T11:57:04Z,AUDI,SQ5,SQ5,0.121877,7.0,112329.0
audi-s-q5,2020.0,3.0TC V6 S Q5,278000.0,280000.0,279000.0,"AED 278,000 - 280,000",AED,https://www.drivearabia.com/carprices/uae/audi/audi-s-q5/2020/,2026-06-12T11:57:06Z,AUDI,SQ5,SQ5,0.121877,6.0,127919.0
audi-s-q5,2021.0,3.0TC V6 S Q5,278000.0,280000.0,279000.0,"AED 278,000 - 280,000",AED,https://www.drivearabia.com/carprices/uae/audi/audi-s-q5/2021/,2026-06-12T11:57:08Z,AUDI,SQ5,SQ5,0.121877,5.0,145674.0
audi-s-q5,2022.0,3.0TC V6 S Q5,278000.0,280000.0,279000.0,"AED 278,000 - 280,000",AED,https://www.drivearabia.com/carprices/uae/audi/audi-s-q5/2022/,2026-06-12T11:57:10Z,AUDI,SQ5,SQ5,0.121877,4.0,165892.0
audi-s-q5,2023.0,3.0TC V6 SQ5,316050.0,320000.0,318025.0,"AED 316,050 - 320,000",AED,https://www.drivearabia.com/carprices/uae/audi/audi-s-q5/2023/,2026-06-12T11:57:12Z,AUDI,SQ5,SQ5,0.121877,3.0,215341.0
audi-s-q5,2023.0,3.0TC V6 SQ5 Sportback,326500.0,328000.0,327250.0,"AED 326,500 - 328,000",AED,https://www.drivearabia.com/carprices/uae/audi/audi-s-q5/2023/,2026-06-12T11:57:12Z,AUDI,SQ5,SQ5,0.121877,3.0,221588.0
audi-s-q5,2024.0,3.0TC V6 SQ5,316050.0,320000.0,318025.0,"AED 316,050 - 320,000",AED,https://www.drivearabia.com/carprices/uae/audi/audi-s-q5/2024/,2026-06-12T11:57:14Z,AUDI,SQ5,SQ5,0.121877,2.0,245229.0
audi-s-q5,2024.0,3.0TC V6 SQ5 Sportback,326500.0,328000.0,327250.0,"AED 326,500 - 328,000",AED,https://www.drivearabia.com/carprices/uae/audi/audi-s-q5/2024/,2026-06-12T11:57:14Z,AUDI,SQ5,SQ5,0.121877,2.0,252342.0
audi-s-q5,2025.0,3.0TC V6 SQ5,316050.0,320000.0,318025.0,"AED 316,050 - 320,000",AED,https://www.drivearabia.com/carprices/uae/audi/audi-s-q5/2025/,2026-06-12T11:57:16Z,AUDI,SQ5,SQ5,0.121877,1.0,279265.0
audi-s-q5,2025.0,3.0TC V6 SQ5 Sportback,326500.0,328000.0,327250.0,"AED 326,500 - 328,000",AED,https://www.drivearabia.com/carprices/uae/audi/audi-s-q5/2025/,2026-06-12T11:57:16Z,AUDI,SQ5,SQ5,0.121877,1.0,287366.0
audi-s-q5,2026.0,3.0TC V6 SQ5 Sportback,359900.0,360000.0,359950.0,"AED 359,900 - 360,000",AED,https://www.drivearabia.com/carprices/uae/audi/audi-s-q5/2026/,2026-06-12T11:57:18Z,AUDI,SQ5,SQ5,0.121877,0.0,359950.0
audi-s-q5,2026.0,3.0TC V6 SQ5,359900.0,360000.0,359950.0,"AED 359,900 - 360,000",AED,https://www.drivearabia.com/carprices/uae/audi/audi-s-q5/2026/,2026-06-12T11:57:18Z,AUDI,SQ5,SQ5,0.121877,0.0,359950.0
audi-s-q7,2022.0,4.0TC V8 S Q7,527000.0,530000.0,528500.0,"AED 527,000 - 530,000",AED,https://www.drivearabia.com/carprices/uae/audi/audi-s-q7/2022/,2026-06-12T11:57:50Z,AUDI,SQ7,SQ7,0.053046,4.0,424972.0
audi-s-q7,2023.0,4.0TC V8 S Q7,527000.0,530000.0,528500.0,"AED 527,000 - 530,000",AED,https://www.drivearabia.com/carprices/uae/audi/audi-s-q7/2023/,2026-06-12T11:57:52Z,AUDI,SQ7,SQ7,0.053046,3.0,448778.0
audi-s-q7,2024.0,4.0T V8 SQ7 4WD,529900.0,535000.0,532450.0,"AED 529,900 - 535,000",AED,https://www.drivearabia.com/carprices/uae/audi/audi-s-q7/2024/,2026-06-12T11:57:54Z,AUDI,SQ7,SQ7,0.053046,2.0,477460.0
audi-s-q7,2025.0,4.0T V8 SQ7 4WD,529900.0,535000.0,532450.0,"AED 529,900 - 535,000",AED,https://www.drivearabia.com/carprices/uae/audi/audi-s-q7/2025/,2026-06-12T11:57:56Z,AUDI,SQ7,SQ7,0.053046,1.0,504206.0
audi-s-q7,2026.0,SQ7 4WD,529900.0,535000.0,532450.0,"AED 529,900 - 535,000",AED,https://www.drivearabia.com/carprices/uae/audi/audi-s-q7/2026/,2026-06-12T11:57:58Z,AUDI,SQ7,SQ7,0.053046,0.0,532450.0
audi-s-q8,2022.0,4.0TC V8 SQ8,537000.0,540000.0,538500.0,"AED 537,000 - 540,000",AED,https://www.drivearabia.com/carprices/uae/audi/audi-s-q8/2022/,2026-06-12T11:58:31Z,AUDI,SQ8,SQ8,0.076366,4.0,391909.0
audi-s-q8,2023.0,4.0TC V8 SQ8,537000.0,540000.0,538500.0,"AED 537,000 - 540,000",AED,https://www.drivearabia.com/carprices/uae/audi/audi-s-q8/2023/,2026-06-12T11:58:33Z,AUDI,SQ8,SQ8,0.076366,3.0,424312.0
audi-s-q8,2024.0,4.0TC V8 SQ8,537000.0,540000.0,538500.0,"AED 537,000 - 540,000",AED,https://www.drivearabia.com/carprices/uae/audi/audi-s-q8/2024/,2026-06-12T11:58:35Z,AUDI,SQ8,SQ8,0.076366,2.0,459394.0
audi-s-q8,2025.0,4.0TC V8 SQ8,537000.0,540000.0,538500.0,"AED 537,000 - 540,000",AED,https://www.drivearabia.com/carprices/uae/audi/audi-s-q8/2025/,2026-06-12T11:58:36Z,AUDI,SQ8,SQ8,0.076366,1.0,497377.0
audi-s-q8,2026.0,4.0TC V8 SQ8,537000.0,540000.0,538500.0,"AED 537,000 - 540,000",AED,https://www.drivearabia.com/carprices/uae/audi/audi-s-q8/2026/,2026-06-12T11:58:38Z,AUDI,SQ8,SQ8,0.076366,0.0,538500.0
audi-s3,2015.0,2.0TC I4 S3 Quattro,150000.0,200000.0,175000.0,"AED 150,000 - 200,000",AED,https://www.drivearabia.com/carprices/uae/audi/audi-s3/2015/,2026-06-12T11:59:03Z,AUDI,S3,S3,0.1122258685148583,11.0,47246.0
audi-s3,2016.0,2.0TC I4 S3 Quattro,150000.0,200000.0,175000.0,"AED 150,000 - 200,000",AED,https://www.drivearabia.com/carprices/uae/audi/audi-s3/2016/,2026-06-12T11:59:05Z,AUDI,S3,S3,0.1122258685148583,10.0,53219.0
audi-s3,2017.0,2.0TC I4 S3 Quattro,150000.0,200000.0,175000.0,"AED 150,000 - 200,000",AED,https://www.drivearabia.com/carprices/uae/audi/audi-s3/2017/,2026-06-12T11:59:07Z,AUDI,S3,S3,0.1122258685148583,9.0,59946.0
audi-s3,2018.0,2.0TC I4 S3 Quattro,150000.0,200000.0,175000.0,"AED 150,000 - 200,000",AED,https://www.drivearabia.com/carprices/uae/audi/audi-s3/2018/,2026-06-12T11:59:09Z,AUDI,S3,S3,0.1122258685148583,8.0,67524.0
audi-s3,2019.0,2.0TC I4 S3 Quattro,150000.0,200000.0,175000.0,"AED 150,000 - 200,000",AED,https://www.drivearabia.com/carprices/uae/audi/audi-s3/2019/,2026-06-12T11:59:11Z,AUDI,S3,S3,0.1122258685148583,7.0,76060.0
audi-s3,2021.0,2.0TC I4 S3 Quattro,175000.0,200000.0,187500.0,"AED 175,000 - 200,000",AED,https://www.drivearabia.com/carprices/uae/audi/audi-s3/2021/,2026-06-12T11:59:14Z,AUDI,S3,S3,0.1122258685148583,5.0,103398.0
audi-s3,2022.0,2.0TC I4 S3 Quattro,175000.0,200000.0,187500.0,"AED 175,000 - 200,000",AED,https://www.drivearabia.com/carprices/uae/audi/audi-s3/2022/,2026-06-12T11:59:16Z,AUDI,S3,S3,0.1122258685148583,4.0,116469.0
audi-s3,2023.0,2.0TC I4 S3 Quattro,175000.0,200000.0,187500.0,"AED 175,000 - 200,000",AED,https://www.drivearabia.com/carprices/uae/audi/audi-s3/2023/,2026-06-12T11:59:18Z,AUDI,S3,S3,0.1122258685148583,3.0,131192.0
audi-s3,2024.0,2.0TC I4 Quattro 4WD,175000.0,200000.0,187500.0,"AED 175,000 - 200,000",AED,https://www.drivearabia.com/carprices/uae/audi/audi-s3/2024/,2026-06-12T11:59:19Z,AUDI,S3,S3,0.1122258685148583,2.0,147777.0
audi-s3,2025.0,2.0TC I4 Quattro 4WD,175000.0,200000.0,187500.0,"AED 175,000 - 200,000",AED,https://www.drivearabia.com/carprices/uae/audi/audi-s3/2025/,2026-06-12T11:59:21Z,AUDI,S3,S3,0.1122258685148583,1.0,166458.0
audi-s3,2026.0,2.0TC I4 Quattro 4WD,175000.0,200000.0,187500.0,"AED 175,000 - 200,000",AED,https://www.drivearabia.com/carprices/uae/audi/audi-s3/2026/,2026-06-12T11:59:23Z,AUDI,S3,S3,0.1122258685148583,0.0,187500.0
audi-s3-sportback,2024.0,2.0T.C l4 S-tronic TFSI 4WD,239900.0,260000.0,249950.0,"AED 239,900 - 260,000",AED,https://www.drivearabia.com/carprices/uae/audi/audi-s3-sportback/2024/,2026-06-12T11:59:58Z,AUDI,S3 SPORTBACK,S3 SPORTBACK,0.121858,2.0,192745.0
audi-s3-sportback,2025.0,2.0T.C l4 S-tronic TFSI 4WD,239900.0,260000.0,249950.0,"AED 239,900 - 260,000",AED,https://www.drivearabia.com/carprices/uae/audi/audi-s3-sportback/2025/,2026-06-12T12:00:00Z,AUDI,S3 SPORTBACK,S3 SPORTBACK,0.121858,1.0,219492.0
audi-s3-sportback,2026.0,2.0T.C l4 S-tronic TFSI 4WD,239900.0,260000.0,249950.0,"AED 239,900 - 260,000",AED,https://www.drivearabia.com/carprices/uae/audi/audi-s3-sportback/2026/,2026-06-12T12:00:02Z,AUDI,S3 SPORTBACK,S3 SPORTBACK,0.121858,0.0,249950.0
audi-s4,2020.0,3.0TC V6 S4 55 TFSI,274000.0,276000.0,275000.0,"AED 274,000 - 276,000",AED,https://www.drivearabia.com/carprices/uae/audi/audi-s4/2020/,2026-06-12T12:00:32Z,AUDI,S4,S4,0.1328329775095731,6.0,116936.0
audi-s4,2021.0,3.0TC V6 S4 55 TFSI,274000.0,276000.0,275000.0,"AED 274,000 - 276,000",AED,https://www.drivearabia.com/carprices/uae/audi/audi-s4/2021/,2026-06-12T12:00:34Z,AUDI,S4,S4,0.1328329775095731,5.0,134849.0
audi-s4,2022.0,3.0TC V6 S4 55 TFSI,274000.0,276000.0,275000.0,"AED 274,000 - 276,000",AED,https://www.drivearabia.com/carprices/uae/audi/audi-s4/2022/,2026-06-12T12:00:36Z,AUDI,S4,S4,0.1328329775095731,4.0,155505.0
audi-s4,2023.0,3.0TC V6 S4 55 TFSI,274000.0,276000.0,275000.0,"AED 274,000 - 276,000",AED,https://www.drivearabia.com/carprices/uae/audi/audi-s4/2023/,2026-06-12T12:00:38Z,AUDI,S4,S4,0.1328329775095731,3.0,179325.0
audi-s4,2024.0,3.0TC V6 S4 55 TFSI 4WD,274000.0,276000.0,275000.0,"AED 274,000 - 276,000",AED,https://www.drivearabia.com/carprices/uae/audi/audi-s4/2024/,2026-06-12T12:00:39Z,AUDI,S4,S4,0.1328329775095731,2.0,206794.0
audi-s5,2009.0,4.2 V8 S5 Quattro,295000.0,310000.0,302500.0,"AED 295,000 - 310,000",AED,https://www.drivearabia.com/carprices/uae/audi/audi-s5/2009/,2026-06-12T12:00:59Z,AUDI,S5,S5,0.1397870084603442,17.0,23390.0
audi-s5,2010.0,4.2 V8 S5 Quattro,295000.0,310000.0,302500.0,"AED 295,000 - 310,000",AED,https://www.drivearabia.com/carprices/uae/audi/audi-s5/2010/,2026-06-12T12:01:01Z,AUDI,S5,S5,0.1397870084603442,16.0,27191.0
audi-s5,2011.0,4.2 V8 S5 Quattro,295000.0,310000.0,302500.0,"AED 295,000 - 310,000",AED,https://www.drivearabia.com/carprices/uae/audi/audi-s5/2011/,2026-06-12T12:01:03Z,AUDI,S5,S5,0.1397870084603442,15.0,31609.0
audi-s5,2012.0,4.2 V8 S5 Quattro,295000.0,310000.0,302500.0,"AED 295,000 - 310,000",AED,https://www.drivearabia.com/carprices/uae/audi/audi-s5/2012/,2026-06-12T12:01:05Z,AUDI,S5,S5,0.1397870084603442,14.0,36746.0
audi-s5,2013.0,3.0SC V6 S5 Quattro,295000.0,310000.0,302500.0,"AED 295,000 - 310,000",AED,https://www.drivearabia.com/carprices/uae/audi/audi-s5/2013/,2026-06-12T12:01:07Z,AUDI,S5,S5,0.1397870084603442,13.0,42717.0
audi-s5,2014.0,3.0SC V6 S5 Quattro,295000.0,310000.0,302500.0,"AED 295,000 - 310,000",AED,https://www.drivearabia.com/carprices/uae/audi/audi-s5/2014/,2026-06-12T12:01:09Z,AUDI,S5,S5,0.1397870084603442,12.0,49659.0
audi-s5,2015.0,3.0SC V6 S5 Quattro,295000.0,310000.0,302500.0,"AED 295,000 - 310,000",AED,https://www.drivearabia.com/carprices/uae/audi/audi-s5/2015/,2026-06-12T12:01:11Z,AUDI,S5,S5,0.1397870084603442,11.0,57729.0
audi-s5,2016.0,3.0SC V6 S5 Quattro,295000.0,310000.0,302500.0,"AED 295,000 - 310,000",AED,https://www.drivearabia.com/carprices/uae/audi/audi-s5/2016/,2026-06-12T12:01:13Z,AUDI,S5,S5,0.1397870084603442,10.0,67110.0
audi-s5,2017.0,3.0TC V6 S5 Quattro,277500.0,320000.0,298750.0,"AED 277,500 - 320,000",AED,https://www.drivearabia.com/carprices/uae/audi/audi-s5/2017/,2026-06-12T12:01:15Z,AUDI,S5,S5,0.1397870084603442,9.0,77048.0
audi-s5,2018.0,3.0TC V6 S5 Quattro,277500.0,320000.0,298750.0,"AED 277,500 - 320,000",AED,https://www.drivearabia.com/carprices/uae/audi/audi-s5/2018/,2026-06-12T12:01:17Z,AUDI,S5,S5,0.1397870084603442,8.0,89569.0
audi-s5,2019.0,3.0TC V6 S5 Quattro,277500.0,320000.0,298750.0,"AED 277,500 - 320,000",AED,https://www.drivearabia.com/carprices/uae/audi/audi-s5/2019/,2026-06-12T12:01:19Z,AUDI,S5,S5,0.1397870084603442,7.0,104124.0
audi-s5,2020.0,3.0TC V6 S5 Quattro,369900.0,380000.0,374950.0,"AED 369,900 - 380,000",AED,https://www.drivearabia.com/carprices/uae/audi/audi-s5/2020/,2026-06-12T12:01:21Z,AUDI,S5,S5,0.1397870084603442,6.0,151918.0
audi-s5,2021.0,3.0TC V6 S5 Quattro,369900.0,380000.0,374950.0,"AED 369,900 - 380,000",AED,https://www.drivearabia.com/carprices/uae/audi/audi-s5/2021/,2026-06-12T12:01:23Z,AUDI,S5,S5,0.1397870084603442,5.0,176605.0
audi-s5,2022.0,3.0TC V6 S5 Quattro,369900.0,380000.0,374950.0,"AED 369,900 - 380,000",AED,https://www.drivearabia.com/carprices/uae/audi/audi-s5/2022/,2026-06-12T12:01:25Z,AUDI,S5,S5,0.1397870084603442,4.0,205304.0
audi-s5,2023.0,3.0TC V6 S5 Quattro,369900.0,380000.0,374950.0,"AED 369,900 - 380,000",AED,https://www.drivearabia.com/carprices/uae/audi/audi-s5/2023/,2026-06-12T12:01:28Z,AUDI,S5,S5,0.1397870084603442,3.0,238666.0
audi-s5,2024.0,3.0TC V6 S5 Quattro,369900.0,380000.0,374950.0,"AED 369,900 - 380,000",AED,https://www.drivearabia.com/carprices/uae/audi/audi-s5/2024/,2026-06-12T12:01:29Z,AUDI,S5,S5,0.1397870084603442,2.0,277450.0
audi-s5,2025.0,3.0TC I4 40 TFSI 4WD,359900.0,365000.0,362450.0,"AED 359,900 - 365,000",AED,https://www.drivearabia.com/carprices/uae/audi/audi-s5/2025/,2026-06-12T12:01:31Z,AUDI,S5,S5,0.1397870084603442,1.0,311784.0
audi-s6,2015.0,4.0TC V8 S6 TFSI,310000.0,330000.0,320000.0,"AED 310,000 - 330,000",AED,https://www.drivearabia.com/carprices/uae/audi/audi-s6/2015/,2026-06-12T12:02:00Z,AUDI,S6,S6,0.1458054419939267,11.0,56529.0
audi-s6,2016.0,4.0TC V8 S6 TFSI,310000.0,330000.0,320000.0,"AED 310,000 - 330,000",AED,https://www.drivearabia.com/carprices/uae/audi/audi-s6/2016/,2026-06-12T12:02:02Z,AUDI,S6,S6,0.1458054419939267,10.0,66179.0
audi-s6,2017.0,4.0TC V8 S6 TFSI,310000.0,330000.0,320000.0,"AED 310,000 - 330,000",AED,https://www.drivearabia.com/carprices/uae/audi/audi-s6/2017/,2026-06-12T12:02:05Z,AUDI,S6,S6,0.1458054419939267,9.0,77475.0
audi-s6,2018.0,4.0TC V8 S6 TFSI,310000.0,330000.0,320000.0,"AED 310,000 - 330,000",AED,https://www.drivearabia.com/carprices/uae/audi/audi-s6/2018/,2026-06-12T12:02:07Z,AUDI,S6,S6,0.1458054419939267,8.0,90699.0
audi-s6,2020.0,2.9TC V6 S6 TFSI,357000.0,358000.0,357500.0,"AED 357,000 - 358,000",AED,https://www.drivearabia.com/carprices/uae/audi/audi-s6/2020/,2026-06-12T12:02:10Z,AUDI,S6,S6,0.1458054419939267,6.0,138873.0
audi-s6,2021.0,2.9TC V6 S6 TFSI,357000.0,358000.0,357500.0,"AED 357,000 - 358,000",AED,https://www.drivearabia.com/carprices/uae/audi/audi-s6/2021/,2026-06-12T12:02:12Z,AUDI,S6,S6,0.1458054419939267,5.0,162577.0
audi-s6,2022.0,2.9TC V6 S6 TFSI,357000.0,358000.0,357500.0,"AED 357,000 - 358,000",AED,https://www.drivearabia.com/carprices/uae/audi/audi-s6/2022/,2026-06-12T12:02:14Z,AUDI,S6,S6,0.1458054419939267,4.0,190328.0
audi-s6,2023.0,2.9TC V6 S6 TFSI,357000.0,358000.0,357500.0,"AED 357,000 - 358,000",AED,https://www.drivearabia.com/carprices/uae/audi/audi-s6/2023/,2026-06-12T12:02:16Z,AUDI,S6,S6,0.1458054419939267,3.0,222816.0
audi-s6,2024.0,2.9TC V6 S6 TFSI 4WD,357000.0,358000.0,357500.0,"AED 357,000 - 358,000",AED,https://www.drivearabia.com/carprices/uae/audi/audi-s6/2024/,2026-06-12T12:02:18Z,AUDI,S6,S6,0.1458054419939267,2.0,260849.0
audi-s7,2013.0,4.0TC V8 S7 Quattro,335000.0,360000.0,347500.0,"AED 335,000 - 360,000",AED,https://www.drivearabia.com/carprices/uae/audi/audi-s7/2013/,2026-06-12T12:03:27Z,AUDI,S7,S7,0.1232834921783166,13.0,62824.0
audi-s7,2014.0,4.0TC V8 S7 Quattro,335000.0,360000.0,347500.0,"AED 335,000 - 360,000",AED,https://www.drivearabia.com/carprices/uae/audi/audi-s7/2014/,2026-06-12T12:03:29Z,AUDI,S7,S7,0.1232834921783166,12.0,71658.0
audi-s7,2015.0,4.0TC V8 S7 Quattro,335000.0,360000.0,347500.0,"AED 335,000 - 360,000",AED,https://www.drivearabia.com/carprices/uae/audi/audi-s7/2015/,2026-06-12T12:03:31Z,AUDI,S7,S7,0.1232834921783166,11.0,81735.0
audi-s7,2016.0,4.0TC V8 S7 Quattro,335000.0,360000.0,347500.0,"AED 335,000 - 360,000",AED,https://www.drivearabia.com/carprices/uae/audi/audi-s7/2016/,2026-06-12T12:03:33Z,AUDI,S7,S7,0.1232834921783166,10.0,93228.0
audi-s7,2017.0,4.0TC V8 S7 Quattro,335000.0,360000.0,347500.0,"AED 335,000 - 360,000",AED,https://www.drivearabia.com/carprices/uae/audi/audi-s7/2017/,2026-06-12T12:03:35Z,AUDI,S7,S7,0.1232834921783166,9.0,106338.0
audi-s7,2024.0,4.0TC V6 S7 Quattro,449000.0,559000.0,504000.0,"AED 449,000 - 559,000",AED,https://www.drivearabia.com/carprices/uae/audi/audi-s7/2024/,2026-06-12T12:03:44Z,AUDI,S7,S7,0.1232834921783166,2.0,387390.0
audi-s8,2007.0,5.2 V10 S8 Quattro,420000.0,450000.0,435000.0,"AED 420,000 - 450,000",AED,https://www.drivearabia.com/carprices/uae/audi/audi-s8/2007/,2026-06-12T12:04:04Z,AUDI,S8,S8,0.1478691880299113,19.0,20802.0
audi-s8,2008.0,5.2 V10 S8 Quattro,420000.0,450000.0,435000.0,"AED 420,000 - 450,000",AED,https://www.drivearabia.com/carprices/uae/audi/audi-s8/2008/,2026-06-12T12:04:05Z,AUDI,S8,S8,0.1478691880299113,18.0,24412.0
audi-s8,2009.0,5.2 V10 S8 Quattro,420000.0,450000.0,435000.0,"AED 420,000 - 450,000",AED,https://www.drivearabia.com/carprices/uae/audi/audi-s8/2009/,2026-06-12T12:04:08Z,AUDI,S8,S8,0.1478691880299113,17.0,28648.0
audi-s8,2010.0,5.2 V10 S8 Quattro,420000.0,450000.0,435000.0,"AED 420,000 - 450,000",AED,https://www.drivearabia.com/carprices/uae/audi/audi-s8/2010/,2026-06-12T12:04:10Z,AUDI,S8,S8,0.1478691880299113,16.0,33619.0
audi-s8,2011.0,5.2 V10 S8 Quattro,420000.0,450000.0,435000.0,"AED 420,000 - 450,000",AED,https://www.drivearabia.com/carprices/uae/audi/audi-s8/2011/,2026-06-12T12:04:12Z,AUDI,S8,S8,0.1478691880299113,15.0,39453.0
audi-s8,2013.0,4.0TC V8 S8 Quattro,473000.0,550000.0,511500.0,"AED 473,000 - 550,000",AED,https://www.drivearabia.com/carprices/uae/audi/audi-s8/2013/,2026-06-12T12:04:15Z,AUDI,S8,S8,0.1478691880299113,13.0,63889.0
audi-s8,2014.0,4.0TC V8 S8 Quattro,478000.0,550000.0,514000.0,"AED 478,000 - 550,000",AED,https://www.drivearabia.com/carprices/uae/audi/audi-s8/2014/,2026-06-12T12:04:17Z,AUDI,S8,S8,0.1478691880299113,12.0,75342.0
audi-s8,2015.0,4.0TC V8 S8 Quattro,478000.0,550000.0,514000.0,"AED 478,000 - 550,000",AED,https://www.drivearabia.com/carprices/uae/audi/audi-s8/2015/,2026-06-12T12:04:19Z,AUDI,S8,S8,0.1478691880299113,11.0,88416.0
audi-s8,2016.0,4.0TC V8 S8 Quattro,483000.0,550000.0,516500.0,"AED 483,000 - 550,000",AED,https://www.drivearabia.com/carprices/uae/audi/audi-s8/2016/,2026-06-12T12:04:21Z,AUDI,S8,S8,0.1478691880299113,10.0,104264.0
audi-s8,2016.0,4.0TC V8 S8 Plus Quattro,590000.0,600000.0,595000.0,"AED 590,000 - 600,000",AED,https://www.drivearabia.com/carprices/uae/audi/audi-s8/2016/,2026-06-12T12:04:21Z,AUDI,S8,S8,0.1478691880299113,10.0,120110.0
audi-s8,2017.0,4.0TC V8 S8 Quattro,483000.0,550000.0,516500.0,"AED 483,000 - 550,000",AED,https://www.drivearabia.com/carprices/uae/audi/audi-s8/2017/,2026-06-12T12:04:23Z,AUDI,S8,S8,0.1478691880299113,9.0,122356.0
audi-s8,2017.0,4.0TC V8 S8 Plus Quattro,590000.0,600000.0,595000.0,"AED 590,000 - 600,000",AED,https://www.drivearabia.com/carprices/uae/audi/audi-s8/2017/,2026-06-12T12:04:23Z,AUDI,S8,S8,0.1478691880299113,9.0,140953.0
audi-s8,2020.0,4.0TC+H V8 S8 Quattro,571000.0,630000.0,600500.0,"AED 571,000 - 630,000",AED,https://www.drivearabia.com/carprices/uae/audi/audi-s8/2020/,2026-06-12T12:04:27Z,AUDI,S8,S8,0.1478691880299113,6.0,229906.0
audi-s8,2021.0,4.0TC+H V8 S8 Quattro,571000.0,630000.0,600500.0,"AED 571,000 - 630,000",AED,https://www.drivearabia.com/carprices/uae/audi/audi-s8/2021/,2026-06-12T12:04:29Z,AUDI,S8,S8,0.1478691880299113,5.0,269801.0
audi-s8,2022.0,4.0TC+H V8 S8 Quattro,571000.0,630000.0,600500.0,"AED 571,000 - 630,000",AED,https://www.drivearabia.com/carprices/uae/audi/audi-s8/2022/,2026-06-12T12:04:31Z,AUDI,S8,S8,0.1478691880299113,4.0,316620.0
audi-s8,2024.0,4.0TC+H V8 S8 Quattro,571000.0,630000.0,600500.0,"AED 571,000 - 630,000",AED,https://www.drivearabia.com/carprices/uae/audi/audi-s8/2024/,2026-06-12T12:04:35Z,AUDI,S8,S8,0.1478691880299113,2.0,436039.0
audi-s8,2025.0,4.0TC+H V8 S8 4WD,571000.0,630000.0,600500.0,"AED 571,000 - 630,000",AED,https://www.drivearabia.com/carprices/uae/audi/audi-s8/2025/,2026-06-12T12:04:37Z,AUDI,S8,S8,0.1478691880299113,1.0,511705.0
audi-s8,2026.0,4.0TC+H V8 S8 4WD,571000.0,630000.0,600500.0,"AED 571,000 - 630,000",AED,https://www.drivearabia.com/carprices/uae/audi/audi-s8/2026/,2026-06-12T12:04:39Z,AUDI,S8,S8,0.1478691880299113,0.0,600500.0
audi-sq8-e-tron-sportback,2024.0,114kWh SQ8 Sportback,479900.0,610000.0,544950.0,"AED 479,900 - 610,000",AED,https://www.drivearabia.com/carprices/uae/audi/audi-sq8-e-tron-sportback/2024/,2026-06-12T12:05:17Z,AUDI,SQ8 E-TRON SPORTBACK,SQ8 E-TRON SPORTBACK,0.0597,2.0,481825.0
audi-sq8-e-tron-sportback,2025.0,114kWh SQ8 Sportback 4WD,479900.0,610000.0,544950.0,"AED 479,900 - 610,000",AED,https://www.drivearabia.com/carprices/uae/audi/audi-sq8-e-tron-sportback/2025/,2026-06-12T12:05:19Z,AUDI,SQ8 E-TRON SPORTBACK,SQ8 E-TRON SPORTBACK,0.0597,1.0,512416.0
audi-sq8-e-tron-sportback,2026.0,114kWh SQ8 Sportback 4WD,479900.0,610000.0,544950.0,"AED 479,900 - 610,000",AED,https://www.drivearabia.com/carprices/uae/audi/audi-sq8-e-tron-sportback/2026/,2026-06-12T12:05:21Z,AUDI,SQ8 E-TRON SPORTBACK,SQ8 E-TRON SPORTBACK,0.0597,0.0,544950.0
audi-tt,1999.0,1.8TC I4 1.8 TFSI,120000.0,128000.0,124000.0,"AED 120,000 - 128,000",AED,https://www.drivearabia.com/carprices/uae/audi/audi-tt/1999/,2026-06-12T12:05:28Z,AUDI,TT,TT,0.1426352104675099,27.0,1945.0
audi-tt,1999.0,1.8TC I4 1.8 TFSI Quattro,133000.0,140000.0,136500.0,"AED 133,000 - 140,000",AED,https://www.drivearabia.com/carprices/uae/audi/audi-tt/1999/,2026-06-12T12:05:28Z,AUDI,TT,TT,0.1426352104675099,27.0,2141.0
audi-tt,1999.0,3.2 V6 3.2 FSI Quattro,160000.0,165000.0,162500.0,"AED 160,000 - 165,000",AED,https://www.drivearabia.com/carprices/uae/audi/audi-tt/1999/,2026-06-12T12:05:28Z,AUDI,TT,TT,0.1426352104675099,27.0,2549.0
audi-tt,2000.0,1.8TC I4 1.8 TFSI,120000.0,128000.0,124000.0,"AED 120,000 - 128,000",AED,https://www.drivearabia.com/carprices/uae/audi/audi-tt/2000/,2026-06-12T12:05:30Z,AUDI,TT,TT,0.1426352104675099,26.0,2268.0
audi-tt,2000.0,1.8TC I4 1.8 TFSI Quattro,133000.0,140000.0,136500.0,"AED 133,000 - 140,000",AED,https://www.drivearabia.com/carprices/uae/audi/audi-tt/2000/,2026-06-12T12:05:30Z,AUDI,TT,TT,0.1426352104675099,26.0,2497.0
audi-tt,2000.0,3.2 V6 3.2 FSI Quattro,160000.0,165000.0,162500.0,"AED 160,000 - 165,000",AED,https://www.drivearabia.com/carprices/uae/audi/audi-tt/2000/,2026-06-12T12:05:30Z,AUDI,TT,TT,0.1426352104675099,26.0,2973.0
audi-tt,2001.0,1.8TC I4 1.8 TFSI,120000.0,128000.0,124000.0,"AED 120,000 - 128,000",AED,https://www.drivearabia.com/carprices/uae/audi/audi-tt/2001/,2026-06-12T12:05:32Z,AUDI,TT,TT,0.1426352104675099,25.0,2646.0
audi-tt,2001.0,1.8TC I4 1.8 TFSI Quattro,133000.0,140000.0,136500.0,"AED 133,000 - 140,000",AED,https://www.drivearabia.com/carprices/uae/audi/audi-tt/2001/,2026-06-12T12:05:32Z,AUDI,TT,TT,0.1426352104675099,25.0,2913.0
audi-tt,2001.0,3.2 V6 3.2 FSI Quattro,160000.0,165000.0,162500.0,"AED 160,000 - 165,000",AED,https://www.drivearabia.com/carprices/uae/audi/audi-tt/2001/,2026-06-12T12:05:32Z,AUDI,TT,TT,0.1426352104675099,25.0,3467.0
audi-tt,2002.0,1.8TC I4 1.8 TFSI,120000.0,128000.0,124000.0,"AED 120,000 - 128,000",AED,https://www.drivearabia.com/carprices/uae/audi/audi-tt/2002/,2026-06-12T12:05:35Z,AUDI,TT,TT,0.1426352104675099,24.0,3086.0
audi-tt,2002.0,1.8TC I4 1.8 TFSI Quattro,133000.0,140000.0,136500.0,"AED 133,000 - 140,000",AED,https://www.drivearabia.com/carprices/uae/audi/audi-tt/2002/,2026-06-12T12:05:35Z,AUDI,TT,TT,0.1426352104675099,24.0,3397.0
audi-tt,2002.0,3.2 V6 3.2 FSI Quattro,160000.0,165000.0,162500.0,"AED 160,000 - 165,000",AED,https://www.drivearabia.com/carprices/uae/audi/audi-tt/2002/,2026-06-12T12:05:35Z,AUDI,TT,TT,0.1426352104675099,24.0,4044.0
audi-tt,2003.0,1.8TC I4 1.8 TFSI,120000.0,128000.0,124000.0,"AED 120,000 - 128,000",AED,https://www.drivearabia.com/carprices/uae/audi/audi-tt/2003/,2026-06-12T12:05:37Z,AUDI,TT,TT,0.1426352104675099,23.0,3599.0
audi-tt,2003.0,1.8TC I4 1.8 TFSI Quattro,133000.0,140000.0,136500.0,"AED 133,000 - 140,000",AED,https://www.drivearabia.com/carprices/uae/audi/audi-tt/2003/,2026-06-12T12:05:37Z,AUDI,TT,TT,0.1426352104675099,23.0,3962.0
audi-tt,2003.0,3.2 V6 3.2 FSI Quattro,160000.0,165000.0,162500.0,"AED 160,000 - 165,000",AED,https://www.drivearabia.com/carprices/uae/audi/audi-tt/2003/,2026-06-12T12:05:37Z,AUDI,TT,TT,0.1426352104675099,23.0,4717.0
audi-tt,2004.0,1.8TC I4 1.8 TFSI,120000.0,128000.0,124000.0,"AED 120,000 - 128,000",AED,https://www.drivearabia.com/carprices/uae/audi/audi-tt/2004/,2026-06-12T12:05:39Z,AUDI,TT,TT,0.1426352104675099,22.0,4198.0
audi-tt,2004.0,1.8TC I4 1.8 TFSI Quattro,133000.0,140000.0,136500.0,"AED 133,000 - 140,000",AED,https://www.drivearabia.com/carprices/uae/audi/audi-tt/2004/,2026-06-12T12:05:39Z,AUDI,TT,TT,0.1426352104675099,22.0,4621.0
audi-tt,2004.0,3.2 V6 3.2 FSI Quattro,160000.0,165000.0,162500.0,"AED 160,000 - 165,000",AED,https://www.drivearabia.com/carprices/uae/audi/audi-tt/2004/,2026-06-12T12:05:39Z,AUDI,TT,TT,0.1426352104675099,22.0,5502.0
audi-tt,2005.0,1.8TC I4 1.8 TFSI,120000.0,128000.0,124000.0,"AED 120,000 - 128,000",AED,https://www.drivearabia.com/carprices/uae/audi/audi-tt/2005/,2026-06-12T12:05:41Z,AUDI,TT,TT,0.1426352104675099,21.0,4897.0
audi-tt,2005.0,1.8TC I4 1.8 TFSI Quattro,133000.0,140000.0,136500.0,"AED 133,000 - 140,000",AED,https://www.drivearabia.com/carprices/uae/audi/audi-tt/2005/,2026-06-12T12:05:41Z,AUDI,TT,TT,0.1426352104675099,21.0,5390.0
audi-tt,2005.0,3.2 V6 3.2 FSI Quattro,160000.0,165000.0,162500.0,"AED 160,000 - 165,000",AED,https://www.drivearabia.com/carprices/uae/audi/audi-tt/2005/,2026-06-12T12:05:41Z,AUDI,TT,TT,0.1426352104675099,21.0,6417.0
audi-tt,2006.0,1.8TC I4 1.8 TFSI,120000.0,128000.0,124000.0,"AED 120,000 - 128,000",AED,https://www.drivearabia.com/carprices/uae/audi/audi-tt/2006/,2026-06-12T12:05:43Z,AUDI,TT,TT,0.1426352104675099,20.0,5711.0
audi-tt,2006.0,1.8TC I4 1.8 TFSI Quattro,133000.0,140000.0,136500.0,"AED 133,000 - 140,000",AED,https://www.drivearabia.com/carprices/uae/audi/audi-tt/2006/,2026-06-12T12:05:43Z,AUDI,TT,TT,0.1426352104675099,20.0,6287.0
audi-tt,2006.0,3.2 V6 3.2 FSI Quattro,160000.0,165000.0,162500.0,"AED 160,000 - 165,000",AED,https://www.drivearabia.com/carprices/uae/audi/audi-tt/2006/,2026-06-12T12:05:43Z,AUDI,TT,TT,0.1426352104675099,20.0,7485.0
audi-tt,2007.0,2.0TC I4 TT FWD,149000.0,170000.0,159500.0,"AED 149,000 - 170,000",AED,https://www.drivearabia.com/carprices/uae/audi/audi-tt/2007/,2026-06-12T12:05:45Z,AUDI,TT,TT,0.1426352104675099,19.0,8569.0
audi-tt,2007.0,3.2 V6 TT AWD Quattro,177000.0,205000.0,191000.0,"AED 177,000 - 205,000",AED,https://www.drivearabia.com/carprices/uae/audi/audi-tt/2007/,2026-06-12T12:05:45Z,AUDI,TT,TT,0.1426352104675099,19.0,10261.0
audi-tt,2007.0,2.5TC I5 TT RS Quattro,237000.0,250000.0,243500.0,"AED 237,000 - 250,000",AED,https://www.drivearabia.com/carprices/uae/audi/audi-tt/2007/,2026-06-12T12:05:45Z,AUDI,TT,TT,0.1426352104675099,19.0,13081.0
audi-tt,2008.0,2.0TC I4 TT FWD,149000.0,170000.0,159500.0,"AED 149,000 - 170,000",AED,https://www.drivearabia.com/carprices/uae/audi/audi-tt/2008/,2026-06-12T12:05:47Z,AUDI,TT,TT,0.1426352104675099,18.0,9994.0
audi-tt,2008.0,3.2 V6 TT AWD Quattro,177000.0,205000.0,191000.0,"AED 177,000 - 205,000",AED,https://www.drivearabia.com/carprices/uae/audi/audi-tt/2008/,2026-06-12T12:05:47Z,AUDI,TT,TT,0.1426352104675099,18.0,11968.0
audi-tt,2008.0,2.5TC I5 TT RS Quattro,237000.0,250000.0,243500.0,"AED 237,000 - 250,000",AED,https://www.drivearabia.com/carprices/uae/audi/audi-tt/2008/,2026-06-12T12:05:47Z,AUDI,TT,TT,0.1426352104675099,18.0,15257.0
audi-tt,2009.0,2.0TC I4 TT FWD,149000.0,170000.0,159500.0,"AED 149,000 - 170,000",AED,https://www.drivearabia.com/carprices/uae/audi/audi-tt/2009/,2026-06-12T12:05:49Z,AUDI,TT,TT,0.1426352104675099,17.0,11657.0
audi-tt,2009.0,3.2 V6 TT AWD Quattro,177000.0,205000.0,191000.0,"AED 177,000 - 205,000",AED,https://www.drivearabia.com/carprices/uae/audi/audi-tt/2009/,2026-06-12T12:05:49Z,AUDI,TT,TT,0.1426352104675099,17.0,13959.0
audi-tt,2009.0,2.5TC I5 TT RS Quattro,237000.0,250000.0,243500.0,"AED 237,000 - 250,000",AED,https://www.drivearabia.com/carprices/uae/audi/audi-tt/2009/,2026-06-12T12:05:49Z,AUDI,TT,TT,0.1426352104675099,17.0,17796.0
audi-tt,2010.0,2.0TC I4 TT FWD,149000.0,170000.0,159500.0,"AED 149,000 - 170,000",AED,https://www.drivearabia.com/carprices/uae/audi/audi-tt/2010/,2026-06-12T12:05:51Z,AUDI,TT,TT,0.1426352104675099,16.0,13596.0
audi-tt,2010.0,3.2 V6 TT AWD Quattro,177000.0,205000.0,191000.0,"AED 177,000 - 205,000",AED,https://www.drivearabia.com/carprices/uae/audi/audi-tt/2010/,2026-06-12T12:05:51Z,AUDI,TT,TT,0.1426352104675099,16.0,16281.0
audi-tt,2010.0,2.5TC I5 TT RS Quattro,237000.0,250000.0,243500.0,"AED 237,000 - 250,000",AED,https://www.drivearabia.com/carprices/uae/audi/audi-tt/2010/,2026-06-12T12:05:51Z,AUDI,TT,TT,0.1426352104675099,16.0,20756.0
audi-tt,2011.0,2.0TC I4 TT FWD,149000.0,170000.0,159500.0,"AED 149,000 - 170,000",AED,https://www.drivearabia.com/carprices/uae/audi/audi-tt/2011/,2026-06-12T12:05:53Z,AUDI,TT,TT,0.1426352104675099,15.0,15858.0
audi-tt,2011.0,3.2 V6 TT AWD Quattro,177000.0,205000.0,191000.0,"AED 177,000 - 205,000",AED,https://www.drivearabia.com/carprices/uae/audi/audi-tt/2011/,2026-06-12T12:05:53Z,AUDI,TT,TT,0.1426352104675099,15.0,18990.0
audi-tt,2011.0,2.5TC I5 TT RS Quattro,237000.0,250000.0,243500.0,"AED 237,000 - 250,000",AED,https://www.drivearabia.com/carprices/uae/audi/audi-tt/2011/,2026-06-12T12:05:53Z,AUDI,TT,TT,0.1426352104675099,15.0,24209.0
audi-tt,2012.0,2.0TC I4 TT FWD,149000.0,170000.0,159500.0,"AED 149,000 - 170,000",AED,https://www.drivearabia.com/carprices/uae/audi/audi-tt/2012/,2026-06-12T12:05:55Z,AUDI,TT,TT,0.1426352104675099,14.0,18496.0
audi-tt,2012.0,3.2 V6 TT AWD Quattro,177000.0,205000.0,191000.0,"AED 177,000 - 205,000",AED,https://www.drivearabia.com/carprices/uae/audi/audi-tt/2012/,2026-06-12T12:05:55Z,AUDI,TT,TT,0.1426352104675099,14.0,22149.0
audi-tt,2012.0,2.5TC I5 TT RS Quattro,237000.0,250000.0,243500.0,"AED 237,000 - 250,000",AED,https://www.drivearabia.com/carprices/uae/audi/audi-tt/2012/,2026-06-12T12:05:55Z,AUDI,TT,TT,0.1426352104675099,14.0,28237.0
audi-tt,2013.0,2.0TC I4 TT FWD,149000.0,170000.0,159500.0,"AED 149,000 - 170,000",AED,https://www.drivearabia.com/carprices/uae/audi/audi-tt/2013/,2026-06-12T12:05:57Z,AUDI,TT,TT,0.1426352104675099,13.0,21573.0
audi-tt,2013.0,3.2 V6 TT AWD Quattro,177000.0,205000.0,191000.0,"AED 177,000 - 205,000",AED,https://www.drivearabia.com/carprices/uae/audi/audi-tt/2013/,2026-06-12T12:05:57Z,AUDI,TT,TT,0.1426352104675099,13.0,25834.0
audi-tt,2013.0,2.5TC I5 TT RS Quattro,237000.0,250000.0,243500.0,"AED 237,000 - 250,000",AED,https://www.drivearabia.com/carprices/uae/audi/audi-tt/2013/,2026-06-12T12:05:57Z,AUDI,TT,TT,0.1426352104675099,13.0,32935.0
audi-tt,2014.0,2.0TC I4 TT FWD,149000.0,170000.0,159500.0,"AED 149,000 - 170,000",AED,https://www.drivearabia.com/carprices/uae/audi/audi-tt/2014/,2026-06-12T12:05:59Z,AUDI,TT,TT,0.1426352104675099,12.0,25162.0
audi-tt,2014.0,3.2 V6 TT AWD Quattro,177000.0,205000.0,191000.0,"AED 177,000 - 205,000",AED,https://www.drivearabia.com/carprices/uae/audi/audi-tt/2014/,2026-06-12T12:05:59Z,AUDI,TT,TT,0.1426352104675099,12.0,30132.0
audi-tt,2014.0,2.5TC I5 TT RS Quattro,237000.0,250000.0,243500.0,"AED 237,000 - 250,000",AED,https://www.drivearabia.com/carprices/uae/audi/audi-tt/2014/,2026-06-12T12:05:59Z,AUDI,TT,TT,0.1426352104675099,12.0,38414.0
audi-tt,2015.0,2.0TC I4 TT FWD,183500.0,195000.0,189250.0,"AED 183,500 - 195,000",AED,https://www.drivearabia.com/carprices/uae/audi/audi-tt/2015/,2026-06-12T12:06:01Z,AUDI,TT,TT,0.1426352104675099,11.0,34822.0
audi-tt,2015.0,2.0TC I4 TT AWD Quattro,202000.0,210000.0,206000.0,"AED 202,000 - 210,000",AED,https://www.drivearabia.com/carprices/uae/audi/audi-tt/2015/,2026-06-12T12:06:01Z,AUDI,TT,TT,0.1426352104675099,11.0,37904.0
audi-tt,2016.0,2.0TC I4 TT FWD,183500.0,195000.0,189250.0,"AED 183,500 - 195,000",AED,https://www.drivearabia.com/carprices/uae/audi/audi-tt/2016/,2026-06-12T12:06:03Z,AUDI,TT,TT,0.1426352104675099,10.0,40616.0
audi-tt,2016.0,2.0TC I4 TT AWD Quattro,202000.0,210000.0,206000.0,"AED 202,000 - 210,000",AED,https://www.drivearabia.com/carprices/uae/audi/audi-tt/2016/,2026-06-12T12:06:03Z,AUDI,TT,TT,0.1426352104675099,10.0,44210.0
audi-tt,2017.0,2.0TC I4 TT FWD,183500.0,195000.0,189250.0,"AED 183,500 - 195,000",AED,https://www.drivearabia.com/carprices/uae/audi/audi-tt/2017/,2026-06-12T12:06:05Z,AUDI,TT,TT,0.1426352104675099,9.0,47373.0
audi-tt,2017.0,2.0TC I4 TT AWD Quattro,202000.0,210000.0,206000.0,"AED 202,000 - 210,000",AED,https://www.drivearabia.com/carprices/uae/audi/audi-tt/2017/,2026-06-12T12:06:05Z,AUDI,TT,TT,0.1426352104675099,9.0,51565.0
audi-tt,2018.0,2.0TC I4 TT FWD,183500.0,195000.0,189250.0,"AED 183,500 - 195,000",AED,https://www.drivearabia.com/carprices/uae/audi/audi-tt/2018/,2026-06-12T12:06:07Z,AUDI,TT,TT,0.1426352104675099,8.0,55254.0
audi-tt,2018.0,2.0TC I4 TT AWD Quattro,202000.0,210000.0,206000.0,"AED 202,000 - 210,000",AED,https://www.drivearabia.com/carprices/uae/audi/audi-tt/2018/,2026-06-12T12:06:07Z,AUDI,TT,TT,0.1426352104675099,8.0,60144.0
audi-tt,2018.0,2.5TC I5 TT RS,306400.0,308000.0,307200.0,"AED 306,400 - 308,000",AED,https://www.drivearabia.com/carprices/uae/audi/audi-tt/2018/,2026-06-12T12:06:07Z,AUDI,TT,TT,0.1426352104675099,8.0,89690.0
