model_slug,year,trim_name,price_min_aed,price_max_aed,price_avg_aed,price_raw,currency,url,scraped_at,make,model_name,model,annual_dep_rate,car_age,depreciated_value
chevrolet-avalanche,2008.0,5.3 V8 LT,165000.0,167500.0,166250.0,"AED 165,000 - 167,500",AED,https://www.drivearabia.com/carprices/uae/chevrolet/chevrolet-avalanche/2008/,2026-06-15T07:41:33Z,CHEVROLET,AVALANCHE,AVALANCHE,0.1780735338881974,18.0,4873.0
chevrolet-avalanche,2008.0,5.3 V8 LTZ,177500.0,179000.0,178250.0,"AED 177,500 - 179,000",AED,https://www.drivearabia.com/carprices/uae/chevrolet/chevrolet-avalanche/2008/,2026-06-15T07:41:33Z,CHEVROLET,AVALANCHE,AVALANCHE,0.1780735338881974,18.0,5224.0
chevrolet-avalanche,2009.0,5.3 V8 LT,165000.0,167500.0,166250.0,"AED 165,000 - 167,500",AED,https://www.drivearabia.com/carprices/uae/chevrolet/chevrolet-avalanche/2009/,2026-06-15T07:41:35Z,CHEVROLET,AVALANCHE,AVALANCHE,0.1780735338881974,17.0,5928.0
chevrolet-avalanche,2009.0,5.3 V8 LTZ,177500.0,179000.0,178250.0,"AED 177,500 - 179,000",AED,https://www.drivearabia.com/carprices/uae/chevrolet/chevrolet-avalanche/2009/,2026-06-15T07:41:35Z,CHEVROLET,AVALANCHE,AVALANCHE,0.1780735338881974,17.0,6356.0
chevrolet-avalanche,2010.0,5.3 V8 LT,165000.0,167500.0,166250.0,"AED 165,000 - 167,500",AED,https://www.drivearabia.com/carprices/uae/chevrolet/chevrolet-avalanche/2010/,2026-06-15T07:41:36Z,CHEVROLET,AVALANCHE,AVALANCHE,0.1780735338881974,16.0,7213.0
chevrolet-avalanche,2010.0,5.3 V8 LTZ,177500.0,179000.0,178250.0,"AED 177,500 - 179,000",AED,https://www.drivearabia.com/carprices/uae/chevrolet/chevrolet-avalanche/2010/,2026-06-15T07:41:36Z,CHEVROLET,AVALANCHE,AVALANCHE,0.1780735338881974,16.0,7733.0
chevrolet-avalanche,2011.0,5.3 V8 LT,165000.0,167500.0,166250.0,"AED 165,000 - 167,500",AED,https://www.drivearabia.com/carprices/uae/chevrolet/chevrolet-avalanche/2011/,2026-06-15T07:41:38Z,CHEVROLET,AVALANCHE,AVALANCHE,0.1780735338881974,15.0,8775.0
chevrolet-avalanche,2011.0,5.3 V8 LTZ,177500.0,179000.0,178250.0,"AED 177,500 - 179,000",AED,https://www.drivearabia.com/carprices/uae/chevrolet/chevrolet-avalanche/2011/,2026-06-15T07:41:38Z,CHEVROLET,AVALANCHE,AVALANCHE,0.1780735338881974,15.0,9409.0
chevrolet-avalanche,2012.0,5.3 V8 LT,165000.0,167500.0,166250.0,"AED 165,000 - 167,500",AED,https://www.drivearabia.com/carprices/uae/chevrolet/chevrolet-avalanche/2012/,2026-06-15T07:41:40Z,CHEVROLET,AVALANCHE,AVALANCHE,0.1780735338881974,14.0,10676.0
chevrolet-avalanche,2012.0,5.3 V8 LTZ,177500.0,179000.0,178250.0,"AED 177,500 - 179,000",AED,https://www.drivearabia.com/carprices/uae/chevrolet/chevrolet-avalanche/2012/,2026-06-15T07:41:40Z,CHEVROLET,AVALANCHE,AVALANCHE,0.1780735338881974,14.0,11447.0
chevrolet-avalanche,2013.0,5.3 V8 LT,165000.0,167500.0,166250.0,"AED 165,000 - 167,500",AED,https://www.drivearabia.com/carprices/uae/chevrolet/chevrolet-avalanche/2013/,2026-06-15T07:41:42Z,CHEVROLET,AVALANCHE,AVALANCHE,0.1780735338881974,13.0,12989.0
chevrolet-avalanche,2013.0,5.3 V8 LTZ,177500.0,179000.0,178250.0,"AED 177,500 - 179,000",AED,https://www.drivearabia.com/carprices/uae/chevrolet/chevrolet-avalanche/2013/,2026-06-15T07:41:42Z,CHEVROLET,AVALANCHE,AVALANCHE,0.1780735338881974,13.0,13927.0
chevrolet-aveo,2006.0,1.4 I4 Aveo LS,41000.0,42500.0,41750.0,"AED 41,000 - 42,500",AED,https://www.drivearabia.com/carprices/uae/chevrolet/chevrolet-aveo/2006/,2026-06-15T07:42:11Z,CHEVROLET,AVEO,AVEO,0.1444230233022972,20.0,1844.0
chevrolet-aveo,2006.0,1.4 I4 Aveo LT,45500.0,47000.0,46250.0,"AED 45,500 - 47,000",AED,https://www.drivearabia.com/carprices/uae/chevrolet/chevrolet-aveo/2006/,2026-06-15T07:42:11Z,CHEVROLET,AVEO,AVEO,0.1444230233022972,20.0,2043.0
chevrolet-aveo,2007.0,1.4 I4 Aveo LS,41000.0,42500.0,41750.0,"AED 41,000 - 42,500",AED,https://www.drivearabia.com/carprices/uae/chevrolet/chevrolet-aveo/2007/,2026-06-15T07:42:13Z,CHEVROLET,AVEO,AVEO,0.1444230233022972,19.0,2156.0
chevrolet-aveo,2007.0,1.4 I4 Aveo LT,45500.0,47000.0,46250.0,"AED 45,500 - 47,000",AED,https://www.drivearabia.com/carprices/uae/chevrolet/chevrolet-aveo/2007/,2026-06-15T07:42:13Z,CHEVROLET,AVEO,AVEO,0.1444230233022972,19.0,2388.0
chevrolet-aveo,2008.0,1.4 I4 Aveo LS,41000.0,42500.0,41750.0,"AED 41,000 - 42,500",AED,https://www.drivearabia.com/carprices/uae/chevrolet/chevrolet-aveo/2008/,2026-06-15T07:42:15Z,CHEVROLET,AVEO,AVEO,0.1444230233022972,18.0,2520.0
chevrolet-aveo,2008.0,1.4 I4 Aveo LT,45500.0,47000.0,46250.0,"AED 45,500 - 47,000",AED,https://www.drivearabia.com/carprices/uae/chevrolet/chevrolet-aveo/2008/,2026-06-15T07:42:15Z,CHEVROLET,AVEO,AVEO,0.1444230233022972,18.0,2791.0
chevrolet-aveo,2009.0,1.4 I4 Aveo LS,41000.0,42500.0,41750.0,"AED 41,000 - 42,500",AED,https://www.drivearabia.com/carprices/uae/chevrolet/chevrolet-aveo/2009/,2026-06-15T07:42:17Z,CHEVROLET,AVEO,AVEO,0.1444230233022972,17.0,2945.0
chevrolet-aveo,2009.0,1.4 I4 Aveo LT,45500.0,47000.0,46250.0,"AED 45,500 - 47,000",AED,https://www.drivearabia.com/carprices/uae/chevrolet/chevrolet-aveo/2009/,2026-06-15T07:42:17Z,CHEVROLET,AVEO,AVEO,0.1444230233022972,17.0,3262.0
chevrolet-aveo,2010.0,1.4 I4 Aveo LS,41000.0,44000.0,42500.0,"AED 41,000 - 44,000",AED,https://www.drivearabia.com/carprices/uae/chevrolet/chevrolet-aveo/2010/,2026-06-15T07:42:19Z,CHEVROLET,AVEO,AVEO,0.1444230233022972,16.0,3504.0
chevrolet-aveo,2010.0,1.4 I4 Aveo LT,48000.0,49500.0,48750.0,"AED 48,000 - 49,500",AED,https://www.drivearabia.com/carprices/uae/chevrolet/chevrolet-aveo/2010/,2026-06-15T07:42:19Z,CHEVROLET,AVEO,AVEO,0.1444230233022972,16.0,4019.0
chevrolet-aveo,2011.0,1.4 I4 Aveo LS,41000.0,44000.0,42500.0,"AED 41,000 - 44,000",AED,https://www.drivearabia.com/carprices/uae/chevrolet/chevrolet-aveo/2011/,2026-06-15T07:42:21Z,CHEVROLET,AVEO,AVEO,0.1444230233022972,15.0,4095.0
chevrolet-aveo,2011.0,1.4 I4 Aveo LT,48000.0,49500.0,48750.0,"AED 48,000 - 49,500",AED,https://www.drivearabia.com/carprices/uae/chevrolet/chevrolet-aveo/2011/,2026-06-15T07:42:21Z,CHEVROLET,AVEO,AVEO,0.1444230233022972,15.0,4697.0
chevrolet-aveo,2012.0,1.4 I4 Aveo LS,41000.0,44000.0,42500.0,"AED 41,000 - 44,000",AED,https://www.drivearabia.com/carprices/uae/chevrolet/chevrolet-aveo/2012/,2026-06-15T07:42:23Z,CHEVROLET,AVEO,AVEO,0.1444230233022972,14.0,4786.0
chevrolet-aveo,2012.0,1.4 I4 Aveo LT,48000.0,49500.0,48750.0,"AED 48,000 - 49,500",AED,https://www.drivearabia.com/carprices/uae/chevrolet/chevrolet-aveo/2012/,2026-06-15T07:42:23Z,CHEVROLET,AVEO,AVEO,0.1444230233022972,14.0,5490.0
chevrolet-aveo,2013.0,1.4 I4 Aveo LS,41000.0,44000.0,42500.0,"AED 41,000 - 44,000",AED,https://www.drivearabia.com/carprices/uae/chevrolet/chevrolet-aveo/2013/,2026-06-15T07:42:24Z,CHEVROLET,AVEO,AVEO,0.1444230233022972,13.0,5594.0
chevrolet-aveo,2013.0,1.4 I4 Aveo LT,48000.0,49500.0,48750.0,"AED 48,000 - 49,500",AED,https://www.drivearabia.com/carprices/uae/chevrolet/chevrolet-aveo/2013/,2026-06-15T07:42:24Z,CHEVROLET,AVEO,AVEO,0.1444230233022972,13.0,6417.0
chevrolet-aveo,2014.0,1.4 I4 Aveo LS,41000.0,44000.0,42500.0,"AED 41,000 - 44,000",AED,https://www.drivearabia.com/carprices/uae/chevrolet/chevrolet-aveo/2014/,2026-06-15T07:42:26Z,CHEVROLET,AVEO,AVEO,0.1444230233022972,12.0,6539.0
chevrolet-aveo,2014.0,1.4 I4 Aveo LT,48000.0,49500.0,48750.0,"AED 48,000 - 49,500",AED,https://www.drivearabia.com/carprices/uae/chevrolet/chevrolet-aveo/2014/,2026-06-15T07:42:26Z,CHEVROLET,AVEO,AVEO,0.1444230233022972,12.0,7500.0
chevrolet-aveo,2015.0,1.4 I4 Aveo LS,41000.0,44000.0,42500.0,"AED 41,000 - 44,000",AED,https://www.drivearabia.com/carprices/uae/chevrolet/chevrolet-aveo/2015/,2026-06-15T07:42:28Z,CHEVROLET,AVEO,AVEO,0.1444230233022972,11.0,7643.0
chevrolet-aveo,2015.0,1.4 I4 Aveo LT,48000.0,49500.0,48750.0,"AED 48,000 - 49,500",AED,https://www.drivearabia.com/carprices/uae/chevrolet/chevrolet-aveo/2015/,2026-06-15T07:42:28Z,CHEVROLET,AVEO,AVEO,0.1444230233022972,11.0,8766.0
chevrolet-aveo,2016.0,1.4 I4 Aveo LS,41000.0,44000.0,42500.0,"AED 41,000 - 44,000",AED,https://www.drivearabia.com/carprices/uae/chevrolet/chevrolet-aveo/2016/,2026-06-15T07:42:30Z,CHEVROLET,AVEO,AVEO,0.1444230233022972,10.0,8933.0
chevrolet-aveo,2016.0,1.4 I4 Aveo LT,48000.0,49500.0,48750.0,"AED 48,000 - 49,500",AED,https://www.drivearabia.com/carprices/uae/chevrolet/chevrolet-aveo/2016/,2026-06-15T07:42:30Z,CHEVROLET,AVEO,AVEO,0.1444230233022972,10.0,10246.0
chevrolet-aveo,2017.0,1.6 I4 Base,45920.0,46000.0,45960.0,"AED 45,920 - 46,000",AED,https://www.drivearabia.com/carprices/uae/chevrolet/chevrolet-aveo/2017/,2026-06-15T07:42:32Z,CHEVROLET,AVEO,AVEO,0.1444230233022972,9.0,11290.0
chevrolet-aveo,2017.0,1.6 I4 LS,47910.0,48000.0,47955.0,"AED 47,910 - 48,000",AED,https://www.drivearabia.com/carprices/uae/chevrolet/chevrolet-aveo/2017/,2026-06-15T07:42:32Z,CHEVROLET,AVEO,AVEO,0.1444230233022972,9.0,11781.0
chevrolet-aveo,2017.0,1.6 I4 LT,53630.0,55000.0,54315.0,"AED 53,630 - 55,000",AED,https://www.drivearabia.com/carprices/uae/chevrolet/chevrolet-aveo/2017/,2026-06-15T07:42:32Z,CHEVROLET,AVEO,AVEO,0.1444230233022972,9.0,13343.0
chevrolet-aveo,2018.0,1.6 I4 Base,45920.0,46000.0,45960.0,"AED 45,920 - 46,000",AED,https://www.drivearabia.com/carprices/uae/chevrolet/chevrolet-aveo/2018/,2026-06-15T07:42:34Z,CHEVROLET,AVEO,AVEO,0.1444230233022972,8.0,13196.0
chevrolet-aveo,2018.0,1.6 I4 LS,47910.0,48000.0,47955.0,"AED 47,910 - 48,000",AED,https://www.drivearabia.com/carprices/uae/chevrolet/chevrolet-aveo/2018/,2026-06-15T07:42:34Z,CHEVROLET,AVEO,AVEO,0.1444230233022972,8.0,13769.0
chevrolet-aveo,2018.0,1.6 I4 LT,53630.0,55000.0,54315.0,"AED 53,630 - 55,000",AED,https://www.drivearabia.com/carprices/uae/chevrolet/chevrolet-aveo/2018/,2026-06-15T07:42:34Z,CHEVROLET,AVEO,AVEO,0.1444230233022972,8.0,15595.0
chevrolet-aveo,2019.0,1.6 I4 Base,45920.0,46000.0,45960.0,"AED 45,920 - 46,000",AED,https://www.drivearabia.com/carprices/uae/chevrolet/chevrolet-aveo/2019/,2026-06-15T07:42:36Z,CHEVROLET,AVEO,AVEO,0.1444230233022972,7.0,15424.0
chevrolet-aveo,2019.0,1.6 I4 LS,47910.0,48000.0,47955.0,"AED 47,910 - 48,000",AED,https://www.drivearabia.com/carprices/uae/chevrolet/chevrolet-aveo/2019/,2026-06-15T07:42:36Z,CHEVROLET,AVEO,AVEO,0.1444230233022972,7.0,16093.0
chevrolet-aveo,2019.0,1.6 I4 LT,53630.0,55000.0,54315.0,"AED 53,630 - 55,000",AED,https://www.drivearabia.com/carprices/uae/chevrolet/chevrolet-aveo/2019/,2026-06-15T07:42:36Z,CHEVROLET,AVEO,AVEO,0.1444230233022972,7.0,18228.0
chevrolet-aveo,2020.0,1.6 I4 Base,45920.0,46000.0,45960.0,"AED 45,920 - 46,000",AED,https://www.drivearabia.com/carprices/uae/chevrolet/chevrolet-aveo/2020/,2026-06-15T07:42:38Z,CHEVROLET,AVEO,AVEO,0.1444230233022972,6.0,18027.0
chevrolet-aveo,2020.0,1.6 I4 LS,47910.0,48000.0,47955.0,"AED 47,910 - 48,000",AED,https://www.drivearabia.com/carprices/uae/chevrolet/chevrolet-aveo/2020/,2026-06-15T07:42:38Z,CHEVROLET,AVEO,AVEO,0.1444230233022972,6.0,18810.0
chevrolet-aveo,2020.0,1.6 I4 LT,52630.0,53000.0,52815.0,"AED 52,630 - 53,000",AED,https://www.drivearabia.com/carprices/uae/chevrolet/chevrolet-aveo/2020/,2026-06-15T07:42:38Z,CHEVROLET,AVEO,AVEO,0.1444230233022972,6.0,20716.0
chevrolet-aveo-hatchback,2017.0,1.6 I4 Hatchback LS,45000.0,47500.0,46250.0,"AED 45,000 - 47,500",AED,https://www.drivearabia.com/carprices/uae/chevrolet/chevrolet-aveo-hatchback/2017/,2026-06-15T07:43:11Z,CHEVROLET,AVEO HATCHBACK,AVEO HATCHBACK,0.1444230233022972,9.0,11362.0
chevrolet-aveo-hatchback,2017.0,1.6 I4 Hatchback LT,52500.0,55000.0,53750.0,"AED 52,500 - 55,000",AED,https://www.drivearabia.com/carprices/uae/chevrolet/chevrolet-aveo-hatchback/2017/,2026-06-15T07:43:11Z,CHEVROLET,AVEO HATCHBACK,AVEO HATCHBACK,0.1444230233022972,9.0,13204.0
chevrolet-aveo-hatchback,2018.0,1.6 I4 Hatchback LS,45000.0,47500.0,46250.0,"AED 45,000 - 47,500",AED,https://www.drivearabia.com/carprices/uae/chevrolet/chevrolet-aveo-hatchback/2018/,2026-06-15T07:43:13Z,CHEVROLET,AVEO HATCHBACK,AVEO HATCHBACK,0.1444230233022972,8.0,13280.0
chevrolet-aveo-hatchback,2018.0,1.6 I4 Hatchback LT,52500.0,55000.0,53750.0,"AED 52,500 - 55,000",AED,https://www.drivearabia.com/carprices/uae/chevrolet/chevrolet-aveo-hatchback/2018/,2026-06-15T07:43:13Z,CHEVROLET,AVEO HATCHBACK,AVEO HATCHBACK,0.1444230233022972,8.0,15433.0
chevrolet-aveo5,2010.0,1.4 I4 Aveo LS,41000.0,42500.0,41750.0,"AED 41,000 - 42,500",AED,https://www.drivearabia.com/carprices/uae/chevrolet/chevrolet-aveo5/2010/,2026-06-15T07:43:42Z,CHEVROLET,AVEO5,AVEO5,0.1444230233022972,16.0,3442.0
chevrolet-aveo5,2010.0,1.4 I4 Aveo LT,45500.0,47000.0,46250.0,"AED 45,500 - 47,000",AED,https://www.drivearabia.com/carprices/uae/chevrolet/chevrolet-aveo5/2010/,2026-06-15T07:43:42Z,CHEVROLET,AVEO5,AVEO5,0.1444230233022972,16.0,3813.0
chevrolet-aveo5,2011.0,1.4 I4 Aveo LS,41000.0,42500.0,41750.0,"AED 41,000 - 42,500",AED,https://www.drivearabia.com/carprices/uae/chevrolet/chevrolet-aveo5/2011/,2026-06-15T07:43:44Z,CHEVROLET,AVEO5,AVEO5,0.1444230233022972,15.0,4023.0
chevrolet-aveo5,2011.0,1.4 I4 Aveo LT,45500.0,47000.0,46250.0,"AED 45,500 - 47,000",AED,https://www.drivearabia.com/carprices/uae/chevrolet/chevrolet-aveo5/2011/,2026-06-15T07:43:44Z,CHEVROLET,AVEO5,AVEO5,0.1444230233022972,15.0,4457.0
chevrolet-blazer,2019.0,2.5 I4 Blazer 1LT FWD,117700.0,120000.0,118850.0,"AED 117,700 - 120,000",AED,https://www.drivearabia.com/carprices/uae/chevrolet/chevrolet-blazer/2019/,2026-06-15T07:44:30Z,CHEVROLET,BLAZER,BLAZER,0.1058474673624003,7.0,54310.0
chevrolet-blazer,2019.0,3.6 V6 Blazer 2LT FWD,137000.0,138000.0,137500.0,"AED 137,000 - 138,000",AED,https://www.drivearabia.com/carprices/uae/chevrolet/chevrolet-blazer/2019/,2026-06-15T07:44:30Z,CHEVROLET,BLAZER,BLAZER,0.1058474673624003,7.0,62832.0
chevrolet-blazer,2019.0,3.6 V6 Blazer 3LT AWD,148000.0,149000.0,148500.0,"AED 148,000 - 149,000",AED,https://www.drivearabia.com/carprices/uae/chevrolet/chevrolet-blazer/2019/,2026-06-15T07:44:30Z,CHEVROLET,BLAZER,BLAZER,0.1058474673624003,7.0,67859.0
chevrolet-blazer,2019.0,3.6 V6 Blazer RS AWD,161000.0,162000.0,161500.0,"AED 161,000 - 162,000",AED,https://www.drivearabia.com/carprices/uae/chevrolet/chevrolet-blazer/2019/,2026-06-15T07:44:30Z,CHEVROLET,BLAZER,BLAZER,0.1058474673624003,7.0,73800.0
chevrolet-blazer,2019.0,3.6 V6 Blazer Premier AWD,173100.0,174000.0,173550.0,"AED 173,100 - 174,000",AED,https://www.drivearabia.com/carprices/uae/chevrolet/chevrolet-blazer/2019/,2026-06-15T07:44:30Z,CHEVROLET,BLAZER,BLAZER,0.1058474673624003,7.0,79306.0
chevrolet-blazer,2020.0,2.5 I4 Blazer 1LT FWD,117700.0,120000.0,118850.0,"AED 117,700 - 120,000",AED,https://www.drivearabia.com/carprices/uae/chevrolet/chevrolet-blazer/2020/,2026-06-15T07:44:32Z,CHEVROLET,BLAZER,BLAZER,0.1058474673624003,6.0,60739.0
chevrolet-blazer,2020.0,3.6 V6 Blazer 2LT FWD,137000.0,138000.0,137500.0,"AED 137,000 - 138,000",AED,https://www.drivearabia.com/carprices/uae/chevrolet/chevrolet-blazer/2020/,2026-06-15T07:44:32Z,CHEVROLET,BLAZER,BLAZER,0.1058474673624003,6.0,70270.0
chevrolet-blazer,2020.0,3.6 V6 Blazer 3LT AWD,148000.0,149000.0,148500.0,"AED 148,000 - 149,000",AED,https://www.drivearabia.com/carprices/uae/chevrolet/chevrolet-blazer/2020/,2026-06-15T07:44:32Z,CHEVROLET,BLAZER,BLAZER,0.1058474673624003,6.0,75892.0
chevrolet-blazer,2020.0,3.6 V6 Blazer RS AWD,161000.0,162000.0,161500.0,"AED 161,000 - 162,000",AED,https://www.drivearabia.com/carprices/uae/chevrolet/chevrolet-blazer/2020/,2026-06-15T07:44:32Z,CHEVROLET,BLAZER,BLAZER,0.1058474673624003,6.0,82536.0
chevrolet-blazer,2020.0,3.6 V6 Blazer Premier AWD,173100.0,174000.0,173550.0,"AED 173,100 - 174,000",AED,https://www.drivearabia.com/carprices/uae/chevrolet/chevrolet-blazer/2020/,2026-06-15T07:44:32Z,CHEVROLET,BLAZER,BLAZER,0.1058474673624003,6.0,88694.0
chevrolet-blazer,2021.0,2.5 I4 Blazer 1LT FWD,117700.0,120000.0,118850.0,"AED 117,700 - 120,000",AED,https://www.drivearabia.com/carprices/uae/chevrolet/chevrolet-blazer/2021/,2026-06-15T07:44:34Z,CHEVROLET,BLAZER,BLAZER,0.1058474673624003,5.0,67929.0
chevrolet-blazer,2021.0,3.6 V6 Blazer 2LT FWD,137000.0,138000.0,137500.0,"AED 137,000 - 138,000",AED,https://www.drivearabia.com/carprices/uae/chevrolet/chevrolet-blazer/2021/,2026-06-15T07:44:34Z,CHEVROLET,BLAZER,BLAZER,0.1058474673624003,5.0,78589.0
chevrolet-blazer,2021.0,3.6 V6 Blazer 3LT AWD,148000.0,149000.0,148500.0,"AED 148,000 - 149,000",AED,https://www.drivearabia.com/carprices/uae/chevrolet/chevrolet-blazer/2021/,2026-06-15T07:44:34Z,CHEVROLET,BLAZER,BLAZER,0.1058474673624003,5.0,84876.0
chevrolet-blazer,2021.0,3.6 V6 Blazer RS AWD,161000.0,162000.0,161500.0,"AED 161,000 - 162,000",AED,https://www.drivearabia.com/carprices/uae/chevrolet/chevrolet-blazer/2021/,2026-06-15T07:44:34Z,CHEVROLET,BLAZER,BLAZER,0.1058474673624003,5.0,92306.0
chevrolet-blazer,2021.0,3.6 V6 Blazer Premier AWD,173100.0,174000.0,173550.0,"AED 173,100 - 174,000",AED,https://www.drivearabia.com/carprices/uae/chevrolet/chevrolet-blazer/2021/,2026-06-15T07:44:34Z,CHEVROLET,BLAZER,BLAZER,0.1058474673624003,5.0,99193.0
chevrolet-blazer,2022.0,2.0TC I4 Blazer LT FWD,128800.0,130000.0,129400.0,"AED 128,800 - 130,000",AED,https://www.drivearabia.com/carprices/uae/chevrolet/chevrolet-blazer/2022/,2026-06-15T07:44:36Z,CHEVROLET,BLAZER,BLAZER,0.1058474673624003,4.0,82714.0
chevrolet-blazer,2022.0,3.6 V6 Blazer RS AWD,169900.0,170000.0,169950.0,"AED 169,900 - 170,000",AED,https://www.drivearabia.com/carprices/uae/chevrolet/chevrolet-blazer/2022/,2026-06-15T07:44:36Z,CHEVROLET,BLAZER,BLAZER,0.1058474673624003,4.0,108634.0
chevrolet-blazer,2022.0,3.6 V6 Blazer Premier AWD,178000.0,179000.0,178500.0,"AED 178,000 - 179,000",AED,https://www.drivearabia.com/carprices/uae/chevrolet/chevrolet-blazer/2022/,2026-06-15T07:44:36Z,CHEVROLET,BLAZER,BLAZER,0.1058474673624003,4.0,114100.0
chevrolet-blazer,2023.0,2.0TC I4 Blazer LT FWD,128800.0,130000.0,129400.0,"AED 128,800 - 130,000",AED,https://www.drivearabia.com/carprices/uae/chevrolet/chevrolet-blazer/2023/,2026-06-15T07:44:38Z,CHEVROLET,BLAZER,BLAZER,0.1058474673624003,3.0,92506.0
chevrolet-blazer,2023.0,3.6 V6 Blazer RS AWD,169900.0,170000.0,169950.0,"AED 169,900 - 170,000",AED,https://www.drivearabia.com/carprices/uae/chevrolet/chevrolet-blazer/2023/,2026-06-15T07:44:38Z,CHEVROLET,BLAZER,BLAZER,0.1058474673624003,3.0,121494.0
chevrolet-blazer,2023.0,3.6 V6 Blazer Premier AWD,178000.0,179000.0,178500.0,"AED 178,000 - 179,000",AED,https://www.drivearabia.com/carprices/uae/chevrolet/chevrolet-blazer/2023/,2026-06-15T07:44:38Z,CHEVROLET,BLAZER,BLAZER,0.1058474673624003,3.0,127607.0
chevrolet-blazer,2024.0,2.0TC I4 Blazer RS FWD,183000.0,184000.0,183500.0,"AED 183,000 - 184,000",AED,https://www.drivearabia.com/carprices/uae/chevrolet/chevrolet-blazer/2024/,2026-06-15T07:44:40Z,CHEVROLET,BLAZER,BLAZER,0.1058474673624003,2.0,146710.0
chevrolet-blazer,2024.0,3.6 V6 Blazer RS AWD,191000.0,192000.0,191500.0,"AED 191,000 - 192,000",AED,https://www.drivearabia.com/carprices/uae/chevrolet/chevrolet-blazer/2024/,2026-06-15T07:44:40Z,CHEVROLET,BLAZER,BLAZER,0.1058474673624003,2.0,153106.0
chevrolet-blazer,2024.0,3.6 V6 Blazer Premier AWD,192500.0,193000.0,192750.0,"AED 192,500 - 193,000",AED,https://www.drivearabia.com/carprices/uae/chevrolet/chevrolet-blazer/2024/,2026-06-15T07:44:40Z,CHEVROLET,BLAZER,BLAZER,0.1058474673624003,2.0,154105.0
chevrolet-blazer,2025.0,2.0TC I4 Blazer RS FWD,183000.0,184000.0,183500.0,"AED 183,000 - 184,000",AED,https://www.drivearabia.com/carprices/uae/chevrolet/chevrolet-blazer/2025/,2026-06-15T07:44:42Z,CHEVROLET,BLAZER,BLAZER,0.1058474673624003,1.0,164077.0
chevrolet-blazer,2025.0,3.6 V6 Blazer RS AWD,191000.0,192000.0,191500.0,"AED 191,000 - 192,000",AED,https://www.drivearabia.com/carprices/uae/chevrolet/chevrolet-blazer/2025/,2026-06-15T07:44:42Z,CHEVROLET,BLAZER,BLAZER,0.1058474673624003,1.0,171230.0
chevrolet-blazer,2025.0,3.6 V6 Blazer Premier AWD,192500.0,193000.0,192750.0,"AED 192,500 - 193,000",AED,https://www.drivearabia.com/carprices/uae/chevrolet/chevrolet-blazer/2025/,2026-06-15T07:44:42Z,CHEVROLET,BLAZER,BLAZER,0.1058474673624003,1.0,172348.0
chevrolet-blazer,2026.0,2.0TC I4 Blazer RS FWD,183000.0,184000.0,183500.0,"AED 183,000 - 184,000",AED,https://www.drivearabia.com/carprices/uae/chevrolet/chevrolet-blazer/2026/,2026-06-15T07:44:44Z,CHEVROLET,BLAZER,BLAZER,0.1058474673624003,0.0,183500.0
chevrolet-blazer,2026.0,3.6 V6 Blazer RS AWD,191000.0,192000.0,191500.0,"AED 191,000 - 192,000",AED,https://www.drivearabia.com/carprices/uae/chevrolet/chevrolet-blazer/2026/,2026-06-15T07:44:44Z,CHEVROLET,BLAZER,BLAZER,0.1058474673624003,0.0,191500.0
chevrolet-blazer,2026.0,3.6 V6 Blazer Premier AWD,192500.0,193000.0,192750.0,"AED 192,500 - 193,000",AED,https://www.drivearabia.com/carprices/uae/chevrolet/chevrolet-blazer/2026/,2026-06-15T07:44:44Z,CHEVROLET,BLAZER,BLAZER,0.1058474673624003,0.0,192750.0
chevrolet-bolt,2019.0,65kWh Bolt FWD,174500.0,175000.0,174750.0,"AED 174,500 - 175,000",AED,https://www.drivearabia.com/carprices/uae/chevrolet/chevrolet-bolt/2019/,2026-06-15T07:45:13Z,CHEVROLET,BOLT,BOLT,0.0376723937833203,7.0,133560.0
chevrolet-bolt,2020.0,65kWh Bolt FWD,174500.0,175000.0,174750.0,"AED 174,500 - 175,000",AED,https://www.drivearabia.com/carprices/uae/chevrolet/chevrolet-bolt/2020/,2026-06-15T07:45:15Z,CHEVROLET,BOLT,BOLT,0.0376723937833203,6.0,138789.0
chevrolet-bolt,2021.0,65kWh Bolt FWD,174500.0,175000.0,174750.0,"AED 174,500 - 175,000",AED,https://www.drivearabia.com/carprices/uae/chevrolet/chevrolet-bolt/2021/,2026-06-15T07:45:17Z,CHEVROLET,BOLT,BOLT,0.0376723937833203,5.0,144222.0
chevrolet-bolt,2022.0,65kWh Bolt FWD,174500.0,175000.0,174750.0,"AED 174,500 - 175,000",AED,https://www.drivearabia.com/carprices/uae/chevrolet/chevrolet-bolt/2022/,2026-06-15T07:45:19Z,CHEVROLET,BOLT,BOLT,0.0376723937833203,4.0,149868.0
chevrolet-bolt-euv,2022.0,65KWh Bolt EUV FWD,174500.0,175000.0,174750.0,"AED 174,500 - 175,000",AED,https://www.drivearabia.com/carprices/uae/chevrolet/chevrolet-bolt-euv/2022/,2026-06-15T07:45:56Z,CHEVROLET,BOLT EUV,BOLT EUV,0.0376723937833203,4.0,149868.0
chevrolet-bolt-euv,2023.0,65KWh Bolt EUV FWD,174500.0,175000.0,174750.0,"AED 174,500 - 175,000",AED,https://www.drivearabia.com/carprices/uae/chevrolet/chevrolet-bolt-euv/2023/,2026-06-15T07:45:58Z,CHEVROLET,BOLT EUV,BOLT EUV,0.0376723937833203,3.0,155735.0
chevrolet-bolt-euv,2024.0,65KWh Bolt EUV FWD,174500.0,175000.0,174750.0,"AED 174,500 - 175,000",AED,https://www.drivearabia.com/carprices/uae/chevrolet/chevrolet-bolt-euv/2024/,2026-06-15T07:46:00Z,CHEVROLET,BOLT EUV,BOLT EUV,0.0376723937833203,2.0,161832.0
chevrolet-camaro,2010.0,3.6 V6 Camaro LS,120000.0,122000.0,121000.0,"AED 120,000 - 122,000",AED,https://www.drivearabia.com/carprices/uae/chevrolet/chevrolet-camaro/2010/,2026-06-15T07:46:21Z,CHEVROLET,CAMARO,CAMARO,0.1533607215439537,16.0,8433.0
chevrolet-camaro,2010.0,3.6 V6 Camaro LT,148000.0,150000.0,149000.0,"AED 148,000 - 150,000",AED,https://www.drivearabia.com/carprices/uae/chevrolet/chevrolet-camaro/2010/,2026-06-15T07:46:21Z,CHEVROLET,CAMARO,CAMARO,0.1533607215439537,16.0,10384.0
chevrolet-camaro,2010.0,6.2 V8 Camaro SS,160000.0,180000.0,170000.0,"AED 160,000 - 180,000",AED,https://www.drivearabia.com/carprices/uae/chevrolet/chevrolet-camaro/2010/,2026-06-15T07:46:21Z,CHEVROLET,CAMARO,CAMARO,0.1533607215439537,16.0,11847.0
chevrolet-camaro,2011.0,3.6 V6 Camaro LS,120000.0,122000.0,121000.0,"AED 120,000 - 122,000",AED,https://www.drivearabia.com/carprices/uae/chevrolet/chevrolet-camaro/2011/,2026-06-15T07:46:23Z,CHEVROLET,CAMARO,CAMARO,0.1533607215439537,15.0,9960.0
chevrolet-camaro,2011.0,3.6 V6 Camaro LT,148000.0,150000.0,149000.0,"AED 148,000 - 150,000",AED,https://www.drivearabia.com/carprices/uae/chevrolet/chevrolet-camaro/2011/,2026-06-15T07:46:23Z,CHEVROLET,CAMARO,CAMARO,0.1533607215439537,15.0,12265.0
chevrolet-camaro,2011.0,6.2 V8 Camaro SS,160000.0,180000.0,170000.0,"AED 160,000 - 180,000",AED,https://www.drivearabia.com/carprices/uae/chevrolet/chevrolet-camaro/2011/,2026-06-15T07:46:23Z,CHEVROLET,CAMARO,CAMARO,0.1533607215439537,15.0,13993.0
chevrolet-camaro,2012.0,3.6 V6 Camaro LS,120000.0,122000.0,121000.0,"AED 120,000 - 122,000",AED,https://www.drivearabia.com/carprices/uae/chevrolet/chevrolet-camaro/2012/,2026-06-15T07:46:24Z,CHEVROLET,CAMARO,CAMARO,0.1533607215439537,14.0,11764.0
chevrolet-camaro,2012.0,3.6 V6 Camaro LT,148000.0,150000.0,149000.0,"AED 148,000 - 150,000",AED,https://www.drivearabia.com/carprices/uae/chevrolet/chevrolet-camaro/2012/,2026-06-15T07:46:24Z,CHEVROLET,CAMARO,CAMARO,0.1533607215439537,14.0,14487.0
chevrolet-camaro,2012.0,6.2 V8 Camaro SS,160000.0,180000.0,170000.0,"AED 160,000 - 180,000",AED,https://www.drivearabia.com/carprices/uae/chevrolet/chevrolet-camaro/2012/,2026-06-15T07:46:24Z,CHEVROLET,CAMARO,CAMARO,0.1533607215439537,14.0,16528.0
chevrolet-camaro,2013.0,3.6 V6 Camaro LT,132900.0,135000.0,133950.0,"AED 132,900 - 135,000",AED,https://www.drivearabia.com/carprices/uae/chevrolet/chevrolet-camaro/2013/,2026-06-15T07:46:26Z,CHEVROLET,CAMARO,CAMARO,0.1533607215439537,13.0,15382.0
chevrolet-camaro,2013.0,6.2 V8 Camaro SS,185000.0,189000.0,187000.0,"AED 185,000 - 189,000",AED,https://www.drivearabia.com/carprices/uae/chevrolet/chevrolet-camaro/2013/,2026-06-15T07:46:26Z,CHEVROLET,CAMARO,CAMARO,0.1533607215439537,13.0,21474.0
chevrolet-camaro,2013.0,6.2SC V8 Camaro ZL1,245000.0,250000.0,247500.0,"AED 245,000 - 250,000",AED,https://www.drivearabia.com/carprices/uae/chevrolet/chevrolet-camaro/2013/,2026-06-15T07:46:26Z,CHEVROLET,CAMARO,CAMARO,0.1533607215439537,13.0,28422.0
chevrolet-camaro,2014.0,3.6 V6 Camaro LT,132900.0,135000.0,133950.0,"AED 132,900 - 135,000",AED,https://www.drivearabia.com/carprices/uae/chevrolet/chevrolet-camaro/2014/,2026-06-15T07:46:29Z,CHEVROLET,CAMARO,CAMARO,0.1533607215439537,12.0,18169.0
chevrolet-camaro,2014.0,6.2 V8 Camaro SS,185000.0,189000.0,187000.0,"AED 185,000 - 189,000",AED,https://www.drivearabia.com/carprices/uae/chevrolet/chevrolet-camaro/2014/,2026-06-15T07:46:29Z,CHEVROLET,CAMARO,CAMARO,0.1533607215439537,12.0,25364.0
chevrolet-camaro,2014.0,6.2SC V8 Camaro ZL1,245000.0,250000.0,247500.0,"AED 245,000 - 250,000",AED,https://www.drivearabia.com/carprices/uae/chevrolet/chevrolet-camaro/2014/,2026-06-15T07:46:29Z,CHEVROLET,CAMARO,CAMARO,0.1533607215439537,12.0,33570.0
chevrolet-camaro,2015.0,3.6 V6 Camaro LT,132900.0,135000.0,133950.0,"AED 132,900 - 135,000",AED,https://www.drivearabia.com/carprices/uae/chevrolet/chevrolet-camaro/2015/,2026-06-15T07:46:30Z,CHEVROLET,CAMARO,CAMARO,0.1533607215439537,11.0,21460.0
chevrolet-camaro,2015.0,6.2 V8 Camaro SS,185000.0,189000.0,187000.0,"AED 185,000 - 189,000",AED,https://www.drivearabia.com/carprices/uae/chevrolet/chevrolet-camaro/2015/,2026-06-15T07:46:30Z,CHEVROLET,CAMARO,CAMARO,0.1533607215439537,11.0,29959.0
chevrolet-camaro,2015.0,6.2SC V8 Camaro ZL1,245000.0,250000.0,247500.0,"AED 245,000 - 250,000",AED,https://www.drivearabia.com/carprices/uae/chevrolet/chevrolet-camaro/2015/,2026-06-15T07:46:30Z,CHEVROLET,CAMARO,CAMARO,0.1533607215439537,11.0,39651.0
chevrolet-camaro,2016.0,2.0TC I4 Camaro 1LT,130000.0,135000.0,132500.0,"AED 130,000 - 135,000",AED,https://www.drivearabia.com/carprices/uae/chevrolet/chevrolet-camaro/2016/,2026-06-15T07:46:32Z,CHEVROLET,CAMARO,CAMARO,0.1533607215439537,10.0,25073.0
chevrolet-camaro,2016.0,3.6 V6 Camaro 2LT,155000.0,160000.0,157500.0,"AED 155,000 - 160,000",AED,https://www.drivearabia.com/carprices/uae/chevrolet/chevrolet-camaro/2016/,2026-06-15T07:46:32Z,CHEVROLET,CAMARO,CAMARO,0.1533607215439537,10.0,29803.0
chevrolet-camaro,2016.0,6.2 V8 Camaro SS,196000.0,220000.0,208000.0,"AED 196,000 - 220,000",AED,https://www.drivearabia.com/carprices/uae/chevrolet/chevrolet-camaro/2016/,2026-06-15T07:46:32Z,CHEVROLET,CAMARO,CAMARO,0.1533607215439537,10.0,39359.0
chevrolet-camaro,2017.0,2.0TC I4 Camaro 1LT,130000.0,135000.0,132500.0,"AED 130,000 - 135,000",AED,https://www.drivearabia.com/carprices/uae/chevrolet/chevrolet-camaro/2017/,2026-06-15T07:46:34Z,CHEVROLET,CAMARO,CAMARO,0.1533607215439537,9.0,29614.0
chevrolet-camaro,2017.0,3.6 V6 Camaro 2LT,155000.0,160000.0,157500.0,"AED 155,000 - 160,000",AED,https://www.drivearabia.com/carprices/uae/chevrolet/chevrolet-camaro/2017/,2026-06-15T07:46:34Z,CHEVROLET,CAMARO,CAMARO,0.1533607215439537,9.0,35202.0
chevrolet-camaro,2017.0,6.2 V8 Camaro SS,196000.0,220000.0,208000.0,"AED 196,000 - 220,000",AED,https://www.drivearabia.com/carprices/uae/chevrolet/chevrolet-camaro/2017/,2026-06-15T07:46:34Z,CHEVROLET,CAMARO,CAMARO,0.1533607215439537,9.0,46489.0
chevrolet-camaro,2018.0,2.0TC I4 Camaro 1LT,130000.0,135000.0,132500.0,"AED 130,000 - 135,000",AED,https://www.drivearabia.com/carprices/uae/chevrolet/chevrolet-camaro/2018/,2026-06-15T07:46:36Z,CHEVROLET,CAMARO,CAMARO,0.1533607215439537,8.0,34979.0
chevrolet-camaro,2018.0,3.6 V6 Camaro 2LT,155000.0,160000.0,157500.0,"AED 155,000 - 160,000",AED,https://www.drivearabia.com/carprices/uae/chevrolet/chevrolet-camaro/2018/,2026-06-15T07:46:36Z,CHEVROLET,CAMARO,CAMARO,0.1533607215439537,8.0,41578.0
chevrolet-camaro,2018.0,6.2 V8 Camaro SS,196000.0,220000.0,208000.0,"AED 196,000 - 220,000",AED,https://www.drivearabia.com/carprices/uae/chevrolet/chevrolet-camaro/2018/,2026-06-15T07:46:36Z,CHEVROLET,CAMARO,CAMARO,0.1533607215439537,8.0,54910.0
chevrolet-camaro,2019.0,3.6 V6 Camaro 1LT,145000.0,150000.0,147500.0,"AED 145,000 - 150,000",AED,https://www.drivearabia.com/carprices/uae/chevrolet/chevrolet-camaro/2019/,2026-06-15T07:46:38Z,CHEVROLET,CAMARO,CAMARO,0.1533607215439537,7.0,45992.0
chevrolet-camaro,2019.0,3.6 V6 Camaro 2LT,175000.0,180000.0,177500.0,"AED 175,000 - 180,000",AED,https://www.drivearabia.com/carprices/uae/chevrolet/chevrolet-camaro/2019/,2026-06-15T07:46:38Z,CHEVROLET,CAMARO,CAMARO,0.1533607215439537,7.0,55346.0
chevrolet-camaro,2019.0,6.2 V8 Camaro SS,227000.0,230000.0,228500.0,"AED 227,000 - 230,000",AED,https://www.drivearabia.com/carprices/uae/chevrolet/chevrolet-camaro/2019/,2026-06-15T07:46:38Z,CHEVROLET,CAMARO,CAMARO,0.1533607215439537,7.0,71248.0
chevrolet-camaro,2020.0,3.6 V6 Camaro 1LT,145000.0,150000.0,147500.0,"AED 145,000 - 150,000",AED,https://www.drivearabia.com/carprices/uae/chevrolet/chevrolet-camaro/2020/,2026-06-15T07:46:40Z,CHEVROLET,CAMARO,CAMARO,0.1533607215439537,6.0,54323.0
chevrolet-camaro,2020.0,3.6 V6 Camaro 2LT,175000.0,180000.0,177500.0,"AED 175,000 - 180,000",AED,https://www.drivearabia.com/carprices/uae/chevrolet/chevrolet-camaro/2020/,2026-06-15T07:46:40Z,CHEVROLET,CAMARO,CAMARO,0.1533607215439537,6.0,65372.0
chevrolet-camaro,2020.0,6.2 V8 Camaro SS,227000.0,230000.0,228500.0,"AED 227,000 - 230,000",AED,https://www.drivearabia.com/carprices/uae/chevrolet/chevrolet-camaro/2020/,2026-06-15T07:46:40Z,CHEVROLET,CAMARO,CAMARO,0.1533607215439537,6.0,84154.0
chevrolet-camaro,2021.0,3.6 V6 Camaro 1LT,145000.0,150000.0,147500.0,"AED 145,000 - 150,000",AED,https://www.drivearabia.com/carprices/uae/chevrolet/chevrolet-camaro/2021/,2026-06-15T07:46:42Z,CHEVROLET,CAMARO,CAMARO,0.1533607215439537,5.0,64163.0
chevrolet-camaro,2021.0,3.6 V6 Camaro 2LT,175000.0,180000.0,177500.0,"AED 175,000 - 180,000",AED,https://www.drivearabia.com/carprices/uae/chevrolet/chevrolet-camaro/2021/,2026-06-15T07:46:42Z,CHEVROLET,CAMARO,CAMARO,0.1533607215439537,5.0,77213.0
chevrolet-camaro,2021.0,6.2 V8 Camaro SS,227000.0,230000.0,228500.0,"AED 227,000 - 230,000",AED,https://www.drivearabia.com/carprices/uae/chevrolet/chevrolet-camaro/2021/,2026-06-15T07:46:42Z,CHEVROLET,CAMARO,CAMARO,0.1533607215439537,5.0,99398.0
chevrolet-camaro,2022.0,3.6 V6 Camaro 1LT,145000.0,150000.0,147500.0,"AED 145,000 - 150,000",AED,https://www.drivearabia.com/carprices/uae/chevrolet/chevrolet-camaro/2022/,2026-06-15T07:46:44Z,CHEVROLET,CAMARO,CAMARO,0.1533607215439537,4.0,75785.0
chevrolet-camaro,2022.0,3.6 V6 Camaro 2LT,175000.0,180000.0,177500.0,"AED 175,000 - 180,000",AED,https://www.drivearabia.com/carprices/uae/chevrolet/chevrolet-camaro/2022/,2026-06-15T07:46:44Z,CHEVROLET,CAMARO,CAMARO,0.1533607215439537,4.0,91199.0
chevrolet-camaro,2022.0,6.2 V8 Camaro SS,227000.0,230000.0,228500.0,"AED 227,000 - 230,000",AED,https://www.drivearabia.com/carprices/uae/chevrolet/chevrolet-camaro/2022/,2026-06-15T07:46:44Z,CHEVROLET,CAMARO,CAMARO,0.1533607215439537,4.0,117403.0
chevrolet-camaro,2023.0,3.6 V6 Camaro 1LT,162300.0,168000.0,165150.0,"AED 162,300 - 168,000",AED,https://www.drivearabia.com/carprices/uae/chevrolet/chevrolet-camaro/2023/,2026-06-15T07:46:45Z,CHEVROLET,CAMARO,CAMARO,0.1533607215439537,3.0,100224.0
chevrolet-camaro,2023.0,3.6 V6 Camaro 3LT,196000.0,200000.0,198000.0,"AED 196,000 - 200,000",AED,https://www.drivearabia.com/carprices/uae/chevrolet/chevrolet-camaro/2023/,2026-06-15T07:46:45Z,CHEVROLET,CAMARO,CAMARO,0.1533607215439537,3.0,120160.0
chevrolet-camaro,2023.0,6.2 V8 Camaro SS,237900.0,240000.0,238950.0,"AED 237,900 - 240,000",AED,https://www.drivearabia.com/carprices/uae/chevrolet/chevrolet-camaro/2023/,2026-06-15T07:46:45Z,CHEVROLET,CAMARO,CAMARO,0.1533607215439537,3.0,145011.0
chevrolet-camaro-convertible,2011.0,3.6 V8 Camaro Convertible LT,140000.0,150000.0,145000.0,"AED 140,000 - 150,000",AED,https://www.drivearabia.com/carprices/uae/chevrolet/chevrolet-camaro-convertible/2011/,2026-06-15T07:47:09Z,CHEVROLET,CAMARO CONVERTIBLE,CAMARO CONVERTIBLE,0.1533607215439537,15.0,11936.0
chevrolet-camaro-convertible,2011.0,6.2 V8 Camaro Convertible SS,175000.0,195000.0,185000.0,"AED 175,000 - 195,000",AED,https://www.drivearabia.com/carprices/uae/chevrolet/chevrolet-camaro-convertible/2011/,2026-06-15T07:47:09Z,CHEVROLET,CAMARO CONVERTIBLE,CAMARO CONVERTIBLE,0.1533607215439537,15.0,15228.0
chevrolet-camaro-convertible,2012.0,3.6 V8 Camaro Convertible LT,140000.0,150000.0,145000.0,"AED 140,000 - 150,000",AED,https://www.drivearabia.com/carprices/uae/chevrolet/chevrolet-camaro-convertible/2012/,2026-06-15T07:47:11Z,CHEVROLET,CAMARO CONVERTIBLE,CAMARO CONVERTIBLE,0.1533607215439537,14.0,14098.0
chevrolet-camaro-convertible,2012.0,6.2 V8 Camaro Convertible SS,175000.0,195000.0,185000.0,"AED 175,000 - 195,000",AED,https://www.drivearabia.com/carprices/uae/chevrolet/chevrolet-camaro-convertible/2012/,2026-06-15T07:47:11Z,CHEVROLET,CAMARO CONVERTIBLE,CAMARO CONVERTIBLE,0.1533607215439537,14.0,17987.0
chevrolet-camaro-convertible,2013.0,3.6 V6 Camaro Convertible LT,159000.0,160000.0,159500.0,"AED 159,000 - 160,000",AED,https://www.drivearabia.com/carprices/uae/chevrolet/chevrolet-camaro-convertible/2013/,2026-06-15T07:47:13Z,CHEVROLET,CAMARO CONVERTIBLE,CAMARO CONVERTIBLE,0.1533607215439537,13.0,18316.0
chevrolet-camaro-convertible,2013.0,6.2 V8 Camaro Convertible SS,200000.0,205000.0,202500.0,"AED 200,000 - 205,000",AED,https://www.drivearabia.com/carprices/uae/chevrolet/chevrolet-camaro-convertible/2013/,2026-06-15T07:47:13Z,CHEVROLET,CAMARO CONVERTIBLE,CAMARO CONVERTIBLE,0.1533607215439537,13.0,23254.0
chevrolet-camaro-convertible,2013.0,6.2SC V8 Camaro Convertible ZL1,260000.0,270000.0,265000.0,"AED 260,000 - 270,000",AED,https://www.drivearabia.com/carprices/uae/chevrolet/chevrolet-camaro-convertible/2013/,2026-06-15T07:47:13Z,CHEVROLET,CAMARO CONVERTIBLE,CAMARO CONVERTIBLE,0.1533607215439537,13.0,30432.0
chevrolet-camaro-convertible,2014.0,3.6 V6 Camaro Convertible LT,145000.0,150000.0,147500.0,"AED 145,000 - 150,000",AED,https://www.drivearabia.com/carprices/uae/chevrolet/chevrolet-camaro-convertible/2014/,2026-06-15T07:47:15Z,CHEVROLET,CAMARO CONVERTIBLE,CAMARO CONVERTIBLE,0.1533607215439537,12.0,20007.0
chevrolet-camaro-convertible,2014.0,6.2 V8 Camaro Convertible SS,205000.0,210000.0,207500.0,"AED 205,000 - 210,000",AED,https://www.drivearabia.com/carprices/uae/chevrolet/chevrolet-camaro-convertible/2014/,2026-06-15T07:47:15Z,CHEVROLET,CAMARO CONVERTIBLE,CAMARO CONVERTIBLE,0.1533607215439537,12.0,28145.0
chevrolet-camaro-convertible,2014.0,6.2 SC V8 Camaro Convertible ZL1,250000.0,255000.0,252500.0,"AED 250,000 - 255,000",AED,https://www.drivearabia.com/carprices/uae/chevrolet/chevrolet-camaro-convertible/2014/,2026-06-15T07:47:15Z,CHEVROLET,CAMARO CONVERTIBLE,CAMARO CONVERTIBLE,0.1533607215439537,12.0,34249.0
chevrolet-camaro-convertible,2015.0,3.6 V6 Camaro Convertible LT,145000.0,150000.0,147500.0,"AED 145,000 - 150,000",AED,https://www.drivearabia.com/carprices/uae/chevrolet/chevrolet-camaro-convertible/2015/,2026-06-15T07:47:17Z,CHEVROLET,CAMARO CONVERTIBLE,CAMARO CONVERTIBLE,0.1533607215439537,11.0,23631.0
chevrolet-camaro-convertible,2015.0,6.2 V8 Camaro Convertible SS,205000.0,210000.0,207500.0,"AED 205,000 - 210,000",AED,https://www.drivearabia.com/carprices/uae/chevrolet/chevrolet-camaro-convertible/2015/,2026-06-15T07:47:17Z,CHEVROLET,CAMARO CONVERTIBLE,CAMARO CONVERTIBLE,0.1533607215439537,11.0,33243.0
chevrolet-camaro-convertible,2015.0,6.2 SC V8 Camaro Convertible ZL1,250000.0,255000.0,252500.0,"AED 250,000 - 255,000",AED,https://www.drivearabia.com/carprices/uae/chevrolet/chevrolet-camaro-convertible/2015/,2026-06-15T07:47:17Z,CHEVROLET,CAMARO CONVERTIBLE,CAMARO CONVERTIBLE,0.1533607215439537,11.0,40452.0
chevrolet-camaro-convertible,2016.0,3.6 V6 Camaro Convertible LT,145000.0,150000.0,147500.0,"AED 145,000 - 150,000",AED,https://www.drivearabia.com/carprices/uae/chevrolet/chevrolet-camaro-convertible/2016/,2026-06-15T07:47:19Z,CHEVROLET,CAMARO CONVERTIBLE,CAMARO CONVERTIBLE,0.1533607215439537,10.0,27911.0
chevrolet-camaro-convertible,2016.0,6.2 V8 Camaro Convertible SS,205000.0,210000.0,207500.0,"AED 205,000 - 210,000",AED,https://www.drivearabia.com/carprices/uae/chevrolet/chevrolet-camaro-convertible/2016/,2026-06-15T07:47:19Z,CHEVROLET,CAMARO CONVERTIBLE,CAMARO CONVERTIBLE,0.1533607215439537,10.0,39265.0
chevrolet-camaro-convertible,2016.0,6.2 SC V8 Camaro Convertible ZL1,250000.0,255000.0,252500.0,"AED 250,000 - 255,000",AED,https://www.drivearabia.com/carprices/uae/chevrolet/chevrolet-camaro-convertible/2016/,2026-06-15T07:47:19Z,CHEVROLET,CAMARO CONVERTIBLE,CAMARO CONVERTIBLE,0.1533607215439537,10.0,47780.0
chevrolet-camaro-convertible,2017.0,3.6 V6 Camaro Convertible 1LT,135000.0,135000.0,135000.0,"AED 135,000",AED,https://www.drivearabia.com/carprices/uae/chevrolet/chevrolet-camaro-convertible/2017/,2026-06-15T07:47:21Z,CHEVROLET,CAMARO CONVERTIBLE,CAMARO CONVERTIBLE,0.1533607215439537,9.0,30173.0
chevrolet-camaro-convertible,2017.0,3.6 V6 Camaro Convertible 2LT,160000.0,160000.0,160000.0,"AED 160,000",AED,https://www.drivearabia.com/carprices/uae/chevrolet/chevrolet-camaro-convertible/2017/,2026-06-15T07:47:21Z,CHEVROLET,CAMARO CONVERTIBLE,CAMARO CONVERTIBLE,0.1533607215439537,9.0,35761.0
chevrolet-camaro-convertible,2017.0,6.2 V8 Camaro Convertible SS,200000.0,220000.0,210000.0,"AED 200,000 - 220,000",AED,https://www.drivearabia.com/carprices/uae/chevrolet/chevrolet-camaro-convertible/2017/,2026-06-15T07:47:21Z,CHEVROLET,CAMARO CONVERTIBLE,CAMARO CONVERTIBLE,0.1533607215439537,9.0,46936.0
chevrolet-camaro-convertible,2018.0,3.6 V6 Camaro Convertible 1LT,142300.0,143000.0,142650.0,"AED 142,300 - 143,000",AED,https://www.drivearabia.com/carprices/uae/chevrolet/chevrolet-camaro-convertible/2018/,2026-06-15T07:47:22Z,CHEVROLET,CAMARO CONVERTIBLE,CAMARO CONVERTIBLE,0.1533607215439537,8.0,37658.0
chevrolet-camaro-convertible,2018.0,3.6 V6 Camaro Convertible 2LT,165000.0,170000.0,167500.0,"AED 165,000 - 170,000",AED,https://www.drivearabia.com/carprices/uae/chevrolet/chevrolet-camaro-convertible/2018/,2026-06-15T07:47:22Z,CHEVROLET,CAMARO CONVERTIBLE,CAMARO CONVERTIBLE,0.1533607215439537,8.0,44218.0
chevrolet-camaro-convertible,2018.0,6.2 V8 Camaro Convertible SS,213000.0,245000.0,229000.0,"AED 213,000 - 245,000",AED,https://www.drivearabia.com/carprices/uae/chevrolet/chevrolet-camaro-convertible/2018/,2026-06-15T07:47:22Z,CHEVROLET,CAMARO CONVERTIBLE,CAMARO CONVERTIBLE,0.1533607215439537,8.0,60454.0
chevrolet-camaro-convertible,2019.0,3.6 V6 Camaro Convertible 1LT,142300.0,143000.0,142650.0,"AED 142,300 - 143,000",AED,https://www.drivearabia.com/carprices/uae/chevrolet/chevrolet-camaro-convertible/2019/,2026-06-15T07:47:24Z,CHEVROLET,CAMARO CONVERTIBLE,CAMARO CONVERTIBLE,0.1533607215439537,7.0,44480.0
chevrolet-camaro-convertible,2019.0,3.6 V6 Camaro Convertible 2LT,165000.0,170000.0,167500.0,"AED 165,000 - 170,000",AED,https://www.drivearabia.com/carprices/uae/chevrolet/chevrolet-camaro-convertible/2019/,2026-06-15T07:47:24Z,CHEVROLET,CAMARO CONVERTIBLE,CAMARO CONVERTIBLE,0.1533607215439537,7.0,52228.0
chevrolet-camaro-convertible,2019.0,6.2 V8 Camaro Convertible SS,213000.0,245000.0,229000.0,"AED 213,000 - 245,000",AED,https://www.drivearabia.com/carprices/uae/chevrolet/chevrolet-camaro-convertible/2019/,2026-06-15T07:47:24Z,CHEVROLET,CAMARO CONVERTIBLE,CAMARO CONVERTIBLE,0.1533607215439537,7.0,71404.0
chevrolet-camaro-convertible,2020.0,3.6 V6 Camaro Convertible 1LT,142300.0,143000.0,142650.0,"AED 142,300 - 143,000",AED,https://www.drivearabia.com/carprices/uae/chevrolet/chevrolet-camaro-convertible/2020/,2026-06-15T07:47:26Z,CHEVROLET,CAMARO CONVERTIBLE,CAMARO CONVERTIBLE,0.1533607215439537,6.0,52537.0
chevrolet-camaro-convertible,2020.0,3.6 V6 Camaro Convertible 2LT,165000.0,170000.0,167500.0,"AED 165,000 - 170,000",AED,https://www.drivearabia.com/carprices/uae/chevrolet/chevrolet-camaro-convertible/2020/,2026-06-15T07:47:26Z,CHEVROLET,CAMARO CONVERTIBLE,CAMARO CONVERTIBLE,0.1533607215439537,6.0,61689.0
chevrolet-camaro-convertible,2020.0,6.2 V8 Camaro Convertible SS,213000.0,245000.0,229000.0,"AED 213,000 - 245,000",AED,https://www.drivearabia.com/carprices/uae/chevrolet/chevrolet-camaro-convertible/2020/,2026-06-15T07:47:26Z,CHEVROLET,CAMARO CONVERTIBLE,CAMARO CONVERTIBLE,0.1533607215439537,6.0,84339.0
chevrolet-camaro-convertible,2021.0,3.6 V6 Camaro Convertible 1LT,142300.0,143000.0,142650.0,"AED 142,300 - 143,000",AED,https://www.drivearabia.com/carprices/uae/chevrolet/chevrolet-camaro-convertible/2021/,2026-06-15T07:47:28Z,CHEVROLET,CAMARO CONVERTIBLE,CAMARO CONVERTIBLE,0.1533607215439537,5.0,62053.0
chevrolet-camaro-convertible,2021.0,3.6 V6 Camaro Convertible 2LT,165000.0,170000.0,167500.0,"AED 165,000 - 170,000",AED,https://www.drivearabia.com/carprices/uae/chevrolet/chevrolet-camaro-convertible/2021/,2026-06-15T07:47:28Z,CHEVROLET,CAMARO CONVERTIBLE,CAMARO CONVERTIBLE,0.1533607215439537,5.0,72863.0
chevrolet-camaro-convertible,2021.0,6.2 V8 Camaro Convertible SS,213000.0,245000.0,229000.0,"AED 213,000 - 245,000",AED,https://www.drivearabia.com/carprices/uae/chevrolet/chevrolet-camaro-convertible/2021/,2026-06-15T07:47:28Z,CHEVROLET,CAMARO CONVERTIBLE,CAMARO CONVERTIBLE,0.1533607215439537,5.0,99616.0
chevrolet-camaro-convertible,2022.0,3.6 V6 Camaro Convertible 1LT,142300.0,143000.0,142650.0,"AED 142,300 - 143,000",AED,https://www.drivearabia.com/carprices/uae/chevrolet/chevrolet-camaro-convertible/2022/,2026-06-15T07:47:30Z,CHEVROLET,CAMARO CONVERTIBLE,CAMARO CONVERTIBLE,0.1533607215439537,4.0,73293.0
chevrolet-camaro-convertible,2022.0,3.6 V6 Camaro Convertible 2LT,165000.0,170000.0,167500.0,"AED 165,000 - 170,000",AED,https://www.drivearabia.com/carprices/uae/chevrolet/chevrolet-camaro-convertible/2022/,2026-06-15T07:47:30Z,CHEVROLET,CAMARO CONVERTIBLE,CAMARO CONVERTIBLE,0.1533607215439537,4.0,86061.0
chevrolet-camaro-convertible,2022.0,6.2 V8 Camaro Convertible SS,213000.0,245000.0,229000.0,"AED 213,000 - 245,000",AED,https://www.drivearabia.com/carprices/uae/chevrolet/chevrolet-camaro-convertible/2022/,2026-06-15T07:47:30Z,CHEVROLET,CAMARO CONVERTIBLE,CAMARO CONVERTIBLE,0.1533607215439537,4.0,117660.0
chevrolet-camaro-convertible,2023.0,3.6 V6 Camaro Convertible 1LT,142300.0,143000.0,142650.0,"AED 142,300 - 143,000",AED,https://www.drivearabia.com/carprices/uae/chevrolet/chevrolet-camaro-convertible/2023/,2026-06-15T07:47:32Z,CHEVROLET,CAMARO CONVERTIBLE,CAMARO CONVERTIBLE,0.1533607215439537,3.0,86570.0
chevrolet-camaro-convertible,2023.0,3.6 V6 Camaro Convertible 2LT,165000.0,170000.0,167500.0,"AED 165,000 - 170,000",AED,https://www.drivearabia.com/carprices/uae/chevrolet/chevrolet-camaro-convertible/2023/,2026-06-15T07:47:32Z,CHEVROLET,CAMARO CONVERTIBLE,CAMARO CONVERTIBLE,0.1533607215439537,3.0,101651.0
chevrolet-camaro-convertible,2023.0,6.2 V8 Camaro Convertible SS,213000.0,245000.0,229000.0,"AED 213,000 - 245,000",AED,https://www.drivearabia.com/carprices/uae/chevrolet/chevrolet-camaro-convertible/2023/,2026-06-15T07:47:32Z,CHEVROLET,CAMARO CONVERTIBLE,CAMARO CONVERTIBLE,0.1533607215439537,3.0,138973.0
chevrolet-camaro-zl1,2013.0,6.2SC V8 Camaro ZL1,245000.0,250000.0,247500.0,"AED 245,000 - 250,000",AED,https://www.drivearabia.com/carprices/uae/chevrolet/chevrolet-camaro-zl1/2013/,2026-06-15T07:47:58Z,CHEVROLET,CAMARO ZL1,CAMARO ZL1,0.1533607215439537,13.0,28422.0
chevrolet-camaro-zl1,2014.0,6.2SC V8 Camaro ZL1,245000.0,250000.0,247500.0,"AED 245,000 - 250,000",AED,https://www.drivearabia.com/carprices/uae/chevrolet/chevrolet-camaro-zl1/2014/,2026-06-15T07:47:59Z,CHEVROLET,CAMARO ZL1,CAMARO ZL1,0.1533607215439537,12.0,33570.0
chevrolet-camaro-zl1,2015.0,6.2SC V8 Camaro ZL1,245000.0,250000.0,247500.0,"AED 245,000 - 250,000",AED,https://www.drivearabia.com/carprices/uae/chevrolet/chevrolet-camaro-zl1/2015/,2026-06-15T07:48:01Z,CHEVROLET,CAMARO ZL1,CAMARO ZL1,0.1533607215439537,11.0,39651.0
chevrolet-camaro-zl1,2017.0,6.2SC V8 Camaro ZL1,255000.0,260000.0,257500.0,"AED 255,000 - 260,000",AED,https://www.drivearabia.com/carprices/uae/chevrolet/chevrolet-camaro-zl1/2017/,2026-06-15T07:48:04Z,CHEVROLET,CAMARO ZL1,CAMARO ZL1,0.1533607215439537,9.0,57552.0
chevrolet-camaro-zl1,2018.0,6.2SC V8 Camaro ZL1,275000.0,280000.0,277500.0,"AED 275,000 - 280,000",AED,https://www.drivearabia.com/carprices/uae/chevrolet/chevrolet-camaro-zl1/2018/,2026-06-15T07:48:06Z,CHEVROLET,CAMARO ZL1,CAMARO ZL1,0.1533607215439537,8.0,73257.0
chevrolet-camaro-zl1,2019.0,6.2SC V8 Camaro ZL1,275000.0,280000.0,277500.0,"AED 275,000 - 280,000",AED,https://www.drivearabia.com/carprices/uae/chevrolet/chevrolet-camaro-zl1/2019/,2026-06-15T07:48:08Z,CHEVROLET,CAMARO ZL1,CAMARO ZL1,0.1533607215439537,7.0,86527.0
chevrolet-camaro-zl1,2020.0,6.2SC V8 Camaro ZL1,291900.0,292000.0,291950.0,"AED 291,900 - 292,000",AED,https://www.drivearabia.com/carprices/uae/chevrolet/chevrolet-camaro-zl1/2020/,2026-06-15T07:48:10Z,CHEVROLET,CAMARO ZL1,CAMARO ZL1,0.1533607215439537,6.0,107522.0
chevrolet-camaro-zl1,2021.0,6.2SC V8 Camaro ZL1,291900.0,292000.0,291950.0,"AED 291,900 - 292,000",AED,https://www.drivearabia.com/carprices/uae/chevrolet/chevrolet-camaro-zl1/2021/,2026-06-15T07:48:12Z,CHEVROLET,CAMARO ZL1,CAMARO ZL1,0.1533607215439537,5.0,126999.0
chevrolet-camaro-zl1,2022.0,6.2SC V8 Camaro ZL1,291900.0,292000.0,291950.0,"AED 291,900 - 292,000",AED,https://www.drivearabia.com/carprices/uae/chevrolet/chevrolet-camaro-zl1/2022/,2026-06-15T07:48:14Z,CHEVROLET,CAMARO ZL1,CAMARO ZL1,0.1533607215439537,4.0,150004.0
chevrolet-camaro-zl1,2023.0,6.2SC V8 Camaro ZL1,291900.0,292000.0,291950.0,"AED 291,900 - 292,000",AED,https://www.drivearabia.com/carprices/uae/chevrolet/chevrolet-camaro-zl1/2023/,2026-06-15T07:48:16Z,CHEVROLET,CAMARO ZL1,CAMARO ZL1,0.1533607215439537,3.0,177176.0
chevrolet-caprice,2005.0,3.8 V8 Caprice LS,69500.0,72000.0,70750.0,"AED 69,500 - 72,000",AED,https://www.drivearabia.com/carprices/uae/chevrolet/chevrolet-caprice/2005/,2026-06-15T07:48:33Z,CHEVROLET,CAPRICE,CAPRICE,0.1478330733605449,21.0,2459.0
chevrolet-caprice,2005.0,5.7 V8 Caprice LTZ,98000.0,105000.0,101500.0,"AED 98,000 - 105,000",AED,https://www.drivearabia.com/carprices/uae/chevrolet/chevrolet-caprice/2005/,2026-06-15T07:48:33Z,CHEVROLET,CAPRICE,CAPRICE,0.1478330733605449,21.0,3528.0
chevrolet-caprice,2005.0,5.7 V8 Caprice SS,128000.0,131000.0,129500.0,"AED 128,000 - 131,000",AED,https://www.drivearabia.com/carprices/uae/chevrolet/chevrolet-caprice/2005/,2026-06-15T07:48:33Z,CHEVROLET,CAPRICE,CAPRICE,0.1478330733605449,21.0,4501.0
chevrolet-caprice,2006.0,3.8 V8 Caprice LS,69500.0,72000.0,70750.0,"AED 69,500 - 72,000",AED,https://www.drivearabia.com/carprices/uae/chevrolet/chevrolet-caprice/2006/,2026-06-15T07:48:35Z,CHEVROLET,CAPRICE,CAPRICE,0.1478330733605449,20.0,2885.0
chevrolet-caprice,2006.0,5.7 V8 Caprice LTZ,98000.0,105000.0,101500.0,"AED 98,000 - 105,000",AED,https://www.drivearabia.com/carprices/uae/chevrolet/chevrolet-caprice/2006/,2026-06-15T07:48:35Z,CHEVROLET,CAPRICE,CAPRICE,0.1478330733605449,20.0,4140.0
chevrolet-caprice,2006.0,5.7 V8 Caprice SS,128000.0,131000.0,129500.0,"AED 128,000 - 131,000",AED,https://www.drivearabia.com/carprices/uae/chevrolet/chevrolet-caprice/2006/,2026-06-15T07:48:35Z,CHEVROLET,CAPRICE,CAPRICE,0.1478330733605449,20.0,5282.0
chevrolet-caprice,2007.0,3.6 V6 Caprice LS,100000.0,110000.0,105000.0,"AED 100,000 - 110,000",AED,https://www.drivearabia.com/carprices/uae/chevrolet/chevrolet-caprice/2007/,2026-06-15T07:48:36Z,CHEVROLET,CAPRICE,CAPRICE,0.1478330733605449,19.0,5025.0
chevrolet-caprice,2007.0,3.6 V8 Caprice LTZ,117000.0,125000.0,121000.0,"AED 117,000 - 125,000",AED,https://www.drivearabia.com/carprices/uae/chevrolet/chevrolet-caprice/2007/,2026-06-15T07:48:36Z,CHEVROLET,CAPRICE,CAPRICE,0.1478330733605449,19.0,5791.0
chevrolet-caprice,2007.0,6.0 V8 Caprice SS,155000.0,160000.0,157500.0,"AED 155,000 - 160,000",AED,https://www.drivearabia.com/carprices/uae/chevrolet/chevrolet-caprice/2007/,2026-06-15T07:48:36Z,CHEVROLET,CAPRICE,CAPRICE,0.1478330733605449,19.0,7538.0
chevrolet-caprice,2008.0,3.6 V6 Caprice LS,100000.0,110000.0,105000.0,"AED 100,000 - 110,000",AED,https://www.drivearabia.com/carprices/uae/chevrolet/chevrolet-caprice/2008/,2026-06-15T07:48:38Z,CHEVROLET,CAPRICE,CAPRICE,0.1478330733605449,18.0,5897.0
chevrolet-caprice,2008.0,3.6 V8 Caprice LTZ,117000.0,125000.0,121000.0,"AED 117,000 - 125,000",AED,https://www.drivearabia.com/carprices/uae/chevrolet/chevrolet-caprice/2008/,2026-06-15T07:48:38Z,CHEVROLET,CAPRICE,CAPRICE,0.1478330733605449,18.0,6796.0
chevrolet-caprice,2008.0,6.0 V8 Caprice SS,155000.0,160000.0,157500.0,"AED 155,000 - 160,000",AED,https://www.drivearabia.com/carprices/uae/chevrolet/chevrolet-caprice/2008/,2026-06-15T07:48:38Z,CHEVROLET,CAPRICE,CAPRICE,0.1478330733605449,18.0,8846.0
chevrolet-caprice,2009.0,3.6 V6 Caprice LS,100000.0,110000.0,105000.0,"AED 100,000 - 110,000",AED,https://www.drivearabia.com/carprices/uae/chevrolet/chevrolet-caprice/2009/,2026-06-15T07:48:40Z,CHEVROLET,CAPRICE,CAPRICE,0.1478330733605449,17.0,6920.0
chevrolet-caprice,2009.0,3.6 V8 Caprice LTZ,117000.0,125000.0,121000.0,"AED 117,000 - 125,000",AED,https://www.drivearabia.com/carprices/uae/chevrolet/chevrolet-caprice/2009/,2026-06-15T07:48:40Z,CHEVROLET,CAPRICE,CAPRICE,0.1478330733605449,17.0,7975.0
chevrolet-caprice,2009.0,6.0 V8 Caprice SS,155000.0,160000.0,157500.0,"AED 155,000 - 160,000",AED,https://www.drivearabia.com/carprices/uae/chevrolet/chevrolet-caprice/2009/,2026-06-15T07:48:40Z,CHEVROLET,CAPRICE,CAPRICE,0.1478330733605449,17.0,10380.0
chevrolet-caprice,2010.0,3.6 V6 Caprice LS,100000.0,110000.0,105000.0,"AED 100,000 - 110,000",AED,https://www.drivearabia.com/carprices/uae/chevrolet/chevrolet-caprice/2010/,2026-06-15T07:48:42Z,CHEVROLET,CAPRICE,CAPRICE,0.1478330733605449,16.0,8121.0
chevrolet-caprice,2010.0,3.6 V8 Caprice LTZ,117000.0,125000.0,121000.0,"AED 117,000 - 125,000",AED,https://www.drivearabia.com/carprices/uae/chevrolet/chevrolet-caprice/2010/,2026-06-15T07:48:42Z,CHEVROLET,CAPRICE,CAPRICE,0.1478330733605449,16.0,9358.0
chevrolet-caprice,2010.0,6.0 V8 Caprice SS,155000.0,160000.0,157500.0,"AED 155,000 - 160,000",AED,https://www.drivearabia.com/carprices/uae/chevrolet/chevrolet-caprice/2010/,2026-06-15T07:48:42Z,CHEVROLET,CAPRICE,CAPRICE,0.1478330733605449,16.0,12181.0
chevrolet-caprice,2011.0,3.6 V6 Caprice LS,100000.0,110000.0,105000.0,"AED 100,000 - 110,000",AED,https://www.drivearabia.com/carprices/uae/chevrolet/chevrolet-caprice/2011/,2026-06-15T07:48:44Z,CHEVROLET,CAPRICE,CAPRICE,0.1478330733605449,15.0,9529.0
chevrolet-caprice,2011.0,3.6 V8 Caprice LTZ,117000.0,125000.0,121000.0,"AED 117,000 - 125,000",AED,https://www.drivearabia.com/carprices/uae/chevrolet/chevrolet-caprice/2011/,2026-06-15T07:48:44Z,CHEVROLET,CAPRICE,CAPRICE,0.1478330733605449,15.0,10981.0
chevrolet-caprice,2011.0,6.0 V8 Caprice SS,155000.0,160000.0,157500.0,"AED 155,000 - 160,000",AED,https://www.drivearabia.com/carprices/uae/chevrolet/chevrolet-caprice/2011/,2026-06-15T07:48:44Z,CHEVROLET,CAPRICE,CAPRICE,0.1478330733605449,15.0,14294.0
chevrolet-caprice,2012.0,3.6 V6 Caprice LS,100000.0,110000.0,105000.0,"AED 100,000 - 110,000",AED,https://www.drivearabia.com/carprices/uae/chevrolet/chevrolet-caprice/2012/,2026-06-15T07:48:46Z,CHEVROLET,CAPRICE,CAPRICE,0.1478330733605449,14.0,11182.0
chevrolet-caprice,2012.0,3.6 V8 Caprice LTZ,117000.0,125000.0,121000.0,"AED 117,000 - 125,000",AED,https://www.drivearabia.com/carprices/uae/chevrolet/chevrolet-caprice/2012/,2026-06-15T07:48:46Z,CHEVROLET,CAPRICE,CAPRICE,0.1478330733605449,14.0,12886.0
chevrolet-caprice,2012.0,6.0 V8 Caprice SS,155000.0,160000.0,157500.0,"AED 155,000 - 160,000",AED,https://www.drivearabia.com/carprices/uae/chevrolet/chevrolet-caprice/2012/,2026-06-15T07:48:46Z,CHEVROLET,CAPRICE,CAPRICE,0.1478330733605449,14.0,16774.0
chevrolet-caprice,2013.0,3.6 V6 Caprice LS,100000.0,110000.0,105000.0,"AED 100,000 - 110,000",AED,https://www.drivearabia.com/carprices/uae/chevrolet/chevrolet-caprice/2013/,2026-06-15T07:48:48Z,CHEVROLET,CAPRICE,CAPRICE,0.1478330733605449,13.0,13122.0
chevrolet-caprice,2013.0,3.6 V8 Caprice LTZ,117000.0,125000.0,121000.0,"AED 117,000 - 125,000",AED,https://www.drivearabia.com/carprices/uae/chevrolet/chevrolet-caprice/2013/,2026-06-15T07:48:48Z,CHEVROLET,CAPRICE,CAPRICE,0.1478330733605449,13.0,15122.0
chevrolet-caprice,2013.0,6.0 V8 Caprice SS,155000.0,160000.0,157500.0,"AED 155,000 - 160,000",AED,https://www.drivearabia.com/carprices/uae/chevrolet/chevrolet-caprice/2013/,2026-06-15T07:48:48Z,CHEVROLET,CAPRICE,CAPRICE,0.1478330733605449,13.0,19683.0
chevrolet-caprice,2014.0,6.0 V8 Caprice LS,133900.0,135000.0,134450.0,"AED 133,900 - 135,000",AED,https://www.drivearabia.com/carprices/uae/chevrolet/chevrolet-caprice/2014/,2026-06-15T07:48:50Z,CHEVROLET,CAPRICE,CAPRICE,0.1478330733605449,12.0,19718.0
chevrolet-caprice,2014.0,6.0 V8 Caprice LTZ,150000.0,155000.0,152500.0,"AED 150,000 - 155,000",AED,https://www.drivearabia.com/carprices/uae/chevrolet/chevrolet-caprice/2014/,2026-06-15T07:48:50Z,CHEVROLET,CAPRICE,CAPRICE,0.1478330733605449,12.0,22365.0
chevrolet-caprice,2014.0,6.0 V8 Caprice SS,168700.0,170000.0,169350.0,"AED 168,700 - 170,000",AED,https://www.drivearabia.com/carprices/uae/chevrolet/chevrolet-caprice/2014/,2026-06-15T07:48:50Z,CHEVROLET,CAPRICE,CAPRICE,0.1478330733605449,12.0,24836.0
chevrolet-caprice,2014.0,6.0 V8 Caprice Royale,180000.0,190000.0,185000.0,"AED 180,000 - 190,000",AED,https://www.drivearabia.com/carprices/uae/chevrolet/chevrolet-caprice/2014/,2026-06-15T07:48:50Z,CHEVROLET,CAPRICE,CAPRICE,0.1478330733605449,12.0,27131.0
chevrolet-caprice,2015.0,6.0 V8 Caprice LS,133900.0,135000.0,134450.0,"AED 133,900 - 135,000",AED,https://www.drivearabia.com/carprices/uae/chevrolet/chevrolet-caprice/2015/,2026-06-15T07:48:52Z,CHEVROLET,CAPRICE,CAPRICE,0.1478330733605449,11.0,23138.0
chevrolet-caprice,2015.0,6.0 V8 Caprice LTZ,150000.0,155000.0,152500.0,"AED 150,000 - 155,000",AED,https://www.drivearabia.com/carprices/uae/chevrolet/chevrolet-caprice/2015/,2026-06-15T07:48:52Z,CHEVROLET,CAPRICE,CAPRICE,0.1478330733605449,11.0,26245.0
chevrolet-caprice,2015.0,6.0 V8 Caprice SS,168700.0,170000.0,169350.0,"AED 168,700 - 170,000",AED,https://www.drivearabia.com/carprices/uae/chevrolet/chevrolet-caprice/2015/,2026-06-15T07:48:52Z,CHEVROLET,CAPRICE,CAPRICE,0.1478330733605449,11.0,29145.0
chevrolet-caprice,2015.0,6.0 V8 Caprice Royale,180000.0,190000.0,185000.0,"AED 180,000 - 190,000",AED,https://www.drivearabia.com/carprices/uae/chevrolet/chevrolet-caprice/2015/,2026-06-15T07:48:52Z,CHEVROLET,CAPRICE,CAPRICE,0.1478330733605449,11.0,31838.0
chevrolet-caprice,2016.0,6.0 V8 Caprice LS,133900.0,135000.0,134450.0,"AED 133,900 - 135,000",AED,https://www.drivearabia.com/carprices/uae/chevrolet/chevrolet-caprice/2016/,2026-06-15T07:48:53Z,CHEVROLET,CAPRICE,CAPRICE,0.1478330733605449,10.0,27152.0
chevrolet-caprice,2016.0,6.0 V8 Caprice LTZ,150000.0,155000.0,152500.0,"AED 150,000 - 155,000",AED,https://www.drivearabia.com/carprices/uae/chevrolet/chevrolet-caprice/2016/,2026-06-15T07:48:53Z,CHEVROLET,CAPRICE,CAPRICE,0.1478330733605449,10.0,30798.0
chevrolet-caprice,2016.0,6.0 V8 Caprice SS,168700.0,170000.0,169350.0,"AED 168,700 - 170,000",AED,https://www.drivearabia.com/carprices/uae/chevrolet/chevrolet-caprice/2016/,2026-06-15T07:48:53Z,CHEVROLET,CAPRICE,CAPRICE,0.1478330733605449,10.0,34200.0
chevrolet-caprice,2016.0,6.0 V8 Caprice Royale,180000.0,190000.0,185000.0,"AED 180,000 - 190,000",AED,https://www.drivearabia.com/carprices/uae/chevrolet/chevrolet-caprice/2016/,2026-06-15T07:48:53Z,CHEVROLET,CAPRICE,CAPRICE,0.1478330733605449,10.0,37361.0
chevrolet-captiva,2007.0,2.4 I4 LS,79900.0,81000.0,80450.0,"AED 79,900 - 81,000",AED,https://www.drivearabia.com/carprices/uae/chevrolet/chevrolet-captiva/2007/,2026-06-15T07:49:21Z,CHEVROLET,CAPTIVA,CAPTIVA,0.1010625517130228,19.0,10626.0
chevrolet-captiva,2007.0,2.4 I4 LT,95000.0,98000.0,96500.0,"AED 95,000 - 98,000",AED,https://www.drivearabia.com/carprices/uae/chevrolet/chevrolet-captiva/2007/,2026-06-15T07:49:21Z,CHEVROLET,CAPTIVA,CAPTIVA,0.1010625517130228,19.0,12746.0
chevrolet-captiva,2007.0,3.2 V6 LTZ,118000.0,120000.0,119000.0,"AED 118,000 - 120,000",AED,https://www.drivearabia.com/carprices/uae/chevrolet/chevrolet-captiva/2007/,2026-06-15T07:49:21Z,CHEVROLET,CAPTIVA,CAPTIVA,0.1010625517130228,19.0,15718.0
chevrolet-captiva,2008.0,2.4 I4 LS,79900.0,81000.0,80450.0,"AED 79,900 - 81,000",AED,https://www.drivearabia.com/carprices/uae/chevrolet/chevrolet-captiva/2008/,2026-06-15T07:49:23Z,CHEVROLET,CAPTIVA,CAPTIVA,0.1010625517130228,18.0,11821.0
chevrolet-captiva,2008.0,2.4 I4 LT,95000.0,98000.0,96500.0,"AED 95,000 - 98,000",AED,https://www.drivearabia.com/carprices/uae/chevrolet/chevrolet-captiva/2008/,2026-06-15T07:49:23Z,CHEVROLET,CAPTIVA,CAPTIVA,0.1010625517130228,18.0,14179.0
chevrolet-captiva,2008.0,3.2 V6 LTZ,118000.0,120000.0,119000.0,"AED 118,000 - 120,000",AED,https://www.drivearabia.com/carprices/uae/chevrolet/chevrolet-captiva/2008/,2026-06-15T07:49:23Z,CHEVROLET,CAPTIVA,CAPTIVA,0.1010625517130228,18.0,17485.0
chevrolet-captiva,2009.0,2.4 I4 LS,79900.0,81000.0,80450.0,"AED 79,900 - 81,000",AED,https://www.drivearabia.com/carprices/uae/chevrolet/chevrolet-captiva/2009/,2026-06-15T07:49:25Z,CHEVROLET,CAPTIVA,CAPTIVA,0.1010625517130228,17.0,13150.0
chevrolet-captiva,2009.0,2.4 I4 LT,95000.0,98000.0,96500.0,"AED 95,000 - 98,000",AED,https://www.drivearabia.com/carprices/uae/chevrolet/chevrolet-captiva/2009/,2026-06-15T07:49:25Z,CHEVROLET,CAPTIVA,CAPTIVA,0.1010625517130228,17.0,15774.0
chevrolet-captiva,2009.0,3.2 V6 LTZ,118000.0,120000.0,119000.0,"AED 118,000 - 120,000",AED,https://www.drivearabia.com/carprices/uae/chevrolet/chevrolet-captiva/2009/,2026-06-15T07:49:25Z,CHEVROLET,CAPTIVA,CAPTIVA,0.1010625517130228,17.0,19451.0
chevrolet-captiva,2010.0,2.4 I4 LS,79900.0,81000.0,80450.0,"AED 79,900 - 81,000",AED,https://www.drivearabia.com/carprices/uae/chevrolet/chevrolet-captiva/2010/,2026-06-15T07:49:27Z,CHEVROLET,CAPTIVA,CAPTIVA,0.1010625517130228,16.0,14628.0
chevrolet-captiva,2010.0,2.4 I4 LT,95000.0,98000.0,96500.0,"AED 95,000 - 98,000",AED,https://www.drivearabia.com/carprices/uae/chevrolet/chevrolet-captiva/2010/,2026-06-15T07:49:27Z,CHEVROLET,CAPTIVA,CAPTIVA,0.1010625517130228,16.0,17547.0
chevrolet-captiva,2010.0,3.2 V6 LTZ,118000.0,120000.0,119000.0,"AED 118,000 - 120,000",AED,https://www.drivearabia.com/carprices/uae/chevrolet/chevrolet-captiva/2010/,2026-06-15T07:49:27Z,CHEVROLET,CAPTIVA,CAPTIVA,0.1010625517130228,16.0,21638.0
chevrolet-captiva,2011.0,2.4 I4 LS,83000.0,84500.0,83750.0,"AED 83,000 - 84,500",AED,https://www.drivearabia.com/carprices/uae/chevrolet/chevrolet-captiva/2011/,2026-06-15T07:49:28Z,CHEVROLET,CAPTIVA,CAPTIVA,0.1010625517130228,15.0,16941.0
chevrolet-captiva,2011.0,2.4 I4 LT,94500.0,96000.0,95250.0,"AED 94,500 - 96,000",AED,https://www.drivearabia.com/carprices/uae/chevrolet/chevrolet-captiva/2011/,2026-06-15T07:49:28Z,CHEVROLET,CAPTIVA,CAPTIVA,0.1010625517130228,15.0,19267.0
chevrolet-captiva,2011.0,3.0 V6 LTZ,105000.0,120000.0,112500.0,"AED 105,000 - 120,000",AED,https://www.drivearabia.com/carprices/uae/chevrolet/chevrolet-captiva/2011/,2026-06-15T07:49:28Z,CHEVROLET,CAPTIVA,CAPTIVA,0.1010625517130228,15.0,22756.0
chevrolet-captiva,2012.0,2.4 I4 LS,83000.0,84500.0,83750.0,"AED 83,000 - 84,500",AED,https://www.drivearabia.com/carprices/uae/chevrolet/chevrolet-captiva/2012/,2026-06-15T07:49:30Z,CHEVROLET,CAPTIVA,CAPTIVA,0.1010625517130228,14.0,18845.0
chevrolet-captiva,2012.0,2.4 I4 LT,94500.0,96000.0,95250.0,"AED 94,500 - 96,000",AED,https://www.drivearabia.com/carprices/uae/chevrolet/chevrolet-captiva/2012/,2026-06-15T07:49:30Z,CHEVROLET,CAPTIVA,CAPTIVA,0.1010625517130228,14.0,21433.0
chevrolet-captiva,2012.0,3.0 V6 LTZ,105000.0,120000.0,112500.0,"AED 105,000 - 120,000",AED,https://www.drivearabia.com/carprices/uae/chevrolet/chevrolet-captiva/2012/,2026-06-15T07:49:30Z,CHEVROLET,CAPTIVA,CAPTIVA,0.1010625517130228,14.0,25314.0
chevrolet-captiva,2013.0,2.4 I4 LS,83000.0,84500.0,83750.0,"AED 83,000 - 84,500",AED,https://www.drivearabia.com/carprices/uae/chevrolet/chevrolet-captiva/2013/,2026-06-15T07:49:32Z,CHEVROLET,CAPTIVA,CAPTIVA,0.1010625517130228,13.0,20964.0
chevrolet-captiva,2013.0,2.4 I4 LT,94500.0,96000.0,95250.0,"AED 94,500 - 96,000",AED,https://www.drivearabia.com/carprices/uae/chevrolet/chevrolet-captiva/2013/,2026-06-15T07:49:32Z,CHEVROLET,CAPTIVA,CAPTIVA,0.1010625517130228,13.0,23842.0
chevrolet-captiva,2013.0,3.0 V6 LTZ,105000.0,120000.0,112500.0,"AED 105,000 - 120,000",AED,https://www.drivearabia.com/carprices/uae/chevrolet/chevrolet-captiva/2013/,2026-06-15T07:49:32Z,CHEVROLET,CAPTIVA,CAPTIVA,0.1010625517130228,13.0,28160.0
chevrolet-captiva,2014.0,2.4 I4 LS,83000.0,84500.0,83750.0,"AED 83,000 - 84,500",AED,https://www.drivearabia.com/carprices/uae/chevrolet/chevrolet-captiva/2014/,2026-06-15T07:49:34Z,CHEVROLET,CAPTIVA,CAPTIVA,0.1010625517130228,12.0,23321.0
chevrolet-captiva,2014.0,2.4 I4 LT,94500.0,96000.0,95250.0,"AED 94,500 - 96,000",AED,https://www.drivearabia.com/carprices/uae/chevrolet/chevrolet-captiva/2014/,2026-06-15T07:49:34Z,CHEVROLET,CAPTIVA,CAPTIVA,0.1010625517130228,12.0,26523.0
chevrolet-captiva,2014.0,3.0 V6 LTZ,105000.0,120000.0,112500.0,"AED 105,000 - 120,000",AED,https://www.drivearabia.com/carprices/uae/chevrolet/chevrolet-captiva/2014/,2026-06-15T07:49:34Z,CHEVROLET,CAPTIVA,CAPTIVA,0.1010625517130228,12.0,31326.0
chevrolet-captiva,2015.0,2.4 I4 LS,83000.0,84500.0,83750.0,"AED 83,000 - 84,500",AED,https://www.drivearabia.com/carprices/uae/chevrolet/chevrolet-captiva/2015/,2026-06-15T07:49:36Z,CHEVROLET,CAPTIVA,CAPTIVA,0.1010625517130228,11.0,25942.0
chevrolet-captiva,2015.0,2.4 I4 LT,94500.0,96000.0,95250.0,"AED 94,500 - 96,000",AED,https://www.drivearabia.com/carprices/uae/chevrolet/chevrolet-captiva/2015/,2026-06-15T07:49:36Z,CHEVROLET,CAPTIVA,CAPTIVA,0.1010625517130228,11.0,29505.0
chevrolet-captiva,2015.0,3.0 V6 LTZ,105000.0,120000.0,112500.0,"AED 105,000 - 120,000",AED,https://www.drivearabia.com/carprices/uae/chevrolet/chevrolet-captiva/2015/,2026-06-15T07:49:36Z,CHEVROLET,CAPTIVA,CAPTIVA,0.1010625517130228,11.0,34848.0
chevrolet-captiva,2016.0,2.4 I4 LS,83000.0,84500.0,83750.0,"AED 83,000 - 84,500",AED,https://www.drivearabia.com/carprices/uae/chevrolet/chevrolet-captiva/2016/,2026-06-15T07:49:38Z,CHEVROLET,CAPTIVA,CAPTIVA,0.1010625517130228,10.0,28859.0
chevrolet-captiva,2016.0,2.4 I4 LT,94500.0,96000.0,95250.0,"AED 94,500 - 96,000",AED,https://www.drivearabia.com/carprices/uae/chevrolet/chevrolet-captiva/2016/,2026-06-15T07:49:38Z,CHEVROLET,CAPTIVA,CAPTIVA,0.1010625517130228,10.0,32822.0
chevrolet-captiva,2016.0,3.0 V6 LTZ,105000.0,120000.0,112500.0,"AED 105,000 - 120,000",AED,https://www.drivearabia.com/carprices/uae/chevrolet/chevrolet-captiva/2016/,2026-06-15T07:49:38Z,CHEVROLET,CAPTIVA,CAPTIVA,0.1010625517130228,10.0,38766.0
chevrolet-captiva,2017.0,2.4 I4 LS,83000.0,84500.0,83750.0,"AED 83,000 - 84,500",AED,https://www.drivearabia.com/carprices/uae/chevrolet/chevrolet-captiva/2017/,2026-06-15T07:49:40Z,CHEVROLET,CAPTIVA,CAPTIVA,0.1010625517130228,9.0,32103.0
chevrolet-captiva,2017.0,2.4 I4 LT,94500.0,96000.0,95250.0,"AED 94,500 - 96,000",AED,https://www.drivearabia.com/carprices/uae/chevrolet/chevrolet-captiva/2017/,2026-06-15T07:49:40Z,CHEVROLET,CAPTIVA,CAPTIVA,0.1010625517130228,9.0,36512.0
chevrolet-captiva,2017.0,3.0 V6 LTZ,105000.0,120000.0,112500.0,"AED 105,000 - 120,000",AED,https://www.drivearabia.com/carprices/uae/chevrolet/chevrolet-captiva/2017/,2026-06-15T07:49:40Z,CHEVROLET,CAPTIVA,CAPTIVA,0.1010625517130228,9.0,43124.0
chevrolet-captiva,2021.0,1.5TC I4 LS,65300.0,66000.0,65650.0,"AED 65,300 - 66,000",AED,https://www.drivearabia.com/carprices/uae/chevrolet/chevrolet-captiva/2021/,2026-06-15T07:49:45Z,CHEVROLET,CAPTIVA,CAPTIVA,0.1010625517130228,5.0,38537.0
chevrolet-captiva,2021.0,1.5TC I4 LT,69900.0,70000.0,69950.0,"AED 69,900 - 70,000",AED,https://www.drivearabia.com/carprices/uae/chevrolet/chevrolet-captiva/2021/,2026-06-15T07:49:45Z,CHEVROLET,CAPTIVA,CAPTIVA,0.1010625517130228,5.0,41062.0
chevrolet-captiva,2021.0,1.5TC I4 Premier,74200.0,75000.0,74600.0,"AED 74,200 - 75,000",AED,https://www.drivearabia.com/carprices/uae/chevrolet/chevrolet-captiva/2021/,2026-06-15T07:49:45Z,CHEVROLET,CAPTIVA,CAPTIVA,0.1010625517130228,5.0,43791.0
chevrolet-captiva,2022.0,1.5TC I4 LS,65300.0,66000.0,65650.0,"AED 65,300 - 66,000",AED,https://www.drivearabia.com/carprices/uae/chevrolet/chevrolet-captiva/2022/,2026-06-15T07:49:47Z,CHEVROLET,CAPTIVA,CAPTIVA,0.1010625517130228,4.0,42870.0
chevrolet-captiva,2022.0,1.5TC I4 LT,69900.0,70000.0,69950.0,"AED 69,900 - 70,000",AED,https://www.drivearabia.com/carprices/uae/chevrolet/chevrolet-captiva/2022/,2026-06-15T07:49:47Z,CHEVROLET,CAPTIVA,CAPTIVA,0.1010625517130228,4.0,45678.0
chevrolet-captiva,2022.0,1.5TC I4 Premier,74200.0,75000.0,74600.0,"AED 74,200 - 75,000",AED,https://www.drivearabia.com/carprices/uae/chevrolet/chevrolet-captiva/2022/,2026-06-15T07:49:47Z,CHEVROLET,CAPTIVA,CAPTIVA,0.1010625517130228,4.0,48714.0
chevrolet-captiva,2023.0,1.5TC I4 LS,65300.0,66000.0,65650.0,"AED 65,300 - 66,000",AED,https://www.drivearabia.com/carprices/uae/chevrolet/chevrolet-captiva/2023/,2026-06-15T07:49:49Z,CHEVROLET,CAPTIVA,CAPTIVA,0.1010625517130228,3.0,47690.0
chevrolet-captiva,2023.0,1.5TC I4 LT,69900.0,70000.0,69950.0,"AED 69,900 - 70,000",AED,https://www.drivearabia.com/carprices/uae/chevrolet/chevrolet-captiva/2023/,2026-06-15T07:49:49Z,CHEVROLET,CAPTIVA,CAPTIVA,0.1010625517130228,3.0,50813.0
chevrolet-captiva,2023.0,1.5TC I4 Premier,74200.0,75000.0,74600.0,"AED 74,200 - 75,000",AED,https://www.drivearabia.com/carprices/uae/chevrolet/chevrolet-captiva/2023/,2026-06-15T07:49:49Z,CHEVROLET,CAPTIVA,CAPTIVA,0.1010625517130228,3.0,54191.0
chevrolet-captiva,2024.0,1.5TC I4 LS FWD,74900.0,75000.0,74950.0,"AED 74,900 - 75,000",AED,https://www.drivearabia.com/carprices/uae/chevrolet/chevrolet-captiva/2024/,2026-06-15T07:49:50Z,CHEVROLET,CAPTIVA,CAPTIVA,0.1010625517130228,2.0,60566.0
chevrolet-captiva,2024.0,1.5TC I4 LT FWD,78300.0,79000.0,78650.0,"AED 78,300 - 79,000",AED,https://www.drivearabia.com/carprices/uae/chevrolet/chevrolet-captiva/2024/,2026-06-15T07:49:50Z,CHEVROLET,CAPTIVA,CAPTIVA,0.1010625517130228,2.0,63556.0
chevrolet-captiva,2024.0,1.5TC I4 Premier FWD,91000.0,92000.0,91500.0,"AED 91,000 - 92,000",AED,https://www.drivearabia.com/carprices/uae/chevrolet/chevrolet-captiva/2024/,2026-06-15T07:49:50Z,CHEVROLET,CAPTIVA,CAPTIVA,0.1010625517130228,2.0,73940.0
chevrolet-captiva,2025.0,1.5TC I4 LS FWD,84000.0,86000.0,85000.0,"AED 84,000 - 86,000",AED,https://www.drivearabia.com/carprices/uae/chevrolet/chevrolet-captiva/2025/,2026-06-15T07:49:52Z,CHEVROLET,CAPTIVA,CAPTIVA,0.1010625517130228,1.0,76410.0
chevrolet-captiva,2025.0,1.5TC I4 LT FWD,88000.0,90000.0,89000.0,"AED 88,000 - 90,000",AED,https://www.drivearabia.com/carprices/uae/chevrolet/chevrolet-captiva/2025/,2026-06-15T07:49:52Z,CHEVROLET,CAPTIVA,CAPTIVA,0.1010625517130228,1.0,80005.0
chevrolet-captiva,2025.0,1.5TC I4 Premier FWD,99000.0,100000.0,99500.0,"AED 99,000 - 100,000",AED,https://www.drivearabia.com/carprices/uae/chevrolet/chevrolet-captiva/2025/,2026-06-15T07:49:52Z,CHEVROLET,CAPTIVA,CAPTIVA,0.1010625517130228,1.0,89444.0
chevrolet-captiva,2026.0,1.5TC I4 LS FWD,84000.0,86000.0,85000.0,"AED 84,000 - 86,000",AED,https://www.drivearabia.com/carprices/uae/chevrolet/chevrolet-captiva/2026/,2026-06-15T07:49:54Z,CHEVROLET,CAPTIVA,CAPTIVA,0.1010625517130228,0.0,85000.0
chevrolet-captiva,2026.0,1.5TC I4 LT FWD,88000.0,90000.0,89000.0,"AED 88,000 - 90,000",AED,https://www.drivearabia.com/carprices/uae/chevrolet/chevrolet-captiva/2026/,2026-06-15T07:49:54Z,CHEVROLET,CAPTIVA,CAPTIVA,0.1010625517130228,0.0,89000.0
chevrolet-captiva,2026.0,1.5TC I4 Midnight Edition FWD,92100.0,100000.0,96050.0,"AED 92,100 - 100,000",AED,https://www.drivearabia.com/carprices/uae/chevrolet/chevrolet-captiva/2026/,2026-06-15T07:49:54Z,CHEVROLET,CAPTIVA,CAPTIVA,0.1010625517130228,0.0,96050.0
chevrolet-captiva,2026.0,1.5TC I4 Premier FWD,99000.0,100000.0,99500.0,"AED 99,000 - 100,000",AED,https://www.drivearabia.com/carprices/uae/chevrolet/chevrolet-captiva/2026/,2026-06-15T07:49:54Z,CHEVROLET,CAPTIVA,CAPTIVA,0.1010625517130228,0.0,99500.0
chevrolet-captiva-ev,2026.0,LT,120000.0,130000.0,125000.0,"AED 120,000 - 130,000",AED,https://www.drivearabia.com/carprices/uae/chevrolet/chevrolet-captiva-ev/2026/,2026-06-15T07:50:31Z,CHEVROLET,CAPTIVA EV,CAPTIVA EV,0.1190366991054817,0.0,125000.0
chevrolet-captiva-ev,2026.0,Premier,130000.0,140000.0,135000.0,"AED 130,000 - 140,000",AED,https://www.drivearabia.com/carprices/uae/chevrolet/chevrolet-captiva-ev/2026/,2026-06-15T07:50:31Z,CHEVROLET,CAPTIVA EV,CAPTIVA EV,0.1190366991054817,0.0,135000.0
chevrolet-captiva-phev,2026.0,LT,104900.0,105000.0,104950.0,"AED 104,900 - 105,000",AED,https://www.drivearabia.com/carprices/uae/chevrolet/chevrolet-captiva-phev/2026/,2026-06-15T07:51:09Z,CHEVROLET,CAPTIVA PHEV,CAPTIVA PHEV,0.1190366991054817,0.0,104950.0
chevrolet-captiva-phev,2026.0,Premier,109900.0,110000.0,109950.0,"AED 109,900 - 110,000",AED,https://www.drivearabia.com/carprices/uae/chevrolet/chevrolet-captiva-phev/2026/,2026-06-15T07:51:09Z,CHEVROLET,CAPTIVA PHEV,CAPTIVA PHEV,0.1190366991054817,0.0,109950.0
chevrolet-colorado,2008.0,2.4 I4 Colorado 2.4,54000.0,70000.0,62000.0,"AED 54,000 - 70,000",AED,https://www.drivearabia.com/carprices/uae/chevrolet/chevrolet-colorado/2008/,2026-06-15T07:51:26Z,CHEVROLET,COLORADO,COLORADO,0.1393470610132384,18.0,4162.0
chevrolet-colorado,2009.0,2.4 I4 Colorado 2.4,54000.0,70000.0,62000.0,"AED 54,000 - 70,000",AED,https://www.drivearabia.com/carprices/uae/chevrolet/chevrolet-colorado/2009/,2026-06-15T07:51:27Z,CHEVROLET,COLORADO,COLORADO,0.1393470610132384,17.0,4836.0
chevrolet-colorado,2010.0,2.4 I4 Colorado 2.4,54000.0,70000.0,62000.0,"AED 54,000 - 70,000",AED,https://www.drivearabia.com/carprices/uae/chevrolet/chevrolet-colorado/2010/,2026-06-15T07:51:29Z,CHEVROLET,COLORADO,COLORADO,0.1393470610132384,16.0,5619.0
chevrolet-colorado,2011.0,2.4 I4 Colorado 2.4,54000.0,70000.0,62000.0,"AED 54,000 - 70,000",AED,https://www.drivearabia.com/carprices/uae/chevrolet/chevrolet-colorado/2011/,2026-06-15T07:51:32Z,CHEVROLET,COLORADO,COLORADO,0.1393470610132384,15.0,6528.0
chevrolet-colorado,2012.0,2.4 I4 Colorado 2.4,87000.0,90000.0,88500.0,"AED 87,000 - 90,000",AED,https://www.drivearabia.com/carprices/uae/chevrolet/chevrolet-colorado/2012/,2026-06-15T07:51:34Z,CHEVROLET,COLORADO,COLORADO,0.1393470610132384,14.0,10828.0
chevrolet-colorado,2012.0,3.6 V6 Colorado V6,101000.0,103000.0,102000.0,"AED 101,000 - 103,000",AED,https://www.drivearabia.com/carprices/uae/chevrolet/chevrolet-colorado/2012/,2026-06-15T07:51:34Z,CHEVROLET,COLORADO,COLORADO,0.1393470610132384,14.0,12479.0
chevrolet-colorado,2013.0,2.4 I4 Colorado 2.4,87000.0,90000.0,88500.0,"AED 87,000 - 90,000",AED,https://www.drivearabia.com/carprices/uae/chevrolet/chevrolet-colorado/2013/,2026-06-15T07:51:35Z,CHEVROLET,COLORADO,COLORADO,0.1393470610132384,13.0,12581.0
chevrolet-colorado,2013.0,3.6 V6 Colorado V6,101000.0,103000.0,102000.0,"AED 101,000 - 103,000",AED,https://www.drivearabia.com/carprices/uae/chevrolet/chevrolet-colorado/2013/,2026-06-15T07:51:35Z,CHEVROLET,COLORADO,COLORADO,0.1393470610132384,13.0,14500.0
chevrolet-colorado,2014.0,2.4 I4 Colorado 2.4,87000.0,90000.0,88500.0,"AED 87,000 - 90,000",AED,https://www.drivearabia.com/carprices/uae/chevrolet/chevrolet-colorado/2014/,2026-06-15T07:51:37Z,CHEVROLET,COLORADO,COLORADO,0.1393470610132384,12.0,14618.0
chevrolet-colorado,2014.0,3.6 V6 Colorado V6,101000.0,103000.0,102000.0,"AED 101,000 - 103,000",AED,https://www.drivearabia.com/carprices/uae/chevrolet/chevrolet-colorado/2014/,2026-06-15T07:51:37Z,CHEVROLET,COLORADO,COLORADO,0.1393470610132384,12.0,16848.0
chevrolet-corvette,2005.0,6.0 V8 Corvette Coupe,213000.0,220000.0,216500.0,"AED 213,000 - 220,000",AED,https://www.drivearabia.com/carprices/uae/chevrolet/chevrolet-corvette/2005/,2026-06-15T07:52:04Z,CHEVROLET,CORVETTE,CORVETTE,0.1432174201393906,21.0,8428.0
chevrolet-corvette,2005.0,6.0 V8 Corvette Convertible,219000.0,225000.0,222000.0,"AED 219,000 - 225,000",AED,https://www.drivearabia.com/carprices/uae/chevrolet/chevrolet-corvette/2005/,2026-06-15T07:52:04Z,CHEVROLET,CORVETTE,CORVETTE,0.1432174201393906,21.0,8642.0
chevrolet-corvette,2005.0,7.0 V8 Corvette Z06,295000.0,300000.0,297500.0,"AED 295,000 - 300,000",AED,https://www.drivearabia.com/carprices/uae/chevrolet/chevrolet-corvette/2005/,2026-06-15T07:52:04Z,CHEVROLET,CORVETTE,CORVETTE,0.1432174201393906,21.0,11582.0
chevrolet-corvette,2006.0,6.0 V8 Corvette Coupe,213000.0,220000.0,216500.0,"AED 213,000 - 220,000",AED,https://www.drivearabia.com/carprices/uae/chevrolet/chevrolet-corvette/2006/,2026-06-15T07:52:06Z,CHEVROLET,CORVETTE,CORVETTE,0.1432174201393906,20.0,9837.0
chevrolet-corvette,2006.0,6.0 V8 Corvette Convertible,219000.0,225000.0,222000.0,"AED 219,000 - 225,000",AED,https://www.drivearabia.com/carprices/uae/chevrolet/chevrolet-corvette/2006/,2026-06-15T07:52:06Z,CHEVROLET,CORVETTE,CORVETTE,0.1432174201393906,20.0,10087.0
chevrolet-corvette,2006.0,7.0 V8 Corvette Z06,295000.0,300000.0,297500.0,"AED 295,000 - 300,000",AED,https://www.drivearabia.com/carprices/uae/chevrolet/chevrolet-corvette/2006/,2026-06-15T07:52:06Z,CHEVROLET,CORVETTE,CORVETTE,0.1432174201393906,20.0,13518.0
chevrolet-corvette,2007.0,6.0 V8 Corvette Coupe,213000.0,220000.0,216500.0,"AED 213,000 - 220,000",AED,https://www.drivearabia.com/carprices/uae/chevrolet/chevrolet-corvette/2007/,2026-06-15T07:52:08Z,CHEVROLET,CORVETTE,CORVETTE,0.1432174201393906,19.0,11482.0
chevrolet-corvette,2007.0,6.0 V8 Corvette Convertible,219000.0,225000.0,222000.0,"AED 219,000 - 225,000",AED,https://www.drivearabia.com/carprices/uae/chevrolet/chevrolet-corvette/2007/,2026-06-15T07:52:08Z,CHEVROLET,CORVETTE,CORVETTE,0.1432174201393906,19.0,11773.0
chevrolet-corvette,2007.0,7.0 V8 Corvette Z06,295000.0,300000.0,297500.0,"AED 295,000 - 300,000",AED,https://www.drivearabia.com/carprices/uae/chevrolet/chevrolet-corvette/2007/,2026-06-15T07:52:08Z,CHEVROLET,CORVETTE,CORVETTE,0.1432174201393906,19.0,15777.0
chevrolet-corvette,2008.0,6.2 V8 Coupe,230000.0,250000.0,240000.0,"AED 230,000 - 250,000",AED,https://www.drivearabia.com/carprices/uae/chevrolet/chevrolet-corvette/2008/,2026-06-15T07:52:10Z,CHEVROLET,CORVETTE,CORVETTE,0.1432174201393906,18.0,14855.0
chevrolet-corvette,2008.0,6.2 V8 Convertible,250000.0,275000.0,262500.0,"AED 250,000 - 275,000",AED,https://www.drivearabia.com/carprices/uae/chevrolet/chevrolet-corvette/2008/,2026-06-15T07:52:10Z,CHEVROLET,CORVETTE,CORVETTE,0.1432174201393906,18.0,16248.0
chevrolet-corvette,2008.0,7.0 V8 Corvette Z06,315000.0,330000.0,322500.0,"AED 315,000 - 330,000",AED,https://www.drivearabia.com/carprices/uae/chevrolet/chevrolet-corvette/2008/,2026-06-15T07:52:10Z,CHEVROLET,CORVETTE,CORVETTE,0.1432174201393906,18.0,19962.0
chevrolet-corvette,2008.0,6.2SC V8 Corvette ZR1,490000.0,510000.0,500000.0,"AED 490,000 - 510,000",AED,https://www.drivearabia.com/carprices/uae/chevrolet/chevrolet-corvette/2008/,2026-06-15T07:52:10Z,CHEVROLET,CORVETTE,CORVETTE,0.1432174201393906,18.0,30949.0
chevrolet-corvette,2009.0,6.2 V8 Coupe,230000.0,250000.0,240000.0,"AED 230,000 - 250,000",AED,https://www.drivearabia.com/carprices/uae/chevrolet/chevrolet-corvette/2009/,2026-06-15T07:52:12Z,CHEVROLET,CORVETTE,CORVETTE,0.1432174201393906,17.0,17339.0
chevrolet-corvette,2009.0,6.2 V8 Convertible,250000.0,275000.0,262500.0,"AED 250,000 - 275,000",AED,https://www.drivearabia.com/carprices/uae/chevrolet/chevrolet-corvette/2009/,2026-06-15T07:52:12Z,CHEVROLET,CORVETTE,CORVETTE,0.1432174201393906,17.0,18964.0
chevrolet-corvette,2009.0,7.0 V8 Corvette Z06,315000.0,330000.0,322500.0,"AED 315,000 - 330,000",AED,https://www.drivearabia.com/carprices/uae/chevrolet/chevrolet-corvette/2009/,2026-06-15T07:52:12Z,CHEVROLET,CORVETTE,CORVETTE,0.1432174201393906,17.0,23299.0
chevrolet-corvette,2009.0,6.2SC V8 Corvette ZR1,490000.0,510000.0,500000.0,"AED 490,000 - 510,000",AED,https://www.drivearabia.com/carprices/uae/chevrolet/chevrolet-corvette/2009/,2026-06-15T07:52:12Z,CHEVROLET,CORVETTE,CORVETTE,0.1432174201393906,17.0,36122.0
chevrolet-corvette,2010.0,6.2 V8 Coupe,230000.0,250000.0,240000.0,"AED 230,000 - 250,000",AED,https://www.drivearabia.com/carprices/uae/chevrolet/chevrolet-corvette/2010/,2026-06-15T07:52:14Z,CHEVROLET,CORVETTE,CORVETTE,0.1432174201393906,16.0,20237.0
chevrolet-corvette,2010.0,6.2 V8 Convertible,250000.0,275000.0,262500.0,"AED 250,000 - 275,000",AED,https://www.drivearabia.com/carprices/uae/chevrolet/chevrolet-corvette/2010/,2026-06-15T07:52:14Z,CHEVROLET,CORVETTE,CORVETTE,0.1432174201393906,16.0,22134.0
chevrolet-corvette,2010.0,7.0 V8 Corvette Z06,315000.0,330000.0,322500.0,"AED 315,000 - 330,000",AED,https://www.drivearabia.com/carprices/uae/chevrolet/chevrolet-corvette/2010/,2026-06-15T07:52:14Z,CHEVROLET,CORVETTE,CORVETTE,0.1432174201393906,16.0,27193.0
chevrolet-corvette,2010.0,6.2SC V8 Corvette ZR1,490000.0,510000.0,500000.0,"AED 490,000 - 510,000",AED,https://www.drivearabia.com/carprices/uae/chevrolet/chevrolet-corvette/2010/,2026-06-15T07:52:14Z,CHEVROLET,CORVETTE,CORVETTE,0.1432174201393906,16.0,42160.0
chevrolet-corvette,2011.0,6.2 V8 Coupe,230000.0,250000.0,240000.0,"AED 230,000 - 250,000",AED,https://www.drivearabia.com/carprices/uae/chevrolet/chevrolet-corvette/2011/,2026-06-15T07:52:16Z,CHEVROLET,CORVETTE,CORVETTE,0.1432174201393906,15.0,23619.0
chevrolet-corvette,2011.0,6.2 V8 Convertible,250000.0,275000.0,262500.0,"AED 250,000 - 275,000",AED,https://www.drivearabia.com/carprices/uae/chevrolet/chevrolet-corvette/2011/,2026-06-15T07:52:16Z,CHEVROLET,CORVETTE,CORVETTE,0.1432174201393906,15.0,25834.0
chevrolet-corvette,2011.0,7.0 V8 Corvette Z06,315000.0,330000.0,322500.0,"AED 315,000 - 330,000",AED,https://www.drivearabia.com/carprices/uae/chevrolet/chevrolet-corvette/2011/,2026-06-15T07:52:16Z,CHEVROLET,CORVETTE,CORVETTE,0.1432174201393906,15.0,31739.0
chevrolet-corvette,2011.0,6.2SC V8 Corvette ZR1,490000.0,510000.0,500000.0,"AED 490,000 - 510,000",AED,https://www.drivearabia.com/carprices/uae/chevrolet/chevrolet-corvette/2011/,2026-06-15T07:52:16Z,CHEVROLET,CORVETTE,CORVETTE,0.1432174201393906,15.0,49207.0
chevrolet-corvette,2012.0,6.2 V8 Coupe,230000.0,250000.0,240000.0,"AED 230,000 - 250,000",AED,https://www.drivearabia.com/carprices/uae/chevrolet/chevrolet-corvette/2012/,2026-06-15T07:52:18Z,CHEVROLET,CORVETTE,CORVETTE,0.1432174201393906,14.0,27568.0
chevrolet-corvette,2012.0,6.2 V8 Convertible,250000.0,275000.0,262500.0,"AED 250,000 - 275,000",AED,https://www.drivearabia.com/carprices/uae/chevrolet/chevrolet-corvette/2012/,2026-06-15T07:52:18Z,CHEVROLET,CORVETTE,CORVETTE,0.1432174201393906,14.0,30152.0
chevrolet-corvette,2012.0,7.0 V8 Corvette Z06,315000.0,330000.0,322500.0,"AED 315,000 - 330,000",AED,https://www.drivearabia.com/carprices/uae/chevrolet/chevrolet-corvette/2012/,2026-06-15T07:52:18Z,CHEVROLET,CORVETTE,CORVETTE,0.1432174201393906,14.0,37044.0
chevrolet-corvette,2012.0,6.2SC V8 Corvette ZR1,490000.0,510000.0,500000.0,"AED 490,000 - 510,000",AED,https://www.drivearabia.com/carprices/uae/chevrolet/chevrolet-corvette/2012/,2026-06-15T07:52:18Z,CHEVROLET,CORVETTE,CORVETTE,0.1432174201393906,14.0,57433.0
chevrolet-corvette,2013.0,6.2 V8 Coupe,230000.0,250000.0,240000.0,"AED 230,000 - 250,000",AED,https://www.drivearabia.com/carprices/uae/chevrolet/chevrolet-corvette/2013/,2026-06-15T07:52:19Z,CHEVROLET,CORVETTE,CORVETTE,0.1432174201393906,13.0,32176.0
chevrolet-corvette,2013.0,6.2 V8 Convertible,250000.0,275000.0,262500.0,"AED 250,000 - 275,000",AED,https://www.drivearabia.com/carprices/uae/chevrolet/chevrolet-corvette/2013/,2026-06-15T07:52:19Z,CHEVROLET,CORVETTE,CORVETTE,0.1432174201393906,13.0,35192.0
chevrolet-corvette,2013.0,7.0 V8 Corvette Z06,315000.0,330000.0,322500.0,"AED 315,000 - 330,000",AED,https://www.drivearabia.com/carprices/uae/chevrolet/chevrolet-corvette/2013/,2026-06-15T07:52:19Z,CHEVROLET,CORVETTE,CORVETTE,0.1432174201393906,13.0,43236.0
chevrolet-corvette,2013.0,6.2SC V8 Corvette ZR1,490000.0,510000.0,500000.0,"AED 490,000 - 510,000",AED,https://www.drivearabia.com/carprices/uae/chevrolet/chevrolet-corvette/2013/,2026-06-15T07:52:19Z,CHEVROLET,CORVETTE,CORVETTE,0.1432174201393906,13.0,67033.0
chevrolet-corvette,2014.0,6.2 V8 Corvette Z51,330000.0,332000.0,331000.0,"AED 330,000 - 332,000",AED,https://www.drivearabia.com/carprices/uae/chevrolet/chevrolet-corvette/2014/,2026-06-15T07:52:21Z,CHEVROLET,CORVETTE,CORVETTE,0.1432174201393906,12.0,51794.0
chevrolet-corvette,2015.0,6.2 V8 Corvette Z51,330000.0,332000.0,331000.0,"AED 330,000 - 332,000",AED,https://www.drivearabia.com/carprices/uae/chevrolet/chevrolet-corvette/2015/,2026-06-15T07:52:23Z,CHEVROLET,CORVETTE,CORVETTE,0.1432174201393906,11.0,60451.0
chevrolet-corvette,2016.0,6.2 V8 Corvette Z51,330000.0,332000.0,331000.0,"AED 330,000 - 332,000",AED,https://www.drivearabia.com/carprices/uae/chevrolet/chevrolet-corvette/2016/,2026-06-15T07:52:25Z,CHEVROLET,CORVETTE,CORVETTE,0.1432174201393906,10.0,70556.0
chevrolet-corvette,2017.0,6.2 V8 Stingray Z51,330000.0,350000.0,340000.0,"AED 330,000 - 350,000",AED,https://www.drivearabia.com/carprices/uae/chevrolet/chevrolet-corvette/2017/,2026-06-15T07:52:27Z,CHEVROLET,CORVETTE,CORVETTE,0.1432174201393906,9.0,84589.0
chevrolet-corvette,2017.0,6.2 V8 Grand Sport,350000.0,370000.0,360000.0,"AED 350,000 - 370,000",AED,https://www.drivearabia.com/carprices/uae/chevrolet/chevrolet-corvette/2017/,2026-06-15T07:52:27Z,CHEVROLET,CORVETTE,CORVETTE,0.1432174201393906,9.0,89565.0
chevrolet-corvette,2018.0,6.2 V8 Stingray Z51,330000.0,350000.0,340000.0,"AED 330,000 - 350,000",AED,https://www.drivearabia.com/carprices/uae/chevrolet/chevrolet-corvette/2018/,2026-06-15T07:52:29Z,CHEVROLET,CORVETTE,CORVETTE,0.1432174201393906,8.0,98729.0
chevrolet-corvette,2018.0,6.2 V8 Grand Sport,350000.0,370000.0,360000.0,"AED 350,000 - 370,000",AED,https://www.drivearabia.com/carprices/uae/chevrolet/chevrolet-corvette/2018/,2026-06-15T07:52:29Z,CHEVROLET,CORVETTE,CORVETTE,0.1432174201393906,8.0,104536.0
chevrolet-corvette,2019.0,6.2 V8 Stingray Z51,297000.0,350000.0,323500.0,"AED 297,000 - 350,000",AED,https://www.drivearabia.com/carprices/uae/chevrolet/chevrolet-corvette/2019/,2026-06-15T07:52:31Z,CHEVROLET,CORVETTE,CORVETTE,0.1432174201393906,7.0,109640.0
chevrolet-corvette,2019.0,6.2 V8 Grand Sport,350000.0,370000.0,360000.0,"AED 350,000 - 370,000",AED,https://www.drivearabia.com/carprices/uae/chevrolet/chevrolet-corvette/2019/,2026-06-15T07:52:31Z,CHEVROLET,CORVETTE,CORVETTE,0.1432174201393906,7.0,122010.0
chevrolet-corvette,2020.0,6.2 V8 1LT Coupe,289900.0,290000.0,289950.0,"AED 289,900 - 290,000",AED,https://www.drivearabia.com/carprices/uae/chevrolet/chevrolet-corvette/2020/,2026-06-15T07:52:33Z,CHEVROLET,CORVETTE,CORVETTE,0.1432174201393906,6.0,114696.0
chevrolet-corvette,2020.0,6.2 V8 3LT Coupe,343500.0,345000.0,344250.0,"AED 343,500 - 345,000",AED,https://www.drivearabia.com/carprices/uae/chevrolet/chevrolet-corvette/2020/,2026-06-15T07:52:33Z,CHEVROLET,CORVETTE,CORVETTE,0.1432174201393906,6.0,136175.0
chevrolet-corvette,2020.0,6.2 V8 2LT Convertible,360000.0,361000.0,360500.0,"AED 360,000 - 361,000",AED,https://www.drivearabia.com/carprices/uae/chevrolet/chevrolet-corvette/2020/,2026-06-15T07:52:33Z,CHEVROLET,CORVETTE,CORVETTE,0.1432174201393906,6.0,142603.0
chevrolet-corvette,2021.0,6.2 V8 1LT Coupe,289900.0,290000.0,289950.0,"AED 289,900 - 290,000",AED,https://www.drivearabia.com/carprices/uae/chevrolet/chevrolet-corvette/2021/,2026-06-15T07:52:35Z,CHEVROLET,CORVETTE,CORVETTE,0.1432174201393906,5.0,133868.0
chevrolet-corvette,2021.0,6.2 V8 3LT Coupe,343500.0,345000.0,344250.0,"AED 343,500 - 345,000",AED,https://www.drivearabia.com/carprices/uae/chevrolet/chevrolet-corvette/2021/,2026-06-15T07:52:35Z,CHEVROLET,CORVETTE,CORVETTE,0.1432174201393906,5.0,158938.0
chevrolet-corvette,2021.0,6.2 V8 2LT Convertible,360000.0,361000.0,360500.0,"AED 360,000 - 361,000",AED,https://www.drivearabia.com/carprices/uae/chevrolet/chevrolet-corvette/2021/,2026-06-15T07:52:35Z,CHEVROLET,CORVETTE,CORVETTE,0.1432174201393906,5.0,166440.0
chevrolet-corvette,2022.0,6.2 V8 1LT Coupe,289900.0,290000.0,289950.0,"AED 289,900 - 290,000",AED,https://www.drivearabia.com/carprices/uae/chevrolet/chevrolet-corvette/2022/,2026-06-15T07:52:36Z,CHEVROLET,CORVETTE,CORVETTE,0.1432174201393906,4.0,156245.0
chevrolet-corvette,2022.0,6.2 V8 3LT Coupe,343500.0,345000.0,344250.0,"AED 343,500 - 345,000",AED,https://www.drivearabia.com/carprices/uae/chevrolet/chevrolet-corvette/2022/,2026-06-15T07:52:36Z,CHEVROLET,CORVETTE,CORVETTE,0.1432174201393906,4.0,185505.0
chevrolet-corvette,2022.0,6.2 V8 2LT Convertible,360000.0,361000.0,360500.0,"AED 360,000 - 361,000",AED,https://www.drivearabia.com/carprices/uae/chevrolet/chevrolet-corvette/2022/,2026-06-15T07:52:36Z,CHEVROLET,CORVETTE,CORVETTE,0.1432174201393906,4.0,194262.0
chevrolet-corvette,2023.0,6.2 V8 1LT Coupe,289900.0,290000.0,289950.0,"AED 289,900 - 290,000",AED,https://www.drivearabia.com/carprices/uae/chevrolet/chevrolet-corvette/2023/,2026-06-15T07:52:38Z,CHEVROLET,CORVETTE,CORVETTE,0.1432174201393906,3.0,182362.0
chevrolet-corvette,2023.0,6.2 V8 3LT Coupe,343500.0,345000.0,344250.0,"AED 343,500 - 345,000",AED,https://www.drivearabia.com/carprices/uae/chevrolet/chevrolet-corvette/2023/,2026-06-15T07:52:38Z,CHEVROLET,CORVETTE,CORVETTE,0.1432174201393906,3.0,216514.0
chevrolet-corvette,2023.0,6.2 V8 2LT Convertible,360000.0,361000.0,360500.0,"AED 360,000 - 361,000",AED,https://www.drivearabia.com/carprices/uae/chevrolet/chevrolet-corvette/2023/,2026-06-15T07:52:38Z,CHEVROLET,CORVETTE,CORVETTE,0.1432174201393906,3.0,226734.0
chevrolet-corvette,2024.0,6.2 V8 1LT Coupe,339000.0,350000.0,344500.0,"AED 339,000 - 350,000",AED,https://www.drivearabia.com/carprices/uae/chevrolet/chevrolet-corvette/2024/,2026-06-15T07:52:40Z,CHEVROLET,CORVETTE,CORVETTE,0.1432174201393906,2.0,252889.0
chevrolet-corvette,2024.0,6.2 V8 2LT Convertible,418800.0,420000.0,419400.0,"AED 418,800 - 420,000",AED,https://www.drivearabia.com/carprices/uae/chevrolet/chevrolet-corvette/2024/,2026-06-15T07:52:40Z,CHEVROLET,CORVETTE,CORVETTE,0.1432174201393906,2.0,307872.0
chevrolet-corvette,2024.0,6.2 V8 3LT Coupe,449000.0,450000.0,449500.0,"AED 449,000 - 450,000",AED,https://www.drivearabia.com/carprices/uae/chevrolet/chevrolet-corvette/2024/,2026-06-15T07:52:40Z,CHEVROLET,CORVETTE,CORVETTE,0.1432174201393906,2.0,329967.0
chevrolet-corvette,2025.0,6.2 V8 1LT Coupe RWD,339000.0,350000.0,344500.0,"AED 339,000 - 350,000",AED,https://www.drivearabia.com/carprices/uae/chevrolet/chevrolet-corvette/2025/,2026-06-15T07:52:42Z,CHEVROLET,CORVETTE,CORVETTE,0.1432174201393906,1.0,295162.0
chevrolet-corvette,2025.0,6.2 V8 2LT Convertible RWD,418800.0,420000.0,419400.0,"AED 418,800 - 420,000",AED,https://www.drivearabia.com/carprices/uae/chevrolet/chevrolet-corvette/2025/,2026-06-15T07:52:42Z,CHEVROLET,CORVETTE,CORVETTE,0.1432174201393906,1.0,359335.0
chevrolet-corvette,2025.0,6.2 V8 3LT Coupe RWD,500000.0,510000.0,505000.0,"AED 500,000 - 510,000",AED,https://www.drivearabia.com/carprices/uae/chevrolet/chevrolet-corvette/2025/,2026-06-15T07:52:42Z,CHEVROLET,CORVETTE,CORVETTE,0.1432174201393906,1.0,432675.0
chevrolet-corvette,2025.0,e-Ray RWD,695000.0,700000.0,697500.0,"AED 695,000 - 700,000",AED,https://www.drivearabia.com/carprices/uae/chevrolet/chevrolet-corvette/2025/,2026-06-15T07:52:42Z,CHEVROLET,CORVETTE,CORVETTE,0.1432174201393906,1.0,597606.0
chevrolet-corvette,2025.0,Z06 RWD,765000.0,780000.0,772500.0,"AED 765,000 - 780,000",AED,https://www.drivearabia.com/carprices/uae/chevrolet/chevrolet-corvette/2025/,2026-06-15T07:52:42Z,CHEVROLET,CORVETTE,CORVETTE,0.1432174201393906,1.0,661865.0
chevrolet-corvette,2026.0,6.2 V8 1LT Coupe RWD,339000.0,350000.0,344500.0,"AED 339,000 - 350,000",AED,https://www.drivearabia.com/carprices/uae/chevrolet/chevrolet-corvette/2026/,2026-06-15T07:52:44Z,CHEVROLET,CORVETTE,CORVETTE,0.1432174201393906,0.0,344500.0
chevrolet-corvette,2026.0,6.2 V8 2LT Convertible RWD,418800.0,420000.0,419400.0,"AED 418,800 - 420,000",AED,https://www.drivearabia.com/carprices/uae/chevrolet/chevrolet-corvette/2026/,2026-06-15T07:52:44Z,CHEVROLET,CORVETTE,CORVETTE,0.1432174201393906,0.0,419400.0
chevrolet-corvette,2026.0,6.2 V8 3LT Coupe RWD,500000.0,510000.0,505000.0,"AED 500,000 - 510,000",AED,https://www.drivearabia.com/carprices/uae/chevrolet/chevrolet-corvette/2026/,2026-06-15T07:52:44Z,CHEVROLET,CORVETTE,CORVETTE,0.1432174201393906,0.0,505000.0
chevrolet-corvette,2026.0,e-Ray RWD,695000.0,700000.0,697500.0,"AED 695,000 - 700,000",AED,https://www.drivearabia.com/carprices/uae/chevrolet/chevrolet-corvette/2026/,2026-06-15T07:52:44Z,CHEVROLET,CORVETTE,CORVETTE,0.1432174201393906,0.0,697500.0
chevrolet-corvette,2026.0,Z06 RWD,765000.0,780000.0,772500.0,"AED 765,000 - 780,000",AED,https://www.drivearabia.com/carprices/uae/chevrolet/chevrolet-corvette/2026/,2026-06-15T07:52:44Z,CHEVROLET,CORVETTE,CORVETTE,0.1432174201393906,0.0,772500.0
chevrolet-cruze,2010.0,1.8 I4 Cruze LS,53000.0,54500.0,53750.0,"AED 53,000 - 54,500",AED,https://www.drivearabia.com/carprices/uae/chevrolet/chevrolet-cruze/2010/,2026-06-15T07:53:02Z,CHEVROLET,CRUZE,CRUZE,0.1236738555535399,16.0,6502.0
chevrolet-cruze,2010.0,1.8 I4 Cruze LT,68500.0,70000.0,69250.0,"AED 68,500 - 70,000",AED,https://www.drivearabia.com/carprices/uae/chevrolet/chevrolet-cruze/2010/,2026-06-15T07:53:02Z,CHEVROLET,CRUZE,CRUZE,0.1236738555535399,16.0,8377.0
chevrolet-cruze,2011.0,1.8 I4 Cruze LS,53000.0,54500.0,53750.0,"AED 53,000 - 54,500",AED,https://www.drivearabia.com/carprices/uae/chevrolet/chevrolet-cruze/2011/,2026-06-15T07:53:04Z,CHEVROLET,CRUZE,CRUZE,0.1236738555535399,15.0,7419.0
chevrolet-cruze,2011.0,1.8 I4 Cruze LT,68500.0,70000.0,69250.0,"AED 68,500 - 70,000",AED,https://www.drivearabia.com/carprices/uae/chevrolet/chevrolet-cruze/2011/,2026-06-15T07:53:04Z,CHEVROLET,CRUZE,CRUZE,0.1236738555535399,15.0,9559.0
chevrolet-cruze,2012.0,1.8 I4 Cruze LS,53000.0,54500.0,53750.0,"AED 53,000 - 54,500",AED,https://www.drivearabia.com/carprices/uae/chevrolet/chevrolet-cruze/2012/,2026-06-15T07:53:06Z,CHEVROLET,CRUZE,CRUZE,0.1236738555535399,14.0,8466.0
chevrolet-cruze,2012.0,1.8 I4 Cruze LT,68500.0,70000.0,69250.0,"AED 68,500 - 70,000",AED,https://www.drivearabia.com/carprices/uae/chevrolet/chevrolet-cruze/2012/,2026-06-15T07:53:06Z,CHEVROLET,CRUZE,CRUZE,0.1236738555535399,14.0,10908.0
chevrolet-cruze,2013.0,1.8 I4 Cruze LS,61000.0,62500.0,61750.0,"AED 61,000 - 62,500",AED,https://www.drivearabia.com/carprices/uae/chevrolet/chevrolet-cruze/2013/,2026-06-15T07:53:08Z,CHEVROLET,CRUZE,CRUZE,0.1236738555535399,13.0,11099.0
chevrolet-cruze,2013.0,1.8 I4 Cruze LT,72500.0,74000.0,73250.0,"AED 72,500 - 74,000",AED,https://www.drivearabia.com/carprices/uae/chevrolet/chevrolet-cruze/2013/,2026-06-15T07:53:08Z,CHEVROLET,CRUZE,CRUZE,0.1236738555535399,13.0,13166.0
chevrolet-cruze,2014.0,1.8 I4 Cruze LS,61000.0,62500.0,61750.0,"AED 61,000 - 62,500",AED,https://www.drivearabia.com/carprices/uae/chevrolet/chevrolet-cruze/2014/,2026-06-15T07:53:10Z,CHEVROLET,CRUZE,CRUZE,0.1236738555535399,12.0,12666.0
chevrolet-cruze,2014.0,1.8 I4 Cruze LT,72500.0,74000.0,73250.0,"AED 72,500 - 74,000",AED,https://www.drivearabia.com/carprices/uae/chevrolet/chevrolet-cruze/2014/,2026-06-15T07:53:10Z,CHEVROLET,CRUZE,CRUZE,0.1236738555535399,12.0,15024.0
chevrolet-cruze,2015.0,1.8 I4 Cruze LS,61000.0,62500.0,61750.0,"AED 61,000 - 62,500",AED,https://www.drivearabia.com/carprices/uae/chevrolet/chevrolet-cruze/2015/,2026-06-15T07:53:12Z,CHEVROLET,CRUZE,CRUZE,0.1236738555535399,11.0,14453.0
chevrolet-cruze,2015.0,1.8 I4 Cruze LT,72500.0,74000.0,73250.0,"AED 72,500 - 74,000",AED,https://www.drivearabia.com/carprices/uae/chevrolet/chevrolet-cruze/2015/,2026-06-15T07:53:12Z,CHEVROLET,CRUZE,CRUZE,0.1236738555535399,11.0,17145.0
chevrolet-cruze,2016.0,1.8 I4 Cruze LS,57000.0,58500.0,57750.0,"AED 57,000 - 58,500",AED,https://www.drivearabia.com/carprices/uae/chevrolet/chevrolet-cruze/2016/,2026-06-15T07:53:14Z,CHEVROLET,CRUZE,CRUZE,0.1236738555535399,10.0,15424.0
chevrolet-cruze,2016.0,1.8 I4 Cruze LT,72500.0,74000.0,73250.0,"AED 72,500 - 74,000",AED,https://www.drivearabia.com/carprices/uae/chevrolet/chevrolet-cruze/2016/,2026-06-15T07:53:14Z,CHEVROLET,CRUZE,CRUZE,0.1236738555535399,10.0,19564.0
chevrolet-cruze,2017.0,1.8 I4 Cruze LS,57000.0,58500.0,57750.0,"AED 57,000 - 58,500",AED,https://www.drivearabia.com/carprices/uae/chevrolet/chevrolet-cruze/2017/,2026-06-15T07:53:16Z,CHEVROLET,CRUZE,CRUZE,0.1236738555535399,9.0,17601.0
chevrolet-cruze,2017.0,1.8 I4 Cruze LT,72500.0,74000.0,73250.0,"AED 72,500 - 74,000",AED,https://www.drivearabia.com/carprices/uae/chevrolet/chevrolet-cruze/2017/,2026-06-15T07:53:16Z,CHEVROLET,CRUZE,CRUZE,0.1236738555535399,9.0,22325.0
chevrolet-cruze-hatchback,2013.0,1.8 I4 Cruze Hatchback LS,61000.0,62500.0,61750.0,"AED 61,000 - 62,500",AED,https://www.drivearabia.com/carprices/uae/chevrolet/chevrolet-cruze-hatchback/2013/,2026-06-15T07:53:48Z,CHEVROLET,CRUZE HATCHBACK,CRUZE HATCHBACK,0.1116859847980559,13.0,13243.0
chevrolet-cruze-hatchback,2013.0,1.8 I4 Cruze Hatchback LT,72500.0,74000.0,73250.0,"AED 72,500 - 74,000",AED,https://www.drivearabia.com/carprices/uae/chevrolet/chevrolet-cruze-hatchback/2013/,2026-06-15T07:53:48Z,CHEVROLET,CRUZE HATCHBACK,CRUZE HATCHBACK,0.1116859847980559,13.0,15710.0
chevrolet-cruze-hatchback,2014.0,1.8 I4 Cruze Hatchback LS,61000.0,62500.0,61750.0,"AED 61,000 - 62,500",AED,https://www.drivearabia.com/carprices/uae/chevrolet/chevrolet-cruze-hatchback/2014/,2026-06-15T07:53:50Z,CHEVROLET,CRUZE HATCHBACK,CRUZE HATCHBACK,0.1116859847980559,12.0,14909.0
chevrolet-cruze-hatchback,2014.0,1.8 I4 Cruze Hatchback LT,72500.0,74000.0,73250.0,"AED 72,500 - 74,000",AED,https://www.drivearabia.com/carprices/uae/chevrolet/chevrolet-cruze-hatchback/2014/,2026-06-15T07:53:50Z,CHEVROLET,CRUZE HATCHBACK,CRUZE HATCHBACK,0.1116859847980559,12.0,17685.0
chevrolet-cruze-hatchback,2015.0,1.8 I4 Cruze Hatchback LS,61000.0,62500.0,61750.0,"AED 61,000 - 62,500",AED,https://www.drivearabia.com/carprices/uae/chevrolet/chevrolet-cruze-hatchback/2015/,2026-06-15T07:53:51Z,CHEVROLET,CRUZE HATCHBACK,CRUZE HATCHBACK,0.1116859847980559,11.0,16783.0
chevrolet-cruze-hatchback,2015.0,1.8 I4 Cruze Hatchback LT,72500.0,74000.0,73250.0,"AED 72,500 - 74,000",AED,https://www.drivearabia.com/carprices/uae/chevrolet/chevrolet-cruze-hatchback/2015/,2026-06-15T07:53:51Z,CHEVROLET,CRUZE HATCHBACK,CRUZE HATCHBACK,0.1116859847980559,11.0,19909.0
chevrolet-csv-cr8,2008.0,6.0 V8 CSV CR8 LS2,162000.0,169000.0,165500.0,"AED 162,000 - 169,000",AED,https://www.drivearabia.com/carprices/uae/chevrolet/chevrolet-csv-cr8/2008/,2026-06-15T07:54:20Z,CHEVROLET,CSV CR8,CSV CR8,0.2075049675244086,18.0,2516.0
chevrolet-csv-cr8,2008.0,6.2 V8 CSV CR8 LS3,178000.0,185000.0,181500.0,"AED 178,000 - 185,000",AED,https://www.drivearabia.com/carprices/uae/chevrolet/chevrolet-csv-cr8/2008/,2026-06-15T07:54:20Z,CHEVROLET,CSV CR8,CSV CR8,0.2075049675244086,18.0,2759.0
chevrolet-csv-cr8,2009.0,6.2 V8 CSV CR8 6MT,178000.0,180000.0,179000.0,"AED 178,000 - 180,000",AED,https://www.drivearabia.com/carprices/uae/chevrolet/chevrolet-csv-cr8/2009/,2026-06-15T07:54:22Z,CHEVROLET,CSV CR8,CSV CR8,0.2075049675244086,17.0,3434.0
chevrolet-csv-cr8,2009.0,6.2 V8 CSV CR8 6AT,183000.0,185000.0,184000.0,"AED 183,000 - 185,000",AED,https://www.drivearabia.com/carprices/uae/chevrolet/chevrolet-csv-cr8/2009/,2026-06-15T07:54:22Z,CHEVROLET,CSV CR8,CSV CR8,0.2075049675244086,17.0,3530.0
chevrolet-csv-cr8,2010.0,6.2 V8 CSV CR8 6MT,178000.0,180000.0,179000.0,"AED 178,000 - 180,000",AED,https://www.drivearabia.com/carprices/uae/chevrolet/chevrolet-csv-cr8/2010/,2026-06-15T07:54:24Z,CHEVROLET,CSV CR8,CSV CR8,0.2075049675244086,16.0,4333.0
chevrolet-csv-cr8,2010.0,6.2 V8 CSV CR8 6AT,183000.0,185000.0,184000.0,"AED 183,000 - 185,000",AED,https://www.drivearabia.com/carprices/uae/chevrolet/chevrolet-csv-cr8/2010/,2026-06-15T07:54:24Z,CHEVROLET,CSV CR8,CSV CR8,0.2075049675244086,16.0,4454.0
chevrolet-epica,2007.0,2.0 I6 Epica CDX,64000.0,71000.0,67500.0,"AED 64,000 - 71,000",AED,https://www.drivearabia.com/carprices/uae/chevrolet/chevrolet-epica/2007/,2026-06-15T07:54:59Z,CHEVROLET,EPICA,EPICA,0.2210456110509896,19.0,586.0
chevrolet-epica,2007.0,2.5 I6 Epica CDXi,77000.0,80000.0,78500.0,"AED 77,000 - 80,000",AED,https://www.drivearabia.com/carprices/uae/chevrolet/chevrolet-epica/2007/,2026-06-15T07:54:59Z,CHEVROLET,EPICA,EPICA,0.2210456110509896,19.0,682.0
chevrolet-epica,2008.0,2.0 I6 Epica CDX,64000.0,71000.0,67500.0,"AED 64,000 - 71,000",AED,https://www.drivearabia.com/carprices/uae/chevrolet/chevrolet-epica/2008/,2026-06-15T07:55:01Z,CHEVROLET,EPICA,EPICA,0.2210456110509896,18.0,753.0
chevrolet-epica,2008.0,2.5 I6 Epica CDXi,77000.0,80000.0,78500.0,"AED 77,000 - 80,000",AED,https://www.drivearabia.com/carprices/uae/chevrolet/chevrolet-epica/2008/,2026-06-15T07:55:01Z,CHEVROLET,EPICA,EPICA,0.2210456110509896,18.0,875.0
chevrolet-epica,2009.0,2.0 I6 Epica CDX,64000.0,71000.0,67500.0,"AED 64,000 - 71,000",AED,https://www.drivearabia.com/carprices/uae/chevrolet/chevrolet-epica/2009/,2026-06-15T07:55:02Z,CHEVROLET,EPICA,EPICA,0.2210456110509896,17.0,966.0
chevrolet-epica,2009.0,2.5 I6 Epica CDXi,77000.0,80000.0,78500.0,"AED 77,000 - 80,000",AED,https://www.drivearabia.com/carprices/uae/chevrolet/chevrolet-epica/2009/,2026-06-15T07:55:02Z,CHEVROLET,EPICA,EPICA,0.2210456110509896,17.0,1124.0
chevrolet-epica,2010.0,2.0 I6 Epica CDX,64000.0,71000.0,67500.0,"AED 64,000 - 71,000",AED,https://www.drivearabia.com/carprices/uae/chevrolet/chevrolet-epica/2010/,2026-06-15T07:55:04Z,CHEVROLET,EPICA,EPICA,0.2210456110509896,16.0,1240.0
chevrolet-epica,2010.0,2.5 I6 Epica CDXi,77000.0,80000.0,78500.0,"AED 77,000 - 80,000",AED,https://www.drivearabia.com/carprices/uae/chevrolet/chevrolet-epica/2010/,2026-06-15T07:55:04Z,CHEVROLET,EPICA,EPICA,0.2210456110509896,16.0,1442.0
chevrolet-epica,2011.0,2.0 I6 Epica CDX,64000.0,71000.0,67500.0,"AED 64,000 - 71,000",AED,https://www.drivearabia.com/carprices/uae/chevrolet/chevrolet-epica/2011/,2026-06-15T07:55:06Z,CHEVROLET,EPICA,EPICA,0.2210456110509896,15.0,1592.0
chevrolet-epica,2011.0,2.5 I6 Epica CDXi,77000.0,80000.0,78500.0,"AED 77,000 - 80,000",AED,https://www.drivearabia.com/carprices/uae/chevrolet/chevrolet-epica/2011/,2026-06-15T07:55:06Z,CHEVROLET,EPICA,EPICA,0.2210456110509896,15.0,1852.0
chevrolet-equinox,2018.0,1.5TC I4 Equinox FWD LS,81700.0,82000.0,81850.0,"AED 81,700 - 82,000",AED,https://www.drivearabia.com/carprices/uae/chevrolet/chevrolet-equinox/2018/,2026-06-15T07:55:51Z,CHEVROLET,EQUINOX,EQUINOX,0.1362756009724763,8.0,25352.0
chevrolet-equinox,2018.0,1.5TC I4 Equinox AWD LT,109000.0,110000.0,109500.0,"AED 109,000 - 110,000",AED,https://www.drivearabia.com/carprices/uae/chevrolet/chevrolet-equinox/2018/,2026-06-15T07:55:51Z,CHEVROLET,EQUINOX,EQUINOX,0.1362756009724763,8.0,33917.0
chevrolet-equinox,2018.0,2.0TC I4 Equinox AWD Premier,121000.0,122000.0,121500.0,"AED 121,000 - 122,000",AED,https://www.drivearabia.com/carprices/uae/chevrolet/chevrolet-equinox/2018/,2026-06-15T07:55:51Z,CHEVROLET,EQUINOX,EQUINOX,0.1362756009724763,8.0,37634.0
chevrolet-equinox,2019.0,1.5TC I4 Equinox FWD LS,81700.0,82000.0,81850.0,"AED 81,700 - 82,000",AED,https://www.drivearabia.com/carprices/uae/chevrolet/chevrolet-equinox/2019/,2026-06-15T07:55:53Z,CHEVROLET,EQUINOX,EQUINOX,0.1362756009724763,7.0,29352.0
chevrolet-equinox,2019.0,1.5TC I4 Equinox AWD LT,109000.0,110000.0,109500.0,"AED 109,000 - 110,000",AED,https://www.drivearabia.com/carprices/uae/chevrolet/chevrolet-equinox/2019/,2026-06-15T07:55:53Z,CHEVROLET,EQUINOX,EQUINOX,0.1362756009724763,7.0,39268.0
chevrolet-equinox,2019.0,2.0TC I4 Equinox AWD Premier,121000.0,122000.0,121500.0,"AED 121,000 - 122,000",AED,https://www.drivearabia.com/carprices/uae/chevrolet/chevrolet-equinox/2019/,2026-06-15T07:55:53Z,CHEVROLET,EQUINOX,EQUINOX,0.1362756009724763,7.0,43572.0
chevrolet-equinox,2020.0,1.5TC I4 Equinox FWD LS,81700.0,82000.0,81850.0,"AED 81,700 - 82,000",AED,https://www.drivearabia.com/carprices/uae/chevrolet/chevrolet-equinox/2020/,2026-06-15T07:55:55Z,CHEVROLET,EQUINOX,EQUINOX,0.1362756009724763,6.0,33984.0
chevrolet-equinox,2020.0,1.5TC I4 Equinox AWD LT,109000.0,110000.0,109500.0,"AED 109,000 - 110,000",AED,https://www.drivearabia.com/carprices/uae/chevrolet/chevrolet-equinox/2020/,2026-06-15T07:55:55Z,CHEVROLET,EQUINOX,EQUINOX,0.1362756009724763,6.0,45464.0
chevrolet-equinox,2020.0,2.0TC I4 Equinox AWD Premier,121000.0,122000.0,121500.0,"AED 121,000 - 122,000",AED,https://www.drivearabia.com/carprices/uae/chevrolet/chevrolet-equinox/2020/,2026-06-15T07:55:55Z,CHEVROLET,EQUINOX,EQUINOX,0.1362756009724763,6.0,50446.0
chevrolet-equinox,2021.0,1.5TC I4 Equinox FWD LS,81700.0,82000.0,81850.0,"AED 81,700 - 82,000",AED,https://www.drivearabia.com/carprices/uae/chevrolet/chevrolet-equinox/2021/,2026-06-15T07:55:57Z,CHEVROLET,EQUINOX,EQUINOX,0.1362756009724763,5.0,39345.0
chevrolet-equinox,2021.0,1.5TC I4 Equinox AWD LT,109000.0,110000.0,109500.0,"AED 109,000 - 110,000",AED,https://www.drivearabia.com/carprices/uae/chevrolet/chevrolet-equinox/2021/,2026-06-15T07:55:57Z,CHEVROLET,EQUINOX,EQUINOX,0.1362756009724763,5.0,52637.0
chevrolet-equinox,2021.0,2.0TC I4 Equinox AWD Premier,121000.0,122000.0,121500.0,"AED 121,000 - 122,000",AED,https://www.drivearabia.com/carprices/uae/chevrolet/chevrolet-equinox/2021/,2026-06-15T07:55:57Z,CHEVROLET,EQUINOX,EQUINOX,0.1362756009724763,5.0,58405.0
chevrolet-equinox,2022.0,1.5TC I4 Equinox FWD LS,81700.0,82000.0,81850.0,"AED 81,700 - 82,000",AED,https://www.drivearabia.com/carprices/uae/chevrolet/chevrolet-equinox/2022/,2026-06-15T07:55:59Z,CHEVROLET,EQUINOX,EQUINOX,0.1362756009724763,4.0,45553.0
chevrolet-equinox,2022.0,1.5TC I4 Equinox AWD LT,109000.0,110000.0,109500.0,"AED 109,000 - 110,000",AED,https://www.drivearabia.com/carprices/uae/chevrolet/chevrolet-equinox/2022/,2026-06-15T07:55:59Z,CHEVROLET,EQUINOX,EQUINOX,0.1362756009724763,4.0,60942.0
chevrolet-equinox,2022.0,2.0TC I4 Equinox AWD Premier,121000.0,122000.0,121500.0,"AED 121,000 - 122,000",AED,https://www.drivearabia.com/carprices/uae/chevrolet/chevrolet-equinox/2022/,2026-06-15T07:55:59Z,CHEVROLET,EQUINOX,EQUINOX,0.1362756009724763,4.0,67620.0
chevrolet-equinox-ev,2025.0,85 kWh RS FWD,200000.0,201000.0,200500.0,"AED 200,000 - 201,000",AED,https://www.drivearabia.com/carprices/uae/chevrolet/chevrolet-equinox-ev/2025/,2026-06-15T07:56:39Z,CHEVROLET,EQUINOX EV,EQUINOX EV,0.1546804795114988,1.0,169487.0
chevrolet-equinox-ev,2026.0,RS FWD,183000.0,201000.0,192000.0,"AED 183,000 - 201,000",AED,https://www.drivearabia.com/carprices/uae/chevrolet/chevrolet-equinox-ev/2026/,2026-06-15T07:56:41Z,CHEVROLET,EQUINOX EV,EQUINOX EV,0.1546804795114988,0.0,192000.0
chevrolet-express,2023.0,6.6 V8 2500 Express RWD,143500.0,152000.0,147750.0,"AED 143,500 - 152,000",AED,https://www.drivearabia.com/carprices/uae/chevrolet/chevrolet-express/2023/,2026-06-15T07:57:14Z,CHEVROLET,EXPRESS,EXPRESS,0.1419352060925064,3.0,93344.0
chevrolet-express,2024.0,6.6 V8 2500 Express RWD,143500.0,150000.0,146750.0,"AED 143,500 - 150,000",AED,https://www.drivearabia.com/carprices/uae/chevrolet/chevrolet-express/2024/,2026-06-15T07:57:16Z,CHEVROLET,EXPRESS,EXPRESS,0.1419352060925064,2.0,108048.0
chevrolet-groove,2022.0,1.5 I4 Groove LT,59700.0,60000.0,59850.0,"AED 59,700 - 60,000",AED,https://www.drivearabia.com/carprices/uae/chevrolet/chevrolet-groove/2022/,2026-06-15T07:57:50Z,CHEVROLET,GROOVE,GROOVE,0.0519288691376459,4.0,48353.0
chevrolet-groove,2022.0,1.5 I4 Groove Premier,66600.0,67000.0,66800.0,"AED 66,600 - 67,000",AED,https://www.drivearabia.com/carprices/uae/chevrolet/chevrolet-groove/2022/,2026-06-15T07:57:50Z,CHEVROLET,GROOVE,GROOVE,0.0519288691376459,4.0,53968.0
chevrolet-groove,2023.0,1.5 I4 Groove LT,59700.0,60000.0,59850.0,"AED 59,700 - 60,000",AED,https://www.drivearabia.com/carprices/uae/chevrolet/chevrolet-groove/2023/,2026-06-15T07:57:52Z,CHEVROLET,GROOVE,GROOVE,0.0519288691376459,3.0,51002.0
chevrolet-groove,2023.0,1.5 I4 Groove Premier,66600.0,67000.0,66800.0,"AED 66,600 - 67,000",AED,https://www.drivearabia.com/carprices/uae/chevrolet/chevrolet-groove/2023/,2026-06-15T07:57:52Z,CHEVROLET,GROOVE,GROOVE,0.0519288691376459,3.0,56925.0
chevrolet-groove,2024.0,1.5 I4 Groove LT FWD,60500.0,62000.0,61250.0,"AED 60,500 - 62,000",AED,https://www.drivearabia.com/carprices/uae/chevrolet/chevrolet-groove/2024/,2026-06-15T07:57:54Z,CHEVROLET,GROOVE,GROOVE,0.0519288691376459,2.0,55054.0
chevrolet-groove,2024.0,1.5 I4 Groove Premier FWD,68500.0,70000.0,69250.0,"AED 68,500 - 70,000",AED,https://www.drivearabia.com/carprices/uae/chevrolet/chevrolet-groove/2024/,2026-06-15T07:57:54Z,CHEVROLET,GROOVE,GROOVE,0.0519288691376459,2.0,62245.0
chevrolet-groove,2025.0,1.5 I4 Groove LT FWD,58000.0,59000.0,58500.0,"AED 58,000 - 59,000",AED,https://www.drivearabia.com/carprices/uae/chevrolet/chevrolet-groove/2025/,2026-06-15T07:57:56Z,CHEVROLET,GROOVE,GROOVE,0.0519288691376459,1.0,55462.0
chevrolet-groove,2025.0,1.5 I4 Groove Premier FWD,68500.0,70000.0,69250.0,"AED 68,500 - 70,000",AED,https://www.drivearabia.com/carprices/uae/chevrolet/chevrolet-groove/2025/,2026-06-15T07:57:56Z,CHEVROLET,GROOVE,GROOVE,0.0519288691376459,1.0,65654.0
chevrolet-groove,2026.0,1.5 I4 Groove LT FWD,68000.0,69000.0,68500.0,"AED 68,000 - 69,000",AED,https://www.drivearabia.com/carprices/uae/chevrolet/chevrolet-groove/2026/,2026-06-15T07:57:57Z,CHEVROLET,GROOVE,GROOVE,0.0519288691376459,0.0,68500.0
chevrolet-groove,2026.0,1.5 I4 Groove RS FWD,78500.0,80000.0,79250.0,"AED 78,500 - 80,000",AED,https://www.drivearabia.com/carprices/uae/chevrolet/chevrolet-groove/2026/,2026-06-15T07:57:57Z,CHEVROLET,GROOVE,GROOVE,0.0519288691376459,0.0,79250.0
chevrolet-impala,2014.0,3.6 V6 Impala LS,109600.0,110000.0,109800.0,"AED 109,600 - 110,000",AED,https://www.drivearabia.com/carprices/uae/chevrolet/chevrolet-impala/2014/,2026-06-15T07:58:21Z,CHEVROLET,IMPALA,IMPALA,0.1109156845169303,12.0,26787.0
chevrolet-impala,2014.0,3.6 V6 Impala LT,120600.0,121000.0,120800.0,"AED 120,600 - 121,000",AED,https://www.drivearabia.com/carprices/uae/chevrolet/chevrolet-impala/2014/,2026-06-15T07:58:21Z,CHEVROLET,IMPALA,IMPALA,0.1109156845169303,12.0,29470.0
chevrolet-impala,2014.0,3.6 V6 Impala Premier,141000.0,142000.0,141500.0,"AED 141,000 - 142,000",AED,https://www.drivearabia.com/carprices/uae/chevrolet/chevrolet-impala/2014/,2026-06-15T07:58:21Z,CHEVROLET,IMPALA,IMPALA,0.1109156845169303,12.0,34520.0
chevrolet-impala,2015.0,3.6 V6 Impala LS,109600.0,110000.0,109800.0,"AED 109,600 - 110,000",AED,https://www.drivearabia.com/carprices/uae/chevrolet/chevrolet-impala/2015/,2026-06-15T07:58:23Z,CHEVROLET,IMPALA,IMPALA,0.1109156845169303,11.0,30128.0
chevrolet-impala,2015.0,3.6 V6 Impala LT,120600.0,121000.0,120800.0,"AED 120,600 - 121,000",AED,https://www.drivearabia.com/carprices/uae/chevrolet/chevrolet-impala/2015/,2026-06-15T07:58:23Z,CHEVROLET,IMPALA,IMPALA,0.1109156845169303,11.0,33147.0
chevrolet-impala,2015.0,3.6 V6 Impala Premier,141000.0,142000.0,141500.0,"AED 141,000 - 142,000",AED,https://www.drivearabia.com/carprices/uae/chevrolet/chevrolet-impala/2015/,2026-06-15T07:58:23Z,CHEVROLET,IMPALA,IMPALA,0.1109156845169303,11.0,38827.0
chevrolet-impala,2016.0,3.6 V6 Impala LS,109600.0,110000.0,109800.0,"AED 109,600 - 110,000",AED,https://www.drivearabia.com/carprices/uae/chevrolet/chevrolet-impala/2016/,2026-06-15T07:58:25Z,CHEVROLET,IMPALA,IMPALA,0.1109156845169303,10.0,33887.0
chevrolet-impala,2016.0,3.6 V6 Impala LT,120600.0,121000.0,120800.0,"AED 120,600 - 121,000",AED,https://www.drivearabia.com/carprices/uae/chevrolet/chevrolet-impala/2016/,2026-06-15T07:58:25Z,CHEVROLET,IMPALA,IMPALA,0.1109156845169303,10.0,37282.0
chevrolet-impala,2016.0,3.6 V6 Impala Premier,141000.0,142000.0,141500.0,"AED 141,000 - 142,000",AED,https://www.drivearabia.com/carprices/uae/chevrolet/chevrolet-impala/2016/,2026-06-15T07:58:25Z,CHEVROLET,IMPALA,IMPALA,0.1109156845169303,10.0,43670.0
chevrolet-impala,2017.0,3.6 V6 Impala LS,109600.0,110000.0,109800.0,"AED 109,600 - 110,000",AED,https://www.drivearabia.com/carprices/uae/chevrolet/chevrolet-impala/2017/,2026-06-15T07:58:27Z,CHEVROLET,IMPALA,IMPALA,0.1109156845169303,9.0,38114.0
chevrolet-impala,2017.0,3.6 V6 Impala LT,120600.0,121000.0,120800.0,"AED 120,600 - 121,000",AED,https://www.drivearabia.com/carprices/uae/chevrolet/chevrolet-impala/2017/,2026-06-15T07:58:27Z,CHEVROLET,IMPALA,IMPALA,0.1109156845169303,9.0,41933.0
chevrolet-impala,2017.0,3.6 V6 Impala Premier,141000.0,142000.0,141500.0,"AED 141,000 - 142,000",AED,https://www.drivearabia.com/carprices/uae/chevrolet/chevrolet-impala/2017/,2026-06-15T07:58:27Z,CHEVROLET,IMPALA,IMPALA,0.1109156845169303,9.0,49118.0
chevrolet-impala,2018.0,3.6 V6 Impala LS,109600.0,110000.0,109800.0,"AED 109,600 - 110,000",AED,https://www.drivearabia.com/carprices/uae/chevrolet/chevrolet-impala/2018/,2026-06-15T07:58:28Z,CHEVROLET,IMPALA,IMPALA,0.1109156845169303,8.0,42869.0
chevrolet-impala,2018.0,3.6 V6 Impala LT,120600.0,121000.0,120800.0,"AED 120,600 - 121,000",AED,https://www.drivearabia.com/carprices/uae/chevrolet/chevrolet-impala/2018/,2026-06-15T07:58:28Z,CHEVROLET,IMPALA,IMPALA,0.1109156845169303,8.0,47164.0
chevrolet-impala,2018.0,3.6 V6 Impala Premier,141000.0,142000.0,141500.0,"AED 141,000 - 142,000",AED,https://www.drivearabia.com/carprices/uae/chevrolet/chevrolet-impala/2018/,2026-06-15T07:58:28Z,CHEVROLET,IMPALA,IMPALA,0.1109156845169303,8.0,55246.0
chevrolet-impala,2019.0,3.6 V6 Impala LS,109600.0,110000.0,109800.0,"AED 109,600 - 110,000",AED,https://www.drivearabia.com/carprices/uae/chevrolet/chevrolet-impala/2019/,2026-06-15T07:58:30Z,CHEVROLET,IMPALA,IMPALA,0.1109156845169303,7.0,48217.0
chevrolet-impala,2019.0,3.6 V6 Impala LT,120600.0,121000.0,120800.0,"AED 120,600 - 121,000",AED,https://www.drivearabia.com/carprices/uae/chevrolet/chevrolet-impala/2019/,2026-06-15T07:58:30Z,CHEVROLET,IMPALA,IMPALA,0.1109156845169303,7.0,53048.0
chevrolet-impala,2019.0,3.6 V6 Impala Premier,141000.0,142000.0,141500.0,"AED 141,000 - 142,000",AED,https://www.drivearabia.com/carprices/uae/chevrolet/chevrolet-impala/2019/,2026-06-15T07:58:30Z,CHEVROLET,IMPALA,IMPALA,0.1109156845169303,7.0,62138.0
chevrolet-lumina,2005.0,3.6 V6 Lumina LS,65000.0,67500.0,66250.0,"AED 65,000 - 67,500",AED,https://www.drivearabia.com/carprices/uae/chevrolet/chevrolet-lumina/2005/,2026-06-15T07:58:52Z,CHEVROLET,LUMINA,LUMINA,0.2075049675244086,21.0,501.0
chevrolet-lumina,2005.0,3.6 V6 Lumina LTZ,75000.0,78000.0,76500.0,"AED 75,000 - 78,000",AED,https://www.drivearabia.com/carprices/uae/chevrolet/chevrolet-lumina/2005/,2026-06-15T07:58:52Z,CHEVROLET,LUMINA,LUMINA,0.2075049675244086,21.0,579.0
chevrolet-lumina,2005.0,5.7 V8 Lumina SS Coupe,120000.0,122000.0,121000.0,"AED 120,000 - 122,000",AED,https://www.drivearabia.com/carprices/uae/chevrolet/chevrolet-lumina/2005/,2026-06-15T07:58:52Z,CHEVROLET,LUMINA,LUMINA,0.2075049675244086,21.0,916.0
chevrolet-lumina,2005.0,5.7 V8 Lumina SS,128000.0,130000.0,129000.0,"AED 128,000 - 130,000",AED,https://www.drivearabia.com/carprices/uae/chevrolet/chevrolet-lumina/2005/,2026-06-15T07:58:52Z,CHEVROLET,LUMINA,LUMINA,0.2075049675244086,21.0,976.0
chevrolet-lumina,2006.0,3.6 V6 Lumina LS,65000.0,67500.0,66250.0,"AED 65,000 - 67,500",AED,https://www.drivearabia.com/carprices/uae/chevrolet/chevrolet-lumina/2006/,2026-06-15T07:58:54Z,CHEVROLET,LUMINA,LUMINA,0.2075049675244086,20.0,633.0
chevrolet-lumina,2006.0,3.6 V6 Lumina LTZ,75000.0,78000.0,76500.0,"AED 75,000 - 78,000",AED,https://www.drivearabia.com/carprices/uae/chevrolet/chevrolet-lumina/2006/,2026-06-15T07:58:54Z,CHEVROLET,LUMINA,LUMINA,0.2075049675244086,20.0,730.0
chevrolet-lumina,2006.0,5.7 V8 Lumina SS Coupe,120000.0,122000.0,121000.0,"AED 120,000 - 122,000",AED,https://www.drivearabia.com/carprices/uae/chevrolet/chevrolet-lumina/2006/,2026-06-15T07:58:54Z,CHEVROLET,LUMINA,LUMINA,0.2075049675244086,20.0,1155.0
chevrolet-lumina,2006.0,5.7 V8 Lumina SS,128000.0,130000.0,129000.0,"AED 128,000 - 130,000",AED,https://www.drivearabia.com/carprices/uae/chevrolet/chevrolet-lumina/2006/,2026-06-15T07:58:54Z,CHEVROLET,LUMINA,LUMINA,0.2075049675244086,20.0,1232.0
chevrolet-lumina,2007.0,3.6 V6 Lumina LTZ,80000.0,82500.0,81250.0,"AED 80,000 - 82,500",AED,https://www.drivearabia.com/carprices/uae/chevrolet/chevrolet-lumina/2007/,2026-06-15T07:58:56Z,CHEVROLET,LUMINA,LUMINA,0.2075049675244086,19.0,979.0
chevrolet-lumina,2007.0,3.6 V6 Lumina S,99500.0,101000.0,100250.0,"AED 99,500 - 101,000",AED,https://www.drivearabia.com/carprices/uae/chevrolet/chevrolet-lumina/2007/,2026-06-15T07:58:56Z,CHEVROLET,LUMINA,LUMINA,0.2075049675244086,19.0,1208.0
chevrolet-lumina,2007.0,6.0 V8 Lumina SS,130000.0,135000.0,132500.0,"AED 130,000 - 135,000",AED,https://www.drivearabia.com/carprices/uae/chevrolet/chevrolet-lumina/2007/,2026-06-15T07:58:56Z,CHEVROLET,LUMINA,LUMINA,0.2075049675244086,19.0,1596.0
chevrolet-lumina,2008.0,3.6 V6 Lumina LTZ,80000.0,82500.0,81250.0,"AED 80,000 - 82,500",AED,https://www.drivearabia.com/carprices/uae/chevrolet/chevrolet-lumina/2008/,2026-06-15T07:58:58Z,CHEVROLET,LUMINA,LUMINA,0.2075049675244086,18.0,1235.0
chevrolet-lumina,2008.0,3.6 V6 Lumina S,99500.0,101000.0,100250.0,"AED 99,500 - 101,000",AED,https://www.drivearabia.com/carprices/uae/chevrolet/chevrolet-lumina/2008/,2026-06-15T07:58:58Z,CHEVROLET,LUMINA,LUMINA,0.2075049675244086,18.0,1524.0
chevrolet-lumina,2008.0,6.0 V8 Lumina SS,130000.0,135000.0,132500.0,"AED 130,000 - 135,000",AED,https://www.drivearabia.com/carprices/uae/chevrolet/chevrolet-lumina/2008/,2026-06-15T07:58:58Z,CHEVROLET,LUMINA,LUMINA,0.2075049675244086,18.0,2014.0
chevrolet-lumina,2009.0,3.6 V6 Lumina LTZ,80000.0,82500.0,81250.0,"AED 80,000 - 82,500",AED,https://www.drivearabia.com/carprices/uae/chevrolet/chevrolet-lumina/2009/,2026-06-15T07:59:00Z,CHEVROLET,LUMINA,LUMINA,0.2075049675244086,17.0,1559.0
chevrolet-lumina,2009.0,3.6 V6 Lumina S,99500.0,101000.0,100250.0,"AED 99,500 - 101,000",AED,https://www.drivearabia.com/carprices/uae/chevrolet/chevrolet-lumina/2009/,2026-06-15T07:59:00Z,CHEVROLET,LUMINA,LUMINA,0.2075049675244086,17.0,1923.0
chevrolet-lumina,2009.0,6.0 V8 Lumina SS,130000.0,135000.0,132500.0,"AED 130,000 - 135,000",AED,https://www.drivearabia.com/carprices/uae/chevrolet/chevrolet-lumina/2009/,2026-06-15T07:59:00Z,CHEVROLET,LUMINA,LUMINA,0.2075049675244086,17.0,2542.0
chevrolet-lumina,2010.0,3.6 V6 Lumina LTZ,90000.0,92500.0,91250.0,"AED 90,000 - 92,500",AED,https://www.drivearabia.com/carprices/uae/chevrolet/chevrolet-lumina/2010/,2026-06-15T07:59:02Z,CHEVROLET,LUMINA,LUMINA,0.2075049675244086,16.0,2209.0
chevrolet-lumina,2010.0,3.6 V6 Lumina S,103500.0,105000.0,104250.0,"AED 103,500 - 105,000",AED,https://www.drivearabia.com/carprices/uae/chevrolet/chevrolet-lumina/2010/,2026-06-15T07:59:02Z,CHEVROLET,LUMINA,LUMINA,0.2075049675244086,16.0,2524.0
chevrolet-lumina,2010.0,6.0 V8 Lumina SS,130000.0,135000.0,132500.0,"AED 130,000 - 135,000",AED,https://www.drivearabia.com/carprices/uae/chevrolet/chevrolet-lumina/2010/,2026-06-15T07:59:02Z,CHEVROLET,LUMINA,LUMINA,0.2075049675244086,16.0,3207.0
chevrolet-lumina,2011.0,3.6 V6 Lumina LTZ,90000.0,92500.0,91250.0,"AED 90,000 - 92,500",AED,https://www.drivearabia.com/carprices/uae/chevrolet/chevrolet-lumina/2011/,2026-06-15T07:59:04Z,CHEVROLET,LUMINA,LUMINA,0.2075049675244086,15.0,2787.0
chevrolet-lumina,2011.0,3.6 V6 Lumina S,103500.0,105000.0,104250.0,"AED 103,500 - 105,000",AED,https://www.drivearabia.com/carprices/uae/chevrolet/chevrolet-lumina/2011/,2026-06-15T07:59:04Z,CHEVROLET,LUMINA,LUMINA,0.2075049675244086,15.0,3184.0
chevrolet-lumina,2011.0,6.0 V8 Lumina SS,130000.0,135000.0,132500.0,"AED 130,000 - 135,000",AED,https://www.drivearabia.com/carprices/uae/chevrolet/chevrolet-lumina/2011/,2026-06-15T07:59:04Z,CHEVROLET,LUMINA,LUMINA,0.2075049675244086,15.0,4047.0
chevrolet-malibu,2010.0,2.4 I4 Malibu LS,79000.0,80000.0,79500.0,"AED 79,000 - 80,000",AED,https://www.drivearabia.com/carprices/uae/chevrolet/chevrolet-malibu/2010/,2026-06-15T07:59:40Z,CHEVROLET,MALIBU,MALIBU,0.1080728981137996,16.0,12754.0
chevrolet-malibu,2010.0,2.4 I4 Malibu LT,87000.0,89000.0,88000.0,"AED 87,000 - 89,000",AED,https://www.drivearabia.com/carprices/uae/chevrolet/chevrolet-malibu/2010/,2026-06-15T07:59:40Z,CHEVROLET,MALIBU,MALIBU,0.1080728981137996,16.0,14117.0
chevrolet-malibu,2010.0,3.0 V6 Malibu LTZ,98000.0,99000.0,98500.0,"AED 98,000 - 99,000",AED,https://www.drivearabia.com/carprices/uae/chevrolet/chevrolet-malibu/2010/,2026-06-15T07:59:40Z,CHEVROLET,MALIBU,MALIBU,0.1080728981137996,16.0,15802.0
chevrolet-malibu,2011.0,2.4 I4 Malibu LS,79000.0,80000.0,79500.0,"AED 79,000 - 80,000",AED,https://www.drivearabia.com/carprices/uae/chevrolet/chevrolet-malibu/2011/,2026-06-15T07:59:42Z,CHEVROLET,MALIBU,MALIBU,0.1080728981137996,15.0,14299.0
chevrolet-malibu,2011.0,2.4 I4 Malibu LT,87000.0,89000.0,88000.0,"AED 87,000 - 89,000",AED,https://www.drivearabia.com/carprices/uae/chevrolet/chevrolet-malibu/2011/,2026-06-15T07:59:42Z,CHEVROLET,MALIBU,MALIBU,0.1080728981137996,15.0,15828.0
chevrolet-malibu,2011.0,3.0 V6 Malibu LTZ,98000.0,99000.0,98500.0,"AED 98,000 - 99,000",AED,https://www.drivearabia.com/carprices/uae/chevrolet/chevrolet-malibu/2011/,2026-06-15T07:59:42Z,CHEVROLET,MALIBU,MALIBU,0.1080728981137996,15.0,17716.0
chevrolet-malibu,2012.0,2.4 I4 Malibu LS,79000.0,80000.0,79500.0,"AED 79,000 - 80,000",AED,https://www.drivearabia.com/carprices/uae/chevrolet/chevrolet-malibu/2012/,2026-06-15T07:59:44Z,CHEVROLET,MALIBU,MALIBU,0.1080728981137996,14.0,16032.0
chevrolet-malibu,2012.0,2.4 I4 Malibu LT,87000.0,89000.0,88000.0,"AED 87,000 - 89,000",AED,https://www.drivearabia.com/carprices/uae/chevrolet/chevrolet-malibu/2012/,2026-06-15T07:59:44Z,CHEVROLET,MALIBU,MALIBU,0.1080728981137996,14.0,17746.0
chevrolet-malibu,2012.0,3.0 V6 Malibu LTZ,98000.0,99000.0,98500.0,"AED 98,000 - 99,000",AED,https://www.drivearabia.com/carprices/uae/chevrolet/chevrolet-malibu/2012/,2026-06-15T07:59:44Z,CHEVROLET,MALIBU,MALIBU,0.1080728981137996,14.0,19863.0
chevrolet-malibu,2013.0,2.4 I4 Malibu LS,68900.0,80000.0,74450.0,"AED 68,900 - 80,000",AED,https://www.drivearabia.com/carprices/uae/chevrolet/chevrolet-malibu/2013/,2026-06-15T07:59:45Z,CHEVROLET,MALIBU,MALIBU,0.1080728981137996,13.0,16832.0
chevrolet-malibu,2013.0,2.4 I4 Malibu LT,89000.0,90500.0,89750.0,"AED 89,000 - 90,500",AED,https://www.drivearabia.com/carprices/uae/chevrolet/chevrolet-malibu/2013/,2026-06-15T07:59:45Z,CHEVROLET,MALIBU,MALIBU,0.1080728981137996,13.0,20292.0
chevrolet-malibu,2013.0,3.0 V6 Malibu LTZ,98000.0,100000.0,99000.0,"AED 98,000 - 100,000",AED,https://www.drivearabia.com/carprices/uae/chevrolet/chevrolet-malibu/2013/,2026-06-15T07:59:45Z,CHEVROLET,MALIBU,MALIBU,0.1080728981137996,13.0,22383.0
chevrolet-malibu,2014.0,2.4 I4 Malibu LS,68900.0,80000.0,74450.0,"AED 68,900 - 80,000",AED,https://www.drivearabia.com/carprices/uae/chevrolet/chevrolet-malibu/2014/,2026-06-15T07:59:47Z,CHEVROLET,MALIBU,MALIBU,0.1080728981137996,12.0,18872.0
chevrolet-malibu,2014.0,2.4 I4 Malibu LT,89000.0,90500.0,89750.0,"AED 89,000 - 90,500",AED,https://www.drivearabia.com/carprices/uae/chevrolet/chevrolet-malibu/2014/,2026-06-15T07:59:47Z,CHEVROLET,MALIBU,MALIBU,0.1080728981137996,12.0,22750.0
chevrolet-malibu,2014.0,3.0 V6 Malibu LTZ,98000.0,100000.0,99000.0,"AED 98,000 - 100,000",AED,https://www.drivearabia.com/carprices/uae/chevrolet/chevrolet-malibu/2014/,2026-06-15T07:59:47Z,CHEVROLET,MALIBU,MALIBU,0.1080728981137996,12.0,25095.0
chevrolet-malibu,2015.0,2.4 I4 Malibu LS,68900.0,80000.0,74450.0,"AED 68,900 - 80,000",AED,https://www.drivearabia.com/carprices/uae/chevrolet/chevrolet-malibu/2015/,2026-06-15T07:59:49Z,CHEVROLET,MALIBU,MALIBU,0.1080728981137996,11.0,21159.0
chevrolet-malibu,2015.0,2.4 I4 Malibu LT,89000.0,90500.0,89750.0,"AED 89,000 - 90,500",AED,https://www.drivearabia.com/carprices/uae/chevrolet/chevrolet-malibu/2015/,2026-06-15T07:59:49Z,CHEVROLET,MALIBU,MALIBU,0.1080728981137996,11.0,25507.0
chevrolet-malibu,2015.0,3.0 V6 Malibu LTZ,98000.0,100000.0,99000.0,"AED 98,000 - 100,000",AED,https://www.drivearabia.com/carprices/uae/chevrolet/chevrolet-malibu/2015/,2026-06-15T07:59:49Z,CHEVROLET,MALIBU,MALIBU,0.1080728981137996,11.0,28136.0
chevrolet-malibu,2016.0,2.4 I4 Malibu LS,68900.0,80000.0,74450.0,"AED 68,900 - 80,000",AED,https://www.drivearabia.com/carprices/uae/chevrolet/chevrolet-malibu/2016/,2026-06-15T07:59:51Z,CHEVROLET,MALIBU,MALIBU,0.1080728981137996,10.0,23722.0
chevrolet-malibu,2016.0,2.4 I4 Malibu LT,89000.0,90500.0,89750.0,"AED 89,000 - 90,500",AED,https://www.drivearabia.com/carprices/uae/chevrolet/chevrolet-malibu/2016/,2026-06-15T07:59:51Z,CHEVROLET,MALIBU,MALIBU,0.1080728981137996,10.0,28597.0
chevrolet-malibu,2016.0,3.0 V6 Malibu LTZ,98000.0,100000.0,99000.0,"AED 98,000 - 100,000",AED,https://www.drivearabia.com/carprices/uae/chevrolet/chevrolet-malibu/2016/,2026-06-15T07:59:51Z,CHEVROLET,MALIBU,MALIBU,0.1080728981137996,10.0,31545.0
chevrolet-malibu,2017.0,2.5 I4 Malibu LS,69900.0,73000.0,71450.0,"AED 69,900 - 73,000",AED,https://www.drivearabia.com/carprices/uae/chevrolet/chevrolet-malibu/2017/,2026-06-15T07:59:53Z,CHEVROLET,MALIBU,MALIBU,0.1080728981137996,9.0,25525.0
chevrolet-malibu,2017.0,2.5 I4 Malibu LT,76000.0,87000.0,81500.0,"AED 76,000 - 87,000",AED,https://www.drivearabia.com/carprices/uae/chevrolet/chevrolet-malibu/2017/,2026-06-15T07:59:53Z,CHEVROLET,MALIBU,MALIBU,0.1080728981137996,9.0,29115.0
chevrolet-malibu,2017.0,2.0TC I4 Malibu LTZ,96000.0,113000.0,104500.0,"AED 96,000 - 113,000",AED,https://www.drivearabia.com/carprices/uae/chevrolet/chevrolet-malibu/2017/,2026-06-15T07:59:53Z,CHEVROLET,MALIBU,MALIBU,0.1080728981137996,9.0,37332.0
chevrolet-malibu,2018.0,2.5 I4 Malibu LS,79500.0,80000.0,79750.0,"AED 79,500 - 80,000",AED,https://www.drivearabia.com/carprices/uae/chevrolet/chevrolet-malibu/2018/,2026-06-15T07:59:55Z,CHEVROLET,MALIBU,MALIBU,0.1080728981137996,8.0,31942.0
chevrolet-malibu,2018.0,2.5 I4 Malibu LT,105000.0,112500.0,108750.0,"AED 105,000 - 112,500",AED,https://www.drivearabia.com/carprices/uae/chevrolet/chevrolet-malibu/2018/,2026-06-15T07:59:55Z,CHEVROLET,MALIBU,MALIBU,0.1080728981137996,8.0,43558.0
chevrolet-malibu,2018.0,2.0TC I4 Malibu LT,116000.0,117000.0,116500.0,"AED 116,000 - 117,000",AED,https://www.drivearabia.com/carprices/uae/chevrolet/chevrolet-malibu/2018/,2026-06-15T07:59:55Z,CHEVROLET,MALIBU,MALIBU,0.1080728981137996,8.0,46662.0
chevrolet-malibu,2018.0,2.5 I4 Malibu LTZ,119000.0,126500.0,122750.0,"AED 119,000 - 126,500",AED,https://www.drivearabia.com/carprices/uae/chevrolet/chevrolet-malibu/2018/,2026-06-15T07:59:55Z,CHEVROLET,MALIBU,MALIBU,0.1080728981137996,8.0,49165.0
chevrolet-malibu,2018.0,2.0TC I4 Malibu LTZ,129500.0,137000.0,133250.0,"AED 129,500 - 137,000",AED,https://www.drivearabia.com/carprices/uae/chevrolet/chevrolet-malibu/2018/,2026-06-15T07:59:55Z,CHEVROLET,MALIBU,MALIBU,0.1080728981137996,8.0,53371.0
chevrolet-malibu,2019.0,1.5TC I4 Malibu LS,79940.0,80000.0,79970.0,"AED 79,940 - 80,000",AED,https://www.drivearabia.com/carprices/uae/chevrolet/chevrolet-malibu/2019/,2026-06-15T07:59:56Z,CHEVROLET,MALIBU,MALIBU,0.1080728981137996,7.0,35911.0
chevrolet-malibu,2019.0,1.5TC I4 Malibu LT,90540.0,91000.0,90770.0,"AED 90,540 - 91,000",AED,https://www.drivearabia.com/carprices/uae/chevrolet/chevrolet-malibu/2019/,2026-06-15T07:59:56Z,CHEVROLET,MALIBU,MALIBU,0.1080728981137996,7.0,40761.0
chevrolet-malibu,2019.0,2.0TC I4 Malibu LT,96720.0,97000.0,96860.0,"AED 96,720 - 97,000",AED,https://www.drivearabia.com/carprices/uae/chevrolet/chevrolet-malibu/2019/,2026-06-15T07:59:56Z,CHEVROLET,MALIBU,MALIBU,0.1080728981137996,7.0,43496.0
chevrolet-malibu,2019.0,1.5TC I4 Malibu Premier,108260.0,109000.0,108630.0,"AED 108,260 - 109,000",AED,https://www.drivearabia.com/carprices/uae/chevrolet/chevrolet-malibu/2019/,2026-06-15T07:59:56Z,CHEVROLET,MALIBU,MALIBU,0.1080728981137996,7.0,48782.0
chevrolet-malibu,2019.0,2.0TC I4 Malibu Premier,135240.0,136000.0,135620.0,"AED 135,240 - 136,000",AED,https://www.drivearabia.com/carprices/uae/chevrolet/chevrolet-malibu/2019/,2026-06-15T07:59:56Z,CHEVROLET,MALIBU,MALIBU,0.1080728981137996,7.0,60902.0
chevrolet-malibu,2020.0,1.5TC I4 Malibu LS,79940.0,80000.0,79970.0,"AED 79,940 - 80,000",AED,https://www.drivearabia.com/carprices/uae/chevrolet/chevrolet-malibu/2020/,2026-06-15T07:59:58Z,CHEVROLET,MALIBU,MALIBU,0.1080728981137996,6.0,40263.0
chevrolet-malibu,2020.0,1.5TC I4 Malibu LT,90540.0,91000.0,90770.0,"AED 90,540 - 91,000",AED,https://www.drivearabia.com/carprices/uae/chevrolet/chevrolet-malibu/2020/,2026-06-15T07:59:58Z,CHEVROLET,MALIBU,MALIBU,0.1080728981137996,6.0,45700.0
chevrolet-malibu,2020.0,2.0TC I4 Malibu LT,96720.0,97000.0,96860.0,"AED 96,720 - 97,000",AED,https://www.drivearabia.com/carprices/uae/chevrolet/chevrolet-malibu/2020/,2026-06-15T07:59:58Z,CHEVROLET,MALIBU,MALIBU,0.1080728981137996,6.0,48766.0
chevrolet-malibu,2020.0,1.5TC I4 Malibu Premier,108260.0,109000.0,108630.0,"AED 108,260 - 109,000",AED,https://www.drivearabia.com/carprices/uae/chevrolet/chevrolet-malibu/2020/,2026-06-15T07:59:58Z,CHEVROLET,MALIBU,MALIBU,0.1080728981137996,6.0,54692.0
chevrolet-malibu,2020.0,2.0TC I4 Malibu Premier,135240.0,136000.0,135620.0,"AED 135,240 - 136,000",AED,https://www.drivearabia.com/carprices/uae/chevrolet/chevrolet-malibu/2020/,2026-06-15T07:59:58Z,CHEVROLET,MALIBU,MALIBU,0.1080728981137996,6.0,68281.0
chevrolet-malibu,2021.0,1.5TC I4 Malibu LS,79940.0,80000.0,79970.0,"AED 79,940 - 80,000",AED,https://www.drivearabia.com/carprices/uae/chevrolet/chevrolet-malibu/2021/,2026-06-15T08:00:00Z,CHEVROLET,MALIBU,MALIBU,0.1080728981137996,5.0,45141.0
chevrolet-malibu,2021.0,1.5TC I4 Malibu LT,90540.0,91000.0,90770.0,"AED 90,540 - 91,000",AED,https://www.drivearabia.com/carprices/uae/chevrolet/chevrolet-malibu/2021/,2026-06-15T08:00:00Z,CHEVROLET,MALIBU,MALIBU,0.1080728981137996,5.0,51238.0
chevrolet-malibu,2021.0,2.0TC I4 Malibu LT,96720.0,97000.0,96860.0,"AED 96,720 - 97,000",AED,https://www.drivearabia.com/carprices/uae/chevrolet/chevrolet-malibu/2021/,2026-06-15T08:00:00Z,CHEVROLET,MALIBU,MALIBU,0.1080728981137996,5.0,54675.0
chevrolet-malibu,2021.0,1.5TC I4 Malibu Premier,108260.0,109000.0,108630.0,"AED 108,260 - 109,000",AED,https://www.drivearabia.com/carprices/uae/chevrolet/chevrolet-malibu/2021/,2026-06-15T08:00:00Z,CHEVROLET,MALIBU,MALIBU,0.1080728981137996,5.0,61319.0
chevrolet-malibu,2021.0,2.0TC I4 Malibu Premier,135240.0,136000.0,135620.0,"AED 135,240 - 136,000",AED,https://www.drivearabia.com/carprices/uae/chevrolet/chevrolet-malibu/2021/,2026-06-15T08:00:00Z,CHEVROLET,MALIBU,MALIBU,0.1080728981137996,5.0,76554.0
chevrolet-malibu,2022.0,1.5TC I4 Malibu LS,79940.0,80000.0,79970.0,"AED 79,940 - 80,000",AED,https://www.drivearabia.com/carprices/uae/chevrolet/chevrolet-malibu/2022/,2026-06-15T08:00:02Z,CHEVROLET,MALIBU,MALIBU,0.1080728981137996,4.0,50611.0
chevrolet-malibu,2022.0,1.5TC I4 Malibu LT,90540.0,91000.0,90770.0,"AED 90,540 - 91,000",AED,https://www.drivearabia.com/carprices/uae/chevrolet/chevrolet-malibu/2022/,2026-06-15T08:00:02Z,CHEVROLET,MALIBU,MALIBU,0.1080728981137996,4.0,57446.0
chevrolet-malibu,2022.0,2.0TC I4 Malibu LT,96720.0,97000.0,96860.0,"AED 96,720 - 97,000",AED,https://www.drivearabia.com/carprices/uae/chevrolet/chevrolet-malibu/2022/,2026-06-15T08:00:02Z,CHEVROLET,MALIBU,MALIBU,0.1080728981137996,4.0,61300.0
chevrolet-malibu,2022.0,1.5TC I4 Malibu Premier,108260.0,109000.0,108630.0,"AED 108,260 - 109,000",AED,https://www.drivearabia.com/carprices/uae/chevrolet/chevrolet-malibu/2022/,2026-06-15T08:00:02Z,CHEVROLET,MALIBU,MALIBU,0.1080728981137996,4.0,68749.0
chevrolet-malibu,2022.0,2.0TC I4 Malibu Premier,135240.0,136000.0,135620.0,"AED 135,240 - 136,000",AED,https://www.drivearabia.com/carprices/uae/chevrolet/chevrolet-malibu/2022/,2026-06-15T08:00:02Z,CHEVROLET,MALIBU,MALIBU,0.1080728981137996,4.0,85830.0
chevrolet-optra,2003.0,1.6 I4 Optra LS,51500.0,53000.0,52250.0,"AED 51,500 - 53,000",AED,https://www.drivearabia.com/carprices/uae/chevrolet/chevrolet-optra/2003/,2026-06-15T08:00:17Z,CHEVROLET,OPTRA,OPTRA,0.1470243850985791,23.0,1348.0
chevrolet-optra,2003.0,1.8 I4 Optra LT,58000.0,60000.0,59000.0,"AED 58,000 - 60,000",AED,https://www.drivearabia.com/carprices/uae/chevrolet/chevrolet-optra/2003/,2026-06-15T08:00:17Z,CHEVROLET,OPTRA,OPTRA,0.1470243850985791,23.0,1522.0
chevrolet-optra,2004.0,1.6 I4 Optra LS,51500.0,53000.0,52250.0,"AED 51,500 - 53,000",AED,https://www.drivearabia.com/carprices/uae/chevrolet/chevrolet-optra/2004/,2026-06-15T08:00:19Z,CHEVROLET,OPTRA,OPTRA,0.1470243850985791,22.0,1580.0
chevrolet-optra,2004.0,1.8 I4 Optra LT,58000.0,60000.0,59000.0,"AED 58,000 - 60,000",AED,https://www.drivearabia.com/carprices/uae/chevrolet/chevrolet-optra/2004/,2026-06-15T08:00:19Z,CHEVROLET,OPTRA,OPTRA,0.1470243850985791,22.0,1784.0
chevrolet-optra,2005.0,1.6 I4 Optra LS,51500.0,53000.0,52250.0,"AED 51,500 - 53,000",AED,https://www.drivearabia.com/carprices/uae/chevrolet/chevrolet-optra/2005/,2026-06-15T08:00:21Z,CHEVROLET,OPTRA,OPTRA,0.1470243850985791,21.0,1852.0
chevrolet-optra,2005.0,1.8 I4 Optra LT,58000.0,60000.0,59000.0,"AED 58,000 - 60,000",AED,https://www.drivearabia.com/carprices/uae/chevrolet/chevrolet-optra/2005/,2026-06-15T08:00:21Z,CHEVROLET,OPTRA,OPTRA,0.1470243850985791,21.0,2092.0
chevrolet-optra,2006.0,1.6 I4 Optra LS,51500.0,53000.0,52250.0,"AED 51,500 - 53,000",AED,https://www.drivearabia.com/carprices/uae/chevrolet/chevrolet-optra/2006/,2026-06-15T08:00:23Z,CHEVROLET,OPTRA,OPTRA,0.1470243850985791,20.0,2172.0
chevrolet-optra,2006.0,1.8 I4 Optra LT,58000.0,60000.0,59000.0,"AED 58,000 - 60,000",AED,https://www.drivearabia.com/carprices/uae/chevrolet/chevrolet-optra/2006/,2026-06-15T08:00:23Z,CHEVROLET,OPTRA,OPTRA,0.1470243850985791,20.0,2452.0
chevrolet-optra,2007.0,1.6 I4 Optra LS,51500.0,53000.0,52250.0,"AED 51,500 - 53,000",AED,https://www.drivearabia.com/carprices/uae/chevrolet/chevrolet-optra/2007/,2026-06-15T08:00:25Z,CHEVROLET,OPTRA,OPTRA,0.1470243850985791,19.0,2546.0
chevrolet-optra,2007.0,1.8 I4 Optra LT,58000.0,60000.0,59000.0,"AED 58,000 - 60,000",AED,https://www.drivearabia.com/carprices/uae/chevrolet/chevrolet-optra/2007/,2026-06-15T08:00:25Z,CHEVROLET,OPTRA,OPTRA,0.1470243850985791,19.0,2875.0
chevrolet-optra,2008.0,1.6 I4 Optra LS,51500.0,53000.0,52250.0,"AED 51,500 - 53,000",AED,https://www.drivearabia.com/carprices/uae/chevrolet/chevrolet-optra/2008/,2026-06-15T08:00:27Z,CHEVROLET,OPTRA,OPTRA,0.1470243850985791,18.0,2985.0
chevrolet-optra,2008.0,1.8 I4 Optra LT,58000.0,60000.0,59000.0,"AED 58,000 - 60,000",AED,https://www.drivearabia.com/carprices/uae/chevrolet/chevrolet-optra/2008/,2026-06-15T08:00:27Z,CHEVROLET,OPTRA,OPTRA,0.1470243850985791,18.0,3371.0
chevrolet-optra,2009.0,1.6 I4 Optra LS,51500.0,53000.0,52250.0,"AED 51,500 - 53,000",AED,https://www.drivearabia.com/carprices/uae/chevrolet/chevrolet-optra/2009/,2026-06-15T08:00:29Z,CHEVROLET,OPTRA,OPTRA,0.1470243850985791,17.0,3500.0
chevrolet-optra,2009.0,1.8 I4 Optra LT,58000.0,60000.0,59000.0,"AED 58,000 - 60,000",AED,https://www.drivearabia.com/carprices/uae/chevrolet/chevrolet-optra/2009/,2026-06-15T08:00:29Z,CHEVROLET,OPTRA,OPTRA,0.1470243850985791,17.0,3952.0
chevrolet-optra,2010.0,1.6 I4 Optra LS,51500.0,53000.0,52250.0,"AED 51,500 - 53,000",AED,https://www.drivearabia.com/carprices/uae/chevrolet/chevrolet-optra/2010/,2026-06-15T08:00:31Z,CHEVROLET,OPTRA,OPTRA,0.1470243850985791,16.0,4103.0
chevrolet-optra,2010.0,1.8 I4 Optra LT,58000.0,60000.0,59000.0,"AED 58,000 - 60,000",AED,https://www.drivearabia.com/carprices/uae/chevrolet/chevrolet-optra/2010/,2026-06-15T08:00:31Z,CHEVROLET,OPTRA,OPTRA,0.1470243850985791,16.0,4633.0
chevrolet-silverado,2003.0,4.8 V8 LT,105000.0,116000.0,110500.0,"AED 105,000 - 116,000",AED,https://www.drivearabia.com/carprices/uae/chevrolet/chevrolet-silverado/2003/,2026-06-15T08:01:00Z,CHEVROLET,SILVERADO,SILVERADO,0.1341907684483403,23.0,4019.0
chevrolet-silverado,2003.0,5.3 V8 LTZ,114000.0,130000.0,122000.0,"AED 114,000 - 130,000",AED,https://www.drivearabia.com/carprices/uae/chevrolet/chevrolet-silverado/2003/,2026-06-15T08:01:00Z,CHEVROLET,SILVERADO,SILVERADO,0.1341907684483403,23.0,4437.0
chevrolet-silverado,2004.0,4.8 V8 LT,105000.0,116000.0,110500.0,"AED 105,000 - 116,000",AED,https://www.drivearabia.com/carprices/uae/chevrolet/chevrolet-silverado/2004/,2026-06-15T08:01:02Z,CHEVROLET,SILVERADO,SILVERADO,0.1341907684483403,22.0,4641.0
chevrolet-silverado,2004.0,5.3 V8 LTZ,114000.0,130000.0,122000.0,"AED 114,000 - 130,000",AED,https://www.drivearabia.com/carprices/uae/chevrolet/chevrolet-silverado/2004/,2026-06-15T08:01:02Z,CHEVROLET,SILVERADO,SILVERADO,0.1341907684483403,22.0,5124.0
chevrolet-silverado,2005.0,4.8 V8 LT,105000.0,116000.0,110500.0,"AED 105,000 - 116,000",AED,https://www.drivearabia.com/carprices/uae/chevrolet/chevrolet-silverado/2005/,2026-06-15T08:01:04Z,CHEVROLET,SILVERADO,SILVERADO,0.1341907684483403,21.0,5361.0
chevrolet-silverado,2005.0,5.3 V8 LTZ,114000.0,130000.0,122000.0,"AED 114,000 - 130,000",AED,https://www.drivearabia.com/carprices/uae/chevrolet/chevrolet-silverado/2005/,2026-06-15T08:01:04Z,CHEVROLET,SILVERADO,SILVERADO,0.1341907684483403,21.0,5919.0
chevrolet-silverado,2006.0,4.8 V8 LT,105000.0,116000.0,110500.0,"AED 105,000 - 116,000",AED,https://www.drivearabia.com/carprices/uae/chevrolet/chevrolet-silverado/2006/,2026-06-15T08:01:06Z,CHEVROLET,SILVERADO,SILVERADO,0.1341907684483403,20.0,6192.0
chevrolet-silverado,2006.0,5.3 V8 LTZ,114000.0,130000.0,122000.0,"AED 114,000 - 130,000",AED,https://www.drivearabia.com/carprices/uae/chevrolet/chevrolet-silverado/2006/,2026-06-15T08:01:06Z,CHEVROLET,SILVERADO,SILVERADO,0.1341907684483403,20.0,6836.0
chevrolet-silverado,2007.0,4.8 V8 LT,100000.0,119000.0,109500.0,"AED 100,000 - 119,000",AED,https://www.drivearabia.com/carprices/uae/chevrolet/chevrolet-silverado/2007/,2026-06-15T08:01:08Z,CHEVROLET,SILVERADO,SILVERADO,0.1341907684483403,19.0,7087.0
chevrolet-silverado,2007.0,5.3 V8 LTZ,116000.0,130000.0,123000.0,"AED 116,000 - 130,000",AED,https://www.drivearabia.com/carprices/uae/chevrolet/chevrolet-silverado/2007/,2026-06-15T08:01:08Z,CHEVROLET,SILVERADO,SILVERADO,0.1341907684483403,19.0,7960.0
chevrolet-silverado,2008.0,4.8 V8 LT,100000.0,119000.0,109500.0,"AED 100,000 - 119,000",AED,https://www.drivearabia.com/carprices/uae/chevrolet/chevrolet-silverado/2008/,2026-06-15T08:01:10Z,CHEVROLET,SILVERADO,SILVERADO,0.1341907684483403,18.0,8185.0
chevrolet-silverado,2008.0,5.3 V8 LTZ,116000.0,130000.0,123000.0,"AED 116,000 - 130,000",AED,https://www.drivearabia.com/carprices/uae/chevrolet/chevrolet-silverado/2008/,2026-06-15T08:01:10Z,CHEVROLET,SILVERADO,SILVERADO,0.1341907684483403,18.0,9194.0
chevrolet-silverado,2009.0,4.8 V8 LT,100000.0,119000.0,109500.0,"AED 100,000 - 119,000",AED,https://www.drivearabia.com/carprices/uae/chevrolet/chevrolet-silverado/2009/,2026-06-15T08:01:12Z,CHEVROLET,SILVERADO,SILVERADO,0.1341907684483403,17.0,9453.0
chevrolet-silverado,2009.0,5.3 V8 LTZ,116000.0,130000.0,123000.0,"AED 116,000 - 130,000",AED,https://www.drivearabia.com/carprices/uae/chevrolet/chevrolet-silverado/2009/,2026-06-15T08:01:12Z,CHEVROLET,SILVERADO,SILVERADO,0.1341907684483403,17.0,10619.0
chevrolet-silverado,2010.0,4.8 V8 LT,100000.0,119000.0,109500.0,"AED 100,000 - 119,000",AED,https://www.drivearabia.com/carprices/uae/chevrolet/chevrolet-silverado/2010/,2026-06-15T08:01:14Z,CHEVROLET,SILVERADO,SILVERADO,0.1341907684483403,16.0,10919.0
chevrolet-silverado,2010.0,5.3 V8 LTZ,116000.0,130000.0,123000.0,"AED 116,000 - 130,000",AED,https://www.drivearabia.com/carprices/uae/chevrolet/chevrolet-silverado/2010/,2026-06-15T08:01:14Z,CHEVROLET,SILVERADO,SILVERADO,0.1341907684483403,16.0,12265.0
chevrolet-silverado,2011.0,4.8 V8 LT,100000.0,119000.0,109500.0,"AED 100,000 - 119,000",AED,https://www.drivearabia.com/carprices/uae/chevrolet/chevrolet-silverado/2011/,2026-06-15T08:01:15Z,CHEVROLET,SILVERADO,SILVERADO,0.1341907684483403,15.0,12611.0
chevrolet-silverado,2011.0,5.3 V8 LTZ,116000.0,130000.0,123000.0,"AED 116,000 - 130,000",AED,https://www.drivearabia.com/carprices/uae/chevrolet/chevrolet-silverado/2011/,2026-06-15T08:01:15Z,CHEVROLET,SILVERADO,SILVERADO,0.1341907684483403,15.0,14166.0
chevrolet-silverado,2012.0,4.8 V8 LT,100000.0,119000.0,109500.0,"AED 100,000 - 119,000",AED,https://www.drivearabia.com/carprices/uae/chevrolet/chevrolet-silverado/2012/,2026-06-15T08:01:17Z,CHEVROLET,SILVERADO,SILVERADO,0.1341907684483403,14.0,14565.0
chevrolet-silverado,2012.0,5.3 V8 LTZ,116000.0,130000.0,123000.0,"AED 116,000 - 130,000",AED,https://www.drivearabia.com/carprices/uae/chevrolet/chevrolet-silverado/2012/,2026-06-15T08:01:17Z,CHEVROLET,SILVERADO,SILVERADO,0.1341907684483403,14.0,16361.0
chevrolet-silverado,2013.0,4.8 V8 LT,100000.0,119000.0,109500.0,"AED 100,000 - 119,000",AED,https://www.drivearabia.com/carprices/uae/chevrolet/chevrolet-silverado/2013/,2026-06-15T08:01:19Z,CHEVROLET,SILVERADO,SILVERADO,0.1341907684483403,13.0,16823.0
chevrolet-silverado,2013.0,5.3 V8 LTZ,116000.0,130000.0,123000.0,"AED 116,000 - 130,000",AED,https://www.drivearabia.com/carprices/uae/chevrolet/chevrolet-silverado/2013/,2026-06-15T08:01:19Z,CHEVROLET,SILVERADO,SILVERADO,0.1341907684483403,13.0,18897.0
chevrolet-silverado,2014.0,4.3 V8 LT,108000.0,120000.0,114000.0,"AED 108,000 - 120,000",AED,https://www.drivearabia.com/carprices/uae/chevrolet/chevrolet-silverado/2014/,2026-06-15T08:01:21Z,CHEVROLET,SILVERADO,SILVERADO,0.1341907684483403,12.0,20229.0
chevrolet-silverado,2014.0,5.3 V8 LT Z71,121000.0,125000.0,123000.0,"AED 121,000 - 125,000",AED,https://www.drivearabia.com/carprices/uae/chevrolet/chevrolet-silverado/2014/,2026-06-15T08:01:21Z,CHEVROLET,SILVERADO,SILVERADO,0.1341907684483403,12.0,21826.0
chevrolet-silverado,2014.0,6.2 V8 High Country,198400.0,200000.0,199200.0,"AED 198,400 - 200,000",AED,https://www.drivearabia.com/carprices/uae/chevrolet/chevrolet-silverado/2014/,2026-06-15T08:01:21Z,CHEVROLET,SILVERADO,SILVERADO,0.1341907684483403,12.0,35347.0
chevrolet-silverado,2015.0,4.3 V8 LT,108000.0,120000.0,114000.0,"AED 108,000 - 120,000",AED,https://www.drivearabia.com/carprices/uae/chevrolet/chevrolet-silverado/2015/,2026-06-15T08:01:23Z,CHEVROLET,SILVERADO,SILVERADO,0.1341907684483403,11.0,23364.0
chevrolet-silverado,2015.0,5.3 V8 LT Z71,121000.0,125000.0,123000.0,"AED 121,000 - 125,000",AED,https://www.drivearabia.com/carprices/uae/chevrolet/chevrolet-silverado/2015/,2026-06-15T08:01:23Z,CHEVROLET,SILVERADO,SILVERADO,0.1341907684483403,11.0,25209.0
chevrolet-silverado,2015.0,6.2 V8 High Country,198400.0,200000.0,199200.0,"AED 198,400 - 200,000",AED,https://www.drivearabia.com/carprices/uae/chevrolet/chevrolet-silverado/2015/,2026-06-15T08:01:23Z,CHEVROLET,SILVERADO,SILVERADO,0.1341907684483403,11.0,40826.0
chevrolet-silverado,2016.0,4.3 V8 LT,108000.0,120000.0,114000.0,"AED 108,000 - 120,000",AED,https://www.drivearabia.com/carprices/uae/chevrolet/chevrolet-silverado/2016/,2026-06-15T08:01:25Z,CHEVROLET,SILVERADO,SILVERADO,0.1341907684483403,10.0,26985.0
chevrolet-silverado,2016.0,5.3 V8 LT Z71,121000.0,125000.0,123000.0,"AED 121,000 - 125,000",AED,https://www.drivearabia.com/carprices/uae/chevrolet/chevrolet-silverado/2016/,2026-06-15T08:01:25Z,CHEVROLET,SILVERADO,SILVERADO,0.1341907684483403,10.0,29116.0
chevrolet-silverado,2016.0,6.2 V8 High Country,198400.0,200000.0,199200.0,"AED 198,400 - 200,000",AED,https://www.drivearabia.com/carprices/uae/chevrolet/chevrolet-silverado/2016/,2026-06-15T08:01:25Z,CHEVROLET,SILVERADO,SILVERADO,0.1341907684483403,10.0,47153.0
chevrolet-silverado,2017.0,4.3 V8 LT,108000.0,120000.0,114000.0,"AED 108,000 - 120,000",AED,https://www.drivearabia.com/carprices/uae/chevrolet/chevrolet-silverado/2017/,2026-06-15T08:01:27Z,CHEVROLET,SILVERADO,SILVERADO,0.1341907684483403,9.0,31168.0
chevrolet-silverado,2017.0,5.3 V8 LT Z71,121000.0,125000.0,123000.0,"AED 121,000 - 125,000",AED,https://www.drivearabia.com/carprices/uae/chevrolet/chevrolet-silverado/2017/,2026-06-15T08:01:27Z,CHEVROLET,SILVERADO,SILVERADO,0.1341907684483403,9.0,33628.0
chevrolet-silverado,2017.0,6.2 V8 High Country,198400.0,200000.0,199200.0,"AED 198,400 - 200,000",AED,https://www.drivearabia.com/carprices/uae/chevrolet/chevrolet-silverado/2017/,2026-06-15T08:01:27Z,CHEVROLET,SILVERADO,SILVERADO,0.1341907684483403,9.0,54461.0
chevrolet-silverado,2018.0,4.3 V8 LT,108000.0,120000.0,114000.0,"AED 108,000 - 120,000",AED,https://www.drivearabia.com/carprices/uae/chevrolet/chevrolet-silverado/2018/,2026-06-15T08:01:29Z,CHEVROLET,SILVERADO,SILVERADO,0.1341907684483403,8.0,35998.0
chevrolet-silverado,2018.0,5.3 V8 LT Z71,121000.0,125000.0,123000.0,"AED 121,000 - 125,000",AED,https://www.drivearabia.com/carprices/uae/chevrolet/chevrolet-silverado/2018/,2026-06-15T08:01:29Z,CHEVROLET,SILVERADO,SILVERADO,0.1341907684483403,8.0,38840.0
chevrolet-silverado,2018.0,6.2 V8 High Country,198400.0,200000.0,199200.0,"AED 198,400 - 200,000",AED,https://www.drivearabia.com/carprices/uae/chevrolet/chevrolet-silverado/2018/,2026-06-15T08:01:29Z,CHEVROLET,SILVERADO,SILVERADO,0.1341907684483403,8.0,62902.0
chevrolet-silverado,2019.0,4.3 V8 WT,106800.0,115000.0,110900.0,"AED 106,800 - 115,000",AED,https://www.drivearabia.com/carprices/uae/chevrolet/chevrolet-silverado/2019/,2026-06-15T08:01:31Z,CHEVROLET,SILVERADO,SILVERADO,0.1341907684483403,7.0,40447.0
chevrolet-silverado,2019.0,2.7TC I4 LT,147300.0,160000.0,153650.0,"AED 147,300 - 160,000",AED,https://www.drivearabia.com/carprices/uae/chevrolet/chevrolet-silverado/2019/,2026-06-15T08:01:31Z,CHEVROLET,SILVERADO,SILVERADO,0.1341907684483403,7.0,56039.0
chevrolet-silverado,2019.0,5.3 V8 Trailboss,152700.0,162000.0,157350.0,"AED 152,700 - 162,000",AED,https://www.drivearabia.com/carprices/uae/chevrolet/chevrolet-silverado/2019/,2026-06-15T08:01:31Z,CHEVROLET,SILVERADO,SILVERADO,0.1341907684483403,7.0,57388.0
chevrolet-silverado,2019.0,5.3 V8 RST,158000.0,165000.0,161500.0,"AED 158,000 - 165,000",AED,https://www.drivearabia.com/carprices/uae/chevrolet/chevrolet-silverado/2019/,2026-06-15T08:01:31Z,CHEVROLET,SILVERADO,SILVERADO,0.1341907684483403,7.0,58902.0
chevrolet-silverado,2019.0,5.3 V8 LTZ,187600.0,195000.0,191300.0,"AED 187,600 - 195,000",AED,https://www.drivearabia.com/carprices/uae/chevrolet/chevrolet-silverado/2019/,2026-06-15T08:01:31Z,CHEVROLET,SILVERADO,SILVERADO,0.1341907684483403,7.0,69770.0
chevrolet-silverado,2019.0,6.2 V8 High Country,219400.0,225000.0,222200.0,"AED 219,400 - 225,000",AED,https://www.drivearabia.com/carprices/uae/chevrolet/chevrolet-silverado/2019/,2026-06-15T08:01:31Z,CHEVROLET,SILVERADO,SILVERADO,0.1341907684483403,7.0,81040.0
chevrolet-silverado,2020.0,4.3 V6 WT,106800.0,115000.0,110900.0,"AED 106,800 - 115,000",AED,https://www.drivearabia.com/carprices/uae/chevrolet/chevrolet-silverado/2020/,2026-06-15T08:01:33Z,CHEVROLET,SILVERADO,SILVERADO,0.1341907684483403,6.0,46716.0
chevrolet-silverado,2020.0,2.7TC I4 LT,136300.0,145000.0,140650.0,"AED 136,300 - 145,000",AED,https://www.drivearabia.com/carprices/uae/chevrolet/chevrolet-silverado/2020/,2026-06-15T08:01:33Z,CHEVROLET,SILVERADO,SILVERADO,0.1341907684483403,6.0,59248.0
chevrolet-silverado,2020.0,5.3 V8 RST,147100.0,165000.0,156050.0,"AED 147,100 - 165,000",AED,https://www.drivearabia.com/carprices/uae/chevrolet/chevrolet-silverado/2020/,2026-06-15T08:01:33Z,CHEVROLET,SILVERADO,SILVERADO,0.1341907684483403,6.0,65735.0
chevrolet-silverado,2020.0,5.3 V8 Trailboss,154200.0,162000.0,158100.0,"AED 154,200 - 162,000",AED,https://www.drivearabia.com/carprices/uae/chevrolet/chevrolet-silverado/2020/,2026-06-15T08:01:33Z,CHEVROLET,SILVERADO,SILVERADO,0.1341907684483403,6.0,66599.0
chevrolet-silverado,2020.0,5.3 V8 LTZ,190300.0,195000.0,192650.0,"AED 190,300 - 195,000",AED,https://www.drivearabia.com/carprices/uae/chevrolet/chevrolet-silverado/2020/,2026-06-15T08:01:33Z,CHEVROLET,SILVERADO,SILVERADO,0.1341907684483403,6.0,81153.0
chevrolet-silverado,2020.0,6.2 V8 High Country,221600.0,225000.0,223300.0,"AED 221,600 - 225,000",AED,https://www.drivearabia.com/carprices/uae/chevrolet/chevrolet-silverado/2020/,2026-06-15T08:01:33Z,CHEVROLET,SILVERADO,SILVERADO,0.1341907684483403,6.0,94064.0
chevrolet-silverado,2021.0,4.3 V6 WT,106800.0,115000.0,110900.0,"AED 106,800 - 115,000",AED,https://www.drivearabia.com/carprices/uae/chevrolet/chevrolet-silverado/2021/,2026-06-15T08:01:35Z,CHEVROLET,SILVERADO,SILVERADO,0.1341907684483403,5.0,53956.0
chevrolet-silverado,2021.0,2.7TC I4 LT,136300.0,145000.0,140650.0,"AED 136,300 - 145,000",AED,https://www.drivearabia.com/carprices/uae/chevrolet/chevrolet-silverado/2021/,2026-06-15T08:01:35Z,CHEVROLET,SILVERADO,SILVERADO,0.1341907684483403,5.0,68431.0
chevrolet-silverado,2021.0,5.3 V8 RST,147100.0,165000.0,156050.0,"AED 147,100 - 165,000",AED,https://www.drivearabia.com/carprices/uae/chevrolet/chevrolet-silverado/2021/,2026-06-15T08:01:35Z,CHEVROLET,SILVERADO,SILVERADO,0.1341907684483403,5.0,75923.0
chevrolet-silverado,2021.0,5.3 V8 Trailboss,154200.0,162000.0,158100.0,"AED 154,200 - 162,000",AED,https://www.drivearabia.com/carprices/uae/chevrolet/chevrolet-silverado/2021/,2026-06-15T08:01:35Z,CHEVROLET,SILVERADO,SILVERADO,0.1341907684483403,5.0,76921.0
chevrolet-silverado,2021.0,6.2 V8 Trailboss,185000.0,195000.0,190000.0,"AED 185,000 - 195,000",AED,https://www.drivearabia.com/carprices/uae/chevrolet/chevrolet-silverado/2021/,2026-06-15T08:01:35Z,CHEVROLET,SILVERADO,SILVERADO,0.1341907684483403,5.0,92441.0
chevrolet-silverado,2021.0,5.3 V8 LTZ,190300.0,195000.0,192650.0,"AED 190,300 - 195,000",AED,https://www.drivearabia.com/carprices/uae/chevrolet/chevrolet-silverado/2021/,2026-06-15T08:01:35Z,CHEVROLET,SILVERADO,SILVERADO,0.1341907684483403,5.0,93730.0
chevrolet-silverado,2021.0,6.2 V8 High Country,221600.0,225000.0,223300.0,"AED 221,600 - 225,000",AED,https://www.drivearabia.com/carprices/uae/chevrolet/chevrolet-silverado/2021/,2026-06-15T08:01:35Z,CHEVROLET,SILVERADO,SILVERADO,0.1341907684483403,5.0,108643.0
chevrolet-silverado,2022.0,4.3 V6 WT,106800.0,115000.0,110900.0,"AED 106,800 - 115,000",AED,https://www.drivearabia.com/carprices/uae/chevrolet/chevrolet-silverado/2022/,2026-06-15T08:01:37Z,CHEVROLET,SILVERADO,SILVERADO,0.1341907684483403,4.0,62319.0
chevrolet-silverado,2022.0,2.7TC I4 LT,146200.0,147000.0,146600.0,"AED 146,200 - 147,000",AED,https://www.drivearabia.com/carprices/uae/chevrolet/chevrolet-silverado/2022/,2026-06-15T08:01:37Z,CHEVROLET,SILVERADO,SILVERADO,0.1341907684483403,4.0,82380.0
chevrolet-silverado,2022.0,5.3 V8 Trailboss,167400.0,168000.0,167700.0,"AED 167,400 - 168,000",AED,https://www.drivearabia.com/carprices/uae/chevrolet/chevrolet-silverado/2022/,2026-06-15T08:01:37Z,CHEVROLET,SILVERADO,SILVERADO,0.1341907684483403,4.0,94237.0
chevrolet-silverado,2022.0,6.2 V8 ZR2,227300.0,228000.0,227650.0,"AED 227,300 - 228,000",AED,https://www.drivearabia.com/carprices/uae/chevrolet/chevrolet-silverado/2022/,2026-06-15T08:01:37Z,CHEVROLET,SILVERADO,SILVERADO,0.1341907684483403,4.0,127925.0
chevrolet-silverado,2022.0,6.2 V8 High Country,239900.0,240000.0,239950.0,"AED 239,900 - 240,000",AED,https://www.drivearabia.com/carprices/uae/chevrolet/chevrolet-silverado/2022/,2026-06-15T08:01:37Z,CHEVROLET,SILVERADO,SILVERADO,0.1341907684483403,4.0,134837.0
chevrolet-silverado,2023.0,4.3 V6 WT,106800.0,115000.0,110900.0,"AED 106,800 - 115,000",AED,https://www.drivearabia.com/carprices/uae/chevrolet/chevrolet-silverado/2023/,2026-06-15T08:01:39Z,CHEVROLET,SILVERADO,SILVERADO,0.1341907684483403,3.0,71978.0
chevrolet-silverado,2023.0,2.7TC I4 LT,146200.0,147000.0,146600.0,"AED 146,200 - 147,000",AED,https://www.drivearabia.com/carprices/uae/chevrolet/chevrolet-silverado/2023/,2026-06-15T08:01:39Z,CHEVROLET,SILVERADO,SILVERADO,0.1341907684483403,3.0,95148.0
chevrolet-silverado,2023.0,5.3 V8 Trailboss,167400.0,168000.0,167700.0,"AED 167,400 - 168,000",AED,https://www.drivearabia.com/carprices/uae/chevrolet/chevrolet-silverado/2023/,2026-06-15T08:01:39Z,CHEVROLET,SILVERADO,SILVERADO,0.1341907684483403,3.0,108843.0
chevrolet-silverado,2023.0,6.2 V8 ZR2,227300.0,228000.0,227650.0,"AED 227,300 - 228,000",AED,https://www.drivearabia.com/carprices/uae/chevrolet/chevrolet-silverado/2023/,2026-06-15T08:01:39Z,CHEVROLET,SILVERADO,SILVERADO,0.1341907684483403,3.0,147752.0
chevrolet-silverado,2023.0,6.2 V8 High Country,239900.0,240000.0,239950.0,"AED 239,900 - 240,000",AED,https://www.drivearabia.com/carprices/uae/chevrolet/chevrolet-silverado/2023/,2026-06-15T08:01:39Z,CHEVROLET,SILVERADO,SILVERADO,0.1341907684483403,3.0,155735.0
chevrolet-silverado,2024.0,4.3 V6 WT,106800.0,115000.0,110900.0,"AED 106,800 - 115,000",AED,https://www.drivearabia.com/carprices/uae/chevrolet/chevrolet-silverado/2024/,2026-06-15T08:01:41Z,CHEVROLET,SILVERADO,SILVERADO,0.1341907684483403,2.0,83133.0
chevrolet-silverado,2024.0,2.7TC I4 LT,146200.0,147000.0,146600.0,"AED 146,200 - 147,000",AED,https://www.drivearabia.com/carprices/uae/chevrolet/chevrolet-silverado/2024/,2026-06-15T08:01:41Z,CHEVROLET,SILVERADO,SILVERADO,0.1341907684483403,2.0,109895.0
chevrolet-silverado,2024.0,5.3 V8 Trailboss,167400.0,168000.0,167700.0,"AED 167,400 - 168,000",AED,https://www.drivearabia.com/carprices/uae/chevrolet/chevrolet-silverado/2024/,2026-06-15T08:01:41Z,CHEVROLET,SILVERADO,SILVERADO,0.1341907684483403,2.0,125712.0
chevrolet-silverado,2024.0,6.2 V8 ZR2,227300.0,228000.0,227650.0,"AED 227,300 - 228,000",AED,https://www.drivearabia.com/carprices/uae/chevrolet/chevrolet-silverado/2024/,2026-06-15T08:01:41Z,CHEVROLET,SILVERADO,SILVERADO,0.1341907684483403,2.0,170652.0
chevrolet-silverado,2024.0,6.2 V8 High Country,239900.0,240000.0,239950.0,"AED 239,900 - 240,000",AED,https://www.drivearabia.com/carprices/uae/chevrolet/chevrolet-silverado/2024/,2026-06-15T08:01:41Z,CHEVROLET,SILVERADO,SILVERADO,0.1341907684483403,2.0,179873.0
chevrolet-silverado,2025.0,4.3 V6 WT,106800.0,115000.0,110900.0,"AED 106,800 - 115,000",AED,https://www.drivearabia.com/carprices/uae/chevrolet/chevrolet-silverado/2025/,2026-06-15T08:01:42Z,CHEVROLET,SILVERADO,SILVERADO,0.1341907684483403,1.0,96018.0
chevrolet-silverado,2025.0,2.7TC I4 LT,146200.0,147000.0,146600.0,"AED 146,200 - 147,000",AED,https://www.drivearabia.com/carprices/uae/chevrolet/chevrolet-silverado/2025/,2026-06-15T08:01:42Z,CHEVROLET,SILVERADO,SILVERADO,0.1341907684483403,1.0,126928.0
chevrolet-silverado,2025.0,5.3 V8 Trailboss,167400.0,168000.0,167700.0,"AED 167,400 - 168,000",AED,https://www.drivearabia.com/carprices/uae/chevrolet/chevrolet-silverado/2025/,2026-06-15T08:01:42Z,CHEVROLET,SILVERADO,SILVERADO,0.1341907684483403,1.0,145196.0
chevrolet-silverado,2025.0,6.2 V8 ZR2,227300.0,228000.0,227650.0,"AED 227,300 - 228,000",AED,https://www.drivearabia.com/carprices/uae/chevrolet/chevrolet-silverado/2025/,2026-06-15T08:01:42Z,CHEVROLET,SILVERADO,SILVERADO,0.1341907684483403,1.0,197101.0
chevrolet-silverado,2025.0,6.2 V8 High Country,239900.0,240000.0,239950.0,"AED 239,900 - 240,000",AED,https://www.drivearabia.com/carprices/uae/chevrolet/chevrolet-silverado/2025/,2026-06-15T08:01:42Z,CHEVROLET,SILVERADO,SILVERADO,0.1341907684483403,1.0,207751.0
chevrolet-silverado,2026.0,2.7T LT,162700.0,163000.0,162850.0,"AED 162,700 - 163,000",AED,https://www.drivearabia.com/carprices/uae/chevrolet/chevrolet-silverado/2026/,2026-06-15T08:01:44Z,CHEVROLET,SILVERADO,SILVERADO,0.1341907684483403,0.0,162850.0
chevrolet-silverado,2026.0,5.3L LT,170000.0,175000.0,172500.0,"AED 170,000 - 175,000",AED,https://www.drivearabia.com/carprices/uae/chevrolet/chevrolet-silverado/2026/,2026-06-15T08:01:44Z,CHEVROLET,SILVERADO,SILVERADO,0.1341907684483403,0.0,172500.0
chevrolet-silverado,2026.0,5.3L RST,174300.0,176000.0,175150.0,"AED 174,300 - 176,000",AED,https://www.drivearabia.com/carprices/uae/chevrolet/chevrolet-silverado/2026/,2026-06-15T08:01:44Z,CHEVROLET,SILVERADO,SILVERADO,0.1341907684483403,0.0,175150.0
chevrolet-silverado,2026.0,5.3L Trail Boss,190000.0,192000.0,191000.0,"AED 190,000 - 192,000",AED,https://www.drivearabia.com/carprices/uae/chevrolet/chevrolet-silverado/2026/,2026-06-15T08:01:44Z,CHEVROLET,SILVERADO,SILVERADO,0.1341907684483403,0.0,191000.0
chevrolet-silverado,2026.0,5.3L LTZ,222400.0,225000.0,223700.0,"AED 222,400 - 225,000",AED,https://www.drivearabia.com/carprices/uae/chevrolet/chevrolet-silverado/2026/,2026-06-15T08:01:44Z,CHEVROLET,SILVERADO,SILVERADO,0.1341907684483403,0.0,223700.0
chevrolet-silverado,2026.0,6.2L ZR2,250900.0,252000.0,251450.0,"AED 250,900 - 252,000",AED,https://www.drivearabia.com/carprices/uae/chevrolet/chevrolet-silverado/2026/,2026-06-15T08:01:44Z,CHEVROLET,SILVERADO,SILVERADO,0.1341907684483403,0.0,251450.0
chevrolet-silverado,2026.0,6.2L High Country,260400.0,262000.0,261200.0,"AED 260,400 - 262,000",AED,https://www.drivearabia.com/carprices/uae/chevrolet/chevrolet-silverado/2026/,2026-06-15T08:01:44Z,CHEVROLET,SILVERADO,SILVERADO,0.1341907684483403,0.0,261200.0
chevrolet-sonic,2012.0,1.6 I4 Sonic LS,43000.0,44500.0,43750.0,"AED 43,000 - 44,500",AED,https://www.drivearabia.com/carprices/uae/chevrolet/chevrolet-sonic/2012/,2026-06-15T08:02:05Z,CHEVROLET,SONIC,SONIC,0.1431532647119229,14.0,5031.0
chevrolet-sonic,2012.0,1.6 I4 Sonic LT,55500.0,57000.0,56250.0,"AED 55,500 - 57,000",AED,https://www.drivearabia.com/carprices/uae/chevrolet/chevrolet-sonic/2012/,2026-06-15T08:02:05Z,CHEVROLET,SONIC,SONIC,0.1431532647119229,14.0,6468.0
chevrolet-sonic,2013.0,1.6 I4 Sonic LS,43000.0,44500.0,43750.0,"AED 43,000 - 44,500",AED,https://www.drivearabia.com/carprices/uae/chevrolet/chevrolet-sonic/2013/,2026-06-15T08:02:07Z,CHEVROLET,SONIC,SONIC,0.1431532647119229,13.0,5871.0
chevrolet-sonic,2013.0,1.6 I4 Sonic LT,55500.0,57000.0,56250.0,"AED 55,500 - 57,000",AED,https://www.drivearabia.com/carprices/uae/chevrolet/chevrolet-sonic/2013/,2026-06-15T08:02:07Z,CHEVROLET,SONIC,SONIC,0.1431532647119229,13.0,7549.0
chevrolet-sonic,2014.0,1.6 I4 Sonic LS,43000.0,44500.0,43750.0,"AED 43,000 - 44,500",AED,https://www.drivearabia.com/carprices/uae/chevrolet/chevrolet-sonic/2014/,2026-06-15T08:02:09Z,CHEVROLET,SONIC,SONIC,0.1431532647119229,12.0,6852.0
chevrolet-sonic,2014.0,1.6 I4 Sonic LT,55500.0,57000.0,56250.0,"AED 55,500 - 57,000",AED,https://www.drivearabia.com/carprices/uae/chevrolet/chevrolet-sonic/2014/,2026-06-15T08:02:09Z,CHEVROLET,SONIC,SONIC,0.1431532647119229,12.0,8810.0
chevrolet-sonic,2015.0,1.6 I4 Sonic LS,43000.0,44500.0,43750.0,"AED 43,000 - 44,500",AED,https://www.drivearabia.com/carprices/uae/chevrolet/chevrolet-sonic/2015/,2026-06-15T08:02:11Z,CHEVROLET,SONIC,SONIC,0.1431532647119229,11.0,7997.0
chevrolet-sonic,2015.0,1.6 I4 Sonic LT,55500.0,57000.0,56250.0,"AED 55,500 - 57,000",AED,https://www.drivearabia.com/carprices/uae/chevrolet/chevrolet-sonic/2015/,2026-06-15T08:02:11Z,CHEVROLET,SONIC,SONIC,0.1431532647119229,11.0,10282.0
chevrolet-sonic,2016.0,1.6 I4 Sonic LS,43000.0,44500.0,43750.0,"AED 43,000 - 44,500",AED,https://www.drivearabia.com/carprices/uae/chevrolet/chevrolet-sonic/2016/,2026-06-15T08:02:12Z,CHEVROLET,SONIC,SONIC,0.1431532647119229,10.0,9333.0
chevrolet-sonic,2016.0,1.6 I4 Sonic LT,55500.0,57000.0,56250.0,"AED 55,500 - 57,000",AED,https://www.drivearabia.com/carprices/uae/chevrolet/chevrolet-sonic/2016/,2026-06-15T08:02:12Z,CHEVROLET,SONIC,SONIC,0.1431532647119229,10.0,11999.0
chevrolet-sonic-hatchback,2012.0,1.6 I4 Sonic Hatchback,55000.0,57000.0,56000.0,"AED 55,000 - 57,000",AED,https://www.drivearabia.com/carprices/uae/chevrolet/chevrolet-sonic-hatchback/2012/,2026-06-15T08:02:45Z,CHEVROLET,SONIC HATCHBACK,SONIC HATCHBACK,0.1431532647119229,14.0,6439.0
chevrolet-sonic-hatchback,2013.0,1.6 I4 Sonic Hatchback,55000.0,57000.0,56000.0,"AED 55,000 - 57,000",AED,https://www.drivearabia.com/carprices/uae/chevrolet/chevrolet-sonic-hatchback/2013/,2026-06-15T08:02:47Z,CHEVROLET,SONIC HATCHBACK,SONIC HATCHBACK,0.1431532647119229,13.0,7515.0
chevrolet-sonic-hatchback,2014.0,1.6 I4 Sonic Hatchback,55000.0,57000.0,56000.0,"AED 55,000 - 57,000",AED,https://www.drivearabia.com/carprices/uae/chevrolet/chevrolet-sonic-hatchback/2014/,2026-06-15T08:02:49Z,CHEVROLET,SONIC HATCHBACK,SONIC HATCHBACK,0.1431532647119229,12.0,8771.0
chevrolet-sonic-hatchback,2015.0,1.6 I4 Sonic Hatchback,55000.0,57000.0,56000.0,"AED 55,000 - 57,000",AED,https://www.drivearabia.com/carprices/uae/chevrolet/chevrolet-sonic-hatchback/2015/,2026-06-15T08:02:51Z,CHEVROLET,SONIC HATCHBACK,SONIC HATCHBACK,0.1431532647119229,11.0,10236.0
chevrolet-sonic-hatchback,2016.0,1.6 I4 Sonic Hatchback,55000.0,57000.0,56000.0,"AED 55,000 - 57,000",AED,https://www.drivearabia.com/carprices/uae/chevrolet/chevrolet-sonic-hatchback/2016/,2026-06-15T08:02:53Z,CHEVROLET,SONIC HATCHBACK,SONIC HATCHBACK,0.1431532647119229,10.0,11946.0
chevrolet-spark,2005.0,0.8 I3 Spark LS,35000.0,36000.0,35500.0,"AED 35,000 - 36,000",AED,https://www.drivearabia.com/carprices/uae/chevrolet/chevrolet-spark/2005/,2026-06-15T08:03:18Z,CHEVROLET,SPARK,SPARK,0.1650291032292581,21.0,804.0
chevrolet-spark,2005.0,1.0 I4 Spark LT,39000.0,40000.0,39500.0,"AED 39,000 - 40,000",AED,https://www.drivearabia.com/carprices/uae/chevrolet/chevrolet-spark/2005/,2026-06-15T08:03:18Z,CHEVROLET,SPARK,SPARK,0.1650291032292581,21.0,895.0
chevrolet-spark,2006.0,0.8 I3 Spark LS,35000.0,36000.0,35500.0,"AED 35,000 - 36,000",AED,https://www.drivearabia.com/carprices/uae/chevrolet/chevrolet-spark/2006/,2026-06-15T08:03:20Z,CHEVROLET,SPARK,SPARK,0.1650291032292581,20.0,963.0
chevrolet-spark,2006.0,1.0 I4 Spark LT,39000.0,40000.0,39500.0,"AED 39,000 - 40,000",AED,https://www.drivearabia.com/carprices/uae/chevrolet/chevrolet-spark/2006/,2026-06-15T08:03:20Z,CHEVROLET,SPARK,SPARK,0.1650291032292581,20.0,1072.0
chevrolet-spark,2007.0,0.8 I3 Spark LS,35000.0,36000.0,35500.0,"AED 35,000 - 36,000",AED,https://www.drivearabia.com/carprices/uae/chevrolet/chevrolet-spark/2007/,2026-06-15T08:03:22Z,CHEVROLET,SPARK,SPARK,0.1650291032292581,19.0,1153.0
chevrolet-spark,2007.0,1.0 I4 Spark LT,39000.0,40000.0,39500.0,"AED 39,000 - 40,000",AED,https://www.drivearabia.com/carprices/uae/chevrolet/chevrolet-spark/2007/,2026-06-15T08:03:22Z,CHEVROLET,SPARK,SPARK,0.1650291032292581,19.0,1283.0
chevrolet-spark,2008.0,0.8 I3 Spark LS,35000.0,36000.0,35500.0,"AED 35,000 - 36,000",AED,https://www.drivearabia.com/carprices/uae/chevrolet/chevrolet-spark/2008/,2026-06-15T08:03:24Z,CHEVROLET,SPARK,SPARK,0.1650291032292581,18.0,1381.0
chevrolet-spark,2008.0,1.0 I4 Spark LT,39000.0,40000.0,39500.0,"AED 39,000 - 40,000",AED,https://www.drivearabia.com/carprices/uae/chevrolet/chevrolet-spark/2008/,2026-06-15T08:03:24Z,CHEVROLET,SPARK,SPARK,0.1650291032292581,18.0,1537.0
chevrolet-spark,2009.0,0.8 I3 Spark LS,35000.0,36000.0,35500.0,"AED 35,000 - 36,000",AED,https://www.drivearabia.com/carprices/uae/chevrolet/chevrolet-spark/2009/,2026-06-15T08:03:26Z,CHEVROLET,SPARK,SPARK,0.1650291032292581,17.0,1654.0
chevrolet-spark,2009.0,1.0 I4 Spark LT,39000.0,40000.0,39500.0,"AED 39,000 - 40,000",AED,https://www.drivearabia.com/carprices/uae/chevrolet/chevrolet-spark/2009/,2026-06-15T08:03:26Z,CHEVROLET,SPARK,SPARK,0.1650291032292581,17.0,1841.0
chevrolet-spark,2010.0,0.8 I3 Spark LS,35000.0,36000.0,35500.0,"AED 35,000 - 36,000",AED,https://www.drivearabia.com/carprices/uae/chevrolet/chevrolet-spark/2010/,2026-06-15T08:03:28Z,CHEVROLET,SPARK,SPARK,0.1650291032292581,16.0,1981.0
chevrolet-spark,2010.0,1.0 I4 Spark LT,39000.0,40000.0,39500.0,"AED 39,000 - 40,000",AED,https://www.drivearabia.com/carprices/uae/chevrolet/chevrolet-spark/2010/,2026-06-15T08:03:28Z,CHEVROLET,SPARK,SPARK,0.1650291032292581,16.0,2205.0
chevrolet-spark,2011.0,1.0 I4 Spark LS,28700.0,30000.0,29350.0,"AED 28,700 - 30,000",AED,https://www.drivearabia.com/carprices/uae/chevrolet/chevrolet-spark/2011/,2026-06-15T08:03:30Z,CHEVROLET,SPARK,SPARK,0.1650291032292581,15.0,1962.0
chevrolet-spark,2011.0,1.0 I4 Spark LT,36500.0,38000.0,37250.0,"AED 36,500 - 38,000",AED,https://www.drivearabia.com/carprices/uae/chevrolet/chevrolet-spark/2011/,2026-06-15T08:03:30Z,CHEVROLET,SPARK,SPARK,0.1650291032292581,15.0,2490.0
chevrolet-spark,2012.0,1.0 I4 Spark LS,28700.0,30000.0,29350.0,"AED 28,700 - 30,000",AED,https://www.drivearabia.com/carprices/uae/chevrolet/chevrolet-spark/2012/,2026-06-15T08:03:32Z,CHEVROLET,SPARK,SPARK,0.1650291032292581,14.0,2350.0
chevrolet-spark,2012.0,1.0 I4 Spark LT,36500.0,38000.0,37250.0,"AED 36,500 - 38,000",AED,https://www.drivearabia.com/carprices/uae/chevrolet/chevrolet-spark/2012/,2026-06-15T08:03:32Z,CHEVROLET,SPARK,SPARK,0.1650291032292581,14.0,2982.0
chevrolet-spark,2013.0,1.0 I4 Spark LS,28700.0,30000.0,29350.0,"AED 28,700 - 30,000",AED,https://www.drivearabia.com/carprices/uae/chevrolet/chevrolet-spark/2013/,2026-06-15T08:03:33Z,CHEVROLET,SPARK,SPARK,0.1650291032292581,13.0,2814.0
chevrolet-spark,2013.0,1.0 I4 Spark LT,36500.0,38000.0,37250.0,"AED 36,500 - 38,000",AED,https://www.drivearabia.com/carprices/uae/chevrolet/chevrolet-spark/2013/,2026-06-15T08:03:33Z,CHEVROLET,SPARK,SPARK,0.1650291032292581,13.0,3572.0
chevrolet-spark,2014.0,1.0 I4 Spark LS,28700.0,30000.0,29350.0,"AED 28,700 - 30,000",AED,https://www.drivearabia.com/carprices/uae/chevrolet/chevrolet-spark/2014/,2026-06-15T08:03:35Z,CHEVROLET,SPARK,SPARK,0.1650291032292581,12.0,3370.0
chevrolet-spark,2014.0,1.0 I4 Spark LT,36500.0,38000.0,37250.0,"AED 36,500 - 38,000",AED,https://www.drivearabia.com/carprices/uae/chevrolet/chevrolet-spark/2014/,2026-06-15T08:03:35Z,CHEVROLET,SPARK,SPARK,0.1650291032292581,12.0,4277.0
chevrolet-spark,2015.0,1.0 I4 Spark LS,28700.0,30000.0,29350.0,"AED 28,700 - 30,000",AED,https://www.drivearabia.com/carprices/uae/chevrolet/chevrolet-spark/2015/,2026-06-15T08:03:37Z,CHEVROLET,SPARK,SPARK,0.1650291032292581,11.0,4036.0
chevrolet-spark,2015.0,1.0 I4 Spark LT,36500.0,38000.0,37250.0,"AED 36,500 - 38,000",AED,https://www.drivearabia.com/carprices/uae/chevrolet/chevrolet-spark/2015/,2026-06-15T08:03:37Z,CHEVROLET,SPARK,SPARK,0.1650291032292581,11.0,5123.0
chevrolet-spark,2016.0,1.4 I4 Spark LS,40000.0,41500.0,40750.0,"AED 40,000 - 41,500",AED,https://www.drivearabia.com/carprices/uae/chevrolet/chevrolet-spark/2016/,2026-06-15T08:03:39Z,CHEVROLET,SPARK,SPARK,0.1650291032292581,10.0,6712.0
chevrolet-spark,2016.0,1.4 I4 Spark LT,43500.0,45000.0,44250.0,"AED 43,500 - 45,000",AED,https://www.drivearabia.com/carprices/uae/chevrolet/chevrolet-spark/2016/,2026-06-15T08:03:39Z,CHEVROLET,SPARK,SPARK,0.1650291032292581,10.0,7288.0
chevrolet-spark,2017.0,1.4 I4 LS manual,34000.0,35000.0,34500.0,"AED 34,000 - 35,000",AED,https://www.drivearabia.com/carprices/uae/chevrolet/chevrolet-spark/2017/,2026-06-15T08:03:42Z,CHEVROLET,SPARK,SPARK,0.1650291032292581,9.0,6806.0
chevrolet-spark,2017.0,1.4 I4 LS CVT,37000.0,38000.0,37500.0,"AED 37,000 - 38,000",AED,https://www.drivearabia.com/carprices/uae/chevrolet/chevrolet-spark/2017/,2026-06-15T08:03:42Z,CHEVROLET,SPARK,SPARK,0.1650291032292581,9.0,7397.0
chevrolet-spark,2017.0,1.4 I4 LT,43500.0,44000.0,43750.0,"AED 43,500 - 44,000",AED,https://www.drivearabia.com/carprices/uae/chevrolet/chevrolet-spark/2017/,2026-06-15T08:03:42Z,CHEVROLET,SPARK,SPARK,0.1650291032292581,9.0,8630.0
chevrolet-spark,2018.0,1.4 I4 Spark LS,35700.0,38000.0,36850.0,"AED 35,700 - 38,000",AED,https://www.drivearabia.com/carprices/uae/chevrolet/chevrolet-spark/2018/,2026-06-15T08:03:43Z,CHEVROLET,SPARK,SPARK,0.1650291032292581,8.0,8706.0
chevrolet-spark,2018.0,1.4 I4 Spark LT,45000.0,46000.0,45500.0,"AED 45,000 - 46,000",AED,https://www.drivearabia.com/carprices/uae/chevrolet/chevrolet-spark/2018/,2026-06-15T08:03:43Z,CHEVROLET,SPARK,SPARK,0.1650291032292581,8.0,10749.0
chevrolet-spark,2019.0,1.4 I4 Spark LS,41700.0,45000.0,43350.0,"AED 41,700 - 45,000",AED,https://www.drivearabia.com/carprices/uae/chevrolet/chevrolet-spark/2019/,2026-06-15T08:03:46Z,CHEVROLET,SPARK,SPARK,0.1650291032292581,7.0,12266.0
chevrolet-spark,2019.0,1.4 I4 Spark LT,45000.0,49000.0,47000.0,"AED 45,000 - 49,000",AED,https://www.drivearabia.com/carprices/uae/chevrolet/chevrolet-spark/2019/,2026-06-15T08:03:46Z,CHEVROLET,SPARK,SPARK,0.1650291032292581,7.0,13298.0
chevrolet-spark,2020.0,1.4 I4 Spark LS,41700.0,45000.0,43350.0,"AED 41,700 - 45,000",AED,https://www.drivearabia.com/carprices/uae/chevrolet/chevrolet-spark/2020/,2026-06-15T08:03:47Z,CHEVROLET,SPARK,SPARK,0.1650291032292581,6.0,14690.0
chevrolet-spark,2020.0,1.4 I4 Spark LT,45000.0,49000.0,47000.0,"AED 45,000 - 49,000",AED,https://www.drivearabia.com/carprices/uae/chevrolet/chevrolet-spark/2020/,2026-06-15T08:03:47Z,CHEVROLET,SPARK,SPARK,0.1650291032292581,6.0,15927.0
chevrolet-spark,2021.0,1.4 I4 Spark LS,41700.0,45000.0,43350.0,"AED 41,700 - 45,000",AED,https://www.drivearabia.com/carprices/uae/chevrolet/chevrolet-spark/2021/,2026-06-15T08:03:49Z,CHEVROLET,SPARK,SPARK,0.1650291032292581,5.0,17593.0
chevrolet-spark,2021.0,1.4 I4 Spark LT,45000.0,49000.0,47000.0,"AED 45,000 - 49,000",AED,https://www.drivearabia.com/carprices/uae/chevrolet/chevrolet-spark/2021/,2026-06-15T08:03:49Z,CHEVROLET,SPARK,SPARK,0.1650291032292581,5.0,19075.0
chevrolet-spark,2022.0,1.4 I4 Spark LS,41700.0,45000.0,43350.0,"AED 41,700 - 45,000",AED,https://www.drivearabia.com/carprices/uae/chevrolet/chevrolet-spark/2022/,2026-06-15T08:03:51Z,CHEVROLET,SPARK,SPARK,0.1650291032292581,4.0,21070.0
chevrolet-spark,2022.0,1.4 I4 Spark LT,45000.0,49000.0,47000.0,"AED 45,000 - 49,000",AED,https://www.drivearabia.com/carprices/uae/chevrolet/chevrolet-spark/2022/,2026-06-15T08:03:51Z,CHEVROLET,SPARK,SPARK,0.1650291032292581,4.0,22845.0
chevrolet-spark-euv,2026.0,42 kWh Active RWD,79900.0,80000.0,79950.0,"AED 79,900 - 80,000",AED,https://www.drivearabia.com/carprices/uae/chevrolet/chevrolet-spark-euv/2026/,2026-06-15T08:04:32Z,CHEVROLET,SPARK EUV,SPARK EUV,0.0608571428571429,0.0,79950.0
chevrolet-suburban,2007.0,5.3 V8 Suburban LS,155000.0,158000.0,156500.0,"AED 155,000 - 158,000",AED,https://www.drivearabia.com/carprices/uae/chevrolet/chevrolet-suburban/2007/,2026-06-15T08:04:48Z,CHEVROLET,SUBURBAN,SUBURBAN,0.1347201267121999,19.0,10011.0
chevrolet-suburban,2007.0,5.3 V8 Suburban LT,169000.0,171000.0,170000.0,"AED 169,000 - 171,000",AED,https://www.drivearabia.com/carprices/uae/chevrolet/chevrolet-suburban/2007/,2026-06-15T08:04:48Z,CHEVROLET,SUBURBAN,SUBURBAN,0.1347201267121999,19.0,10875.0
chevrolet-suburban,2007.0,5.3 V8 Suburban LTZ,173000.0,175000.0,174000.0,"AED 173,000 - 175,000",AED,https://www.drivearabia.com/carprices/uae/chevrolet/chevrolet-suburban/2007/,2026-06-15T08:04:48Z,CHEVROLET,SUBURBAN,SUBURBAN,0.1347201267121999,19.0,11131.0
chevrolet-suburban,2007.0,6.0 V8 Suburban 2500 LT,208000.0,210000.0,209000.0,"AED 208,000 - 210,000",AED,https://www.drivearabia.com/carprices/uae/chevrolet/chevrolet-suburban/2007/,2026-06-15T08:04:48Z,CHEVROLET,SUBURBAN,SUBURBAN,0.1347201267121999,19.0,13370.0
chevrolet-suburban,2008.0,5.3 V8 Suburban LS,155000.0,158000.0,156500.0,"AED 155,000 - 158,000",AED,https://www.drivearabia.com/carprices/uae/chevrolet/chevrolet-suburban/2008/,2026-06-15T08:04:50Z,CHEVROLET,SUBURBAN,SUBURBAN,0.1347201267121999,18.0,11570.0
chevrolet-suburban,2008.0,5.3 V8 Suburban LT,169000.0,171000.0,170000.0,"AED 169,000 - 171,000",AED,https://www.drivearabia.com/carprices/uae/chevrolet/chevrolet-suburban/2008/,2026-06-15T08:04:50Z,CHEVROLET,SUBURBAN,SUBURBAN,0.1347201267121999,18.0,12568.0
chevrolet-suburban,2008.0,5.3 V8 Suburban LTZ,173000.0,175000.0,174000.0,"AED 173,000 - 175,000",AED,https://www.drivearabia.com/carprices/uae/chevrolet/chevrolet-suburban/2008/,2026-06-15T08:04:50Z,CHEVROLET,SUBURBAN,SUBURBAN,0.1347201267121999,18.0,12864.0
chevrolet-suburban,2008.0,6.0 V8 Suburban 2500 LT,208000.0,210000.0,209000.0,"AED 208,000 - 210,000",AED,https://www.drivearabia.com/carprices/uae/chevrolet/chevrolet-suburban/2008/,2026-06-15T08:04:50Z,CHEVROLET,SUBURBAN,SUBURBAN,0.1347201267121999,18.0,15451.0
chevrolet-suburban,2009.0,5.3 V8 Suburban LS,155000.0,158000.0,156500.0,"AED 155,000 - 158,000",AED,https://www.drivearabia.com/carprices/uae/chevrolet/chevrolet-suburban/2009/,2026-06-15T08:04:51Z,CHEVROLET,SUBURBAN,SUBURBAN,0.1347201267121999,17.0,13371.0
chevrolet-suburban,2009.0,5.3 V8 Suburban LT,169000.0,171000.0,170000.0,"AED 169,000 - 171,000",AED,https://www.drivearabia.com/carprices/uae/chevrolet/chevrolet-suburban/2009/,2026-06-15T08:04:51Z,CHEVROLET,SUBURBAN,SUBURBAN,0.1347201267121999,17.0,14525.0
chevrolet-suburban,2009.0,5.3 V8 Suburban LTZ,173000.0,175000.0,174000.0,"AED 173,000 - 175,000",AED,https://www.drivearabia.com/carprices/uae/chevrolet/chevrolet-suburban/2009/,2026-06-15T08:04:51Z,CHEVROLET,SUBURBAN,SUBURBAN,0.1347201267121999,17.0,14867.0
chevrolet-suburban,2009.0,6.0 V8 Suburban 2500 LT,208000.0,210000.0,209000.0,"AED 208,000 - 210,000",AED,https://www.drivearabia.com/carprices/uae/chevrolet/chevrolet-suburban/2009/,2026-06-15T08:04:51Z,CHEVROLET,SUBURBAN,SUBURBAN,0.1347201267121999,17.0,17857.0
chevrolet-suburban,2010.0,5.3 V8 Suburban LS,155000.0,158000.0,156500.0,"AED 155,000 - 158,000",AED,https://www.drivearabia.com/carprices/uae/chevrolet/chevrolet-suburban/2010/,2026-06-15T08:04:53Z,CHEVROLET,SUBURBAN,SUBURBAN,0.1347201267121999,16.0,15453.0
chevrolet-suburban,2010.0,5.3 V8 Suburban LT,169000.0,171000.0,170000.0,"AED 169,000 - 171,000",AED,https://www.drivearabia.com/carprices/uae/chevrolet/chevrolet-suburban/2010/,2026-06-15T08:04:53Z,CHEVROLET,SUBURBAN,SUBURBAN,0.1347201267121999,16.0,16786.0
chevrolet-suburban,2010.0,5.3 V8 Suburban LTZ,173000.0,175000.0,174000.0,"AED 173,000 - 175,000",AED,https://www.drivearabia.com/carprices/uae/chevrolet/chevrolet-suburban/2010/,2026-06-15T08:04:53Z,CHEVROLET,SUBURBAN,SUBURBAN,0.1347201267121999,16.0,17181.0
chevrolet-suburban,2010.0,6.0 V8 Suburban 2500 LT,208000.0,210000.0,209000.0,"AED 208,000 - 210,000",AED,https://www.drivearabia.com/carprices/uae/chevrolet/chevrolet-suburban/2010/,2026-06-15T08:04:53Z,CHEVROLET,SUBURBAN,SUBURBAN,0.1347201267121999,16.0,20637.0
chevrolet-suburban,2011.0,5.3 V8 Suburban LS,155000.0,158000.0,156500.0,"AED 155,000 - 158,000",AED,https://www.drivearabia.com/carprices/uae/chevrolet/chevrolet-suburban/2011/,2026-06-15T08:04:55Z,CHEVROLET,SUBURBAN,SUBURBAN,0.1347201267121999,15.0,17859.0
chevrolet-suburban,2011.0,5.3 V8 Suburban LT,169000.0,171000.0,170000.0,"AED 169,000 - 171,000",AED,https://www.drivearabia.com/carprices/uae/chevrolet/chevrolet-suburban/2011/,2026-06-15T08:04:55Z,CHEVROLET,SUBURBAN,SUBURBAN,0.1347201267121999,15.0,19400.0
chevrolet-suburban,2011.0,5.3 V8 Suburban LTZ,173000.0,175000.0,174000.0,"AED 173,000 - 175,000",AED,https://www.drivearabia.com/carprices/uae/chevrolet/chevrolet-suburban/2011/,2026-06-15T08:04:55Z,CHEVROLET,SUBURBAN,SUBURBAN,0.1347201267121999,15.0,19856.0
chevrolet-suburban,2011.0,6.0 V8 Suburban 2500 LT,208000.0,210000.0,209000.0,"AED 208,000 - 210,000",AED,https://www.drivearabia.com/carprices/uae/chevrolet/chevrolet-suburban/2011/,2026-06-15T08:04:55Z,CHEVROLET,SUBURBAN,SUBURBAN,0.1347201267121999,15.0,23850.0
chevrolet-suburban,2012.0,5.3 V8 Suburban LS,155000.0,158000.0,156500.0,"AED 155,000 - 158,000",AED,https://www.drivearabia.com/carprices/uae/chevrolet/chevrolet-suburban/2012/,2026-06-15T08:04:57Z,CHEVROLET,SUBURBAN,SUBURBAN,0.1347201267121999,14.0,20640.0
chevrolet-suburban,2012.0,5.3 V8 Suburban LT,169000.0,171000.0,170000.0,"AED 169,000 - 171,000",AED,https://www.drivearabia.com/carprices/uae/chevrolet/chevrolet-suburban/2012/,2026-06-15T08:04:57Z,CHEVROLET,SUBURBAN,SUBURBAN,0.1347201267121999,14.0,22420.0
chevrolet-suburban,2012.0,5.3 V8 Suburban LTZ,173000.0,175000.0,174000.0,"AED 173,000 - 175,000",AED,https://www.drivearabia.com/carprices/uae/chevrolet/chevrolet-suburban/2012/,2026-06-15T08:04:57Z,CHEVROLET,SUBURBAN,SUBURBAN,0.1347201267121999,14.0,22948.0
chevrolet-suburban,2012.0,6.0 V8 Suburban 2500 LT,208000.0,210000.0,209000.0,"AED 208,000 - 210,000",AED,https://www.drivearabia.com/carprices/uae/chevrolet/chevrolet-suburban/2012/,2026-06-15T08:04:57Z,CHEVROLET,SUBURBAN,SUBURBAN,0.1347201267121999,14.0,27564.0
chevrolet-suburban,2013.0,5.3 V8 Suburban LS,155000.0,158000.0,156500.0,"AED 155,000 - 158,000",AED,https://www.drivearabia.com/carprices/uae/chevrolet/chevrolet-suburban/2013/,2026-06-15T08:04:59Z,CHEVROLET,SUBURBAN,SUBURBAN,0.1347201267121999,13.0,23853.0
chevrolet-suburban,2013.0,5.3 V8 Suburban LT,169000.0,171000.0,170000.0,"AED 169,000 - 171,000",AED,https://www.drivearabia.com/carprices/uae/chevrolet/chevrolet-suburban/2013/,2026-06-15T08:04:59Z,CHEVROLET,SUBURBAN,SUBURBAN,0.1347201267121999,13.0,25911.0
chevrolet-suburban,2013.0,5.3 V8 Suburban LTZ,173000.0,175000.0,174000.0,"AED 173,000 - 175,000",AED,https://www.drivearabia.com/carprices/uae/chevrolet/chevrolet-suburban/2013/,2026-06-15T08:04:59Z,CHEVROLET,SUBURBAN,SUBURBAN,0.1347201267121999,13.0,26521.0
chevrolet-suburban,2013.0,6.0 V8 Suburban 2500 LT,208000.0,210000.0,209000.0,"AED 208,000 - 210,000",AED,https://www.drivearabia.com/carprices/uae/chevrolet/chevrolet-suburban/2013/,2026-06-15T08:04:59Z,CHEVROLET,SUBURBAN,SUBURBAN,0.1347201267121999,13.0,31855.0
chevrolet-suburban,2014.0,5.3 V8 Suburban LS,155000.0,158000.0,156500.0,"AED 155,000 - 158,000",AED,https://www.drivearabia.com/carprices/uae/chevrolet/chevrolet-suburban/2014/,2026-06-15T08:05:01Z,CHEVROLET,SUBURBAN,SUBURBAN,0.1347201267121999,12.0,27567.0
chevrolet-suburban,2014.0,5.3 V8 Suburban LT,169000.0,171000.0,170000.0,"AED 169,000 - 171,000",AED,https://www.drivearabia.com/carprices/uae/chevrolet/chevrolet-suburban/2014/,2026-06-15T08:05:01Z,CHEVROLET,SUBURBAN,SUBURBAN,0.1347201267121999,12.0,29945.0
chevrolet-suburban,2014.0,5.3 V8 Suburban LTZ,173000.0,175000.0,174000.0,"AED 173,000 - 175,000",AED,https://www.drivearabia.com/carprices/uae/chevrolet/chevrolet-suburban/2014/,2026-06-15T08:05:01Z,CHEVROLET,SUBURBAN,SUBURBAN,0.1347201267121999,12.0,30650.0
chevrolet-suburban,2014.0,6.0 V8 Suburban 2500 LT,208000.0,210000.0,209000.0,"AED 208,000 - 210,000",AED,https://www.drivearabia.com/carprices/uae/chevrolet/chevrolet-suburban/2014/,2026-06-15T08:05:01Z,CHEVROLET,SUBURBAN,SUBURBAN,0.1347201267121999,12.0,36815.0
chevrolet-suburban,2015.0,5.3 V8 Suburban LS 2WD,166000.0,169000.0,167500.0,"AED 166,000 - 169,000",AED,https://www.drivearabia.com/carprices/uae/chevrolet/chevrolet-suburban/2015/,2026-06-15T08:05:03Z,CHEVROLET,SUBURBAN,SUBURBAN,0.1347201267121999,11.0,34099.0
chevrolet-suburban,2015.0,5.3 V8 Suburban LS 4WD,178000.0,181000.0,179500.0,"AED 178,000 - 181,000",AED,https://www.drivearabia.com/carprices/uae/chevrolet/chevrolet-suburban/2015/,2026-06-15T08:05:03Z,CHEVROLET,SUBURBAN,SUBURBAN,0.1347201267121999,11.0,36542.0
chevrolet-suburban,2015.0,5.3 V8 Suburban LT 2WD,183000.0,186000.0,184500.0,"AED 183,000 - 186,000",AED,https://www.drivearabia.com/carprices/uae/chevrolet/chevrolet-suburban/2015/,2026-06-15T08:05:03Z,CHEVROLET,SUBURBAN,SUBURBAN,0.1347201267121999,11.0,37559.0
chevrolet-suburban,2015.0,5.3 V8 Suburban LT 4WD,194000.0,197000.0,195500.0,"AED 194,000 - 197,000",AED,https://www.drivearabia.com/carprices/uae/chevrolet/chevrolet-suburban/2015/,2026-06-15T08:05:03Z,CHEVROLET,SUBURBAN,SUBURBAN,0.1347201267121999,11.0,39799.0
chevrolet-suburban,2015.0,5.3 V8 Suburban LTZ 2WD,233000.0,236000.0,234500.0,"AED 233,000 - 236,000",AED,https://www.drivearabia.com/carprices/uae/chevrolet/chevrolet-suburban/2015/,2026-06-15T08:05:03Z,CHEVROLET,SUBURBAN,SUBURBAN,0.1347201267121999,11.0,47738.0
chevrolet-suburban,2015.0,5.3 V8 Suburban LTZ 4WD,242000.0,245000.0,243500.0,"AED 242,000 - 245,000",AED,https://www.drivearabia.com/carprices/uae/chevrolet/chevrolet-suburban/2015/,2026-06-15T08:05:03Z,CHEVROLET,SUBURBAN,SUBURBAN,0.1347201267121999,11.0,49570.0
chevrolet-suburban,2016.0,5.3 V8 Suburban LS 2WD,166000.0,169000.0,167500.0,"AED 166,000 - 169,000",AED,https://www.drivearabia.com/carprices/uae/chevrolet/chevrolet-suburban/2016/,2026-06-15T08:05:05Z,CHEVROLET,SUBURBAN,SUBURBAN,0.1347201267121999,10.0,39408.0
chevrolet-suburban,2016.0,5.3 V8 Suburban LS 4WD,178000.0,181000.0,179500.0,"AED 178,000 - 181,000",AED,https://www.drivearabia.com/carprices/uae/chevrolet/chevrolet-suburban/2016/,2026-06-15T08:05:05Z,CHEVROLET,SUBURBAN,SUBURBAN,0.1347201267121999,10.0,42231.0
chevrolet-suburban,2016.0,5.3 V8 Suburban LT 2WD,183000.0,186000.0,184500.0,"AED 183,000 - 186,000",AED,https://www.drivearabia.com/carprices/uae/chevrolet/chevrolet-suburban/2016/,2026-06-15T08:05:05Z,CHEVROLET,SUBURBAN,SUBURBAN,0.1347201267121999,10.0,43407.0
chevrolet-suburban,2016.0,5.3 V8 Suburban LT 4WD,194000.0,197000.0,195500.0,"AED 194,000 - 197,000",AED,https://www.drivearabia.com/carprices/uae/chevrolet/chevrolet-suburban/2016/,2026-06-15T08:05:05Z,CHEVROLET,SUBURBAN,SUBURBAN,0.1347201267121999,10.0,45995.0
chevrolet-suburban,2016.0,5.3 V8 Suburban LTZ 2WD,233000.0,236000.0,234500.0,"AED 233,000 - 236,000",AED,https://www.drivearabia.com/carprices/uae/chevrolet/chevrolet-suburban/2016/,2026-06-15T08:05:05Z,CHEVROLET,SUBURBAN,SUBURBAN,0.1347201267121999,10.0,55171.0
chevrolet-suburban,2016.0,5.3 V8 Suburban LTZ 4WD,242000.0,245000.0,243500.0,"AED 242,000 - 245,000",AED,https://www.drivearabia.com/carprices/uae/chevrolet/chevrolet-suburban/2016/,2026-06-15T08:05:05Z,CHEVROLET,SUBURBAN,SUBURBAN,0.1347201267121999,10.0,57288.0
chevrolet-suburban,2017.0,5.3 V8 Suburban LS 2WD,166000.0,169000.0,167500.0,"AED 166,000 - 169,000",AED,https://www.drivearabia.com/carprices/uae/chevrolet/chevrolet-suburban/2017/,2026-06-15T08:05:07Z,CHEVROLET,SUBURBAN,SUBURBAN,0.1347201267121999,9.0,45543.0
chevrolet-suburban,2017.0,5.3 V8 Suburban LS 4WD,178000.0,181000.0,179500.0,"AED 178,000 - 181,000",AED,https://www.drivearabia.com/carprices/uae/chevrolet/chevrolet-suburban/2017/,2026-06-15T08:05:07Z,CHEVROLET,SUBURBAN,SUBURBAN,0.1347201267121999,9.0,48806.0
chevrolet-suburban,2017.0,5.3 V8 Suburban LT 2WD,183000.0,186000.0,184500.0,"AED 183,000 - 186,000",AED,https://www.drivearabia.com/carprices/uae/chevrolet/chevrolet-suburban/2017/,2026-06-15T08:05:07Z,CHEVROLET,SUBURBAN,SUBURBAN,0.1347201267121999,9.0,50166.0
chevrolet-suburban,2017.0,5.3 V8 Suburban LT 4WD,194000.0,197000.0,195500.0,"AED 194,000 - 197,000",AED,https://www.drivearabia.com/carprices/uae/chevrolet/chevrolet-suburban/2017/,2026-06-15T08:05:07Z,CHEVROLET,SUBURBAN,SUBURBAN,0.1347201267121999,9.0,53156.0
chevrolet-suburban,2017.0,5.3 V8 Suburban LTZ 2WD,233000.0,236000.0,234500.0,"AED 233,000 - 236,000",AED,https://www.drivearabia.com/carprices/uae/chevrolet/chevrolet-suburban/2017/,2026-06-15T08:05:07Z,CHEVROLET,SUBURBAN,SUBURBAN,0.1347201267121999,9.0,63761.0
chevrolet-suburban,2017.0,5.3 V8 Suburban LTZ 4WD,242000.0,245000.0,243500.0,"AED 242,000 - 245,000",AED,https://www.drivearabia.com/carprices/uae/chevrolet/chevrolet-suburban/2017/,2026-06-15T08:05:07Z,CHEVROLET,SUBURBAN,SUBURBAN,0.1347201267121999,9.0,66208.0
chevrolet-suburban,2018.0,5.3 V8 Suburban LS 2WD,166000.0,169000.0,167500.0,"AED 166,000 - 169,000",AED,https://www.drivearabia.com/carprices/uae/chevrolet/chevrolet-suburban/2018/,2026-06-15T08:05:09Z,CHEVROLET,SUBURBAN,SUBURBAN,0.1347201267121999,8.0,52634.0
chevrolet-suburban,2018.0,5.3 V8 Suburban LS 4WD,178000.0,181000.0,179500.0,"AED 178,000 - 181,000",AED,https://www.drivearabia.com/carprices/uae/chevrolet/chevrolet-suburban/2018/,2026-06-15T08:05:09Z,CHEVROLET,SUBURBAN,SUBURBAN,0.1347201267121999,8.0,56405.0
chevrolet-suburban,2018.0,5.3 V8 Suburban LT 2WD,183000.0,186000.0,184500.0,"AED 183,000 - 186,000",AED,https://www.drivearabia.com/carprices/uae/chevrolet/chevrolet-suburban/2018/,2026-06-15T08:05:09Z,CHEVROLET,SUBURBAN,SUBURBAN,0.1347201267121999,8.0,57976.0
chevrolet-suburban,2018.0,5.3 V8 Suburban LT 4WD,194000.0,197000.0,195500.0,"AED 194,000 - 197,000",AED,https://www.drivearabia.com/carprices/uae/chevrolet/chevrolet-suburban/2018/,2026-06-15T08:05:09Z,CHEVROLET,SUBURBAN,SUBURBAN,0.1347201267121999,8.0,61433.0
chevrolet-suburban,2018.0,5.3 V8 Suburban LTZ 2WD,233000.0,236000.0,234500.0,"AED 233,000 - 236,000",AED,https://www.drivearabia.com/carprices/uae/chevrolet/chevrolet-suburban/2018/,2026-06-15T08:05:09Z,CHEVROLET,SUBURBAN,SUBURBAN,0.1347201267121999,8.0,73688.0
chevrolet-suburban,2018.0,5.3 V8 Suburban LTZ 4WD,242000.0,245000.0,243500.0,"AED 242,000 - 245,000",AED,https://www.drivearabia.com/carprices/uae/chevrolet/chevrolet-suburban/2018/,2026-06-15T08:05:09Z,CHEVROLET,SUBURBAN,SUBURBAN,0.1347201267121999,8.0,76516.0
chevrolet-suburban,2019.0,5.3 V8 Suburban LS 2WD,166000.0,169000.0,167500.0,"AED 166,000 - 169,000",AED,https://www.drivearabia.com/carprices/uae/chevrolet/chevrolet-suburban/2019/,2026-06-15T08:05:10Z,CHEVROLET,SUBURBAN,SUBURBAN,0.1347201267121999,7.0,60829.0
chevrolet-suburban,2019.0,5.3 V8 Suburban LS 4WD,178000.0,181000.0,179500.0,"AED 178,000 - 181,000",AED,https://www.drivearabia.com/carprices/uae/chevrolet/chevrolet-suburban/2019/,2026-06-15T08:05:10Z,CHEVROLET,SUBURBAN,SUBURBAN,0.1347201267121999,7.0,65187.0
chevrolet-suburban,2019.0,5.3 V8 Suburban LT 2WD,183000.0,186000.0,184500.0,"AED 183,000 - 186,000",AED,https://www.drivearabia.com/carprices/uae/chevrolet/chevrolet-suburban/2019/,2026-06-15T08:05:10Z,CHEVROLET,SUBURBAN,SUBURBAN,0.1347201267121999,7.0,67003.0
chevrolet-suburban,2019.0,5.3 V8 Suburban LT 4WD,194000.0,197000.0,195500.0,"AED 194,000 - 197,000",AED,https://www.drivearabia.com/carprices/uae/chevrolet/chevrolet-suburban/2019/,2026-06-15T08:05:10Z,CHEVROLET,SUBURBAN,SUBURBAN,0.1347201267121999,7.0,70997.0
chevrolet-suburban,2019.0,5.3 V8 Suburban LTZ 2WD,233000.0,236000.0,234500.0,"AED 233,000 - 236,000",AED,https://www.drivearabia.com/carprices/uae/chevrolet/chevrolet-suburban/2019/,2026-06-15T08:05:10Z,CHEVROLET,SUBURBAN,SUBURBAN,0.1347201267121999,7.0,85161.0
chevrolet-suburban,2019.0,5.3 V8 Suburban LTZ 4WD,242000.0,245000.0,243500.0,"AED 242,000 - 245,000",AED,https://www.drivearabia.com/carprices/uae/chevrolet/chevrolet-suburban/2019/,2026-06-15T08:05:10Z,CHEVROLET,SUBURBAN,SUBURBAN,0.1347201267121999,7.0,88429.0
chevrolet-suburban,2020.0,5.3 V8 Suburban LS 4WD,190100.0,192000.0,191050.0,"AED 190,100 - 192,000",AED,https://www.drivearabia.com/carprices/uae/chevrolet/chevrolet-suburban/2020/,2026-06-15T08:05:12Z,CHEVROLET,SUBURBAN,SUBURBAN,0.1347201267121999,6.0,80184.0
chevrolet-suburban,2020.0,5.3 V8 Suburban LT 4WD,207300.0,208000.0,207650.0,"AED 207,300 - 208,000",AED,https://www.drivearabia.com/carprices/uae/chevrolet/chevrolet-suburban/2020/,2026-06-15T08:05:12Z,CHEVROLET,SUBURBAN,SUBURBAN,0.1347201267121999,6.0,87151.0
chevrolet-suburban,2020.0,5.3 V8 Suburban Premier 4WD,265500.0,266000.0,265750.0,"AED 265,500 - 266,000",AED,https://www.drivearabia.com/carprices/uae/chevrolet/chevrolet-suburban/2020/,2026-06-15T08:05:12Z,CHEVROLET,SUBURBAN,SUBURBAN,0.1347201267121999,6.0,111535.0
chevrolet-suburban,2021.0,5.3 V8 Suburban LS,190000.0,195000.0,192500.0,"AED 190,000 - 195,000",AED,https://www.drivearabia.com/carprices/uae/chevrolet/chevrolet-suburban/2021/,2026-06-15T08:05:14Z,CHEVROLET,SUBURBAN,SUBURBAN,0.1347201267121999,5.0,93371.0
chevrolet-suburban,2021.0,5.3 V8 Suburban LT,207300.0,210000.0,208650.0,"AED 207,300 - 210,000",AED,https://www.drivearabia.com/carprices/uae/chevrolet/chevrolet-suburban/2021/,2026-06-15T08:05:14Z,CHEVROLET,SUBURBAN,SUBURBAN,0.1347201267121999,5.0,101205.0
chevrolet-suburban,2021.0,5.3 V8 Suburban Premier,265000.0,270000.0,267500.0,"AED 265,000 - 270,000",AED,https://www.drivearabia.com/carprices/uae/chevrolet/chevrolet-suburban/2021/,2026-06-15T08:05:14Z,CHEVROLET,SUBURBAN,SUBURBAN,0.1347201267121999,5.0,129750.0
chevrolet-suburban,2022.0,5.3 V8 Suburban LS,197100.0,198000.0,197550.0,"AED 197,100 - 198,000",AED,https://www.drivearabia.com/carprices/uae/chevrolet/chevrolet-suburban/2022/,2026-06-15T08:05:16Z,CHEVROLET,SUBURBAN,SUBURBAN,0.1347201267121999,4.0,110740.0
chevrolet-suburban,2022.0,5.3 V8 Suburban LT,212100.0,213000.0,212550.0,"AED 212,100 - 213,000",AED,https://www.drivearabia.com/carprices/uae/chevrolet/chevrolet-suburban/2022/,2026-06-15T08:05:16Z,CHEVROLET,SUBURBAN,SUBURBAN,0.1347201267121999,4.0,119148.0
chevrolet-suburban,2022.0,5.3 V8 Suburban Premier,276100.0,277000.0,276550.0,"AED 276,100 - 277,000",AED,https://www.drivearabia.com/carprices/uae/chevrolet/chevrolet-suburban/2022/,2026-06-15T08:05:16Z,CHEVROLET,SUBURBAN,SUBURBAN,0.1347201267121999,4.0,155024.0
chevrolet-suburban,2022.0,6.2 V8 Suburban Premier,285000.0,290000.0,287500.0,"AED 285,000 - 290,000",AED,https://www.drivearabia.com/carprices/uae/chevrolet/chevrolet-suburban/2022/,2026-06-15T08:05:16Z,CHEVROLET,SUBURBAN,SUBURBAN,0.1347201267121999,4.0,161163.0
chevrolet-suburban,2023.0,5.3 V8 Suburban LS,197100.0,198000.0,197550.0,"AED 197,100 - 198,000",AED,https://www.drivearabia.com/carprices/uae/chevrolet/chevrolet-suburban/2023/,2026-06-15T08:05:18Z,CHEVROLET,SUBURBAN,SUBURBAN,0.1347201267121999,3.0,127981.0
chevrolet-suburban,2023.0,5.3 V8 Suburban LT,212100.0,213000.0,212550.0,"AED 212,100 - 213,000",AED,https://www.drivearabia.com/carprices/uae/chevrolet/chevrolet-suburban/2023/,2026-06-15T08:05:18Z,CHEVROLET,SUBURBAN,SUBURBAN,0.1347201267121999,3.0,137699.0
chevrolet-suburban,2023.0,5.3 V8 Suburban Premier,276100.0,277000.0,276550.0,"AED 276,100 - 277,000",AED,https://www.drivearabia.com/carprices/uae/chevrolet/chevrolet-suburban/2023/,2026-06-15T08:05:18Z,CHEVROLET,SUBURBAN,SUBURBAN,0.1347201267121999,3.0,179161.0
chevrolet-suburban,2023.0,6.2 V8 Suburban Premier,285000.0,290000.0,287500.0,"AED 285,000 - 290,000",AED,https://www.drivearabia.com/carprices/uae/chevrolet/chevrolet-suburban/2023/,2026-06-15T08:05:18Z,CHEVROLET,SUBURBAN,SUBURBAN,0.1347201267121999,3.0,186255.0
chevrolet-suburban,2024.0,5.3 V8 Suburban LS,254000.0,260000.0,257000.0,"AED 254,000 - 260,000",AED,https://www.drivearabia.com/carprices/uae/chevrolet/chevrolet-suburban/2024/,2026-06-15T08:05:20Z,CHEVROLET,SUBURBAN,SUBURBAN,0.1347201267121999,2.0,192418.0
chevrolet-suburban,2024.0,5.3 V8 Suburban LT,285000.0,290000.0,287500.0,"AED 285,000 - 290,000",AED,https://www.drivearabia.com/carprices/uae/chevrolet/chevrolet-suburban/2024/,2026-06-15T08:05:20Z,CHEVROLET,SUBURBAN,SUBURBAN,0.1347201267121999,2.0,215254.0
chevrolet-suburban,2024.0,5.3 V8 Suburban Premier,324000.0,325000.0,324500.0,"AED 324,000 - 325,000",AED,https://www.drivearabia.com/carprices/uae/chevrolet/chevrolet-suburban/2024/,2026-06-15T08:05:20Z,CHEVROLET,SUBURBAN,SUBURBAN,0.1347201267121999,2.0,242956.0
chevrolet-suburban,2024.0,6.2 V8 Suburban Premier,310000.0,330000.0,320000.0,"AED 330,000 - 310,000",AED,https://www.drivearabia.com/carprices/uae/chevrolet/chevrolet-suburban/2024/,2026-06-15T08:05:20Z,CHEVROLET,SUBURBAN,SUBURBAN,0.1347201267121999,2.0,239587.0
chevrolet-suburban,2025.0,5.3 V8 Suburban LS,254000.0,260000.0,257000.0,"AED 254,000 - 260,000",AED,https://www.drivearabia.com/carprices/uae/chevrolet/chevrolet-suburban/2025/,2026-06-15T08:05:22Z,CHEVROLET,SUBURBAN,SUBURBAN,0.1347201267121999,1.0,222377.0
chevrolet-suburban,2025.0,5.3 V8 Suburban LT,285000.0,290000.0,287500.0,"AED 285,000 - 290,000",AED,https://www.drivearabia.com/carprices/uae/chevrolet/chevrolet-suburban/2025/,2026-06-15T08:05:22Z,CHEVROLET,SUBURBAN,SUBURBAN,0.1347201267121999,1.0,248768.0
chevrolet-suburban,2025.0,5.3 V8 Suburban Premier,324000.0,325000.0,324500.0,"AED 324,000 - 325,000",AED,https://www.drivearabia.com/carprices/uae/chevrolet/chevrolet-suburban/2025/,2026-06-15T08:05:22Z,CHEVROLET,SUBURBAN,SUBURBAN,0.1347201267121999,1.0,280783.0
chevrolet-suburban,2025.0,6.2 V8 Suburban Premier,310000.0,330000.0,320000.0,"AED 330,000 - 310,000",AED,https://www.drivearabia.com/carprices/uae/chevrolet/chevrolet-suburban/2025/,2026-06-15T08:05:22Z,CHEVROLET,SUBURBAN,SUBURBAN,0.1347201267121999,1.0,276890.0
chevrolet-suburban,2026.0,5.3 V8 Suburban LS,254000.0,260000.0,257000.0,"AED 254,000 - 260,000",AED,https://www.drivearabia.com/carprices/uae/chevrolet/chevrolet-suburban/2026/,2026-06-15T08:05:24Z,CHEVROLET,SUBURBAN,SUBURBAN,0.1347201267121999,0.0,257000.0
chevrolet-suburban,2026.0,5.3 V8 Suburban LT,285000.0,290000.0,287500.0,"AED 285,000 - 290,000",AED,https://www.drivearabia.com/carprices/uae/chevrolet/chevrolet-suburban/2026/,2026-06-15T08:05:24Z,CHEVROLET,SUBURBAN,SUBURBAN,0.1347201267121999,0.0,287500.0
chevrolet-suburban,2026.0,5.3 V8 Suburban Premier,324000.0,325000.0,324500.0,"AED 324,000 - 325,000",AED,https://www.drivearabia.com/carprices/uae/chevrolet/chevrolet-suburban/2026/,2026-06-15T08:05:24Z,CHEVROLET,SUBURBAN,SUBURBAN,0.1347201267121999,0.0,324500.0
chevrolet-suburban,2026.0,6.2 V8 Suburban Premier,310000.0,330000.0,320000.0,"AED 330,000 - 310,000",AED,https://www.drivearabia.com/carprices/uae/chevrolet/chevrolet-suburban/2026/,2026-06-15T08:05:24Z,CHEVROLET,SUBURBAN,SUBURBAN,0.1347201267121999,0.0,320000.0
chevrolet-t-series,2002.0,2.4 I4 T-Series 2.4,40000.0,54000.0,47000.0,"AED 40,000 - 54,000",AED,https://www.drivearabia.com/carprices/uae/chevrolet/chevrolet-t-series/2002/,2026-06-15T08:05:33Z,CHEVROLET,T-SERIES,T-SERIES,0.1393470610132384,24.0,1282.0
chevrolet-t-series,2002.0,2.5TD I4 T-Series 2.5TD,44000.0,52000.0,48000.0,"AED 44,000 - 52,000",AED,https://www.drivearabia.com/carprices/uae/chevrolet/chevrolet-t-series/2002/,2026-06-15T08:05:33Z,CHEVROLET,T-SERIES,T-SERIES,0.1393470610132384,24.0,1310.0
chevrolet-t-series,2002.0,3.0TD I4 T-Series 3.0TD,50000.0,60000.0,55000.0,"AED 50,000 - 60,000",AED,https://www.drivearabia.com/carprices/uae/chevrolet/chevrolet-t-series/2002/,2026-06-15T08:05:33Z,CHEVROLET,T-SERIES,T-SERIES,0.1393470610132384,24.0,1501.0
chevrolet-t-series,2003.0,2.4 I4 T-Series 2.4,40000.0,54000.0,47000.0,"AED 40,000 - 54,000",AED,https://www.drivearabia.com/carprices/uae/chevrolet/chevrolet-t-series/2003/,2026-06-15T08:05:35Z,CHEVROLET,T-SERIES,T-SERIES,0.1393470610132384,23.0,1490.0
chevrolet-t-series,2003.0,2.5TD I4 T-Series 2.5TD,44000.0,52000.0,48000.0,"AED 44,000 - 52,000",AED,https://www.drivearabia.com/carprices/uae/chevrolet/chevrolet-t-series/2003/,2026-06-15T08:05:35Z,CHEVROLET,T-SERIES,T-SERIES,0.1393470610132384,23.0,1522.0
chevrolet-t-series,2003.0,3.0TD I4 T-Series 3.0TD,50000.0,60000.0,55000.0,"AED 50,000 - 60,000",AED,https://www.drivearabia.com/carprices/uae/chevrolet/chevrolet-t-series/2003/,2026-06-15T08:05:35Z,CHEVROLET,T-SERIES,T-SERIES,0.1393470610132384,23.0,1743.0
chevrolet-t-series,2004.0,2.4 I4 T-Series 2.4,40000.0,54000.0,47000.0,"AED 40,000 - 54,000",AED,https://www.drivearabia.com/carprices/uae/chevrolet/chevrolet-t-series/2004/,2026-06-15T08:05:37Z,CHEVROLET,T-SERIES,T-SERIES,0.1393470610132384,22.0,1731.0
chevrolet-t-series,2004.0,2.5TD I4 T-Series 2.5TD,44000.0,52000.0,48000.0,"AED 44,000 - 52,000",AED,https://www.drivearabia.com/carprices/uae/chevrolet/chevrolet-t-series/2004/,2026-06-15T08:05:37Z,CHEVROLET,T-SERIES,T-SERIES,0.1393470610132384,22.0,1768.0
chevrolet-t-series,2004.0,3.0TD I4 T-Series 3.0TD,50000.0,60000.0,55000.0,"AED 50,000 - 60,000",AED,https://www.drivearabia.com/carprices/uae/chevrolet/chevrolet-t-series/2004/,2026-06-15T08:05:37Z,CHEVROLET,T-SERIES,T-SERIES,0.1393470610132384,22.0,2026.0
chevrolet-t-series,2005.0,2.4 I4 T-Series 2.4,40000.0,54000.0,47000.0,"AED 40,000 - 54,000",AED,https://www.drivearabia.com/carprices/uae/chevrolet/chevrolet-t-series/2005/,2026-06-15T08:05:39Z,CHEVROLET,T-SERIES,T-SERIES,0.1393470610132384,21.0,2011.0
chevrolet-t-series,2005.0,2.5TD I4 T-Series 2.5TD,44000.0,52000.0,48000.0,"AED 44,000 - 52,000",AED,https://www.drivearabia.com/carprices/uae/chevrolet/chevrolet-t-series/2005/,2026-06-15T08:05:39Z,CHEVROLET,T-SERIES,T-SERIES,0.1393470610132384,21.0,2054.0
chevrolet-t-series,2005.0,3.0TD I4 T-Series 3.0TD,50000.0,60000.0,55000.0,"AED 50,000 - 60,000",AED,https://www.drivearabia.com/carprices/uae/chevrolet/chevrolet-t-series/2005/,2026-06-15T08:05:39Z,CHEVROLET,T-SERIES,T-SERIES,0.1393470610132384,21.0,2354.0
chevrolet-t-series,2006.0,2.4 I4 T-Series 2.4,40000.0,54000.0,47000.0,"AED 40,000 - 54,000",AED,https://www.drivearabia.com/carprices/uae/chevrolet/chevrolet-t-series/2006/,2026-06-15T08:05:41Z,CHEVROLET,T-SERIES,T-SERIES,0.1393470610132384,20.0,2337.0
chevrolet-t-series,2006.0,2.5TD I4 T-Series 2.5TD,44000.0,52000.0,48000.0,"AED 44,000 - 52,000",AED,https://www.drivearabia.com/carprices/uae/chevrolet/chevrolet-t-series/2006/,2026-06-15T08:05:41Z,CHEVROLET,T-SERIES,T-SERIES,0.1393470610132384,20.0,2387.0
chevrolet-t-series,2006.0,3.0TD I4 T-Series 3.0TD,50000.0,60000.0,55000.0,"AED 50,000 - 60,000",AED,https://www.drivearabia.com/carprices/uae/chevrolet/chevrolet-t-series/2006/,2026-06-15T08:05:41Z,CHEVROLET,T-SERIES,T-SERIES,0.1393470610132384,20.0,2735.0
chevrolet-tahoe,2007.0,5.3 V8 Tahoe LS,152000.0,155500.0,153750.0,"AED 152,000 - 155,500",AED,https://www.drivearabia.com/carprices/uae/chevrolet/chevrolet-tahoe/2007/,2026-06-15T08:06:20Z,CHEVROLET,TAHOE,TAHOE,0.1192341695378295,19.0,13777.0
chevrolet-tahoe,2007.0,5.3 V8 Tahoe LT,162500.0,166000.0,164250.0,"AED 162,500 - 166,000",AED,https://www.drivearabia.com/carprices/uae/chevrolet/chevrolet-tahoe/2007/,2026-06-15T08:06:20Z,CHEVROLET,TAHOE,TAHOE,0.1192341695378295,19.0,14718.0
chevrolet-tahoe,2007.0,5.3 V8 Tahoe Z71,176500.0,178000.0,177250.0,"AED 176,500 - 178,000",AED,https://www.drivearabia.com/carprices/uae/chevrolet/chevrolet-tahoe/2007/,2026-06-15T08:06:20Z,CHEVROLET,TAHOE,TAHOE,0.1192341695378295,19.0,15883.0
chevrolet-tahoe,2007.0,5.3 V8 Tahoe LTZ,204500.0,206000.0,205250.0,"AED 204,500 - 206,000",AED,https://www.drivearabia.com/carprices/uae/chevrolet/chevrolet-tahoe/2007/,2026-06-15T08:06:20Z,CHEVROLET,TAHOE,TAHOE,0.1192341695378295,19.0,18392.0
chevrolet-tahoe,2008.0,5.3 V8 Tahoe LS,152000.0,155500.0,153750.0,"AED 152,000 - 155,500",AED,https://www.drivearabia.com/carprices/uae/chevrolet/chevrolet-tahoe/2008/,2026-06-15T08:06:22Z,CHEVROLET,TAHOE,TAHOE,0.1192341695378295,18.0,15642.0
chevrolet-tahoe,2008.0,5.3 V8 Tahoe LT,162500.0,166000.0,164250.0,"AED 162,500 - 166,000",AED,https://www.drivearabia.com/carprices/uae/chevrolet/chevrolet-tahoe/2008/,2026-06-15T08:06:22Z,CHEVROLET,TAHOE,TAHOE,0.1192341695378295,18.0,16711.0
chevrolet-tahoe,2008.0,5.3 V8 Tahoe Z71,176500.0,178000.0,177250.0,"AED 176,500 - 178,000",AED,https://www.drivearabia.com/carprices/uae/chevrolet/chevrolet-tahoe/2008/,2026-06-15T08:06:22Z,CHEVROLET,TAHOE,TAHOE,0.1192341695378295,18.0,18033.0
chevrolet-tahoe,2008.0,5.3 V8 Tahoe LTZ,204500.0,206000.0,205250.0,"AED 204,500 - 206,000",AED,https://www.drivearabia.com/carprices/uae/chevrolet/chevrolet-tahoe/2008/,2026-06-15T08:06:22Z,CHEVROLET,TAHOE,TAHOE,0.1192341695378295,18.0,20882.0
chevrolet-tahoe,2009.0,5.3 V8 Tahoe LS,152000.0,155500.0,153750.0,"AED 152,000 - 155,500",AED,https://www.drivearabia.com/carprices/uae/chevrolet/chevrolet-tahoe/2009/,2026-06-15T08:06:24Z,CHEVROLET,TAHOE,TAHOE,0.1192341695378295,17.0,17760.0
chevrolet-tahoe,2009.0,5.3 V8 Tahoe LT,162500.0,166000.0,164250.0,"AED 162,500 - 166,000",AED,https://www.drivearabia.com/carprices/uae/chevrolet/chevrolet-tahoe/2009/,2026-06-15T08:06:24Z,CHEVROLET,TAHOE,TAHOE,0.1192341695378295,17.0,18973.0
chevrolet-tahoe,2009.0,5.3 V8 Tahoe Z71,176500.0,178000.0,177250.0,"AED 176,500 - 178,000",AED,https://www.drivearabia.com/carprices/uae/chevrolet/chevrolet-tahoe/2009/,2026-06-15T08:06:24Z,CHEVROLET,TAHOE,TAHOE,0.1192341695378295,17.0,20475.0
chevrolet-tahoe,2009.0,5.3 V8 Tahoe LTZ,204500.0,206000.0,205250.0,"AED 204,500 - 206,000",AED,https://www.drivearabia.com/carprices/uae/chevrolet/chevrolet-tahoe/2009/,2026-06-15T08:06:24Z,CHEVROLET,TAHOE,TAHOE,0.1192341695378295,17.0,23709.0
chevrolet-tahoe,2010.0,5.3 V8 Tahoe LS,152000.0,155500.0,153750.0,"AED 152,000 - 155,500",AED,https://www.drivearabia.com/carprices/uae/chevrolet/chevrolet-tahoe/2010/,2026-06-15T08:06:26Z,CHEVROLET,TAHOE,TAHOE,0.1192341695378295,16.0,20164.0
chevrolet-tahoe,2010.0,5.3 V8 Tahoe LT,162500.0,166000.0,164250.0,"AED 162,500 - 166,000",AED,https://www.drivearabia.com/carprices/uae/chevrolet/chevrolet-tahoe/2010/,2026-06-15T08:06:26Z,CHEVROLET,TAHOE,TAHOE,0.1192341695378295,16.0,21541.0
chevrolet-tahoe,2010.0,5.3 V8 Tahoe Z71,176500.0,178000.0,177250.0,"AED 176,500 - 178,000",AED,https://www.drivearabia.com/carprices/uae/chevrolet/chevrolet-tahoe/2010/,2026-06-15T08:06:26Z,CHEVROLET,TAHOE,TAHOE,0.1192341695378295,16.0,23246.0
chevrolet-tahoe,2010.0,5.3 V8 Tahoe LTZ,204500.0,206000.0,205250.0,"AED 204,500 - 206,000",AED,https://www.drivearabia.com/carprices/uae/chevrolet/chevrolet-tahoe/2010/,2026-06-15T08:06:26Z,CHEVROLET,TAHOE,TAHOE,0.1192341695378295,16.0,26918.0
chevrolet-tahoe,2011.0,5.3 V8 Tahoe LS,152000.0,155500.0,153750.0,"AED 152,000 - 155,500",AED,https://www.drivearabia.com/carprices/uae/chevrolet/chevrolet-tahoe/2011/,2026-06-15T08:06:28Z,CHEVROLET,TAHOE,TAHOE,0.1192341695378295,15.0,22894.0
chevrolet-tahoe,2011.0,5.3 V8 Tahoe LT,162500.0,166000.0,164250.0,"AED 162,500 - 166,000",AED,https://www.drivearabia.com/carprices/uae/chevrolet/chevrolet-tahoe/2011/,2026-06-15T08:06:28Z,CHEVROLET,TAHOE,TAHOE,0.1192341695378295,15.0,24458.0
chevrolet-tahoe,2011.0,5.3 V8 Tahoe Z71,176500.0,178000.0,177250.0,"AED 176,500 - 178,000",AED,https://www.drivearabia.com/carprices/uae/chevrolet/chevrolet-tahoe/2011/,2026-06-15T08:06:28Z,CHEVROLET,TAHOE,TAHOE,0.1192341695378295,15.0,26393.0
chevrolet-tahoe,2011.0,5.3 V8 Tahoe LTZ,204500.0,206000.0,205250.0,"AED 204,500 - 206,000",AED,https://www.drivearabia.com/carprices/uae/chevrolet/chevrolet-tahoe/2011/,2026-06-15T08:06:28Z,CHEVROLET,TAHOE,TAHOE,0.1192341695378295,15.0,30563.0
chevrolet-tahoe,2012.0,5.3 V8 Tahoe LS,152000.0,155500.0,153750.0,"AED 152,000 - 155,500",AED,https://www.drivearabia.com/carprices/uae/chevrolet/chevrolet-tahoe/2012/,2026-06-15T08:06:29Z,CHEVROLET,TAHOE,TAHOE,0.1192341695378295,14.0,25993.0
chevrolet-tahoe,2012.0,5.3 V8 Tahoe LT,162500.0,166000.0,164250.0,"AED 162,500 - 166,000",AED,https://www.drivearabia.com/carprices/uae/chevrolet/chevrolet-tahoe/2012/,2026-06-15T08:06:29Z,CHEVROLET,TAHOE,TAHOE,0.1192341695378295,14.0,27768.0
chevrolet-tahoe,2012.0,5.3 V8 Tahoe Z71,176500.0,178000.0,177250.0,"AED 176,500 - 178,000",AED,https://www.drivearabia.com/carprices/uae/chevrolet/chevrolet-tahoe/2012/,2026-06-15T08:06:29Z,CHEVROLET,TAHOE,TAHOE,0.1192341695378295,14.0,29966.0
chevrolet-tahoe,2012.0,5.3 V8 Tahoe LTZ,204500.0,206000.0,205250.0,"AED 204,500 - 206,000",AED,https://www.drivearabia.com/carprices/uae/chevrolet/chevrolet-tahoe/2012/,2026-06-15T08:06:29Z,CHEVROLET,TAHOE,TAHOE,0.1192341695378295,14.0,34700.0
chevrolet-tahoe,2013.0,5.3 V8 Tahoe LS,152000.0,155500.0,153750.0,"AED 152,000 - 155,500",AED,https://www.drivearabia.com/carprices/uae/chevrolet/chevrolet-tahoe/2013/,2026-06-15T08:06:31Z,CHEVROLET,TAHOE,TAHOE,0.1192341695378295,13.0,29512.0
chevrolet-tahoe,2013.0,5.3 V8 Tahoe LT,162500.0,166000.0,164250.0,"AED 162,500 - 166,000",AED,https://www.drivearabia.com/carprices/uae/chevrolet/chevrolet-tahoe/2013/,2026-06-15T08:06:31Z,CHEVROLET,TAHOE,TAHOE,0.1192341695378295,13.0,31528.0
chevrolet-tahoe,2013.0,5.3 V8 Tahoe Z71,176500.0,178000.0,177250.0,"AED 176,500 - 178,000",AED,https://www.drivearabia.com/carprices/uae/chevrolet/chevrolet-tahoe/2013/,2026-06-15T08:06:31Z,CHEVROLET,TAHOE,TAHOE,0.1192341695378295,13.0,34023.0
chevrolet-tahoe,2013.0,5.3 V8 Tahoe LTZ,204500.0,206000.0,205250.0,"AED 204,500 - 206,000",AED,https://www.drivearabia.com/carprices/uae/chevrolet/chevrolet-tahoe/2013/,2026-06-15T08:06:31Z,CHEVROLET,TAHOE,TAHOE,0.1192341695378295,13.0,39398.0
chevrolet-tahoe,2014.0,5.3 V8 Tahoe LS,152000.0,155500.0,153750.0,"AED 152,000 - 155,500",AED,https://www.drivearabia.com/carprices/uae/chevrolet/chevrolet-tahoe/2014/,2026-06-15T08:06:33Z,CHEVROLET,TAHOE,TAHOE,0.1192341695378295,12.0,33507.0
chevrolet-tahoe,2014.0,5.3 V8 Tahoe LT,162500.0,166000.0,164250.0,"AED 162,500 - 166,000",AED,https://www.drivearabia.com/carprices/uae/chevrolet/chevrolet-tahoe/2014/,2026-06-15T08:06:33Z,CHEVROLET,TAHOE,TAHOE,0.1192341695378295,12.0,35796.0
chevrolet-tahoe,2014.0,5.3 V8 Tahoe Z71,176500.0,178000.0,177250.0,"AED 176,500 - 178,000",AED,https://www.drivearabia.com/carprices/uae/chevrolet/chevrolet-tahoe/2014/,2026-06-15T08:06:33Z,CHEVROLET,TAHOE,TAHOE,0.1192341695378295,12.0,38629.0
chevrolet-tahoe,2014.0,5.3 V8 Tahoe LTZ,204500.0,206000.0,205250.0,"AED 204,500 - 206,000",AED,https://www.drivearabia.com/carprices/uae/chevrolet/chevrolet-tahoe/2014/,2026-06-15T08:06:33Z,CHEVROLET,TAHOE,TAHOE,0.1192341695378295,12.0,44731.0
chevrolet-tahoe,2015.0,5.3 V8 Tahoe LS 2WD,157000.0,160000.0,158500.0,"AED 157,000 - 160,000",AED,https://www.drivearabia.com/carprices/uae/chevrolet/chevrolet-tahoe/2015/,2026-06-15T08:06:36Z,CHEVROLET,TAHOE,TAHOE,0.1192341695378295,11.0,39219.0
chevrolet-tahoe,2015.0,5.3 V8 Tahoe LS 4WD,168000.0,171000.0,169500.0,"AED 168,000 - 171,000",AED,https://www.drivearabia.com/carprices/uae/chevrolet/chevrolet-tahoe/2015/,2026-06-15T08:06:36Z,CHEVROLET,TAHOE,TAHOE,0.1192341695378295,11.0,41941.0
chevrolet-tahoe,2015.0,5.3 V8 Tahoe LT 2WD,173000.0,176000.0,174500.0,"AED 173,000 - 176,000",AED,https://www.drivearabia.com/carprices/uae/chevrolet/chevrolet-tahoe/2015/,2026-06-15T08:06:36Z,CHEVROLET,TAHOE,TAHOE,0.1192341695378295,11.0,43178.0
chevrolet-tahoe,2015.0,5.3 V8 Tahoe LT 4WD,184000.0,187000.0,185500.0,"AED 184,000 - 187,000",AED,https://www.drivearabia.com/carprices/uae/chevrolet/chevrolet-tahoe/2015/,2026-06-15T08:06:36Z,CHEVROLET,TAHOE,TAHOE,0.1192341695378295,11.0,45900.0
chevrolet-tahoe,2015.0,5.3 V8 Tahoe LTZ 2WD,223000.0,226000.0,224500.0,"AED 223,000 - 226,000",AED,https://www.drivearabia.com/carprices/uae/chevrolet/chevrolet-tahoe/2015/,2026-06-15T08:06:36Z,CHEVROLET,TAHOE,TAHOE,0.1192341695378295,11.0,55550.0
chevrolet-tahoe,2015.0,5.3 V8 Tahoe LTZ 4WD,232000.0,245000.0,238500.0,"AED 232,000 - 245,000",AED,https://www.drivearabia.com/carprices/uae/chevrolet/chevrolet-tahoe/2015/,2026-06-15T08:06:36Z,CHEVROLET,TAHOE,TAHOE,0.1192341695378295,11.0,59014.0
chevrolet-tahoe,2016.0,5.3 V8 Tahoe LS 2WD,157000.0,160000.0,158500.0,"AED 157,000 - 160,000",AED,https://www.drivearabia.com/carprices/uae/chevrolet/chevrolet-tahoe/2016/,2026-06-15T08:06:38Z,CHEVROLET,TAHOE,TAHOE,0.1192341695378295,10.0,44528.0
chevrolet-tahoe,2016.0,5.3 V8 Tahoe LS 4WD,168000.0,171000.0,169500.0,"AED 168,000 - 171,000",AED,https://www.drivearabia.com/carprices/uae/chevrolet/chevrolet-tahoe/2016/,2026-06-15T08:06:38Z,CHEVROLET,TAHOE,TAHOE,0.1192341695378295,10.0,47618.0
chevrolet-tahoe,2016.0,5.3 V8 Tahoe LT 2WD,173000.0,176000.0,174500.0,"AED 173,000 - 176,000",AED,https://www.drivearabia.com/carprices/uae/chevrolet/chevrolet-tahoe/2016/,2026-06-15T08:06:38Z,CHEVROLET,TAHOE,TAHOE,0.1192341695378295,10.0,49023.0
chevrolet-tahoe,2016.0,5.3 V8 Tahoe LT 4WD,184000.0,187000.0,185500.0,"AED 184,000 - 187,000",AED,https://www.drivearabia.com/carprices/uae/chevrolet/chevrolet-tahoe/2016/,2026-06-15T08:06:38Z,CHEVROLET,TAHOE,TAHOE,0.1192341695378295,10.0,52113.0
chevrolet-tahoe,2016.0,5.3 V8 Tahoe LTZ 2WD,223000.0,226000.0,224500.0,"AED 223,000 - 226,000",AED,https://www.drivearabia.com/carprices/uae/chevrolet/chevrolet-tahoe/2016/,2026-06-15T08:06:38Z,CHEVROLET,TAHOE,TAHOE,0.1192341695378295,10.0,63070.0
chevrolet-tahoe,2016.0,5.3 V8 Tahoe LTZ 4WD,232000.0,245000.0,238500.0,"AED 232,000 - 245,000",AED,https://www.drivearabia.com/carprices/uae/chevrolet/chevrolet-tahoe/2016/,2026-06-15T08:06:38Z,CHEVROLET,TAHOE,TAHOE,0.1192341695378295,10.0,67003.0
chevrolet-tahoe,2017.0,5.3 V8 Tahoe LS 2WD,157000.0,160000.0,158500.0,"AED 157,000 - 160,000",AED,https://www.drivearabia.com/carprices/uae/chevrolet/chevrolet-tahoe/2017/,2026-06-15T08:06:40Z,CHEVROLET,TAHOE,TAHOE,0.1192341695378295,9.0,50556.0
chevrolet-tahoe,2017.0,5.3 V8 Tahoe LS 4WD,168000.0,171000.0,169500.0,"AED 168,000 - 171,000",AED,https://www.drivearabia.com/carprices/uae/chevrolet/chevrolet-tahoe/2017/,2026-06-15T08:06:40Z,CHEVROLET,TAHOE,TAHOE,0.1192341695378295,9.0,54065.0
chevrolet-tahoe,2017.0,5.3 V8 Tahoe LT 2WD,173000.0,176000.0,174500.0,"AED 173,000 - 176,000",AED,https://www.drivearabia.com/carprices/uae/chevrolet/chevrolet-tahoe/2017/,2026-06-15T08:06:40Z,CHEVROLET,TAHOE,TAHOE,0.1192341695378295,9.0,55660.0
chevrolet-tahoe,2017.0,5.3 V8 Tahoe LT 4WD,184000.0,187000.0,185500.0,"AED 184,000 - 187,000",AED,https://www.drivearabia.com/carprices/uae/chevrolet/chevrolet-tahoe/2017/,2026-06-15T08:06:40Z,CHEVROLET,TAHOE,TAHOE,0.1192341695378295,9.0,59168.0
chevrolet-tahoe,2017.0,5.3 V8 Tahoe LTZ 2WD,223000.0,226000.0,224500.0,"AED 223,000 - 226,000",AED,https://www.drivearabia.com/carprices/uae/chevrolet/chevrolet-tahoe/2017/,2026-06-15T08:06:40Z,CHEVROLET,TAHOE,TAHOE,0.1192341695378295,9.0,71608.0
chevrolet-tahoe,2017.0,5.3 V8 Tahoe LTZ 4WD,232000.0,245000.0,238500.0,"AED 232,000 - 245,000",AED,https://www.drivearabia.com/carprices/uae/chevrolet/chevrolet-tahoe/2017/,2026-06-15T08:06:40Z,CHEVROLET,TAHOE,TAHOE,0.1192341695378295,9.0,76073.0
chevrolet-tahoe,2018.0,5.3 V8 Tahoe LS 2WD,161000.0,162000.0,161500.0,"AED 161,000 - 162,000",AED,https://www.drivearabia.com/carprices/uae/chevrolet/chevrolet-tahoe/2018/,2026-06-15T08:06:41Z,CHEVROLET,TAHOE,TAHOE,0.1192341695378295,8.0,58487.0
chevrolet-tahoe,2018.0,5.3 V8 Tahoe LS 4WD,168000.0,171000.0,169500.0,"AED 168,000 - 171,000",AED,https://www.drivearabia.com/carprices/uae/chevrolet/chevrolet-tahoe/2018/,2026-06-15T08:06:41Z,CHEVROLET,TAHOE,TAHOE,0.1192341695378295,8.0,61384.0
chevrolet-tahoe,2018.0,5.3 V8 Tahoe LT 2WD,173000.0,176000.0,174500.0,"AED 173,000 - 176,000",AED,https://www.drivearabia.com/carprices/uae/chevrolet/chevrolet-tahoe/2018/,2026-06-15T08:06:41Z,CHEVROLET,TAHOE,TAHOE,0.1192341695378295,8.0,63194.0
chevrolet-tahoe,2018.0,5.3 V8 Tahoe LT 4WD,184000.0,187000.0,185500.0,"AED 184,000 - 187,000",AED,https://www.drivearabia.com/carprices/uae/chevrolet/chevrolet-tahoe/2018/,2026-06-15T08:06:41Z,CHEVROLET,TAHOE,TAHOE,0.1192341695378295,8.0,67178.0
chevrolet-tahoe,2018.0,5.3 V8 Tahoe LTZ 2WD,223000.0,226000.0,224500.0,"AED 223,000 - 226,000",AED,https://www.drivearabia.com/carprices/uae/chevrolet/chevrolet-tahoe/2018/,2026-06-15T08:06:41Z,CHEVROLET,TAHOE,TAHOE,0.1192341695378295,8.0,81302.0
chevrolet-tahoe,2018.0,5.3 V8 Tahoe LTZ 4WD,232000.0,245000.0,238500.0,"AED 232,000 - 245,000",AED,https://www.drivearabia.com/carprices/uae/chevrolet/chevrolet-tahoe/2018/,2026-06-15T08:06:41Z,CHEVROLET,TAHOE,TAHOE,0.1192341695378295,8.0,86372.0
chevrolet-tahoe,2019.0,5.3 V8 Tahoe LS 2WD,176800.0,177000.0,176900.0,"AED 176,800 - 177,000",AED,https://www.drivearabia.com/carprices/uae/chevrolet/chevrolet-tahoe/2019/,2026-06-15T08:06:43Z,CHEVROLET,TAHOE,TAHOE,0.1192341695378295,7.0,72736.0
chevrolet-tahoe,2019.0,5.3 V8 Tahoe LS 4WD,195000.0,196000.0,195500.0,"AED 195,000 - 196,000",AED,https://www.drivearabia.com/carprices/uae/chevrolet/chevrolet-tahoe/2019/,2026-06-15T08:06:43Z,CHEVROLET,TAHOE,TAHOE,0.1192341695378295,7.0,80384.0
chevrolet-tahoe,2019.0,5.3 V8 Tahoe LT 2WD,211000.0,212000.0,211500.0,"AED 211,000 - 212,000",AED,https://www.drivearabia.com/carprices/uae/chevrolet/chevrolet-tahoe/2019/,2026-06-15T08:06:43Z,CHEVROLET,TAHOE,TAHOE,0.1192341695378295,7.0,86963.0
chevrolet-tahoe,2019.0,5.3 V8 Tahoe LT 4WD,222500.0,223000.0,222750.0,"AED 222,500 - 223,000",AED,https://www.drivearabia.com/carprices/uae/chevrolet/chevrolet-tahoe/2019/,2026-06-15T08:06:43Z,CHEVROLET,TAHOE,TAHOE,0.1192341695378295,7.0,91588.0
chevrolet-tahoe,2019.0,5.3 V8 Tahoe LTZ 2WD,260000.0,261000.0,260500.0,"AED 260,000 - 261,000",AED,https://www.drivearabia.com/carprices/uae/chevrolet/chevrolet-tahoe/2019/,2026-06-15T08:06:43Z,CHEVROLET,TAHOE,TAHOE,0.1192341695378295,7.0,107110.0
chevrolet-tahoe,2019.0,5.3 V8 Tahoe LTZ 4WD,265000.0,266000.0,265500.0,"AED 265,000 - 266,000",AED,https://www.drivearabia.com/carprices/uae/chevrolet/chevrolet-tahoe/2019/,2026-06-15T08:06:43Z,CHEVROLET,TAHOE,TAHOE,0.1192341695378295,7.0,109166.0
chevrolet-tahoe,2019.0,6.2 V8 Tahoe RST,290000.0,310000.0,300000.0,"AED 290,000 - 310,000",AED,https://www.drivearabia.com/carprices/uae/chevrolet/chevrolet-tahoe/2019/,2026-06-15T08:06:43Z,CHEVROLET,TAHOE,TAHOE,0.1192341695378295,7.0,123352.0
chevrolet-tahoe,2020.0,5.3 V8 Tahoe LS 4WD,179300.0,190000.0,184650.0,"AED 179,300 - 190,000",AED,https://www.drivearabia.com/carprices/uae/chevrolet/chevrolet-tahoe/2020/,2026-06-15T08:06:45Z,CHEVROLET,TAHOE,TAHOE,0.1192341695378295,6.0,86201.0
chevrolet-tahoe,2020.0,5.3 V8 Tahoe LT 4WD,195500.0,205000.0,200250.0,"AED 195,500 - 205,000",AED,https://www.drivearabia.com/carprices/uae/chevrolet/chevrolet-tahoe/2020/,2026-06-15T08:06:45Z,CHEVROLET,TAHOE,TAHOE,0.1192341695378295,6.0,93484.0
chevrolet-tahoe,2020.0,5.3 V8 Tahoe Premier 4WD,253600.0,266000.0,259800.0,"AED 253,600 - 266,000",AED,https://www.drivearabia.com/carprices/uae/chevrolet/chevrolet-tahoe/2020/,2026-06-15T08:06:45Z,CHEVROLET,TAHOE,TAHOE,0.1192341695378295,6.0,121284.0
chevrolet-tahoe,2020.0,6.2 V8 Tahoe RST,289400.0,290000.0,289700.0,"AED 289,400 - 290,000",AED,https://www.drivearabia.com/carprices/uae/chevrolet/chevrolet-tahoe/2020/,2026-06-15T08:06:45Z,CHEVROLET,TAHOE,TAHOE,0.1192341695378295,6.0,135242.0
chevrolet-tahoe,2021.0,5.3 V8 Tahoe LS,184900.0,185000.0,184950.0,"AED 184,900 - 185,000",AED,https://www.drivearabia.com/carprices/uae/chevrolet/chevrolet-tahoe/2021/,2026-06-15T08:06:47Z,CHEVROLET,TAHOE,TAHOE,0.1192341695378295,5.0,98029.0
chevrolet-tahoe,2021.0,5.3 V8 Tahoe LT,198900.0,199000.0,198950.0,"AED 198,900 - 199,000",AED,https://www.drivearabia.com/carprices/uae/chevrolet/chevrolet-tahoe/2021/,2026-06-15T08:06:47Z,CHEVROLET,TAHOE,TAHOE,0.1192341695378295,5.0,105450.0
chevrolet-tahoe,2021.0,5.3 V8 Tahoe Z71,236900.0,237000.0,236950.0,"AED 236,900 - 237,000",AED,https://www.drivearabia.com/carprices/uae/chevrolet/chevrolet-tahoe/2021/,2026-06-15T08:06:47Z,CHEVROLET,TAHOE,TAHOE,0.1192341695378295,5.0,125591.0
chevrolet-tahoe,2021.0,5.3 V8 Tahoe Premier,264200.0,265000.0,264600.0,"AED 264,200 - 265,000",AED,https://www.drivearabia.com/carprices/uae/chevrolet/chevrolet-tahoe/2021/,2026-06-15T08:06:47Z,CHEVROLET,TAHOE,TAHOE,0.1192341695378295,5.0,140247.0
chevrolet-tahoe,2022.0,5.3 V8 Tahoe LS,187000.0,188000.0,187500.0,"AED 187,000 - 188,000",AED,https://www.drivearabia.com/carprices/uae/chevrolet/chevrolet-tahoe/2022/,2026-06-15T08:06:49Z,CHEVROLET,TAHOE,TAHOE,0.1192341695378295,4.0,112835.0
chevrolet-tahoe,2022.0,5.3 V8 Tahoe LT,202100.0,203000.0,202550.0,"AED 202,100 - 203,000",AED,https://www.drivearabia.com/carprices/uae/chevrolet/chevrolet-tahoe/2022/,2026-06-15T08:06:49Z,CHEVROLET,TAHOE,TAHOE,0.1192341695378295,4.0,121892.0
chevrolet-tahoe,2022.0,5.3 V8 Tahoe Z71,239200.0,240000.0,239600.0,"AED 239,200 - 240,000",AED,https://www.drivearabia.com/carprices/uae/chevrolet/chevrolet-tahoe/2022/,2026-06-15T08:06:49Z,CHEVROLET,TAHOE,TAHOE,0.1192341695378295,4.0,144188.0
chevrolet-tahoe,2022.0,6.2 V8 Tahoe Z71,248000.0,250000.0,249000.0,"AED 248,000 - 250,000",AED,https://www.drivearabia.com/carprices/uae/chevrolet/chevrolet-tahoe/2022/,2026-06-15T08:06:49Z,CHEVROLET,TAHOE,TAHOE,0.1192341695378295,4.0,149845.0
chevrolet-tahoe,2022.0,6.2 V8 Tahoe RST,250800.0,251000.0,250900.0,"AED 250,800 - 251,000",AED,https://www.drivearabia.com/carprices/uae/chevrolet/chevrolet-tahoe/2022/,2026-06-15T08:06:49Z,CHEVROLET,TAHOE,TAHOE,0.1192341695378295,4.0,150988.0
chevrolet-tahoe,2022.0,6.2 V8 Tahoe Premier,266000.0,267000.0,266500.0,"AED 266,000 - 267,000",AED,https://www.drivearabia.com/carprices/uae/chevrolet/chevrolet-tahoe/2022/,2026-06-15T08:06:49Z,CHEVROLET,TAHOE,TAHOE,0.1192341695378295,4.0,160376.0
chevrolet-tahoe,2023.0,5.3 V8 Tahoe LS,187000.0,188000.0,187500.0,"AED 187,000 - 188,000",AED,https://www.drivearabia.com/carprices/uae/chevrolet/chevrolet-tahoe/2023/,2026-06-15T08:06:51Z,CHEVROLET,TAHOE,TAHOE,0.1192341695378295,3.0,128110.0
chevrolet-tahoe,2023.0,5.3 V8 Tahoe LT,204700.0,205000.0,204850.0,"AED 204,700 - 205,000",AED,https://www.drivearabia.com/carprices/uae/chevrolet/chevrolet-tahoe/2023/,2026-06-15T08:06:51Z,CHEVROLET,TAHOE,TAHOE,0.1192341695378295,3.0,139964.0
chevrolet-tahoe,2023.0,5.3 V8 Tahoe Z71,261600.0,262000.0,261800.0,"AED 261,600 - 262,000",AED,https://www.drivearabia.com/carprices/uae/chevrolet/chevrolet-tahoe/2023/,2026-06-15T08:06:51Z,CHEVROLET,TAHOE,TAHOE,0.1192341695378295,3.0,178876.0
chevrolet-tahoe,2023.0,6.2 V8 Tahoe Z71,270000.0,275000.0,272500.0,"AED 270,000 - 275,000",AED,https://www.drivearabia.com/carprices/uae/chevrolet/chevrolet-tahoe/2023/,2026-06-15T08:06:51Z,CHEVROLET,TAHOE,TAHOE,0.1192341695378295,3.0,186186.0
chevrolet-tahoe,2023.0,6.2 V8 Tahoe RST,273500.0,274000.0,273750.0,"AED 273,500 - 274,000",AED,https://www.drivearabia.com/carprices/uae/chevrolet/chevrolet-tahoe/2023/,2026-06-15T08:06:51Z,CHEVROLET,TAHOE,TAHOE,0.1192341695378295,3.0,187040.0
chevrolet-tahoe,2023.0,6.2 V8 Tahoe Premier,286600.0,287000.0,286800.0,"AED 286,600 - 287,000",AED,https://www.drivearabia.com/carprices/uae/chevrolet/chevrolet-tahoe/2023/,2026-06-15T08:06:51Z,CHEVROLET,TAHOE,TAHOE,0.1192341695378295,3.0,195957.0
chevrolet-tahoe,2024.0,5.3 V8 Tahoe LS,246000.0,250000.0,248000.0,"AED 246,000 - 250,000",AED,https://www.drivearabia.com/carprices/uae/chevrolet/chevrolet-tahoe/2024/,2026-06-15T08:06:53Z,CHEVROLET,TAHOE,TAHOE,0.1192341695378295,2.0,192386.0
chevrolet-tahoe,2024.0,5.3 V8 Tahoe LT,260000.0,270000.0,265000.0,"AED 260,000 - 270,000",AED,https://www.drivearabia.com/carprices/uae/chevrolet/chevrolet-tahoe/2024/,2026-06-15T08:06:53Z,CHEVROLET,TAHOE,TAHOE,0.1192341695378295,2.0,205573.0
chevrolet-tahoe,2024.0,5.3 V8 Tahoe Z71,261600.0,262000.0,261800.0,"AED 261,600 - 262,000",AED,https://www.drivearabia.com/carprices/uae/chevrolet/chevrolet-tahoe/2024/,2026-06-15T08:06:53Z,CHEVROLET,TAHOE,TAHOE,0.1192341695378295,2.0,203091.0
chevrolet-tahoe,2024.0,6.2 V8 Tahoe Z71,275000.0,283000.0,279000.0,"AED 275,000 - 283,000",AED,https://www.drivearabia.com/carprices/uae/chevrolet/chevrolet-tahoe/2024/,2026-06-15T08:06:53Z,CHEVROLET,TAHOE,TAHOE,0.1192341695378295,2.0,216434.0
chevrolet-tahoe,2024.0,6.2 V8 Tahoe RST,294000.0,300000.0,297000.0,"AED 294,000 - 300,000",AED,https://www.drivearabia.com/carprices/uae/chevrolet/chevrolet-tahoe/2024/,2026-06-15T08:06:53Z,CHEVROLET,TAHOE,TAHOE,0.1192341695378295,2.0,230397.0
chevrolet-tahoe,2024.0,6.2 V8 Tahoe Premier,310000.0,360500.0,335250.0,"AED 310,000 - 360,500",AED,https://www.drivearabia.com/carprices/uae/chevrolet/chevrolet-tahoe/2024/,2026-06-15T08:06:53Z,CHEVROLET,TAHOE,TAHOE,0.1192341695378295,2.0,260070.0
chevrolet-tahoe,2025.0,5.3 V8 LT 4WD,251000.0,259000.0,255000.0,"AED 251,000 - 259,000",AED,https://www.drivearabia.com/carprices/uae/chevrolet/chevrolet-tahoe/2025/,2026-06-15T08:06:55Z,CHEVROLET,TAHOE,TAHOE,0.1192341695378295,1.0,224595.0
chevrolet-tahoe,2025.0,5.3 V8 RST 4WD,287000.0,294000.0,290500.0,"AED 287,000 - 294,000",AED,https://www.drivearabia.com/carprices/uae/chevrolet/chevrolet-tahoe/2025/,2026-06-15T08:06:55Z,CHEVROLET,TAHOE,TAHOE,0.1192341695378295,1.0,255862.0
chevrolet-tahoe,2025.0,6.2 V8 Premier 4WD,302000.0,310000.0,306000.0,"AED 302,000 - 310,000",AED,https://www.drivearabia.com/carprices/uae/chevrolet/chevrolet-tahoe/2025/,2026-06-15T08:06:55Z,CHEVROLET,TAHOE,TAHOE,0.1192341695378295,1.0,269514.0
chevrolet-tahoe,2026.0,5.3 LS,231600.0,232000.0,231800.0,"AED 231,600 - 232,000",AED,https://www.drivearabia.com/carprices/uae/chevrolet/chevrolet-tahoe/2026/,2026-06-15T08:06:56Z,CHEVROLET,TAHOE,TAHOE,0.1192341695378295,0.0,231800.0
chevrolet-tahoe,2026.0,5.3 LT,235800.0,236000.0,235900.0,"AED 235,800 - 236,000",AED,https://www.drivearabia.com/carprices/uae/chevrolet/chevrolet-tahoe/2026/,2026-06-15T08:06:56Z,CHEVROLET,TAHOE,TAHOE,0.1192341695378295,0.0,235900.0
chevrolet-tahoe,2026.0,6.2 Premier,313500.0,315000.0,314250.0,"AED 313,500 - 315,000",AED,https://www.drivearabia.com/carprices/uae/chevrolet/chevrolet-tahoe/2026/,2026-06-15T08:06:56Z,CHEVROLET,TAHOE,TAHOE,0.1192341695378295,0.0,314250.0
chevrolet-trailblazer,2002.0,4.2 I6 Trailblazer LS,86000.0,95000.0,90500.0,"AED 86,000 - 95,000",AED,https://www.drivearabia.com/carprices/uae/chevrolet/chevrolet-trailblazer/2002/,2026-06-15T08:07:06Z,CHEVROLET,TRAILBLAZER,TRAILBLAZER,0.233986488043578,24.0,151.0
chevrolet-trailblazer,2002.0,5.3 V8 Trailblazer LT,125000.0,127000.0,126000.0,"AED 125,000 - 127,000",AED,https://www.drivearabia.com/carprices/uae/chevrolet/chevrolet-trailblazer/2002/,2026-06-15T08:07:06Z,CHEVROLET,TRAILBLAZER,TRAILBLAZER,0.233986488043578,24.0,210.0
chevrolet-trailblazer,2003.0,4.2 I6 Trailblazer LS,86000.0,95000.0,90500.0,"AED 86,000 - 95,000",AED,https://www.drivearabia.com/carprices/uae/chevrolet/chevrolet-trailblazer/2003/,2026-06-15T08:07:09Z,CHEVROLET,TRAILBLAZER,TRAILBLAZER,0.233986488043578,23.0,197.0
chevrolet-trailblazer,2003.0,5.3 V8 Trailblazer LT,125000.0,127000.0,126000.0,"AED 125,000 - 127,000",AED,https://www.drivearabia.com/carprices/uae/chevrolet/chevrolet-trailblazer/2003/,2026-06-15T08:07:09Z,CHEVROLET,TRAILBLAZER,TRAILBLAZER,0.233986488043578,23.0,274.0
chevrolet-trailblazer,2004.0,4.2 I6 Trailblazer LS,86000.0,95000.0,90500.0,"AED 86,000 - 95,000",AED,https://www.drivearabia.com/carprices/uae/chevrolet/chevrolet-trailblazer/2004/,2026-06-15T08:07:10Z,CHEVROLET,TRAILBLAZER,TRAILBLAZER,0.233986488043578,22.0,257.0
chevrolet-trailblazer,2004.0,5.3 V8 Trailblazer LT,125000.0,127000.0,126000.0,"AED 125,000 - 127,000",AED,https://www.drivearabia.com/carprices/uae/chevrolet/chevrolet-trailblazer/2004/,2026-06-15T08:07:10Z,CHEVROLET,TRAILBLAZER,TRAILBLAZER,0.233986488043578,22.0,358.0
chevrolet-trailblazer,2005.0,4.2 I6 Trailblazer LS,86000.0,95000.0,90500.0,"AED 86,000 - 95,000",AED,https://www.drivearabia.com/carprices/uae/chevrolet/chevrolet-trailblazer/2005/,2026-06-15T08:07:12Z,CHEVROLET,TRAILBLAZER,TRAILBLAZER,0.233986488043578,21.0,335.0
chevrolet-trailblazer,2005.0,5.3 V8 Trailblazer LT,125000.0,127000.0,126000.0,"AED 125,000 - 127,000",AED,https://www.drivearabia.com/carprices/uae/chevrolet/chevrolet-trailblazer/2005/,2026-06-15T08:07:12Z,CHEVROLET,TRAILBLAZER,TRAILBLAZER,0.233986488043578,21.0,467.0
chevrolet-trailblazer,2006.0,4.2 I6 Trailblazer LS,95000.0,103000.0,99000.0,"AED 95,000 - 103,000",AED,https://www.drivearabia.com/carprices/uae/chevrolet/chevrolet-trailblazer/2006/,2026-06-15T08:07:14Z,CHEVROLET,TRAILBLAZER,TRAILBLAZER,0.233986488043578,20.0,479.0
chevrolet-trailblazer,2006.0,5.3 Trailblazer LT,123000.0,127000.0,125000.0,"AED 123,000 - 127,000",AED,https://www.drivearabia.com/carprices/uae/chevrolet/chevrolet-trailblazer/2006/,2026-06-15T08:07:14Z,CHEVROLET,TRAILBLAZER,TRAILBLAZER,0.233986488043578,20.0,605.0
chevrolet-trailblazer,2007.0,4.2 I6 Trailblazer LS,95000.0,103000.0,99000.0,"AED 95,000 - 103,000",AED,https://www.drivearabia.com/carprices/uae/chevrolet/chevrolet-trailblazer/2007/,2026-06-15T08:07:16Z,CHEVROLET,TRAILBLAZER,TRAILBLAZER,0.233986488043578,19.0,625.0
chevrolet-trailblazer,2007.0,5.3 Trailblazer LT,123000.0,127000.0,125000.0,"AED 123,000 - 127,000",AED,https://www.drivearabia.com/carprices/uae/chevrolet/chevrolet-trailblazer/2007/,2026-06-15T08:07:16Z,CHEVROLET,TRAILBLAZER,TRAILBLAZER,0.233986488043578,19.0,790.0
chevrolet-trailblazer,2008.0,4.2 I6 Trailblazer LS,95000.0,103000.0,99000.0,"AED 95,000 - 103,000",AED,https://www.drivearabia.com/carprices/uae/chevrolet/chevrolet-trailblazer/2008/,2026-06-15T08:07:18Z,CHEVROLET,TRAILBLAZER,TRAILBLAZER,0.233986488043578,18.0,816.0
chevrolet-trailblazer,2008.0,5.3 Trailblazer LT,123000.0,127000.0,125000.0,"AED 123,000 - 127,000",AED,https://www.drivearabia.com/carprices/uae/chevrolet/chevrolet-trailblazer/2008/,2026-06-15T08:07:18Z,CHEVROLET,TRAILBLAZER,TRAILBLAZER,0.233986488043578,18.0,1031.0
chevrolet-trailblazer,2009.0,4.2 I6 Trailblazer LS,95000.0,103000.0,99000.0,"AED 95,000 - 103,000",AED,https://www.drivearabia.com/carprices/uae/chevrolet/chevrolet-trailblazer/2009/,2026-06-15T08:07:20Z,CHEVROLET,TRAILBLAZER,TRAILBLAZER,0.233986488043578,17.0,1066.0
chevrolet-trailblazer,2009.0,5.3 Trailblazer LT,123000.0,127000.0,125000.0,"AED 123,000 - 127,000",AED,https://www.drivearabia.com/carprices/uae/chevrolet/chevrolet-trailblazer/2009/,2026-06-15T08:07:20Z,CHEVROLET,TRAILBLAZER,TRAILBLAZER,0.233986488043578,17.0,1346.0
chevrolet-trailblazer,2013.0,3.6 V6 Trailblazer LT,113000.0,115000.0,114000.0,"AED 113,000 - 115,000",AED,https://www.drivearabia.com/carprices/uae/chevrolet/chevrolet-trailblazer/2013/,2026-06-15T08:07:25Z,CHEVROLET,TRAILBLAZER,TRAILBLAZER,0.233986488043578,13.0,3564.0
chevrolet-trailblazer,2013.0,3.6 V6 Trailblazer LTZ,127000.0,129000.0,128000.0,"AED 127,000 - 129,000",AED,https://www.drivearabia.com/carprices/uae/chevrolet/chevrolet-trailblazer/2013/,2026-06-15T08:07:25Z,CHEVROLET,TRAILBLAZER,TRAILBLAZER,0.233986488043578,13.0,4002.0
chevrolet-trailblazer,2014.0,3.6 V6 Trailblazer LT,113000.0,115000.0,114000.0,"AED 113,000 - 115,000",AED,https://www.drivearabia.com/carprices/uae/chevrolet/chevrolet-trailblazer/2014/,2026-06-15T08:07:27Z,CHEVROLET,TRAILBLAZER,TRAILBLAZER,0.233986488043578,12.0,4653.0
chevrolet-trailblazer,2014.0,3.6 V6 Trailblazer LTZ,127000.0,129000.0,128000.0,"AED 127,000 - 129,000",AED,https://www.drivearabia.com/carprices/uae/chevrolet/chevrolet-trailblazer/2014/,2026-06-15T08:07:27Z,CHEVROLET,TRAILBLAZER,TRAILBLAZER,0.233986488043578,12.0,5225.0
chevrolet-trailblazer,2015.0,3.6 V6 Trailblazer LT,113000.0,115000.0,114000.0,"AED 113,000 - 115,000",AED,https://www.drivearabia.com/carprices/uae/chevrolet/chevrolet-trailblazer/2015/,2026-06-15T08:07:29Z,CHEVROLET,TRAILBLAZER,TRAILBLAZER,0.233986488043578,11.0,6074.0
chevrolet-trailblazer,2015.0,3.6 V6 Trailblazer LTZ,127000.0,129000.0,128000.0,"AED 127,000 - 129,000",AED,https://www.drivearabia.com/carprices/uae/chevrolet/chevrolet-trailblazer/2015/,2026-06-15T08:07:29Z,CHEVROLET,TRAILBLAZER,TRAILBLAZER,0.233986488043578,11.0,6820.0
chevrolet-trailblazer,2016.0,3.6 V6 Trailblazer LT,113000.0,115000.0,114000.0,"AED 113,000 - 115,000",AED,https://www.drivearabia.com/carprices/uae/chevrolet/chevrolet-trailblazer/2016/,2026-06-15T08:07:31Z,CHEVROLET,TRAILBLAZER,TRAILBLAZER,0.233986488043578,10.0,7930.0
chevrolet-trailblazer,2016.0,3.6 V6 Trailblazer LTZ,127000.0,129000.0,128000.0,"AED 127,000 - 129,000",AED,https://www.drivearabia.com/carprices/uae/chevrolet/chevrolet-trailblazer/2016/,2026-06-15T08:07:31Z,CHEVROLET,TRAILBLAZER,TRAILBLAZER,0.233986488043578,10.0,8904.0
chevrolet-trailblazer,2017.0,3.6 V6 Trailblazer LT,98400.0,101000.0,99700.0,"AED 98,400 - 101,000",AED,https://www.drivearabia.com/carprices/uae/chevrolet/chevrolet-trailblazer/2017/,2026-06-15T08:07:33Z,CHEVROLET,TRAILBLAZER,TRAILBLAZER,0.233986488043578,9.0,9054.0
chevrolet-trailblazer,2017.0,3.6 V6 Trailblazer LTZ,127000.0,129000.0,128000.0,"AED 127,000 - 129,000",AED,https://www.drivearabia.com/carprices/uae/chevrolet/chevrolet-trailblazer/2017/,2026-06-15T08:07:33Z,CHEVROLET,TRAILBLAZER,TRAILBLAZER,0.233986488043578,9.0,11624.0
chevrolet-trailblazer,2018.0,3.6 V6 Trailblazer LT,98400.0,101000.0,99700.0,"AED 98,400 - 101,000",AED,https://www.drivearabia.com/carprices/uae/chevrolet/chevrolet-trailblazer/2018/,2026-06-15T08:07:35Z,CHEVROLET,TRAILBLAZER,TRAILBLAZER,0.233986488043578,8.0,11819.0
chevrolet-trailblazer,2018.0,3.6 V6 Trailblazer LTZ,127000.0,129000.0,128000.0,"AED 127,000 - 129,000",AED,https://www.drivearabia.com/carprices/uae/chevrolet/chevrolet-trailblazer/2018/,2026-06-15T08:07:35Z,CHEVROLET,TRAILBLAZER,TRAILBLAZER,0.233986488043578,8.0,15174.0
chevrolet-trailblazer,2019.0,3.6 V6 Trailblazer LT,107000.0,109000.0,108000.0,"AED 107,000 - 109,000",AED,https://www.drivearabia.com/carprices/uae/chevrolet/chevrolet-trailblazer/2019/,2026-06-15T08:07:37Z,CHEVROLET,TRAILBLAZER,TRAILBLAZER,0.233986488043578,7.0,16714.0
chevrolet-trailblazer,2019.0,3.6 V6 Trailblazer LTZ,129000.0,131000.0,130000.0,"AED 129,000 - 131,000",AED,https://www.drivearabia.com/carprices/uae/chevrolet/chevrolet-trailblazer/2019/,2026-06-15T08:07:37Z,CHEVROLET,TRAILBLAZER,TRAILBLAZER,0.233986488043578,7.0,20119.0
chevrolet-traverse,2009.0,3.6 V6 Traverse LS,120000.0,121500.0,120750.0,"AED 120,000 - 121,500",AED,https://www.drivearabia.com/carprices/uae/chevrolet/chevrolet-traverse/2009/,2026-06-15T08:08:02Z,CHEVROLET,TRAVERSE,TRAVERSE,0.1333131876136351,17.0,10606.0
chevrolet-traverse,2009.0,3.6 V6 Traverse LT cloth,140000.0,142000.0,141000.0,"AED 140,000 - 142,000",AED,https://www.drivearabia.com/carprices/uae/chevrolet/chevrolet-traverse/2009/,2026-06-15T08:08:02Z,CHEVROLET,TRAVERSE,TRAVERSE,0.1333131876136351,17.0,12384.0
chevrolet-traverse,2009.0,3.6 V6 Traverse LT leather,150000.0,151500.0,150750.0,"AED 150,000 - 151,500",AED,https://www.drivearabia.com/carprices/uae/chevrolet/chevrolet-traverse/2009/,2026-06-15T08:08:02Z,CHEVROLET,TRAVERSE,TRAVERSE,0.1333131876136351,17.0,13241.0
chevrolet-traverse,2009.0,3.6 V6 Traverse LTZ,158500.0,160000.0,159250.0,"AED 158,500 - 160,000",AED,https://www.drivearabia.com/carprices/uae/chevrolet/chevrolet-traverse/2009/,2026-06-15T08:08:02Z,CHEVROLET,TRAVERSE,TRAVERSE,0.1333131876136351,17.0,13987.0
chevrolet-traverse,2010.0,3.6 V6 Traverse LS,120000.0,121500.0,120750.0,"AED 120,000 - 121,500",AED,https://www.drivearabia.com/carprices/uae/chevrolet/chevrolet-traverse/2010/,2026-06-15T08:08:04Z,CHEVROLET,TRAVERSE,TRAVERSE,0.1333131876136351,16.0,12237.0
chevrolet-traverse,2010.0,3.6 V6 Traverse LT cloth,140000.0,142000.0,141000.0,"AED 140,000 - 142,000",AED,https://www.drivearabia.com/carprices/uae/chevrolet/chevrolet-traverse/2010/,2026-06-15T08:08:04Z,CHEVROLET,TRAVERSE,TRAVERSE,0.1333131876136351,16.0,14289.0
chevrolet-traverse,2010.0,3.6 V6 Traverse LT leather,150000.0,151500.0,150750.0,"AED 150,000 - 151,500",AED,https://www.drivearabia.com/carprices/uae/chevrolet/chevrolet-traverse/2010/,2026-06-15T08:08:04Z,CHEVROLET,TRAVERSE,TRAVERSE,0.1333131876136351,16.0,15278.0
chevrolet-traverse,2010.0,3.6 V6 Traverse LTZ,158500.0,160000.0,159250.0,"AED 158,500 - 160,000",AED,https://www.drivearabia.com/carprices/uae/chevrolet/chevrolet-traverse/2010/,2026-06-15T08:08:04Z,CHEVROLET,TRAVERSE,TRAVERSE,0.1333131876136351,16.0,16139.0
chevrolet-traverse,2011.0,3.6 V6 Traverse LS,120000.0,121500.0,120750.0,"AED 120,000 - 121,500",AED,https://www.drivearabia.com/carprices/uae/chevrolet/chevrolet-traverse/2011/,2026-06-15T08:08:07Z,CHEVROLET,TRAVERSE,TRAVERSE,0.1333131876136351,15.0,14120.0
chevrolet-traverse,2011.0,3.6 V6 Traverse LT cloth,140000.0,142000.0,141000.0,"AED 140,000 - 142,000",AED,https://www.drivearabia.com/carprices/uae/chevrolet/chevrolet-traverse/2011/,2026-06-15T08:08:07Z,CHEVROLET,TRAVERSE,TRAVERSE,0.1333131876136351,15.0,16487.0
chevrolet-traverse,2011.0,3.6 V6 Traverse LT leather,150000.0,151500.0,150750.0,"AED 150,000 - 151,500",AED,https://www.drivearabia.com/carprices/uae/chevrolet/chevrolet-traverse/2011/,2026-06-15T08:08:07Z,CHEVROLET,TRAVERSE,TRAVERSE,0.1333131876136351,15.0,17627.0
chevrolet-traverse,2011.0,3.6 V6 Traverse LTZ,158500.0,160000.0,159250.0,"AED 158,500 - 160,000",AED,https://www.drivearabia.com/carprices/uae/chevrolet/chevrolet-traverse/2011/,2026-06-15T08:08:07Z,CHEVROLET,TRAVERSE,TRAVERSE,0.1333131876136351,15.0,18621.0
chevrolet-traverse,2012.0,3.6 V6 Traverse LS,120000.0,121500.0,120750.0,"AED 120,000 - 121,500",AED,https://www.drivearabia.com/carprices/uae/chevrolet/chevrolet-traverse/2012/,2026-06-15T08:08:08Z,CHEVROLET,TRAVERSE,TRAVERSE,0.1333131876136351,14.0,16291.0
chevrolet-traverse,2012.0,3.6 V6 Traverse LT cloth,140000.0,142000.0,141000.0,"AED 140,000 - 142,000",AED,https://www.drivearabia.com/carprices/uae/chevrolet/chevrolet-traverse/2012/,2026-06-15T08:08:08Z,CHEVROLET,TRAVERSE,TRAVERSE,0.1333131876136351,14.0,19023.0
chevrolet-traverse,2012.0,3.6 V6 Traverse LT leather,150000.0,151500.0,150750.0,"AED 150,000 - 151,500",AED,https://www.drivearabia.com/carprices/uae/chevrolet/chevrolet-traverse/2012/,2026-06-15T08:08:08Z,CHEVROLET,TRAVERSE,TRAVERSE,0.1333131876136351,14.0,20339.0
chevrolet-traverse,2012.0,3.6 V6 Traverse LTZ,158500.0,160000.0,159250.0,"AED 158,500 - 160,000",AED,https://www.drivearabia.com/carprices/uae/chevrolet/chevrolet-traverse/2012/,2026-06-15T08:08:08Z,CHEVROLET,TRAVERSE,TRAVERSE,0.1333131876136351,14.0,21486.0
chevrolet-traverse,2013.0,3.6 V6 Traverse LS,116000.0,118000.0,117000.0,"AED 116,000 - 118,000",AED,https://www.drivearabia.com/carprices/uae/chevrolet/chevrolet-traverse/2013/,2026-06-15T08:08:10Z,CHEVROLET,TRAVERSE,TRAVERSE,0.1333131876136351,13.0,18214.0
chevrolet-traverse,2013.0,3.6 V6 Traverse LT cloth,139000.0,141000.0,140000.0,"AED 139,000 - 141,000",AED,https://www.drivearabia.com/carprices/uae/chevrolet/chevrolet-traverse/2013/,2026-06-15T08:08:10Z,CHEVROLET,TRAVERSE,TRAVERSE,0.1333131876136351,13.0,21794.0
chevrolet-traverse,2013.0,3.6 V6 Traverse LT leather,145000.0,146500.0,145750.0,"AED 145,000 - 146,500",AED,https://www.drivearabia.com/carprices/uae/chevrolet/chevrolet-traverse/2013/,2026-06-15T08:08:10Z,CHEVROLET,TRAVERSE,TRAVERSE,0.1333131876136351,13.0,22689.0
chevrolet-traverse,2013.0,3.6 V6 Traverse LTZ,161500.0,163000.0,162250.0,"AED 161,500 - 163,000",AED,https://www.drivearabia.com/carprices/uae/chevrolet/chevrolet-traverse/2013/,2026-06-15T08:08:10Z,CHEVROLET,TRAVERSE,TRAVERSE,0.1333131876136351,13.0,25258.0
chevrolet-traverse,2014.0,3.6 V6 Traverse LS,116000.0,118000.0,117000.0,"AED 116,000 - 118,000",AED,https://www.drivearabia.com/carprices/uae/chevrolet/chevrolet-traverse/2014/,2026-06-15T08:08:12Z,CHEVROLET,TRAVERSE,TRAVERSE,0.1333131876136351,12.0,21015.0
chevrolet-traverse,2014.0,3.6 V6 Traverse LT cloth,139000.0,141000.0,140000.0,"AED 139,000 - 141,000",AED,https://www.drivearabia.com/carprices/uae/chevrolet/chevrolet-traverse/2014/,2026-06-15T08:08:12Z,CHEVROLET,TRAVERSE,TRAVERSE,0.1333131876136351,12.0,25146.0
chevrolet-traverse,2014.0,3.6 V6 Traverse LT leather,145000.0,146500.0,145750.0,"AED 145,000 - 146,500",AED,https://www.drivearabia.com/carprices/uae/chevrolet/chevrolet-traverse/2014/,2026-06-15T08:08:12Z,CHEVROLET,TRAVERSE,TRAVERSE,0.1333131876136351,12.0,26179.0
chevrolet-traverse,2014.0,3.6 V6 Traverse LTZ,161500.0,163000.0,162250.0,"AED 161,500 - 163,000",AED,https://www.drivearabia.com/carprices/uae/chevrolet/chevrolet-traverse/2014/,2026-06-15T08:08:12Z,CHEVROLET,TRAVERSE,TRAVERSE,0.1333131876136351,12.0,29143.0
chevrolet-traverse,2015.0,3.6 V6 Traverse LS,116000.0,118000.0,117000.0,"AED 116,000 - 118,000",AED,https://www.drivearabia.com/carprices/uae/chevrolet/chevrolet-traverse/2015/,2026-06-15T08:08:14Z,CHEVROLET,TRAVERSE,TRAVERSE,0.1333131876136351,11.0,24248.0
chevrolet-traverse,2015.0,3.6 V6 Traverse LT cloth,139000.0,141000.0,140000.0,"AED 139,000 - 141,000",AED,https://www.drivearabia.com/carprices/uae/chevrolet/chevrolet-traverse/2015/,2026-06-15T08:08:14Z,CHEVROLET,TRAVERSE,TRAVERSE,0.1333131876136351,11.0,29014.0
chevrolet-traverse,2015.0,3.6 V6 Traverse LT leather,145000.0,146500.0,145750.0,"AED 145,000 - 146,500",AED,https://www.drivearabia.com/carprices/uae/chevrolet/chevrolet-traverse/2015/,2026-06-15T08:08:14Z,CHEVROLET,TRAVERSE,TRAVERSE,0.1333131876136351,11.0,30206.0
chevrolet-traverse,2015.0,3.6 V6 Traverse LTZ,161500.0,163000.0,162250.0,"AED 161,500 - 163,000",AED,https://www.drivearabia.com/carprices/uae/chevrolet/chevrolet-traverse/2015/,2026-06-15T08:08:14Z,CHEVROLET,TRAVERSE,TRAVERSE,0.1333131876136351,11.0,33626.0
chevrolet-traverse,2016.0,3.6 V6 Traverse LS,116000.0,118000.0,117000.0,"AED 116,000 - 118,000",AED,https://www.drivearabia.com/carprices/uae/chevrolet/chevrolet-traverse/2016/,2026-06-15T08:08:16Z,CHEVROLET,TRAVERSE,TRAVERSE,0.1333131876136351,10.0,27977.0
chevrolet-traverse,2016.0,3.6 V6 Traverse LT cloth,139000.0,141000.0,140000.0,"AED 139,000 - 141,000",AED,https://www.drivearabia.com/carprices/uae/chevrolet/chevrolet-traverse/2016/,2026-06-15T08:08:16Z,CHEVROLET,TRAVERSE,TRAVERSE,0.1333131876136351,10.0,33477.0
chevrolet-traverse,2016.0,3.6 V6 Traverse LT leather,145000.0,146500.0,145750.0,"AED 145,000 - 146,500",AED,https://www.drivearabia.com/carprices/uae/chevrolet/chevrolet-traverse/2016/,2026-06-15T08:08:16Z,CHEVROLET,TRAVERSE,TRAVERSE,0.1333131876136351,10.0,34852.0
chevrolet-traverse,2016.0,3.6 V6 Traverse LTZ,161500.0,163000.0,162250.0,"AED 161,500 - 163,000",AED,https://www.drivearabia.com/carprices/uae/chevrolet/chevrolet-traverse/2016/,2026-06-15T08:08:16Z,CHEVROLET,TRAVERSE,TRAVERSE,0.1333131876136351,10.0,38798.0
chevrolet-traverse,2017.0,3.6 V6 Traverse LS,116000.0,118000.0,117000.0,"AED 116,000 - 118,000",AED,https://www.drivearabia.com/carprices/uae/chevrolet/chevrolet-traverse/2017/,2026-06-15T08:08:18Z,CHEVROLET,TRAVERSE,TRAVERSE,0.1333131876136351,9.0,32281.0
chevrolet-traverse,2017.0,3.6 V6 Traverse LT cloth,139000.0,141000.0,140000.0,"AED 139,000 - 141,000",AED,https://www.drivearabia.com/carprices/uae/chevrolet/chevrolet-traverse/2017/,2026-06-15T08:08:18Z,CHEVROLET,TRAVERSE,TRAVERSE,0.1333131876136351,9.0,38627.0
chevrolet-traverse,2017.0,3.6 V6 Traverse LT leather,145000.0,146500.0,145750.0,"AED 145,000 - 146,500",AED,https://www.drivearabia.com/carprices/uae/chevrolet/chevrolet-traverse/2017/,2026-06-15T08:08:18Z,CHEVROLET,TRAVERSE,TRAVERSE,0.1333131876136351,9.0,40213.0
chevrolet-traverse,2017.0,3.6 V6 Traverse LTZ,161500.0,163000.0,162250.0,"AED 161,500 - 163,000",AED,https://www.drivearabia.com/carprices/uae/chevrolet/chevrolet-traverse/2017/,2026-06-15T08:08:18Z,CHEVROLET,TRAVERSE,TRAVERSE,0.1333131876136351,9.0,44766.0
chevrolet-traverse,2018.0,3.6 V6 Traverse LS,125000.0,130000.0,127500.0,"AED 125,000 - 130,000",AED,https://www.drivearabia.com/carprices/uae/chevrolet/chevrolet-traverse/2018/,2026-06-15T08:08:20Z,CHEVROLET,TRAVERSE,TRAVERSE,0.1333131876136351,8.0,40589.0
chevrolet-traverse,2018.0,3.6 V6 Traverse LT cloth,135000.0,140000.0,137500.0,"AED 135,000 - 140,000",AED,https://www.drivearabia.com/carprices/uae/chevrolet/chevrolet-traverse/2018/,2026-06-15T08:08:20Z,CHEVROLET,TRAVERSE,TRAVERSE,0.1333131876136351,8.0,43772.0
chevrolet-traverse,2018.0,3.6 V6 Traverse LT leather,160000.0,165000.0,162500.0,"AED 160,000 - 165,000",AED,https://www.drivearabia.com/carprices/uae/chevrolet/chevrolet-traverse/2018/,2026-06-15T08:08:20Z,CHEVROLET,TRAVERSE,TRAVERSE,0.1333131876136351,8.0,51731.0
chevrolet-traverse,2018.0,3.6 V6 Traverse Premier,170000.0,175000.0,172500.0,"AED 170,000 - 175,000",AED,https://www.drivearabia.com/carprices/uae/chevrolet/chevrolet-traverse/2018/,2026-06-15T08:08:20Z,CHEVROLET,TRAVERSE,TRAVERSE,0.1333131876136351,8.0,54914.0
chevrolet-traverse,2018.0,3.6 V6 Traverse High Country,195000.0,200000.0,197500.0,"AED 195,000 - 200,000",AED,https://www.drivearabia.com/carprices/uae/chevrolet/chevrolet-traverse/2018/,2026-06-15T08:08:20Z,CHEVROLET,TRAVERSE,TRAVERSE,0.1333131876136351,8.0,62873.0
chevrolet-traverse,2019.0,3.6 V6 Traverse LS,124100.0,125000.0,124550.0,"AED 124,100 - 125,000",AED,https://www.drivearabia.com/carprices/uae/chevrolet/chevrolet-traverse/2019/,2026-06-15T08:08:22Z,CHEVROLET,TRAVERSE,TRAVERSE,0.1333131876136351,7.0,45749.0
chevrolet-traverse,2019.0,3.6 V6 Traverse LT cloth,140000.0,145000.0,142500.0,"AED 140,000 - 145,000",AED,https://www.drivearabia.com/carprices/uae/chevrolet/chevrolet-traverse/2019/,2026-06-15T08:08:22Z,CHEVROLET,TRAVERSE,TRAVERSE,0.1333131876136351,7.0,52342.0
chevrolet-traverse,2019.0,3.6 V6 Traverse LT leather,150000.0,155000.0,152500.0,"AED 150,000 - 155,000",AED,https://www.drivearabia.com/carprices/uae/chevrolet/chevrolet-traverse/2019/,2026-06-15T08:08:22Z,CHEVROLET,TRAVERSE,TRAVERSE,0.1333131876136351,7.0,56015.0
chevrolet-traverse,2019.0,3.6 V6 Traverse Premier,160000.0,165000.0,162500.0,"AED 160,000 - 165,000",AED,https://www.drivearabia.com/carprices/uae/chevrolet/chevrolet-traverse/2019/,2026-06-15T08:08:22Z,CHEVROLET,TRAVERSE,TRAVERSE,0.1333131876136351,7.0,59688.0
chevrolet-traverse,2019.0,3.6 V6 Traverse High Country,185000.0,200000.0,192500.0,"AED 185,000 - 200,000",AED,https://www.drivearabia.com/carprices/uae/chevrolet/chevrolet-traverse/2019/,2026-06-15T08:08:22Z,CHEVROLET,TRAVERSE,TRAVERSE,0.1333131876136351,7.0,70708.0
chevrolet-traverse,2020.0,3.6 V6 Traverse LS,126400.0,127000.0,126700.0,"AED 126,400 - 127,000",AED,https://www.drivearabia.com/carprices/uae/chevrolet/chevrolet-traverse/2020/,2026-06-15T08:08:24Z,CHEVROLET,TRAVERSE,TRAVERSE,0.1333131876136351,6.0,53697.0
chevrolet-traverse,2020.0,3.6 V6 Traverse LT,130300.0,131000.0,130650.0,"AED 130,300 - 131,000",AED,https://www.drivearabia.com/carprices/uae/chevrolet/chevrolet-traverse/2020/,2026-06-15T08:08:24Z,CHEVROLET,TRAVERSE,TRAVERSE,0.1333131876136351,6.0,55371.0
chevrolet-traverse,2020.0,3.6 V6 Traverse LT leather,155700.0,156000.0,155850.0,"AED 155,700 - 156,000",AED,https://www.drivearabia.com/carprices/uae/chevrolet/chevrolet-traverse/2020/,2026-06-15T08:08:24Z,CHEVROLET,TRAVERSE,TRAVERSE,0.1333131876136351,6.0,66051.0
chevrolet-traverse,2020.0,3.6 V6 Traverse Premier,163800.0,170000.0,166900.0,"AED 163,800 - 170,000",AED,https://www.drivearabia.com/carprices/uae/chevrolet/chevrolet-traverse/2020/,2026-06-15T08:08:24Z,CHEVROLET,TRAVERSE,TRAVERSE,0.1333131876136351,6.0,70734.0
chevrolet-traverse,2020.0,3.6 V6 Traverse High Country,198400.0,199000.0,198700.0,"AED 198,400 - 199,000",AED,https://www.drivearabia.com/carprices/uae/chevrolet/chevrolet-traverse/2020/,2026-06-15T08:08:24Z,CHEVROLET,TRAVERSE,TRAVERSE,0.1333131876136351,6.0,84211.0
chevrolet-traverse,2021.0,3.6 V6 Traverse LS,126400.0,127000.0,126700.0,"AED 126,400 - 127,000",AED,https://www.drivearabia.com/carprices/uae/chevrolet/chevrolet-traverse/2021/,2026-06-15T08:08:26Z,CHEVROLET,TRAVERSE,TRAVERSE,0.1333131876136351,5.0,61957.0
chevrolet-traverse,2021.0,3.6 V6 Traverse LT,130300.0,131000.0,130650.0,"AED 130,300 - 131,000",AED,https://www.drivearabia.com/carprices/uae/chevrolet/chevrolet-traverse/2021/,2026-06-15T08:08:26Z,CHEVROLET,TRAVERSE,TRAVERSE,0.1333131876136351,5.0,63888.0
chevrolet-traverse,2021.0,3.6 V6 Traverse LT leather,155700.0,156000.0,155850.0,"AED 155,700 - 156,000",AED,https://www.drivearabia.com/carprices/uae/chevrolet/chevrolet-traverse/2021/,2026-06-15T08:08:26Z,CHEVROLET,TRAVERSE,TRAVERSE,0.1333131876136351,5.0,76211.0
chevrolet-traverse,2021.0,3.6 V6 Traverse Premier,163800.0,170000.0,166900.0,"AED 163,800 - 170,000",AED,https://www.drivearabia.com/carprices/uae/chevrolet/chevrolet-traverse/2021/,2026-06-15T08:08:26Z,CHEVROLET,TRAVERSE,TRAVERSE,0.1333131876136351,5.0,81614.0
chevrolet-traverse,2021.0,3.6 V6 Traverse High Country,198400.0,199000.0,198700.0,"AED 198,400 - 199,000",AED,https://www.drivearabia.com/carprices/uae/chevrolet/chevrolet-traverse/2021/,2026-06-15T08:08:26Z,CHEVROLET,TRAVERSE,TRAVERSE,0.1333131876136351,5.0,97165.0
chevrolet-traverse,2022.0,3.6 V6 LS FWD,132400.0,133000.0,132700.0,"AED 132,400 - 133,000",AED,https://www.drivearabia.com/carprices/uae/chevrolet/chevrolet-traverse/2022/,2026-06-15T08:08:28Z,CHEVROLET,TRAVERSE,TRAVERSE,0.1333131876136351,4.0,74872.0
chevrolet-traverse,2022.0,3.6 V6 LT FWD,136100.0,137000.0,136550.0,"AED 136,100 - 137,000",AED,https://www.drivearabia.com/carprices/uae/chevrolet/chevrolet-traverse/2022/,2026-06-15T08:08:28Z,CHEVROLET,TRAVERSE,TRAVERSE,0.1333131876136351,4.0,77044.0
chevrolet-traverse,2022.0,3.6 V6 LT Leather FWD,161500.0,162000.0,161750.0,"AED 161,500 - 162,000",AED,https://www.drivearabia.com/carprices/uae/chevrolet/chevrolet-traverse/2022/,2026-06-15T08:08:28Z,CHEVROLET,TRAVERSE,TRAVERSE,0.1333131876136351,4.0,91263.0
chevrolet-traverse,2022.0,3.6 V6 RS FWD,174800.0,175000.0,174900.0,"AED 174,800 - 175,000",AED,https://www.drivearabia.com/carprices/uae/chevrolet/chevrolet-traverse/2022/,2026-06-15T08:08:28Z,CHEVROLET,TRAVERSE,TRAVERSE,0.1333131876136351,4.0,98682.0
chevrolet-traverse,2022.0,3.6 V6 Premier FWD,181000.0,182000.0,181500.0,"AED 181,000 - 182,000",AED,https://www.drivearabia.com/carprices/uae/chevrolet/chevrolet-traverse/2022/,2026-06-15T08:08:28Z,CHEVROLET,TRAVERSE,TRAVERSE,0.1333131876136351,4.0,102406.0
chevrolet-traverse,2022.0,3.6 V6 High Country AWD,206800.0,207000.0,206900.0,"AED 206,800 - 207,000",AED,https://www.drivearabia.com/carprices/uae/chevrolet/chevrolet-traverse/2022/,2026-06-15T08:08:28Z,CHEVROLET,TRAVERSE,TRAVERSE,0.1333131876136351,4.0,116737.0
chevrolet-traverse,2023.0,3.6 V6 LS FWD,137600.0,138000.0,137800.0,"AED 137,600 - 138,000",AED,https://www.drivearabia.com/carprices/uae/chevrolet/chevrolet-traverse/2023/,2026-06-15T08:08:30Z,CHEVROLET,TRAVERSE,TRAVERSE,0.1333131876136351,3.0,89709.0
chevrolet-traverse,2023.0,3.6 V6 LT Leather FWD,167600.0,168000.0,167800.0,"AED 167,600 - 168,000",AED,https://www.drivearabia.com/carprices/uae/chevrolet/chevrolet-traverse/2023/,2026-06-15T08:08:30Z,CHEVROLET,TRAVERSE,TRAVERSE,0.1333131876136351,3.0,109239.0
chevrolet-traverse,2023.0,3.6 V6 RS FWD,179500.0,180000.0,179750.0,"AED 179,500 - 180,000",AED,https://www.drivearabia.com/carprices/uae/chevrolet/chevrolet-traverse/2023/,2026-06-15T08:08:30Z,CHEVROLET,TRAVERSE,TRAVERSE,0.1333131876136351,3.0,117019.0
chevrolet-traverse,2023.0,3.6 V6 Premier FWD,185900.0,186000.0,185950.0,"AED 185,900 - 186,000",AED,https://www.drivearabia.com/carprices/uae/chevrolet/chevrolet-traverse/2023/,2026-06-15T08:08:30Z,CHEVROLET,TRAVERSE,TRAVERSE,0.1333131876136351,3.0,121055.0
chevrolet-traverse,2024.0,2.5TC I4 LT FWD,186000.0,189000.0,187500.0,"AED 186,000 - 189,000",AED,https://www.drivearabia.com/carprices/uae/chevrolet/chevrolet-traverse/2024/,2026-06-15T08:08:31Z,CHEVROLET,TRAVERSE,TRAVERSE,0.1333131876136351,2.0,140840.0
chevrolet-traverse,2024.0,2.5TC I4 Z71 4WD,214000.0,216000.0,215000.0,"AED 214,000 - 216,000",AED,https://www.drivearabia.com/carprices/uae/chevrolet/chevrolet-traverse/2024/,2026-06-15T08:08:31Z,CHEVROLET,TRAVERSE,TRAVERSE,0.1333131876136351,2.0,161496.0
chevrolet-traverse,2025.0,2.5TC I4 LT FWD,186000.0,189000.0,187500.0,"AED 186,000 - 189,000",AED,https://www.drivearabia.com/carprices/uae/chevrolet/chevrolet-traverse/2025/,2026-06-15T08:08:33Z,CHEVROLET,TRAVERSE,TRAVERSE,0.1333131876136351,1.0,162504.0
chevrolet-traverse,2025.0,2.5TC I4 Z71 4WD,214000.0,216000.0,215000.0,"AED 214,000 - 216,000",AED,https://www.drivearabia.com/carprices/uae/chevrolet/chevrolet-traverse/2025/,2026-06-15T08:08:33Z,CHEVROLET,TRAVERSE,TRAVERSE,0.1333131876136351,1.0,186338.0
chevrolet-traverse,2026.0,2.5TC I4 LT FWD,186000.0,189000.0,187500.0,"AED 186,000 - 189,000",AED,https://www.drivearabia.com/carprices/uae/chevrolet/chevrolet-traverse/2026/,2026-06-15T08:08:35Z,CHEVROLET,TRAVERSE,TRAVERSE,0.1333131876136351,0.0,187500.0
chevrolet-traverse,2026.0,2.5TC I4 Z71 4WD,214000.0,216000.0,215000.0,"AED 214,000 - 216,000",AED,https://www.drivearabia.com/carprices/uae/chevrolet/chevrolet-traverse/2026/,2026-06-15T08:08:35Z,CHEVROLET,TRAVERSE,TRAVERSE,0.1333131876136351,0.0,215000.0
chevrolet-trax,2014.0,1.8 I4 Trax FWD LT/LTZ,68500.0,75000.0,71750.0,"AED 68,500 - 75,000",AED,https://www.drivearabia.com/carprices/uae/chevrolet/chevrolet-trax/2014/,2026-06-15T08:08:58Z,CHEVROLET,TRAX,TRAX,0.1369618324522675,12.0,12251.0
chevrolet-trax,2014.0,1.8 I4 Trax AWD LT/LTZ,75000.0,83000.0,79000.0,"AED 75,000 - 83,000",AED,https://www.drivearabia.com/carprices/uae/chevrolet/chevrolet-trax/2014/,2026-06-15T08:08:58Z,CHEVROLET,TRAX,TRAX,0.1369618324522675,12.0,13489.0
chevrolet-trax,2015.0,1.8 I4 Trax FWD LT/LTZ,68500.0,75000.0,71750.0,"AED 68,500 - 75,000",AED,https://www.drivearabia.com/carprices/uae/chevrolet/chevrolet-trax/2015/,2026-06-15T08:09:00Z,CHEVROLET,TRAX,TRAX,0.1369618324522675,11.0,14196.0
chevrolet-trax,2015.0,1.8 I4 Trax AWD LT/LTZ,75000.0,83000.0,79000.0,"AED 75,000 - 83,000",AED,https://www.drivearabia.com/carprices/uae/chevrolet/chevrolet-trax/2015/,2026-06-15T08:09:00Z,CHEVROLET,TRAX,TRAX,0.1369618324522675,11.0,15630.0
chevrolet-trax,2016.0,1.8 I4 Trax FWD LT/LTZ,68500.0,75000.0,71750.0,"AED 68,500 - 75,000",AED,https://www.drivearabia.com/carprices/uae/chevrolet/chevrolet-trax/2016/,2026-06-15T08:09:02Z,CHEVROLET,TRAX,TRAX,0.1369618324522675,10.0,16448.0
chevrolet-trax,2016.0,1.8 I4 Trax AWD LT/LTZ,75000.0,83000.0,79000.0,"AED 75,000 - 83,000",AED,https://www.drivearabia.com/carprices/uae/chevrolet/chevrolet-trax/2016/,2026-06-15T08:09:02Z,CHEVROLET,TRAX,TRAX,0.1369618324522675,10.0,18110.0
chevrolet-trax,2017.0,1.8 I4 Trax FWD LT,66100.0,67500.0,66800.0,"AED 66,100 - 67,500",AED,https://www.drivearabia.com/carprices/uae/chevrolet/chevrolet-trax/2017/,2026-06-15T08:09:04Z,CHEVROLET,TRAX,TRAX,0.1369618324522675,9.0,17744.0
chevrolet-trax,2017.0,1.8 I4 Trax AWD Premier,83500.0,85000.0,84250.0,"AED 83,500 - 85,000",AED,https://www.drivearabia.com/carprices/uae/chevrolet/chevrolet-trax/2017/,2026-06-15T08:09:04Z,CHEVROLET,TRAX,TRAX,0.1369618324522675,9.0,22379.0
chevrolet-trax,2018.0,1.8 I4 Trax FWD LT,66100.0,67500.0,66800.0,"AED 66,100 - 67,500",AED,https://www.drivearabia.com/carprices/uae/chevrolet/chevrolet-trax/2018/,2026-06-15T08:09:06Z,CHEVROLET,TRAX,TRAX,0.1369618324522675,8.0,20560.0
chevrolet-trax,2018.0,1.8 I4 Trax AWD Premier,83500.0,85000.0,84250.0,"AED 83,500 - 85,000",AED,https://www.drivearabia.com/carprices/uae/chevrolet/chevrolet-trax/2018/,2026-06-15T08:09:06Z,CHEVROLET,TRAX,TRAX,0.1369618324522675,8.0,25930.0
chevrolet-trax,2019.0,1.8 I4 Trax FWD LT,67000.0,69000.0,68000.0,"AED 67,000 - 69,000",AED,https://www.drivearabia.com/carprices/uae/chevrolet/chevrolet-trax/2019/,2026-06-15T08:09:08Z,CHEVROLET,TRAX,TRAX,0.1369618324522675,7.0,24250.0
chevrolet-trax,2019.0,1.8 I4 Trax AWD Premier,88000.0,89000.0,88500.0,"AED 88,000 - 89,000",AED,https://www.drivearabia.com/carprices/uae/chevrolet/chevrolet-trax/2019/,2026-06-15T08:09:08Z,CHEVROLET,TRAX,TRAX,0.1369618324522675,7.0,31561.0
chevrolet-trax,2020.0,1.8 I4 Trax FWD LT,67000.0,69000.0,68000.0,"AED 67,000 - 69,000",AED,https://www.drivearabia.com/carprices/uae/chevrolet/chevrolet-trax/2020/,2026-06-15T08:09:10Z,CHEVROLET,TRAX,TRAX,0.1369618324522675,6.0,28099.0
chevrolet-trax,2020.0,1.8 I4 Trax AWD Premier,88000.0,89000.0,88500.0,"AED 88,000 - 89,000",AED,https://www.drivearabia.com/carprices/uae/chevrolet/chevrolet-trax/2020/,2026-06-15T08:09:10Z,CHEVROLET,TRAX,TRAX,0.1369618324522675,6.0,36570.0
chevrolet-uplander,2005.0,3.5 V6 Uplander LS,75000.0,77000.0,76000.0,"AED 75,000 - 77,000",AED,https://www.drivearabia.com/carprices/uae/chevrolet/chevrolet-uplander/2005/,2026-06-15T08:09:30Z,CHEVROLET,UPLANDER,UPLANDER,0.1608342431933559,21.0,1913.0
chevrolet-uplander,2005.0,3.9 V6 Uplander LT1,102000.0,105000.0,103500.0,"AED 102,000 - 105,000",AED,https://www.drivearabia.com/carprices/uae/chevrolet/chevrolet-uplander/2005/,2026-06-15T08:09:30Z,CHEVROLET,UPLANDER,UPLANDER,0.1608342431933559,21.0,2605.0
chevrolet-uplander,2006.0,3.5 V6 Uplander LS,75000.0,77000.0,76000.0,"AED 75,000 - 77,000",AED,https://www.drivearabia.com/carprices/uae/chevrolet/chevrolet-uplander/2006/,2026-06-15T08:09:32Z,CHEVROLET,UPLANDER,UPLANDER,0.1608342431933559,20.0,2279.0
chevrolet-uplander,2006.0,3.9 V6 Uplander LT1,102000.0,105000.0,103500.0,"AED 102,000 - 105,000",AED,https://www.drivearabia.com/carprices/uae/chevrolet/chevrolet-uplander/2006/,2026-06-15T08:09:32Z,CHEVROLET,UPLANDER,UPLANDER,0.1608342431933559,20.0,3104.0
chevrolet-uplander,2007.0,3.5 V6 Uplander LS,75000.0,77000.0,76000.0,"AED 75,000 - 77,000",AED,https://www.drivearabia.com/carprices/uae/chevrolet/chevrolet-uplander/2007/,2026-06-15T08:09:34Z,CHEVROLET,UPLANDER,UPLANDER,0.1608342431933559,19.0,2716.0
chevrolet-uplander,2007.0,3.9 V6 Uplander LT1,102000.0,105000.0,103500.0,"AED 102,000 - 105,000",AED,https://www.drivearabia.com/carprices/uae/chevrolet/chevrolet-uplander/2007/,2026-06-15T08:09:34Z,CHEVROLET,UPLANDER,UPLANDER,0.1608342431933559,19.0,3699.0
chevrolet-uplander,2008.0,3.9 V6 Uplander LS,75000.0,80000.0,77500.0,"AED 75,000 - 80,000",AED,https://www.drivearabia.com/carprices/uae/chevrolet/chevrolet-uplander/2008/,2026-06-15T08:09:36Z,CHEVROLET,UPLANDER,UPLANDER,0.1608342431933559,18.0,3300.0
chevrolet-uplander,2008.0,3.9 V6 Uplander LT1,102000.0,105000.0,103500.0,"AED 102,000 - 105,000",AED,https://www.drivearabia.com/carprices/uae/chevrolet/chevrolet-uplander/2008/,2026-06-15T08:09:36Z,CHEVROLET,UPLANDER,UPLANDER,0.1608342431933559,18.0,4408.0
chevrolet-uplander,2009.0,3.9 V6 Uplander LS,75000.0,80000.0,77500.0,"AED 75,000 - 80,000",AED,https://www.drivearabia.com/carprices/uae/chevrolet/chevrolet-uplander/2009/,2026-06-15T08:09:38Z,CHEVROLET,UPLANDER,UPLANDER,0.1608342431933559,17.0,3933.0
chevrolet-uplander,2009.0,3.9 V6 Uplander LT1,102000.0,105000.0,103500.0,"AED 102,000 - 105,000",AED,https://www.drivearabia.com/carprices/uae/chevrolet/chevrolet-uplander/2009/,2026-06-15T08:09:38Z,CHEVROLET,UPLANDER,UPLANDER,0.1608342431933559,17.0,5252.0
