model_slug,year,trim_name,price_min_aed,price_max_aed,price_avg_aed,price_raw,currency,url,scraped_at,make,model_name,model,annual_dep_rate,car_age,depreciated_value
ford-bronco,2021,2.3T Big Bend,193095,193100,193098,"AED 193,095 - 193,100",AED,https://www.drivearabia.com/carprices/uae/ford/ford-bronco/2021/,2026-06-15T08:10:34Z,FORD,BRONCO,BRONCO,-0.0970119793956429,5,306785.0
ford-bronco,2021,2.7T Outer Banks,256095,256100,256098,"AED 256,095 - 256,100",AED,https://www.drivearabia.com/carprices/uae/ford/ford-bronco/2021/,2026-06-15T08:10:34Z,FORD,BRONCO,BRONCO,-0.0970119793956429,5,406877.0
ford-bronco,2021,2.7T WildTrak,273945,274000,273972,"AED 273,945 - 274,000",AED,https://www.drivearabia.com/carprices/uae/ford/ford-bronco/2021/,2026-06-15T08:10:34Z,FORD,BRONCO,BRONCO,-0.0970119793956429,5,435274.0
ford-bronco,2021,2.7T Badlands,283395,284000,283698,"AED 283,395 - 284,000",AED,https://www.drivearabia.com/carprices/uae/ford/ford-bronco/2021/,2026-06-15T08:10:34Z,FORD,BRONCO,BRONCO,-0.0970119793956429,5,450727.0
ford-bronco,2022,2.3T Big Bend,193095,193100,193098,"AED 193,095 - 193,100",AED,https://www.drivearabia.com/carprices/uae/ford/ford-bronco/2022/,2026-06-15T08:10:36Z,FORD,BRONCO,BRONCO,-0.0970119793956429,4,279655.0
ford-bronco,2022,2.7T Outer Banks,256095,256100,256098,"AED 256,095 - 256,100",AED,https://www.drivearabia.com/carprices/uae/ford/ford-bronco/2022/,2026-06-15T08:10:36Z,FORD,BRONCO,BRONCO,-0.0970119793956429,4,370896.0
ford-bronco,2022,2.7T WildTrak,273945,274000,273972,"AED 273,945 - 274,000",AED,https://www.drivearabia.com/carprices/uae/ford/ford-bronco/2022/,2026-06-15T08:10:36Z,FORD,BRONCO,BRONCO,-0.0970119793956429,4,396782.0
ford-bronco,2022,2.7T Badlands,283395,284000,283698,"AED 283,395 - 284,000",AED,https://www.drivearabia.com/carprices/uae/ford/ford-bronco/2022/,2026-06-15T08:10:36Z,FORD,BRONCO,BRONCO,-0.0970119793956429,4,410867.0
ford-bronco,2023,2.3T Big Bend,193095,193100,193098,"AED 193,095 - 193,100",AED,https://www.drivearabia.com/carprices/uae/ford/ford-bronco/2023/,2026-06-15T08:10:38Z,FORD,BRONCO,BRONCO,-0.0970119793956429,3,254925.0
ford-bronco,2023,2.7T Outer Banks,256095,256100,256098,"AED 256,095 - 256,100",AED,https://www.drivearabia.com/carprices/uae/ford/ford-bronco/2023/,2026-06-15T08:10:38Z,FORD,BRONCO,BRONCO,-0.0970119793956429,3,338096.0
ford-bronco,2023,2.7T WildTrak,273945,274000,273972,"AED 273,945 - 274,000",AED,https://www.drivearabia.com/carprices/uae/ford/ford-bronco/2023/,2026-06-15T08:10:38Z,FORD,BRONCO,BRONCO,-0.0970119793956429,3,361693.0
ford-bronco,2023,2.7T Badlands,283395,284000,283698,"AED 283,395 - 284,000",AED,https://www.drivearabia.com/carprices/uae/ford/ford-bronco/2023/,2026-06-15T08:10:38Z,FORD,BRONCO,BRONCO,-0.0970119793956429,3,374533.0
ford-bronco,2024,2.3T Big Bend,193095,193100,193098,"AED 193,095 - 193,100",AED,https://www.drivearabia.com/carprices/uae/ford/ford-bronco/2024/,2026-06-15T08:10:40Z,FORD,BRONCO,BRONCO,-0.0970119793956429,2,232381.0
ford-bronco,2024,2.7T Outer Banks,256095,256100,256098,"AED 256,095 - 256,100",AED,https://www.drivearabia.com/carprices/uae/ford/ford-bronco/2024/,2026-06-15T08:10:40Z,FORD,BRONCO,BRONCO,-0.0970119793956429,2,308197.0
ford-bronco,2024,2.7T WildTrak,273945,274000,273972,"AED 273,945 - 274,000",AED,https://www.drivearabia.com/carprices/uae/ford/ford-bronco/2024/,2026-06-15T08:10:40Z,FORD,BRONCO,BRONCO,-0.0970119793956429,2,329708.0
ford-bronco,2024,2.7T Badlands,283395,284000,283698,"AED 283,395 - 284,000",AED,https://www.drivearabia.com/carprices/uae/ford/ford-bronco/2024/,2026-06-15T08:10:40Z,FORD,BRONCO,BRONCO,-0.0970119793956429,2,341412.0
ford-bronco,2025,2.3TC Big Bend 4WD,193095,193100,193098,"AED 193,095 - 193,100",AED,https://www.drivearabia.com/carprices/uae/ford/ford-bronco/2025/,2026-06-15T08:10:41Z,FORD,BRONCO,BRONCO,-0.0970119793956429,1,211831.0
ford-bronco,2025,2.7TC Outer Banks 4WD,256095,256100,256098,"AED 256,095 - 256,100",AED,https://www.drivearabia.com/carprices/uae/ford/ford-bronco/2025/,2026-06-15T08:10:41Z,FORD,BRONCO,BRONCO,-0.0970119793956429,1,280943.0
ford-bronco,2025,2.7TC WildTrak 4WD,273945,274000,273972,"AED 273,945 - 274,000",AED,https://www.drivearabia.com/carprices/uae/ford/ford-bronco/2025/,2026-06-15T08:10:41Z,FORD,BRONCO,BRONCO,-0.0970119793956429,1,300551.0
ford-bronco,2025,2.7TC Badlands 4WD,283395,284000,283698,"AED 283,395 - 284,000",AED,https://www.drivearabia.com/carprices/uae/ford/ford-bronco/2025/,2026-06-15T08:10:41Z,FORD,BRONCO,BRONCO,-0.0970119793956429,1,311220.0
ford-bronco,2026,2.3TC Big Bend 4WD,193095,193100,193098,"AED 193,095 - 193,100",AED,https://www.drivearabia.com/carprices/uae/ford/ford-bronco/2026/,2026-06-15T08:10:43Z,FORD,BRONCO,BRONCO,-0.0970119793956429,0,193098.0
ford-bronco,2026,2.7TC Outer Banks 4WD,256095,256100,256098,"AED 256,095 - 256,100",AED,https://www.drivearabia.com/carprices/uae/ford/ford-bronco/2026/,2026-06-15T08:10:43Z,FORD,BRONCO,BRONCO,-0.0970119793956429,0,256098.0
ford-bronco,2026,2.7TC WildTrak 4WD,273945,274000,273972,"AED 273,945 - 274,000",AED,https://www.drivearabia.com/carprices/uae/ford/ford-bronco/2026/,2026-06-15T08:10:43Z,FORD,BRONCO,BRONCO,-0.0970119793956429,0,273972.0
ford-bronco,2026,2.7TC Badlands 4WD,283395,284000,283698,"AED 283,395 - 284,000",AED,https://www.drivearabia.com/carprices/uae/ford/ford-bronco/2026/,2026-06-15T08:10:43Z,FORD,BRONCO,BRONCO,-0.0970119793956429,0,283698.0
ford-bronco-2-door,2021,2.3T Big Bend,183645,184000,183822,"AED 183,645 - 184,000",AED,https://www.drivearabia.com/carprices/uae/ford/ford-bronco-2-door/2021/,2026-06-15T08:11:14Z,FORD,BRONCO 2-DOOR,BRONCO 2-DOOR,0.0726427078753848,5,126076.0
ford-bronco-2-door,2021,2.7T WildTrak,252945,253000,252972,"AED 252,945 - 253,000",AED,https://www.drivearabia.com/carprices/uae/ford/ford-bronco-2-door/2021/,2026-06-15T08:11:14Z,FORD,BRONCO 2-DOOR,BRONCO 2-DOOR,0.0726427078753848,5,173503.0
ford-bronco-2-door,2022,2.3T Big Bend,183645,184000,183822,"AED 183,645 - 184,000",AED,https://www.drivearabia.com/carprices/uae/ford/ford-bronco-2-door/2022/,2026-06-15T08:11:16Z,FORD,BRONCO 2-DOOR,BRONCO 2-DOOR,0.0726427078753848,4,135952.0
ford-bronco-2-door,2022,2.7T WildTrak,252945,253000,252972,"AED 252,945 - 253,000",AED,https://www.drivearabia.com/carprices/uae/ford/ford-bronco-2-door/2022/,2026-06-15T08:11:16Z,FORD,BRONCO 2-DOOR,BRONCO 2-DOOR,0.0726427078753848,4,187094.0
ford-bronco-2-door,2023,2.3T Big Bend,183645,184000,183822,"AED 183,645 - 184,000",AED,https://www.drivearabia.com/carprices/uae/ford/ford-bronco-2-door/2023/,2026-06-15T08:11:18Z,FORD,BRONCO 2-DOOR,BRONCO 2-DOOR,0.0726427078753848,3,146602.0
ford-bronco-2-door,2023,2.7T WildTrak,252945,253000,252972,"AED 252,945 - 253,000",AED,https://www.drivearabia.com/carprices/uae/ford/ford-bronco-2-door/2023/,2026-06-15T08:11:18Z,FORD,BRONCO 2-DOOR,BRONCO 2-DOOR,0.0726427078753848,3,201750.0
ford-bronco-2-door,2024,2.3T Big Bend,183645,184000,183822,"AED 183,645 - 184,000",AED,https://www.drivearabia.com/carprices/uae/ford/ford-bronco-2-door/2024/,2026-06-15T08:11:20Z,FORD,BRONCO 2-DOOR,BRONCO 2-DOOR,0.0726427078753848,2,158085.0
ford-bronco-2-door,2024,2.7T WildTrak,252945,253000,252972,"AED 252,945 - 253,000",AED,https://www.drivearabia.com/carprices/uae/ford/ford-bronco-2-door/2024/,2026-06-15T08:11:20Z,FORD,BRONCO 2-DOOR,BRONCO 2-DOOR,0.0726427078753848,2,217554.0
ford-bronco-2-door,2025,2.3TC Big Bend 4WD,193095,193100,193098,"AED 193,095 - 193,100",AED,https://www.drivearabia.com/carprices/uae/ford/ford-bronco-2-door/2025/,2026-06-15T08:11:22Z,FORD,BRONCO 2-DOOR,BRONCO 2-DOOR,0.0726427078753848,1,179071.0
ford-bronco-2-door,2025,2.7TC Outer Banks 4WD,256095,256100,256098,"AED 256,095 - 256,100",AED,https://www.drivearabia.com/carprices/uae/ford/ford-bronco-2-door/2025/,2026-06-15T08:11:22Z,FORD,BRONCO 2-DOOR,BRONCO 2-DOOR,0.0726427078753848,1,237494.0
ford-bronco-2-door,2025,2.7TC WildTrak 4WD,273945,274000,273972,"AED 273,945 - 274,000",AED,https://www.drivearabia.com/carprices/uae/ford/ford-bronco-2-door/2025/,2026-06-15T08:11:22Z,FORD,BRONCO 2-DOOR,BRONCO 2-DOOR,0.0726427078753848,1,254070.0
ford-bronco-2-door,2025,2.7TC Badlands 4WD,283395,284000,283698,"AED 283,395 - 284,000",AED,https://www.drivearabia.com/carprices/uae/ford/ford-bronco-2-door/2025/,2026-06-15T08:11:22Z,FORD,BRONCO 2-DOOR,BRONCO 2-DOOR,0.0726427078753848,1,263089.0
ford-bronco-2-door,2026,2.3TC Big Bend 4WD,193095,193100,193098,"AED 193,095 - 193,100",AED,https://www.drivearabia.com/carprices/uae/ford/ford-bronco-2-door/2026/,2026-06-15T08:11:24Z,FORD,BRONCO 2-DOOR,BRONCO 2-DOOR,0.0726427078753848,0,193098.0
ford-bronco-2-door,2026,2.7TC Outer Banks 4WD,256095,256100,256098,"AED 256,095 - 256,100",AED,https://www.drivearabia.com/carprices/uae/ford/ford-bronco-2-door/2026/,2026-06-15T08:11:24Z,FORD,BRONCO 2-DOOR,BRONCO 2-DOOR,0.0726427078753848,0,256098.0
ford-bronco-2-door,2026,2.7TC WildTrak 4WD,273945,274000,273972,"AED 273,945 - 274,000",AED,https://www.drivearabia.com/carprices/uae/ford/ford-bronco-2-door/2026/,2026-06-15T08:11:24Z,FORD,BRONCO 2-DOOR,BRONCO 2-DOOR,0.0726427078753848,0,273972.0
ford-bronco-2-door,2026,2.7TC Badlands 4WD,283395,284000,283698,"AED 283,395 - 284,000",AED,https://www.drivearabia.com/carprices/uae/ford/ford-bronco-2-door/2026/,2026-06-15T08:11:24Z,FORD,BRONCO 2-DOOR,BRONCO 2-DOOR,0.0726427078753848,0,283698.0
ford-bronco-raptor,2024,3.0T V6 Raptor 4WD,420000,424000,422000,"AED 420,000 - 424,000",AED,https://www.drivearabia.com/carprices/uae/ford/ford-bronco-raptor/2024/,2026-06-15T08:11:58Z,FORD,BRONCO RAPTOR,BRONCO RAPTOR,0.0726427078753848,2,362916.0
ford-bronco-raptor,2025,3.0T V6 Raptor 4WD,420000,424000,422000,"AED 420,000 - 424,000",AED,https://www.drivearabia.com/carprices/uae/ford/ford-bronco-raptor/2025/,2026-06-15T08:12:00Z,FORD,BRONCO RAPTOR,BRONCO RAPTOR,0.0726427078753848,1,391345.0
ford-bronco-raptor,2026,3.0T V6 Raptor 4WD,420000,424000,422000,"AED 420,000 - 424,000",AED,https://www.drivearabia.com/carprices/uae/ford/ford-bronco-raptor/2026/,2026-06-15T08:12:02Z,FORD,BRONCO RAPTOR,BRONCO RAPTOR,0.0726427078753848,0,422000.0
ford-ecosport,2014,Ambiente,58000,60000,59000,"AED 58,000 - 60,000",AED,https://www.drivearabia.com/carprices/uae/ford/ford-ecosport/2014/,2026-06-15T08:13:13Z,FORD,ECOSPORT,ECOSPORT,0.1409307746819251,12,9532.0
ford-ecosport,2014,Trend,65000,67000,66000,"AED 65,000 - 67,000",AED,https://www.drivearabia.com/carprices/uae/ford/ford-ecosport/2014/,2026-06-15T08:13:13Z,FORD,ECOSPORT,ECOSPORT,0.1409307746819251,12,10663.0
ford-ecosport,2014,Titanium,75000,80000,77500,"AED 75,000 - 80,000",AED,https://www.drivearabia.com/carprices/uae/ford/ford-ecosport/2014/,2026-06-15T08:13:13Z,FORD,ECOSPORT,ECOSPORT,0.1409307746819251,12,12521.0
ford-ecosport,2015,Ambiente,58000,60000,59000,"AED 58,000 - 60,000",AED,https://www.drivearabia.com/carprices/uae/ford/ford-ecosport/2015/,2026-06-15T08:13:15Z,FORD,ECOSPORT,ECOSPORT,0.1409307746819251,11,11096.0
ford-ecosport,2015,Trend,65000,67000,66000,"AED 65,000 - 67,000",AED,https://www.drivearabia.com/carprices/uae/ford/ford-ecosport/2015/,2026-06-15T08:13:15Z,FORD,ECOSPORT,ECOSPORT,0.1409307746819251,11,12412.0
ford-ecosport,2015,Titanium,75000,80000,77500,"AED 75,000 - 80,000",AED,https://www.drivearabia.com/carprices/uae/ford/ford-ecosport/2015/,2026-06-15T08:13:15Z,FORD,ECOSPORT,ECOSPORT,0.1409307746819251,11,14575.0
ford-ecosport,2016,Ambiente,58000,60000,59000,"AED 58,000 - 60,000",AED,https://www.drivearabia.com/carprices/uae/ford/ford-ecosport/2016/,2026-06-15T08:13:17Z,FORD,ECOSPORT,ECOSPORT,0.1409307746819251,10,12916.0
ford-ecosport,2016,Trend,65000,67000,66000,"AED 65,000 - 67,000",AED,https://www.drivearabia.com/carprices/uae/ford/ford-ecosport/2016/,2026-06-15T08:13:17Z,FORD,ECOSPORT,ECOSPORT,0.1409307746819251,10,14449.0
ford-ecosport,2016,Titanium,75000,80000,77500,"AED 75,000 - 80,000",AED,https://www.drivearabia.com/carprices/uae/ford/ford-ecosport/2016/,2026-06-15T08:13:17Z,FORD,ECOSPORT,ECOSPORT,0.1409307746819251,10,16966.0
ford-ecosport,2017,Ambiente,58000,60000,59000,"AED 58,000 - 60,000",AED,https://www.drivearabia.com/carprices/uae/ford/ford-ecosport/2017/,2026-06-15T08:13:19Z,FORD,ECOSPORT,ECOSPORT,0.1409307746819251,9,15035.0
ford-ecosport,2017,Trend,65000,67000,66000,"AED 65,000 - 67,000",AED,https://www.drivearabia.com/carprices/uae/ford/ford-ecosport/2017/,2026-06-15T08:13:19Z,FORD,ECOSPORT,ECOSPORT,0.1409307746819251,9,16819.0
ford-ecosport,2017,Titanium,75000,80000,77500,"AED 75,000 - 80,000",AED,https://www.drivearabia.com/carprices/uae/ford/ford-ecosport/2017/,2026-06-15T08:13:19Z,FORD,ECOSPORT,ECOSPORT,0.1409307746819251,9,19749.0
ford-ecosport,2018,Ambiente,58000,60000,59000,"AED 58,000 - 60,000",AED,https://www.drivearabia.com/carprices/uae/ford/ford-ecosport/2018/,2026-06-15T08:13:21Z,FORD,ECOSPORT,ECOSPORT,0.1409307746819251,8,17502.0
ford-ecosport,2018,Trend,65000,67000,66000,"AED 65,000 - 67,000",AED,https://www.drivearabia.com/carprices/uae/ford/ford-ecosport/2018/,2026-06-15T08:13:21Z,FORD,ECOSPORT,ECOSPORT,0.1409307746819251,8,19578.0
ford-ecosport,2018,Titanium,75000,80000,77500,"AED 75,000 - 80,000",AED,https://www.drivearabia.com/carprices/uae/ford/ford-ecosport/2018/,2026-06-15T08:13:21Z,FORD,ECOSPORT,ECOSPORT,0.1409307746819251,8,22989.0
ford-ecosport,2019,Ambiente,58000,60000,59000,"AED 58,000 - 60,000",AED,https://www.drivearabia.com/carprices/uae/ford/ford-ecosport/2019/,2026-06-15T08:13:23Z,FORD,ECOSPORT,ECOSPORT,0.1409307746819251,7,20373.0
ford-ecosport,2019,Trend,65000,67000,66000,"AED 65,000 - 67,000",AED,https://www.drivearabia.com/carprices/uae/ford/ford-ecosport/2019/,2026-06-15T08:13:23Z,FORD,ECOSPORT,ECOSPORT,0.1409307746819251,7,22790.0
ford-ecosport,2019,Titanium,75000,80000,77500,"AED 75,000 - 80,000",AED,https://www.drivearabia.com/carprices/uae/ford/ford-ecosport/2019/,2026-06-15T08:13:23Z,FORD,ECOSPORT,ECOSPORT,0.1409307746819251,7,26761.0
ford-ecosport,2020,Ambiente,58000,60000,59000,"AED 58,000 - 60,000",AED,https://www.drivearabia.com/carprices/uae/ford/ford-ecosport/2020/,2026-06-15T08:13:25Z,FORD,ECOSPORT,ECOSPORT,0.1409307746819251,6,23715.0
ford-ecosport,2020,Trend,65000,67000,66000,"AED 65,000 - 67,000",AED,https://www.drivearabia.com/carprices/uae/ford/ford-ecosport/2020/,2026-06-15T08:13:25Z,FORD,ECOSPORT,ECOSPORT,0.1409307746819251,6,26529.0
ford-ecosport,2020,Titanium,75000,80000,77500,"AED 75,000 - 80,000",AED,https://www.drivearabia.com/carprices/uae/ford/ford-ecosport/2020/,2026-06-15T08:13:25Z,FORD,ECOSPORT,ECOSPORT,0.1409307746819251,6,31151.0
ford-ecosport,2021,Ambiente,58000,60000,59000,"AED 58,000 - 60,000",AED,https://www.drivearabia.com/carprices/uae/ford/ford-ecosport/2021/,2026-06-15T08:13:26Z,FORD,ECOSPORT,ECOSPORT,0.1409307746819251,5,27605.0
ford-ecosport,2021,Trend,65000,67000,66000,"AED 65,000 - 67,000",AED,https://www.drivearabia.com/carprices/uae/ford/ford-ecosport/2021/,2026-06-15T08:13:26Z,FORD,ECOSPORT,ECOSPORT,0.1409307746819251,5,30881.0
ford-ecosport,2021,Titanium,75000,80000,77500,"AED 75,000 - 80,000",AED,https://www.drivearabia.com/carprices/uae/ford/ford-ecosport/2021/,2026-06-15T08:13:26Z,FORD,ECOSPORT,ECOSPORT,0.1409307746819251,5,36261.0
ford-edge,2011,3.5L SE FWD,105000,110000,107500,"AED 105,000 - 110,000",AED,https://www.drivearabia.com/carprices/uae/ford/ford-edge/2011/,2026-06-15T08:13:55Z,FORD,EDGE,EDGE,0.1522446399979709,15,9025.0
ford-edge,2011,3.5L SEL/Limited AWD,135000,149000,142000,"AED 135,000 - 149,000",AED,https://www.drivearabia.com/carprices/uae/ford/ford-edge/2011/,2026-06-15T08:13:55Z,FORD,EDGE,EDGE,0.1522446399979709,15,11922.0
ford-edge,2011,3.7L Sport AWD,160000,165000,162500,"AED 160,000 - 165,000",AED,https://www.drivearabia.com/carprices/uae/ford/ford-edge/2011/,2026-06-15T08:13:55Z,FORD,EDGE,EDGE,0.1522446399979709,15,13643.0
ford-edge,2012,3.5L SE FWD,105000,110000,107500,"AED 105,000 - 110,000",AED,https://www.drivearabia.com/carprices/uae/ford/ford-edge/2012/,2026-06-15T08:13:57Z,FORD,EDGE,EDGE,0.1522446399979709,14,10646.0
ford-edge,2012,3.5L SEL/Limited AWD,135000,149000,142000,"AED 135,000 - 149,000",AED,https://www.drivearabia.com/carprices/uae/ford/ford-edge/2012/,2026-06-15T08:13:57Z,FORD,EDGE,EDGE,0.1522446399979709,14,14063.0
ford-edge,2012,3.7L Sport AWD,160000,165000,162500,"AED 160,000 - 165,000",AED,https://www.drivearabia.com/carprices/uae/ford/ford-edge/2012/,2026-06-15T08:13:57Z,FORD,EDGE,EDGE,0.1522446399979709,14,16093.0
ford-edge,2013,3.5L SE FWD,105000,110000,107500,"AED 105,000 - 110,000",AED,https://www.drivearabia.com/carprices/uae/ford/ford-edge/2013/,2026-06-15T08:13:59Z,FORD,EDGE,EDGE,0.1522446399979709,13,12558.0
ford-edge,2013,3.5L SEL/Limited AWD,135000,149000,142000,"AED 135,000 - 149,000",AED,https://www.drivearabia.com/carprices/uae/ford/ford-edge/2013/,2026-06-15T08:13:59Z,FORD,EDGE,EDGE,0.1522446399979709,13,16588.0
ford-edge,2013,3.7L Sport AWD,160000,165000,162500,"AED 160,000 - 165,000",AED,https://www.drivearabia.com/carprices/uae/ford/ford-edge/2013/,2026-06-15T08:13:59Z,FORD,EDGE,EDGE,0.1522446399979709,13,18983.0
ford-edge,2014,3.5L SE FWD,105000,110000,107500,"AED 105,000 - 110,000",AED,https://www.drivearabia.com/carprices/uae/ford/ford-edge/2014/,2026-06-15T08:14:00Z,FORD,EDGE,EDGE,0.1522446399979709,12,14813.0
ford-edge,2014,3.5L SEL/Limited AWD,135000,149000,142000,"AED 135,000 - 149,000",AED,https://www.drivearabia.com/carprices/uae/ford/ford-edge/2014/,2026-06-15T08:14:00Z,FORD,EDGE,EDGE,0.1522446399979709,12,19567.0
ford-edge,2014,3.7L Sport AWD,160000,165000,162500,"AED 160,000 - 165,000",AED,https://www.drivearabia.com/carprices/uae/ford/ford-edge/2014/,2026-06-15T08:14:00Z,FORD,EDGE,EDGE,0.1522446399979709,12,22392.0
ford-edge,2017,3.5 SE FWD,115000,116000,115500,"AED 115,000 - 116,000",AED,https://www.drivearabia.com/carprices/uae/ford/ford-edge/2017/,2026-06-15T08:14:05Z,FORD,EDGE,EDGE,0.1522446399979709,9,26123.0
ford-edge,2017,2.0T SE FWD,115000,116000,115500,"AED 115,000 - 116,000",AED,https://www.drivearabia.com/carprices/uae/ford/ford-edge/2017/,2026-06-15T08:14:05Z,FORD,EDGE,EDGE,0.1522446399979709,9,26123.0
ford-edge,2017,3.5 SE AWD,120000,121000,120500,"AED 120,000 - 121,000",AED,https://www.drivearabia.com/carprices/uae/ford/ford-edge/2017/,2026-06-15T08:14:05Z,FORD,EDGE,EDGE,0.1522446399979709,9,27253.0
ford-edge,2017,2.0T SE AWD,120000,121000,120500,"AED 120,000 - 121,000",AED,https://www.drivearabia.com/carprices/uae/ford/ford-edge/2017/,2026-06-15T08:14:05Z,FORD,EDGE,EDGE,0.1522446399979709,9,27253.0
ford-edge,2017,3.5 SEL AWD,135000,136000,135500,"AED 135,000 - 136,000",AED,https://www.drivearabia.com/carprices/uae/ford/ford-edge/2017/,2026-06-15T08:14:05Z,FORD,EDGE,EDGE,0.1522446399979709,9,30646.0
ford-edge,2017,2.0T SEL AWD,135000,136000,135500,"AED 135,000 - 136,000",AED,https://www.drivearabia.com/carprices/uae/ford/ford-edge/2017/,2026-06-15T08:14:05Z,FORD,EDGE,EDGE,0.1522446399979709,9,30646.0
ford-edge,2017,3.5 Titatinium AWD,165000,180000,172500,"AED 165,000 - 180,000",AED,https://www.drivearabia.com/carprices/uae/ford/ford-edge/2017/,2026-06-15T08:14:05Z,FORD,EDGE,EDGE,0.1522446399979709,9,39014.0
ford-edge,2017,2.7T Sport AWD,190000,210000,200000,"AED 190,000 - 210,000",AED,https://www.drivearabia.com/carprices/uae/ford/ford-edge/2017/,2026-06-15T08:14:05Z,FORD,EDGE,EDGE,0.1522446399979709,9,45234.0
ford-edge,2018,3.5 SE FWD,115000,116000,115500,"AED 115,000 - 116,000",AED,https://www.drivearabia.com/carprices/uae/ford/ford-edge/2018/,2026-06-15T08:14:07Z,FORD,EDGE,EDGE,0.1522446399979709,8,30814.0
ford-edge,2018,2.0T SE FWD,115000,116000,115500,"AED 115,000 - 116,000",AED,https://www.drivearabia.com/carprices/uae/ford/ford-edge/2018/,2026-06-15T08:14:07Z,FORD,EDGE,EDGE,0.1522446399979709,8,30814.0
ford-edge,2018,3.5 SE AWD,120000,121000,120500,"AED 120,000 - 121,000",AED,https://www.drivearabia.com/carprices/uae/ford/ford-edge/2018/,2026-06-15T08:14:07Z,FORD,EDGE,EDGE,0.1522446399979709,8,32148.0
ford-edge,2018,2.0T SE AWD,120000,121000,120500,"AED 120,000 - 121,000",AED,https://www.drivearabia.com/carprices/uae/ford/ford-edge/2018/,2026-06-15T08:14:07Z,FORD,EDGE,EDGE,0.1522446399979709,8,32148.0
ford-edge,2018,3.5 SEL AWD,135000,136000,135500,"AED 135,000 - 136,000",AED,https://www.drivearabia.com/carprices/uae/ford/ford-edge/2018/,2026-06-15T08:14:07Z,FORD,EDGE,EDGE,0.1522446399979709,8,36150.0
ford-edge,2018,2.0T SEL AWD,135000,136000,135500,"AED 135,000 - 136,000",AED,https://www.drivearabia.com/carprices/uae/ford/ford-edge/2018/,2026-06-15T08:14:07Z,FORD,EDGE,EDGE,0.1522446399979709,8,36150.0
ford-edge,2018,3.5 Titatinium AWD,165000,180000,172500,"AED 165,000 - 180,000",AED,https://www.drivearabia.com/carprices/uae/ford/ford-edge/2018/,2026-06-15T08:14:07Z,FORD,EDGE,EDGE,0.1522446399979709,8,46021.0
ford-edge,2018,2.7T Sport AWD,190000,210000,200000,"AED 190,000 - 210,000",AED,https://www.drivearabia.com/carprices/uae/ford/ford-edge/2018/,2026-06-15T08:14:07Z,FORD,EDGE,EDGE,0.1522446399979709,8,53357.0
ford-edge,2019,Ambient 2.0T FWD,128500,130000,129250,"AED 128,500 - 130,000",AED,https://www.drivearabia.com/carprices/uae/ford/ford-edge/2019/,2026-06-15T08:14:09Z,FORD,EDGE,EDGE,0.1522446399979709,7,40675.0
ford-edge,2019,Trend 2.0T FWD,136000,137000,136500,"AED 136,000 - 137,000",AED,https://www.drivearabia.com/carprices/uae/ford/ford-edge/2019/,2026-06-15T08:14:09Z,FORD,EDGE,EDGE,0.1522446399979709,7,42956.0
ford-edge,2019,Titanium 2.0T AWD,170000,171000,170500,"AED 170,000 - 171,000",AED,https://www.drivearabia.com/carprices/uae/ford/ford-edge/2019/,2026-06-15T08:14:09Z,FORD,EDGE,EDGE,0.1522446399979709,7,53656.0
ford-edge,2019,ST 2.7T AWD,179500,181000,180250,"AED 179,500 - 181,000",AED,https://www.drivearabia.com/carprices/uae/ford/ford-edge/2019/,2026-06-15T08:14:09Z,FORD,EDGE,EDGE,0.1522446399979709,7,56724.0
ford-edge,2020,3.5 SE FWD,115000,116000,115500,"AED 115,000 - 116,000",AED,https://www.drivearabia.com/carprices/uae/ford/ford-edge/2020/,2026-06-15T08:14:11Z,FORD,EDGE,EDGE,0.1522446399979709,6,42875.0
ford-edge,2020,2.0T SE FWD,115000,116000,115500,"AED 115,000 - 116,000",AED,https://www.drivearabia.com/carprices/uae/ford/ford-edge/2020/,2026-06-15T08:14:11Z,FORD,EDGE,EDGE,0.1522446399979709,6,42875.0
ford-edge,2020,3.5 SE AWD,120000,121000,120500,"AED 120,000 - 121,000",AED,https://www.drivearabia.com/carprices/uae/ford/ford-edge/2020/,2026-06-15T08:14:11Z,FORD,EDGE,EDGE,0.1522446399979709,6,44731.0
ford-edge,2020,2.0T SE AWD,120000,121000,120500,"AED 120,000 - 121,000",AED,https://www.drivearabia.com/carprices/uae/ford/ford-edge/2020/,2026-06-15T08:14:11Z,FORD,EDGE,EDGE,0.1522446399979709,6,44731.0
ford-edge,2020,3.5 SEL AWD,135000,136000,135500,"AED 135,000 - 136,000",AED,https://www.drivearabia.com/carprices/uae/ford/ford-edge/2020/,2026-06-15T08:14:11Z,FORD,EDGE,EDGE,0.1522446399979709,6,50299.0
ford-edge,2020,2.0T SEL AWD,135000,136000,135500,"AED 135,000 - 136,000",AED,https://www.drivearabia.com/carprices/uae/ford/ford-edge/2020/,2026-06-15T08:14:11Z,FORD,EDGE,EDGE,0.1522446399979709,6,50299.0
ford-edge,2020,3.5 Titatinium AWD,165000,180000,172500,"AED 165,000 - 180,000",AED,https://www.drivearabia.com/carprices/uae/ford/ford-edge/2020/,2026-06-15T08:14:11Z,FORD,EDGE,EDGE,0.1522446399979709,6,64034.0
ford-edge,2020,2.7T Sport AWD,190000,210000,200000,"AED 190,000 - 210,000",AED,https://www.drivearabia.com/carprices/uae/ford/ford-edge/2020/,2026-06-15T08:14:11Z,FORD,EDGE,EDGE,0.1522446399979709,6,74243.0
ford-edge,2021,3.5 SE FWD,115000,116000,115500,"AED 115,000 - 116,000",AED,https://www.drivearabia.com/carprices/uae/ford/ford-edge/2021/,2026-06-15T08:14:13Z,FORD,EDGE,EDGE,0.1522446399979709,5,50575.0
ford-edge,2021,2.0T SE FWD,115000,116000,115500,"AED 115,000 - 116,000",AED,https://www.drivearabia.com/carprices/uae/ford/ford-edge/2021/,2026-06-15T08:14:13Z,FORD,EDGE,EDGE,0.1522446399979709,5,50575.0
ford-edge,2021,3.5 SE AWD,120000,121000,120500,"AED 120,000 - 121,000",AED,https://www.drivearabia.com/carprices/uae/ford/ford-edge/2021/,2026-06-15T08:14:13Z,FORD,EDGE,EDGE,0.1522446399979709,5,52764.0
ford-edge,2021,2.0T SE AWD,120000,121000,120500,"AED 120,000 - 121,000",AED,https://www.drivearabia.com/carprices/uae/ford/ford-edge/2021/,2026-06-15T08:14:13Z,FORD,EDGE,EDGE,0.1522446399979709,5,52764.0
ford-edge,2021,3.5 SEL AWD,135000,136000,135500,"AED 135,000 - 136,000",AED,https://www.drivearabia.com/carprices/uae/ford/ford-edge/2021/,2026-06-15T08:14:13Z,FORD,EDGE,EDGE,0.1522446399979709,5,59332.0
ford-edge,2021,2.0T SEL AWD,135000,136000,135500,"AED 135,000 - 136,000",AED,https://www.drivearabia.com/carprices/uae/ford/ford-edge/2021/,2026-06-15T08:14:13Z,FORD,EDGE,EDGE,0.1522446399979709,5,59332.0
ford-edge,2021,3.5 Titatinium AWD,165000,180000,172500,"AED 165,000 - 180,000",AED,https://www.drivearabia.com/carprices/uae/ford/ford-edge/2021/,2026-06-15T08:14:13Z,FORD,EDGE,EDGE,0.1522446399979709,5,75534.0
ford-edge,2021,2.7T Sport AWD,190000,210000,200000,"AED 190,000 - 210,000",AED,https://www.drivearabia.com/carprices/uae/ford/ford-edge/2021/,2026-06-15T08:14:13Z,FORD,EDGE,EDGE,0.1522446399979709,5,87576.0
ford-edge,2022,2.0T Ambient FWD,120800,121000,120900,"AED 120,800 - 121,000",AED,https://www.drivearabia.com/carprices/uae/ford/ford-edge/2022/,2026-06-15T08:14:15Z,FORD,EDGE,EDGE,0.1522446399979709,4,62447.0
ford-edge,2022,2.0T Trend FWD,130000,131000,130500,"AED 130,000 - 131,000",AED,https://www.drivearabia.com/carprices/uae/ford/ford-edge/2022/,2026-06-15T08:14:15Z,FORD,EDGE,EDGE,0.1522446399979709,4,67405.0
ford-edge,2022,2.0T Titanium AWD,171895,172000,171948,"AED 171,895 - 172,000",AED,https://www.drivearabia.com/carprices/uae/ford/ford-edge/2022/,2026-06-15T08:14:15Z,FORD,EDGE,EDGE,0.1522446399979709,4,88814.0
ford-edge,2022,2.7T ST AWD,195000,210000,202500,"AED 195,000 - 210,000",AED,https://www.drivearabia.com/carprices/uae/ford/ford-edge/2022/,2026-06-15T08:14:15Z,FORD,EDGE,EDGE,0.1522446399979709,4,104594.0
ford-edge,2023,2.0TC I4 SEL FWD,167895,169000,168448,"AED 167,895 - 169,000",AED,https://www.drivearabia.com/carprices/uae/ford/ford-edge/2023/,2026-06-15T08:14:17Z,FORD,EDGE,EDGE,0.1522446399979709,3,102631.0
ford-edge,2023,2.0TC I4 Titanium AWD,202545,204000,203272,"AED 202,545 - 204,000",AED,https://www.drivearabia.com/carprices/uae/ford/ford-edge/2023/,2026-06-15T08:14:17Z,FORD,EDGE,EDGE,0.1522446399979709,3,123848.0
ford-edge,2023,2.7TC V6 ST AWD,207795,208000,207898,"AED 207,795 - 208,000",AED,https://www.drivearabia.com/carprices/uae/ford/ford-edge/2023/,2026-06-15T08:14:17Z,FORD,EDGE,EDGE,0.1522446399979709,3,126667.0
ford-edge,2024,2.0TC I4 SEL FWD,167895,169000,168448,"AED 167,895 - 169,000",AED,https://www.drivearabia.com/carprices/uae/ford/ford-edge/2024/,2026-06-15T08:14:19Z,FORD,EDGE,EDGE,0.1522446399979709,2,121062.0
ford-edge,2024,2.0TC I4 Titanium AWD,202545,204000,203272,"AED 202,545 - 204,000",AED,https://www.drivearabia.com/carprices/uae/ford/ford-edge/2024/,2026-06-15T08:14:19Z,FORD,EDGE,EDGE,0.1522446399979709,2,146089.0
ford-edge,2024,2.7TC V6 ST AWD,207795,208000,207898,"AED 207,795 - 208,000",AED,https://www.drivearabia.com/carprices/uae/ford/ford-edge/2024/,2026-06-15T08:14:19Z,FORD,EDGE,EDGE,0.1522446399979709,2,149414.0
ford-escape,2015,S,89000,91000,90000,"AED 89,000 - 91,000",AED,https://www.drivearabia.com/carprices/uae/ford/ford-escape/2015/,2026-06-15T08:14:56Z,FORD,ESCAPE,ESCAPE,0.1407734542598709,11,16960.0
ford-escape,2015,SE,115000,117000,116000,"AED 115,000 - 117,000",AED,https://www.drivearabia.com/carprices/uae/ford/ford-escape/2015/,2026-06-15T08:14:56Z,FORD,ESCAPE,ESCAPE,0.1407734542598709,11,21860.0
ford-escape,2015,Titanium,139000,140000,139500,"AED 139,000 - 140,000",AED,https://www.drivearabia.com/carprices/uae/ford/ford-escape/2015/,2026-06-15T08:14:56Z,FORD,ESCAPE,ESCAPE,0.1407734542598709,11,26288.0
ford-escape,2016,S,89000,91000,90000,"AED 89,000 - 91,000",AED,https://www.drivearabia.com/carprices/uae/ford/ford-escape/2016/,2026-06-15T08:14:58Z,FORD,ESCAPE,ESCAPE,0.1407734542598709,10,19739.0
ford-escape,2016,SE,115000,117000,116000,"AED 115,000 - 117,000",AED,https://www.drivearabia.com/carprices/uae/ford/ford-escape/2016/,2026-06-15T08:14:58Z,FORD,ESCAPE,ESCAPE,0.1407734542598709,10,25441.0
ford-escape,2016,Titanium,139000,140000,139500,"AED 139,000 - 140,000",AED,https://www.drivearabia.com/carprices/uae/ford/ford-escape/2016/,2026-06-15T08:14:58Z,FORD,ESCAPE,ESCAPE,0.1407734542598709,10,30595.0
ford-escape,2017,S,89000,95000,92000,"AED 89,000 - 95,000",AED,https://www.drivearabia.com/carprices/uae/ford/ford-escape/2017/,2026-06-15T08:15:00Z,FORD,ESCAPE,ESCAPE,0.1407734542598709,9,23483.0
ford-escape,2017,SE,110000,117000,113500,"AED 110,000 - 117,000",AED,https://www.drivearabia.com/carprices/uae/ford/ford-escape/2017/,2026-06-15T08:15:00Z,FORD,ESCAPE,ESCAPE,0.1407734542598709,9,28971.0
ford-escape,2017,Titanium,130000,140000,135000,"AED 130,000 - 140,000",AED,https://www.drivearabia.com/carprices/uae/ford/ford-escape/2017/,2026-06-15T08:15:00Z,FORD,ESCAPE,ESCAPE,0.1407734542598709,9,34459.0
ford-escape,2018,S,89000,95000,92000,"AED 89,000 - 95,000",AED,https://www.drivearabia.com/carprices/uae/ford/ford-escape/2018/,2026-06-15T08:15:02Z,FORD,ESCAPE,ESCAPE,0.1407734542598709,8,27331.0
ford-escape,2018,SE,110000,117000,113500,"AED 110,000 - 117,000",AED,https://www.drivearabia.com/carprices/uae/ford/ford-escape/2018/,2026-06-15T08:15:02Z,FORD,ESCAPE,ESCAPE,0.1407734542598709,8,33718.0
ford-escape,2018,Titanium,130000,140000,135000,"AED 130,000 - 140,000",AED,https://www.drivearabia.com/carprices/uae/ford/ford-escape/2018/,2026-06-15T08:15:02Z,FORD,ESCAPE,ESCAPE,0.1407734542598709,8,40105.0
ford-escape,2019,S,89000,95000,92000,"AED 89,000 - 95,000",AED,https://www.drivearabia.com/carprices/uae/ford/ford-escape/2019/,2026-06-15T08:15:03Z,FORD,ESCAPE,ESCAPE,0.1407734542598709,7,31808.0
ford-escape,2019,SE,110000,117000,113500,"AED 110,000 - 117,000",AED,https://www.drivearabia.com/carprices/uae/ford/ford-escape/2019/,2026-06-15T08:15:03Z,FORD,ESCAPE,ESCAPE,0.1407734542598709,7,39242.0
ford-escape,2019,Titanium,130000,140000,135000,"AED 130,000 - 140,000",AED,https://www.drivearabia.com/carprices/uae/ford/ford-escape/2019/,2026-06-15T08:15:03Z,FORD,ESCAPE,ESCAPE,0.1407734542598709,7,46675.0
ford-escape,2020,S,89000,95000,92000,"AED 89,000 - 95,000",AED,https://www.drivearabia.com/carprices/uae/ford/ford-escape/2020/,2026-06-15T08:15:05Z,FORD,ESCAPE,ESCAPE,0.1407734542598709,6,37020.0
ford-escape,2020,SE,110000,117000,113500,"AED 110,000 - 117,000",AED,https://www.drivearabia.com/carprices/uae/ford/ford-escape/2020/,2026-06-15T08:15:05Z,FORD,ESCAPE,ESCAPE,0.1407734542598709,6,45671.0
ford-escape,2020,Titanium,130000,140000,135000,"AED 130,000 - 140,000",AED,https://www.drivearabia.com/carprices/uae/ford/ford-escape/2020/,2026-06-15T08:15:05Z,FORD,ESCAPE,ESCAPE,0.1407734542598709,6,54323.0
ford-escape,2021,1.5T Ambiente,82500,83000,82750,"AED 82,500 - 83,000",AED,https://www.drivearabia.com/carprices/uae/ford/ford-escape/2021/,2026-06-15T08:15:07Z,FORD,ESCAPE,ESCAPE,0.1407734542598709,5,38753.0
ford-escape,2021,1.5T Trend,96500,97000,96750,"AED 96,500 - 97,000",AED,https://www.drivearabia.com/carprices/uae/ford/ford-escape/2021/,2026-06-15T08:15:07Z,FORD,ESCAPE,ESCAPE,0.1407734542598709,5,45310.0
ford-escape,2022,1.5T Ambiente,82500,83000,82750,"AED 82,500 - 83,000",AED,https://www.drivearabia.com/carprices/uae/ford/ford-escape/2022/,2026-06-15T08:15:09Z,FORD,ESCAPE,ESCAPE,0.1407734542598709,4,45102.0
ford-escape,2022,1.5T Trend,96500,97000,96750,"AED 96,500 - 97,000",AED,https://www.drivearabia.com/carprices/uae/ford/ford-escape/2022/,2026-06-15T08:15:09Z,FORD,ESCAPE,ESCAPE,0.1407734542598709,4,52733.0
ford-escape,2022,2.0T Titanium,130000,140000,135000,"AED 130,000 - 140,000",AED,https://www.drivearabia.com/carprices/uae/ford/ford-escape/2022/,2026-06-15T08:15:09Z,FORD,ESCAPE,ESCAPE,0.1407734542598709,4,73581.0
ford-escape,2023,1.5T Ambiente,82500,83000,82750,"AED 82,500 - 83,000",AED,https://www.drivearabia.com/carprices/uae/ford/ford-escape/2023/,2026-06-15T08:15:11Z,FORD,ESCAPE,ESCAPE,0.1407734542598709,3,52492.0
ford-escape,2023,1.5T Trend,96500,97000,96750,"AED 96,500 - 97,000",AED,https://www.drivearabia.com/carprices/uae/ford/ford-escape/2023/,2026-06-15T08:15:11Z,FORD,ESCAPE,ESCAPE,0.1407734542598709,3,61373.0
ford-escape,2023,2.0T Titanium,130000,140000,135000,"AED 130,000 - 140,000",AED,https://www.drivearabia.com/carprices/uae/ford/ford-escape/2023/,2026-06-15T08:15:11Z,FORD,ESCAPE,ESCAPE,0.1407734542598709,3,85636.0
ford-everest,2024,2.3TC I4 XLS 4WD,157395,158000,157698,"AED 157,395 - 158,000",AED,https://www.drivearabia.com/carprices/uae/ford/ford-everest/2024/,2026-06-15T08:16:31Z,FORD,EVEREST,EVEREST,0.1546787216098926,2,112686.0
ford-everest,2024,2.3TC I4 XLT 4WD,167895,168000,167948,"AED 167,895 - 168,000",AED,https://www.drivearabia.com/carprices/uae/ford/ford-everest/2024/,2026-06-15T08:16:31Z,FORD,EVEREST,EVEREST,0.1546787216098926,2,120010.0
ford-everest,2024,2.3TC I4 Limited 4WD,199395,200000,199698,"AED 199,395 - 200,000",AED,https://www.drivearabia.com/carprices/uae/ford/ford-everest/2024/,2026-06-15T08:16:31Z,FORD,EVEREST,EVEREST,0.1546787216098926,2,142698.0
ford-everest,2025,2.3TC I4 XLS 4WD,157395,158000,157698,"AED 157,395 - 158,000",AED,https://www.drivearabia.com/carprices/uae/ford/ford-everest/2025/,2026-06-15T08:16:32Z,FORD,EVEREST,EVEREST,0.1546787216098926,1,133305.0
ford-everest,2025,2.3TC I4 XLT 4WD,167895,168000,167948,"AED 167,895 - 168,000",AED,https://www.drivearabia.com/carprices/uae/ford/ford-everest/2025/,2026-06-15T08:16:32Z,FORD,EVEREST,EVEREST,0.1546787216098926,1,141970.0
ford-everest,2025,2.3TC I4 Limited 4WD,199395,200000,199698,"AED 199,395 - 200,000",AED,https://www.drivearabia.com/carprices/uae/ford/ford-everest/2025/,2026-06-15T08:16:32Z,FORD,EVEREST,EVEREST,0.1546787216098926,1,168809.0
ford-everest,2026,2.3TC I4 XLS 4WD,157395,158000,157698,"AED 157,395 - 158,000",AED,https://www.drivearabia.com/carprices/uae/ford/ford-everest/2026/,2026-06-15T08:16:34Z,FORD,EVEREST,EVEREST,0.1546787216098926,0,157698.0
ford-everest,2026,2.3TC I4 XLT 4WD,167895,168000,167948,"AED 167,895 - 168,000",AED,https://www.drivearabia.com/carprices/uae/ford/ford-everest/2026/,2026-06-15T08:16:34Z,FORD,EVEREST,EVEREST,0.1546787216098926,0,167948.0
ford-everest,2026,2.3TC I4 Limited 4WD,199395,200000,199698,"AED 199,395 - 200,000",AED,https://www.drivearabia.com/carprices/uae/ford/ford-everest/2026/,2026-06-15T08:16:34Z,FORD,EVEREST,EVEREST,0.1546787216098926,0,199698.0
ford-expedition,2007,Expedition,119000,189000,154000,"AED 119,000 - 189,000",AED,https://www.drivearabia.com/carprices/uae/ford/ford-expedition/2007/,2026-06-15T08:16:50Z,FORD,EXPEDITION,EXPEDITION,0.1658302997820863,19,4913.0
ford-expedition,2007,EL,175000,200000,187500,"AED 175,000 - 200,000",AED,https://www.drivearabia.com/carprices/uae/ford/ford-expedition/2007/,2026-06-15T08:16:50Z,FORD,EXPEDITION,EXPEDITION,0.1658302997820863,19,5982.0
ford-expedition,2008,Expedition,119000,189000,154000,"AED 119,000 - 189,000",AED,https://www.drivearabia.com/carprices/uae/ford/ford-expedition/2008/,2026-06-15T08:16:51Z,FORD,EXPEDITION,EXPEDITION,0.1658302997820863,18,5890.0
ford-expedition,2008,EL,175000,200000,187500,"AED 175,000 - 200,000",AED,https://www.drivearabia.com/carprices/uae/ford/ford-expedition/2008/,2026-06-15T08:16:51Z,FORD,EXPEDITION,EXPEDITION,0.1658302997820863,18,7171.0
ford-expedition,2009,Expedition,119000,189000,154000,"AED 119,000 - 189,000",AED,https://www.drivearabia.com/carprices/uae/ford/ford-expedition/2009/,2026-06-15T08:16:54Z,FORD,EXPEDITION,EXPEDITION,0.1658302997820863,17,7061.0
ford-expedition,2009,EL,175000,200000,187500,"AED 175,000 - 200,000",AED,https://www.drivearabia.com/carprices/uae/ford/ford-expedition/2009/,2026-06-15T08:16:54Z,FORD,EXPEDITION,EXPEDITION,0.1658302997820863,17,8597.0
ford-expedition,2010,Expedition,119000,189000,154000,"AED 119,000 - 189,000",AED,https://www.drivearabia.com/carprices/uae/ford/ford-expedition/2010/,2026-06-15T08:16:55Z,FORD,EXPEDITION,EXPEDITION,0.1658302997820863,16,8464.0
ford-expedition,2010,EL,175000,200000,187500,"AED 175,000 - 200,000",AED,https://www.drivearabia.com/carprices/uae/ford/ford-expedition/2010/,2026-06-15T08:16:55Z,FORD,EXPEDITION,EXPEDITION,0.1658302997820863,16,10306.0
ford-expedition,2011,Expedition,119000,189000,154000,"AED 119,000 - 189,000",AED,https://www.drivearabia.com/carprices/uae/ford/ford-expedition/2011/,2026-06-15T08:16:57Z,FORD,EXPEDITION,EXPEDITION,0.1658302997820863,15,10147.0
ford-expedition,2011,EL,175000,200000,187500,"AED 175,000 - 200,000",AED,https://www.drivearabia.com/carprices/uae/ford/ford-expedition/2011/,2026-06-15T08:16:57Z,FORD,EXPEDITION,EXPEDITION,0.1658302997820863,15,12354.0
ford-expedition,2012,Expedition,119000,189000,154000,"AED 119,000 - 189,000",AED,https://www.drivearabia.com/carprices/uae/ford/ford-expedition/2012/,2026-06-15T08:16:59Z,FORD,EXPEDITION,EXPEDITION,0.1658302997820863,14,12164.0
ford-expedition,2012,EL,175000,200000,187500,"AED 175,000 - 200,000",AED,https://www.drivearabia.com/carprices/uae/ford/ford-expedition/2012/,2026-06-15T08:16:59Z,FORD,EXPEDITION,EXPEDITION,0.1658302997820863,14,14810.0
ford-expedition,2013,Expedition,119000,189000,154000,"AED 119,000 - 189,000",AED,https://www.drivearabia.com/carprices/uae/ford/ford-expedition/2013/,2026-06-15T08:17:01Z,FORD,EXPEDITION,EXPEDITION,0.1658302997820863,13,14582.0
ford-expedition,2013,EL,175000,200000,187500,"AED 175,000 - 200,000",AED,https://www.drivearabia.com/carprices/uae/ford/ford-expedition/2013/,2026-06-15T08:17:01Z,FORD,EXPEDITION,EXPEDITION,0.1658302997820863,13,17755.0
ford-expedition,2014,Expedition,119000,189000,154000,"AED 119,000 - 189,000",AED,https://www.drivearabia.com/carprices/uae/ford/ford-expedition/2014/,2026-06-15T08:17:03Z,FORD,EXPEDITION,EXPEDITION,0.1658302997820863,12,17481.0
ford-expedition,2014,EL,175000,200000,187500,"AED 175,000 - 200,000",AED,https://www.drivearabia.com/carprices/uae/ford/ford-expedition/2014/,2026-06-15T08:17:03Z,FORD,EXPEDITION,EXPEDITION,0.1658302997820863,12,21284.0
ford-expedition,2018,XL 4x2,173250,174000,173625,"AED 173,250 - 174,000",AED,https://www.drivearabia.com/carprices/uae/ford/ford-expedition/2018/,2026-06-15T08:17:10Z,FORD,EXPEDITION,EXPEDITION,0.1658302997820863,8,40705.0
ford-expedition,2018,XL EL 4x2,183750,184000,183875,"AED 183,750 - 184,000",AED,https://www.drivearabia.com/carprices/uae/ford/ford-expedition/2018/,2026-06-15T08:17:10Z,FORD,EXPEDITION,EXPEDITION,0.1658302997820863,8,43108.0
ford-expedition,2018,XLT 4x4,194250,195000,194625,"AED 194,250 - 195,000",AED,https://www.drivearabia.com/carprices/uae/ford/ford-expedition/2018/,2026-06-15T08:17:10Z,FORD,EXPEDITION,EXPEDITION,0.1658302997820863,8,45628.0
ford-expedition,2018,Limited 4x4,241500,242000,241750,"AED 241,500 - 242,000",AED,https://www.drivearabia.com/carprices/uae/ford/ford-expedition/2018/,2026-06-15T08:17:10Z,FORD,EXPEDITION,EXPEDITION,0.1658302997820863,8,56676.0
ford-expedition,2018,Limited EL 4x4,252000,253000,252500,"AED 252,000 - 253,000",AED,https://www.drivearabia.com/carprices/uae/ford/ford-expedition/2018/,2026-06-15T08:17:10Z,FORD,EXPEDITION,EXPEDITION,0.1658302997820863,8,59197.0
ford-expedition,2019,XLT 4x2,215000,220000,217500,"AED 215,000 - 220,000",AED,https://www.drivearabia.com/carprices/uae/ford/ford-expedition/2019/,2026-06-15T08:17:12Z,FORD,EXPEDITION,EXPEDITION,0.1658302997820863,7,61128.0
ford-expedition,2019,XLT 4x4,230000,235000,232500,"AED 230,000 - 235,000",AED,https://www.drivearabia.com/carprices/uae/ford/ford-expedition/2019/,2026-06-15T08:17:12Z,FORD,EXPEDITION,EXPEDITION,0.1658302997820863,7,65344.0
ford-expedition,2019,Turath Edition 4x4,286181,287000,286590,"AED 286,181 - 287,000",AED,https://www.drivearabia.com/carprices/uae/ford/ford-expedition/2019/,2026-06-15T08:17:12Z,FORD,EXPEDITION,EXPEDITION,0.1658302997820863,7,80546.0
ford-expedition,2019,Platinum,293000,295000,294000,"AED 293,000 - 295,000",AED,https://www.drivearabia.com/carprices/uae/ford/ford-expedition/2019/,2026-06-15T08:17:12Z,FORD,EXPEDITION,EXPEDITION,0.1658302997820863,7,82628.0
ford-expedition,2020,XL 4x2,173250,174000,173625,"AED 173,250 - 174,000",AED,https://www.drivearabia.com/carprices/uae/ford/ford-expedition/2020/,2026-06-15T08:17:14Z,FORD,EXPEDITION,EXPEDITION,0.1658302997820863,6,58498.0
ford-expedition,2020,XL EL 4x2,183750,184000,183875,"AED 183,750 - 184,000",AED,https://www.drivearabia.com/carprices/uae/ford/ford-expedition/2020/,2026-06-15T08:17:14Z,FORD,EXPEDITION,EXPEDITION,0.1658302997820863,6,61951.0
ford-expedition,2020,XLT 4x4,194250,195000,194625,"AED 194,250 - 195,000",AED,https://www.drivearabia.com/carprices/uae/ford/ford-expedition/2020/,2026-06-15T08:17:14Z,FORD,EXPEDITION,EXPEDITION,0.1658302997820863,6,65573.0
ford-expedition,2020,Limited 4x4,241500,242000,241750,"AED 241,500 - 242,000",AED,https://www.drivearabia.com/carprices/uae/ford/ford-expedition/2020/,2026-06-15T08:17:14Z,FORD,EXPEDITION,EXPEDITION,0.1658302997820863,6,81450.0
ford-expedition,2020,Limited EL 4x4,252000,253000,252500,"AED 252,000 - 253,000",AED,https://www.drivearabia.com/carprices/uae/ford/ford-expedition/2020/,2026-06-15T08:17:14Z,FORD,EXPEDITION,EXPEDITION,0.1658302997820863,6,85072.0
ford-expedition,2021,XL 4x2,173250,174000,173625,"AED 173,250 - 174,000",AED,https://www.drivearabia.com/carprices/uae/ford/ford-expedition/2021/,2026-06-15T08:17:16Z,FORD,EXPEDITION,EXPEDITION,0.1658302997820863,5,70127.0
ford-expedition,2021,XL EL 4x2,183750,184000,183875,"AED 183,750 - 184,000",AED,https://www.drivearabia.com/carprices/uae/ford/ford-expedition/2021/,2026-06-15T08:17:16Z,FORD,EXPEDITION,EXPEDITION,0.1658302997820863,5,74267.0
ford-expedition,2021,XLT 4x4,194250,195000,194625,"AED 194,250 - 195,000",AED,https://www.drivearabia.com/carprices/uae/ford/ford-expedition/2021/,2026-06-15T08:17:16Z,FORD,EXPEDITION,EXPEDITION,0.1658302997820863,5,78609.0
ford-expedition,2021,Limited 4x4,241500,242000,241750,"AED 241,500 - 242,000",AED,https://www.drivearabia.com/carprices/uae/ford/ford-expedition/2021/,2026-06-15T08:17:16Z,FORD,EXPEDITION,EXPEDITION,0.1658302997820863,5,97642.0
ford-expedition,2021,Limited EL 4x4,252000,253000,252500,"AED 252,000 - 253,000",AED,https://www.drivearabia.com/carprices/uae/ford/ford-expedition/2021/,2026-06-15T08:17:16Z,FORD,EXPEDITION,EXPEDITION,0.1658302997820863,5,101984.0
ford-expedition,2022,3.5TC V6 XLT 4WD,273945,274000,273972,"AED 273,945 - 274,000",AED,https://www.drivearabia.com/carprices/uae/ford/ford-expedition/2022/,2026-06-15T08:17:18Z,FORD,EXPEDITION,EXPEDITION,0.1658302997820863,4,132655.0
ford-expedition,2022,3.5TC V6 Timberline 4WD,316995,320000,318498,"AED 316,995 - 320,000",AED,https://www.drivearabia.com/carprices/uae/ford/ford-expedition/2022/,2026-06-15T08:17:18Z,FORD,EXPEDITION,EXPEDITION,0.1658302997820863,4,154214.0
ford-expedition,2022,3.5TC V6 Stealth 4WD,333995,335000,334498,"AED 333,995 - 335,000",AED,https://www.drivearabia.com/carprices/uae/ford/ford-expedition/2022/,2026-06-15T08:17:18Z,FORD,EXPEDITION,EXPEDITION,0.1658302997820863,4,161961.0
ford-expedition,2022,3.5TC V6 Platinum 4WD,344995,350000,347498,"AED 344,995 - 350,000",AED,https://www.drivearabia.com/carprices/uae/ford/ford-expedition/2022/,2026-06-15T08:17:18Z,FORD,EXPEDITION,EXPEDITION,0.1658302997820863,4,168256.0
ford-expedition,2023,3.5TC V6 XLT 4WD,273945,274000,273972,"AED 273,945 - 274,000",AED,https://www.drivearabia.com/carprices/uae/ford/ford-expedition/2023/,2026-06-15T08:17:20Z,FORD,EXPEDITION,EXPEDITION,0.1658302997820863,3,159026.0
ford-expedition,2023,3.5TC V6 Timberline 4WD,316995,320000,318498,"AED 316,995 - 320,000",AED,https://www.drivearabia.com/carprices/uae/ford/ford-expedition/2023/,2026-06-15T08:17:20Z,FORD,EXPEDITION,EXPEDITION,0.1658302997820863,3,184871.0
ford-expedition,2023,3.5TC V6 Stealth 4WD,333995,335000,334498,"AED 333,995 - 335,000",AED,https://www.drivearabia.com/carprices/uae/ford/ford-expedition/2023/,2026-06-15T08:17:20Z,FORD,EXPEDITION,EXPEDITION,0.1658302997820863,3,194159.0
ford-expedition,2023,3.5TC V6 Platinum 4WD,344995,350000,347498,"AED 344,995 - 350,000",AED,https://www.drivearabia.com/carprices/uae/ford/ford-expedition/2023/,2026-06-15T08:17:20Z,FORD,EXPEDITION,EXPEDITION,0.1658302997820863,3,201704.0
ford-expedition,2024,3.5TC V6 XLT 4WD,273945,274000,273972,"AED 273,945 - 274,000",AED,https://www.drivearabia.com/carprices/uae/ford/ford-expedition/2024/,2026-06-15T08:17:22Z,FORD,EXPEDITION,EXPEDITION,0.1658302997820863,2,190640.0
ford-expedition,2024,3.5TC V6 Timberline 4WD,316995,320000,318498,"AED 316,995 - 320,000",AED,https://www.drivearabia.com/carprices/uae/ford/ford-expedition/2024/,2026-06-15T08:17:22Z,FORD,EXPEDITION,EXPEDITION,0.1658302997820863,2,221623.0
ford-expedition,2024,3.5TC V6 Stealth 4WD,333995,335000,334498,"AED 333,995 - 335,000",AED,https://www.drivearabia.com/carprices/uae/ford/ford-expedition/2024/,2026-06-15T08:17:22Z,FORD,EXPEDITION,EXPEDITION,0.1658302997820863,2,232757.0
ford-expedition,2024,3.5TC V6 Platinum 4WD,344995,350000,347498,"AED 344,995 - 350,000",AED,https://www.drivearabia.com/carprices/uae/ford/ford-expedition/2024/,2026-06-15T08:17:22Z,FORD,EXPEDITION,EXPEDITION,0.1658302997820863,2,241803.0
ford-expedition,2025,3.5TC V6 XLT FWD,273945,283945,278945,"AED 273,945 - 283,945",AED,https://www.drivearabia.com/carprices/uae/ford/ford-expedition/2025/,2026-06-15T08:17:24Z,FORD,EXPEDITION,EXPEDITION,0.1658302997820863,1,232687.0
ford-expedition,2025,3.5TC V6 Timberline 4WD,316995,326995,321995,"AED 316,995 - 326,995",AED,https://www.drivearabia.com/carprices/uae/ford/ford-expedition/2025/,2026-06-15T08:17:24Z,FORD,EXPEDITION,EXPEDITION,0.1658302997820863,1,268598.0
ford-expedition,2025,3.5TC V6 Stealth 4WD,333995,343995,338995,"AED 333,995 - 343,995",AED,https://www.drivearabia.com/carprices/uae/ford/ford-expedition/2025/,2026-06-15T08:17:24Z,FORD,EXPEDITION,EXPEDITION,0.1658302997820863,1,282779.0
ford-expedition,2025,3.5TC V6 Platinum 4WD,344995,354995,349995,"AED 344,995 - 354,995",AED,https://www.drivearabia.com/carprices/uae/ford/ford-expedition/2025/,2026-06-15T08:17:24Z,FORD,EXPEDITION,EXPEDITION,0.1658302997820863,1,291955.0
ford-expedition,2026,3.5TC V6 XLT FWD,273945,283945,278945,"AED 273,945 - 283,945",AED,https://www.drivearabia.com/carprices/uae/ford/ford-expedition/2026/,2026-06-15T08:17:26Z,FORD,EXPEDITION,EXPEDITION,0.1658302997820863,0,278945.0
ford-expedition,2026,3.5TC V6 Timberline 4WD,316995,326995,321995,"AED 316,995 - 326,995",AED,https://www.drivearabia.com/carprices/uae/ford/ford-expedition/2026/,2026-06-15T08:17:26Z,FORD,EXPEDITION,EXPEDITION,0.1658302997820863,0,321995.0
ford-expedition,2026,3.5TC V6 Stealth 4WD,333995,343995,338995,"AED 333,995 - 343,995",AED,https://www.drivearabia.com/carprices/uae/ford/ford-expedition/2026/,2026-06-15T08:17:26Z,FORD,EXPEDITION,EXPEDITION,0.1658302997820863,0,338995.0
ford-expedition,2026,3.5TC V6 Platinum 4WD,344995,354995,349995,"AED 344,995 - 354,995",AED,https://www.drivearabia.com/carprices/uae/ford/ford-expedition/2026/,2026-06-15T08:17:26Z,FORD,EXPEDITION,EXPEDITION,0.1658302997820863,0,349995.0
ford-explorer,2011,Base/XLT,130000,145000,137500,"AED 130,000 - 145,000",AED,https://www.drivearabia.com/carprices/uae/ford/ford-explorer/2011/,2026-06-15T08:17:49Z,FORD,EXPLORER,EXPLORER,0.1499800119808468,15,12015.0
ford-explorer,2011,Limited,175000,185000,180000,"AED 175,000 - 185,000",AED,https://www.drivearabia.com/carprices/uae/ford/ford-explorer/2011/,2026-06-15T08:17:49Z,FORD,EXPLORER,EXPLORER,0.1499800119808468,15,15729.0
ford-explorer,2012,Base/XLT,130000,145000,137500,"AED 130,000 - 145,000",AED,https://www.drivearabia.com/carprices/uae/ford/ford-explorer/2012/,2026-06-15T08:17:51Z,FORD,EXPLORER,EXPLORER,0.1499800119808468,14,14135.0
ford-explorer,2012,Limited,175000,185000,180000,"AED 175,000 - 185,000",AED,https://www.drivearabia.com/carprices/uae/ford/ford-explorer/2012/,2026-06-15T08:17:51Z,FORD,EXPLORER,EXPLORER,0.1499800119808468,14,18505.0
ford-explorer,2013,base,135000,140000,137500,"AED 135,000 - 140,000",AED,https://www.drivearabia.com/carprices/uae/ford/ford-explorer/2013/,2026-06-15T08:17:53Z,FORD,EXPLORER,EXPLORER,0.1499800119808468,13,16630.0
ford-explorer,2013,XLT,140000,145000,142500,"AED 140,000 - 145,000",AED,https://www.drivearabia.com/carprices/uae/ford/ford-explorer/2013/,2026-06-15T08:17:53Z,FORD,EXPLORER,EXPLORER,0.1499800119808468,13,17234.0
ford-explorer,2013,Limited,175000,185000,180000,"AED 175,000 - 185,000",AED,https://www.drivearabia.com/carprices/uae/ford/ford-explorer/2013/,2026-06-15T08:17:53Z,FORD,EXPLORER,EXPLORER,0.1499800119808468,13,21770.0
ford-explorer,2013,Sport,205000,210000,207500,"AED 205,000 - 210,000",AED,https://www.drivearabia.com/carprices/uae/ford/ford-explorer/2013/,2026-06-15T08:17:53Z,FORD,EXPLORER,EXPLORER,0.1499800119808468,13,25096.0
ford-explorer,2014,base,135000,140000,137500,"AED 135,000 - 140,000",AED,https://www.drivearabia.com/carprices/uae/ford/ford-explorer/2014/,2026-06-15T08:17:55Z,FORD,EXPLORER,EXPLORER,0.1499800119808468,12,19564.0
ford-explorer,2014,XLT,140000,145000,142500,"AED 140,000 - 145,000",AED,https://www.drivearabia.com/carprices/uae/ford/ford-explorer/2014/,2026-06-15T08:17:55Z,FORD,EXPLORER,EXPLORER,0.1499800119808468,12,20275.0
ford-explorer,2014,Limited,175000,185000,180000,"AED 175,000 - 185,000",AED,https://www.drivearabia.com/carprices/uae/ford/ford-explorer/2014/,2026-06-15T08:17:55Z,FORD,EXPLORER,EXPLORER,0.1499800119808468,12,25611.0
ford-explorer,2014,Sport,205000,210000,207500,"AED 205,000 - 210,000",AED,https://www.drivearabia.com/carprices/uae/ford/ford-explorer/2014/,2026-06-15T08:17:55Z,FORD,EXPLORER,EXPLORER,0.1499800119808468,12,29523.0
ford-explorer,2015,base,135000,140000,137500,"AED 135,000 - 140,000",AED,https://www.drivearabia.com/carprices/uae/ford/ford-explorer/2015/,2026-06-15T08:17:57Z,FORD,EXPLORER,EXPLORER,0.1499800119808468,11,23016.0
ford-explorer,2015,XLT,140000,145000,142500,"AED 140,000 - 145,000",AED,https://www.drivearabia.com/carprices/uae/ford/ford-explorer/2015/,2026-06-15T08:17:57Z,FORD,EXPLORER,EXPLORER,0.1499800119808468,11,23853.0
ford-explorer,2015,Limited,175000,185000,180000,"AED 175,000 - 185,000",AED,https://www.drivearabia.com/carprices/uae/ford/ford-explorer/2015/,2026-06-15T08:17:57Z,FORD,EXPLORER,EXPLORER,0.1499800119808468,11,30130.0
ford-explorer,2015,Sport,205000,210000,207500,"AED 205,000 - 210,000",AED,https://www.drivearabia.com/carprices/uae/ford/ford-explorer/2015/,2026-06-15T08:17:57Z,FORD,EXPLORER,EXPLORER,0.1499800119808468,11,34733.0
ford-explorer,2016,Base FWD,129000,130000,129500,"AED 129,000 - 130,000",AED,https://www.drivearabia.com/carprices/uae/ford/ford-explorer/2016/,2026-06-15T08:17:59Z,FORD,EXPLORER,EXPLORER,0.1499800119808468,10,25501.0
ford-explorer,2016,Base AWD,139000,140000,139500,"AED 139,000 - 140,000",AED,https://www.drivearabia.com/carprices/uae/ford/ford-explorer/2016/,2026-06-15T08:17:59Z,FORD,EXPLORER,EXPLORER,0.1499800119808468,10,27470.0
ford-explorer,2016,XLT,145000,146000,145500,"AED 145,000 - 146,000",AED,https://www.drivearabia.com/carprices/uae/ford/ford-explorer/2016/,2026-06-15T08:17:59Z,FORD,EXPLORER,EXPLORER,0.1499800119808468,10,28652.0
ford-explorer,2016,LTD,180000,181000,180500,"AED 180,000 - 181,000",AED,https://www.drivearabia.com/carprices/uae/ford/ford-explorer/2016/,2026-06-15T08:17:59Z,FORD,EXPLORER,EXPLORER,0.1499800119808468,10,35544.0
ford-explorer,2016,Sport Ecoboost,220000,235000,227500,"AED 220,000 - 235,000",AED,https://www.drivearabia.com/carprices/uae/ford/ford-explorer/2016/,2026-06-15T08:17:59Z,FORD,EXPLORER,EXPLORER,0.1499800119808468,10,44799.0
ford-explorer,2017,Base FWD,129000,130000,129500,"AED 129,000 - 130,000",AED,https://www.drivearabia.com/carprices/uae/ford/ford-explorer/2017/,2026-06-15T08:18:01Z,FORD,EXPLORER,EXPLORER,0.1499800119808468,9,30001.0
ford-explorer,2017,Base AWD,139000,140000,139500,"AED 139,000 - 140,000",AED,https://www.drivearabia.com/carprices/uae/ford/ford-explorer/2017/,2026-06-15T08:18:01Z,FORD,EXPLORER,EXPLORER,0.1499800119808468,9,32317.0
ford-explorer,2017,XLT,145000,146000,145500,"AED 145,000 - 146,000",AED,https://www.drivearabia.com/carprices/uae/ford/ford-explorer/2017/,2026-06-15T08:18:01Z,FORD,EXPLORER,EXPLORER,0.1499800119808468,9,33707.0
ford-explorer,2017,LTD,180000,181000,180500,"AED 180,000 - 181,000",AED,https://www.drivearabia.com/carprices/uae/ford/ford-explorer/2017/,2026-06-15T08:18:01Z,FORD,EXPLORER,EXPLORER,0.1499800119808468,9,41816.0
ford-explorer,2017,Sport Ecoboost,220000,235000,227500,"AED 220,000 - 235,000",AED,https://www.drivearabia.com/carprices/uae/ford/ford-explorer/2017/,2026-06-15T08:18:01Z,FORD,EXPLORER,EXPLORER,0.1499800119808468,9,52704.0
ford-explorer,2018,Base FWD,129000,130000,129500,"AED 129,000 - 130,000",AED,https://www.drivearabia.com/carprices/uae/ford/ford-explorer/2018/,2026-06-15T08:18:03Z,FORD,EXPLORER,EXPLORER,0.1499800119808468,8,35294.0
ford-explorer,2018,Base AWD,139000,140000,139500,"AED 139,000 - 140,000",AED,https://www.drivearabia.com/carprices/uae/ford/ford-explorer/2018/,2026-06-15T08:18:03Z,FORD,EXPLORER,EXPLORER,0.1499800119808468,8,38020.0
ford-explorer,2018,XLT,145000,146000,145500,"AED 145,000 - 146,000",AED,https://www.drivearabia.com/carprices/uae/ford/ford-explorer/2018/,2026-06-15T08:18:03Z,FORD,EXPLORER,EXPLORER,0.1499800119808468,8,39655.0
ford-explorer,2018,LTD,180000,181000,180500,"AED 180,000 - 181,000",AED,https://www.drivearabia.com/carprices/uae/ford/ford-explorer/2018/,2026-06-15T08:18:03Z,FORD,EXPLORER,EXPLORER,0.1499800119808468,8,49194.0
ford-explorer,2018,Sport Ecoboost,220000,235000,227500,"AED 220,000 - 235,000",AED,https://www.drivearabia.com/carprices/uae/ford/ford-explorer/2018/,2026-06-15T08:18:03Z,FORD,EXPLORER,EXPLORER,0.1499800119808468,8,62003.0
ford-explorer,2019,Base FWD,129000,130000,129500,"AED 129,000 - 130,000",AED,https://www.drivearabia.com/carprices/uae/ford/ford-explorer/2019/,2026-06-15T08:18:05Z,FORD,EXPLORER,EXPLORER,0.1499800119808468,7,41522.0
ford-explorer,2019,Base AWD,139000,140000,139500,"AED 139,000 - 140,000",AED,https://www.drivearabia.com/carprices/uae/ford/ford-explorer/2019/,2026-06-15T08:18:05Z,FORD,EXPLORER,EXPLORER,0.1499800119808468,7,44728.0
ford-explorer,2019,XLT,145000,146000,145500,"AED 145,000 - 146,000",AED,https://www.drivearabia.com/carprices/uae/ford/ford-explorer/2019/,2026-06-15T08:18:05Z,FORD,EXPLORER,EXPLORER,0.1499800119808468,7,46652.0
ford-explorer,2019,LTD,180000,181000,180500,"AED 180,000 - 181,000",AED,https://www.drivearabia.com/carprices/uae/ford/ford-explorer/2019/,2026-06-15T08:18:05Z,FORD,EXPLORER,EXPLORER,0.1499800119808468,7,57874.0
ford-explorer,2019,Sport Ecoboost,220000,235000,227500,"AED 220,000 - 235,000",AED,https://www.drivearabia.com/carprices/uae/ford/ford-explorer/2019/,2026-06-15T08:18:05Z,FORD,EXPLORER,EXPLORER,0.1499800119808468,7,72943.0
ford-explorer,2020,2.3T XLT 4x2,155000,160000,157500,"AED 155,000 - 160,000",AED,https://www.drivearabia.com/carprices/uae/ford/ford-explorer/2020/,2026-06-15T08:18:07Z,FORD,EXPLORER,EXPLORER,0.1499800119808468,6,59409.0
ford-explorer,2020,2.3T XLT 4x4,179000,182000,180500,"AED 179,000 - 182,000",AED,https://www.drivearabia.com/carprices/uae/ford/ford-explorer/2020/,2026-06-15T08:18:07Z,FORD,EXPLORER,EXPLORER,0.1499800119808468,6,68085.0
ford-explorer,2020,2.3T Limited 4x4,197500,200000,198750,"AED 197,500 - 200,000",AED,https://www.drivearabia.com/carprices/uae/ford/ford-explorer/2020/,2026-06-15T08:18:07Z,FORD,EXPLORER,EXPLORER,0.1499800119808468,6,74969.0
ford-explorer,2020,3.0T Sport 4x4,236145,237000,236572,"AED 236,145 - 237,000",AED,https://www.drivearabia.com/carprices/uae/ford/ford-explorer/2020/,2026-06-15T08:18:07Z,FORD,EXPLORER,EXPLORER,0.1499800119808468,6,89236.0
ford-explorer,2021,2.3T XLT 4x2,155000,160000,157500,"AED 155,000 - 160,000",AED,https://www.drivearabia.com/carprices/uae/ford/ford-explorer/2021/,2026-06-15T08:18:09Z,FORD,EXPLORER,EXPLORER,0.1499800119808468,5,69892.0
ford-explorer,2021,2.3T XLT 4x4,179000,182000,180500,"AED 179,000 - 182,000",AED,https://www.drivearabia.com/carprices/uae/ford/ford-explorer/2021/,2026-06-15T08:18:09Z,FORD,EXPLORER,EXPLORER,0.1499800119808468,5,80098.0
ford-explorer,2021,2.3T Limited 4x4,197500,200000,198750,"AED 197,500 - 200,000",AED,https://www.drivearabia.com/carprices/uae/ford/ford-explorer/2021/,2026-06-15T08:18:09Z,FORD,EXPLORER,EXPLORER,0.1499800119808468,5,88197.0
ford-explorer,2021,3.0T Sport 4x4,236145,237000,236572,"AED 236,145 - 237,000",AED,https://www.drivearabia.com/carprices/uae/ford/ford-explorer/2021/,2026-06-15T08:18:09Z,FORD,EXPLORER,EXPLORER,0.1499800119808468,5,104981.0
ford-explorer,2022,2.3T XLT 4x2,155000,160000,157500,"AED 155,000 - 160,000",AED,https://www.drivearabia.com/carprices/uae/ford/ford-explorer/2022/,2026-06-15T08:18:11Z,FORD,EXPLORER,EXPLORER,0.1499800119808468,4,82224.0
ford-explorer,2022,2.3T XLT 4x4,179000,182000,180500,"AED 179,000 - 182,000",AED,https://www.drivearabia.com/carprices/uae/ford/ford-explorer/2022/,2026-06-15T08:18:11Z,FORD,EXPLORER,EXPLORER,0.1499800119808468,4,94231.0
ford-explorer,2022,2.3T Limited 4x4,197500,200000,198750,"AED 197,500 - 200,000",AED,https://www.drivearabia.com/carprices/uae/ford/ford-explorer/2022/,2026-06-15T08:18:11Z,FORD,EXPLORER,EXPLORER,0.1499800119808468,4,103759.0
ford-explorer,2022,3.0T Sport 4x4,236145,237000,236572,"AED 236,145 - 237,000",AED,https://www.drivearabia.com/carprices/uae/ford/ford-explorer/2022/,2026-06-15T08:18:11Z,FORD,EXPLORER,EXPLORER,0.1499800119808468,4,123504.0
ford-explorer,2023,2.3T XLT 4x2,155000,160000,157500,"AED 155,000 - 160,000",AED,https://www.drivearabia.com/carprices/uae/ford/ford-explorer/2023/,2026-06-15T08:18:12Z,FORD,EXPLORER,EXPLORER,0.1499800119808468,3,96732.0
ford-explorer,2023,2.3T XLT 4x4,179000,182000,180500,"AED 179,000 - 182,000",AED,https://www.drivearabia.com/carprices/uae/ford/ford-explorer/2023/,2026-06-15T08:18:12Z,FORD,EXPLORER,EXPLORER,0.1499800119808468,3,110857.0
ford-explorer,2023,2.3T Limited 4x4,197500,200000,198750,"AED 197,500 - 200,000",AED,https://www.drivearabia.com/carprices/uae/ford/ford-explorer/2023/,2026-06-15T08:18:12Z,FORD,EXPLORER,EXPLORER,0.1499800119808468,3,122066.0
ford-explorer,2023,3.0T Sport 4x4,236145,237000,236572,"AED 236,145 - 237,000",AED,https://www.drivearabia.com/carprices/uae/ford/ford-explorer/2023/,2026-06-15T08:18:12Z,FORD,EXPLORER,EXPLORER,0.1499800119808468,3,145295.0
ford-explorer,2024,2.3T XLT 4x2,155000,160000,157500,"AED 155,000 - 160,000",AED,https://www.drivearabia.com/carprices/uae/ford/ford-explorer/2024/,2026-06-15T08:18:14Z,FORD,EXPLORER,EXPLORER,0.1499800119808468,2,113799.0
ford-explorer,2024,2.3T XLT 4x4,179000,182000,180500,"AED 179,000 - 182,000",AED,https://www.drivearabia.com/carprices/uae/ford/ford-explorer/2024/,2026-06-15T08:18:14Z,FORD,EXPLORER,EXPLORER,0.1499800119808468,2,130417.0
ford-explorer,2024,2.3T Limited 4x4,197500,200000,198750,"AED 197,500 - 200,000",AED,https://www.drivearabia.com/carprices/uae/ford/ford-explorer/2024/,2026-06-15T08:18:14Z,FORD,EXPLORER,EXPLORER,0.1499800119808468,2,143604.0
ford-explorer,2024,3.0T Sport 4x4,236145,237000,236572,"AED 236,145 - 237,000",AED,https://www.drivearabia.com/carprices/uae/ford/ford-explorer/2024/,2026-06-15T08:18:14Z,FORD,EXPLORER,EXPLORER,0.1499800119808468,2,170931.0
ford-explorer,2025,2.3TC I4 Active 4WD,213045,215000,214022,"AED 213,045 - 215,000",AED,https://www.drivearabia.com/carprices/uae/ford/ford-explorer/2025/,2026-06-15T08:18:16Z,FORD,EXPLORER,EXPLORER,0.1499800119808468,1,181923.0
ford-explorer,2025,2.3TC I4 Platinum 4WD,227745,228000,227872,"AED 227,745 - 228,000",AED,https://www.drivearabia.com/carprices/uae/ford/ford-explorer/2025/,2026-06-15T08:18:16Z,FORD,EXPLORER,EXPLORER,0.1499800119808468,1,193696.0
ford-explorer,2025,3.0TC V6 ST 4WD,245595,246000,245798,"AED 245,595 - 246,000",AED,https://www.drivearabia.com/carprices/uae/ford/ford-explorer/2025/,2026-06-15T08:18:16Z,FORD,EXPLORER,EXPLORER,0.1499800119808468,1,208933.0
ford-explorer,2026,2.3TC I4 Active 4WD,213045,215000,214022,"AED 213,045 - 215,000",AED,https://www.drivearabia.com/carprices/uae/ford/ford-explorer/2026/,2026-06-15T08:18:18Z,FORD,EXPLORER,EXPLORER,0.1499800119808468,0,214022.0
ford-explorer,2026,2.3TC I4 Platinum 4WD,227745,228000,227872,"AED 227,745 - 228,000",AED,https://www.drivearabia.com/carprices/uae/ford/ford-explorer/2026/,2026-06-15T08:18:18Z,FORD,EXPLORER,EXPLORER,0.1499800119808468,0,227872.0
ford-explorer,2026,3.0TC V6 ST 4WD,245595,246000,245798,"AED 245,595 - 246,000",AED,https://www.drivearabia.com/carprices/uae/ford/ford-explorer/2026/,2026-06-15T08:18:18Z,FORD,EXPLORER,EXPLORER,0.1499800119808468,0,245798.0
ford-f-150,2011,SVT Raptor,260000,270000,265000,"AED 260,000 - 270,000",AED,https://www.drivearabia.com/carprices/uae/ford/ford-f-150/2011/,2026-06-15T08:18:45Z,FORD,F-150,F-150,0.1373181247305231,15,28907.0
ford-f-150,2012,SVT Raptor,260000,270000,265000,"AED 260,000 - 270,000",AED,https://www.drivearabia.com/carprices/uae/ford/ford-f-150/2012/,2026-06-15T08:18:47Z,FORD,F-150,F-150,0.1373181247305231,14,33509.0
ford-f-150,2013,SVT Raptor,260000,270000,265000,"AED 260,000 - 270,000",AED,https://www.drivearabia.com/carprices/uae/ford/ford-f-150/2013/,2026-06-15T08:18:48Z,FORD,F-150,F-150,0.1373181247305231,13,38842.0
ford-f-150,2014,SVT Raptor,260000,270000,265000,"AED 260,000 - 270,000",AED,https://www.drivearabia.com/carprices/uae/ford/ford-f-150/2014/,2026-06-15T08:18:50Z,FORD,F-150,F-150,0.1373181247305231,12,45025.0
ford-f-150,2018,5.0 V8 Regular Cab XLT,155000,160000,157500,"AED 155,000 - 160,000",AED,https://www.drivearabia.com/carprices/uae/ford/ford-f-150/2018/,2026-06-15T08:18:58Z,FORD,F-150,F-150,0.1373181247305231,8,48315.0
ford-f-150,2018,5.0 V8 Super Cab XLT,175000,180000,177500,"AED 175,000 - 180,000",AED,https://www.drivearabia.com/carprices/uae/ford/ford-f-150/2018/,2026-06-15T08:18:58Z,FORD,F-150,F-150,0.1373181247305231,8,54451.0
ford-f-150,2018,5.0 V8 Regular Cab Lariat FX4,180000,185000,182500,"AED 180,000 - 185,000",AED,https://www.drivearabia.com/carprices/uae/ford/ford-f-150/2018/,2026-06-15T08:18:58Z,FORD,F-150,F-150,0.1373181247305231,8,55985.0
ford-f-150,2018,5.0 V8 Crew Cab XLT,185000,195000,190000,"AED 185,000 - 195,000",AED,https://www.drivearabia.com/carprices/uae/ford/ford-f-150/2018/,2026-06-15T08:18:58Z,FORD,F-150,F-150,0.1373181247305231,8,58285.0
ford-f-150,2018,5.0 V8 Crew Cab Lariat FX4,195000,205000,200000,"AED 195,000 - 205,000",AED,https://www.drivearabia.com/carprices/uae/ford/ford-f-150/2018/,2026-06-15T08:18:58Z,FORD,F-150,F-150,0.1373181247305231,8,61353.0
ford-f-150,2018,3.5TC V6 Crew Cab XLT,195000,200000,197500,"AED 195,000 - 200,000",AED,https://www.drivearabia.com/carprices/uae/ford/ford-f-150/2018/,2026-06-15T08:18:58Z,FORD,F-150,F-150,0.1373181247305231,8,60586.0
ford-f-150,2018,3.5TC V6 Crew Cab Lariat FX4,200000,215000,207500,"AED 200,000 - 215,000",AED,https://www.drivearabia.com/carprices/uae/ford/ford-f-150/2018/,2026-06-15T08:18:58Z,FORD,F-150,F-150,0.1373181247305231,8,63654.0
ford-f-150,2018,3.5TC V6 Crew Cab King Ranch,240000,250000,245000,"AED 240,000 - 250,000",AED,https://www.drivearabia.com/carprices/uae/ford/ford-f-150/2018/,2026-06-15T08:18:58Z,FORD,F-150,F-150,0.1373181247305231,8,75157.0
ford-f-150,2019,5.0 V8 Regular Cab XLT,155000,160000,157500,"AED 155,000 - 160,000",AED,https://www.drivearabia.com/carprices/uae/ford/ford-f-150/2019/,2026-06-15T08:19:00Z,FORD,F-150,F-150,0.1373181247305231,7,56006.0
ford-f-150,2019,5.0 V8 Super Cab XLT,175000,180000,177500,"AED 175,000 - 180,000",AED,https://www.drivearabia.com/carprices/uae/ford/ford-f-150/2019/,2026-06-15T08:19:00Z,FORD,F-150,F-150,0.1373181247305231,7,63118.0
ford-f-150,2019,5.0 V8 Regular Cab Lariat FX4,180000,185000,182500,"AED 180,000 - 185,000",AED,https://www.drivearabia.com/carprices/uae/ford/ford-f-150/2019/,2026-06-15T08:19:00Z,FORD,F-150,F-150,0.1373181247305231,7,64896.0
ford-f-150,2019,5.0 V8 Crew Cab XLT,185000,195000,190000,"AED 185,000 - 195,000",AED,https://www.drivearabia.com/carprices/uae/ford/ford-f-150/2019/,2026-06-15T08:19:00Z,FORD,F-150,F-150,0.1373181247305231,7,67563.0
ford-f-150,2019,5.0 V8 Crew Cab Lariat FX4,195000,205000,200000,"AED 195,000 - 205,000",AED,https://www.drivearabia.com/carprices/uae/ford/ford-f-150/2019/,2026-06-15T08:19:00Z,FORD,F-150,F-150,0.1373181247305231,7,71119.0
ford-f-150,2019,3.5TC V6 Crew Cab XLT,195000,200000,197500,"AED 195,000 - 200,000",AED,https://www.drivearabia.com/carprices/uae/ford/ford-f-150/2019/,2026-06-15T08:19:00Z,FORD,F-150,F-150,0.1373181247305231,7,70230.0
ford-f-150,2019,3.5TC V6 Crew Cab Lariat FX4,200000,215000,207500,"AED 200,000 - 215,000",AED,https://www.drivearabia.com/carprices/uae/ford/ford-f-150/2019/,2026-06-15T08:19:00Z,FORD,F-150,F-150,0.1373181247305231,7,73786.0
ford-f-150,2019,3.5TC V6 Crew Cab King Ranch,240000,250000,245000,"AED 240,000 - 250,000",AED,https://www.drivearabia.com/carprices/uae/ford/ford-f-150/2019/,2026-06-15T08:19:00Z,FORD,F-150,F-150,0.1373181247305231,7,87121.0
ford-f-150,2020,5.0 V8 Regular Cab XLT,155000,160000,157500,"AED 155,000 - 160,000",AED,https://www.drivearabia.com/carprices/uae/ford/ford-f-150/2020/,2026-06-15T08:19:02Z,FORD,F-150,F-150,0.1373181247305231,6,64921.0
ford-f-150,2020,5.0 V8 Super Cab XLT,175000,180000,177500,"AED 175,000 - 180,000",AED,https://www.drivearabia.com/carprices/uae/ford/ford-f-150/2020/,2026-06-15T08:19:02Z,FORD,F-150,F-150,0.1373181247305231,6,73165.0
ford-f-150,2020,5.0 V8 Regular Cab Lariat FX4,180000,185000,182500,"AED 180,000 - 185,000",AED,https://www.drivearabia.com/carprices/uae/ford/ford-f-150/2020/,2026-06-15T08:19:02Z,FORD,F-150,F-150,0.1373181247305231,6,75226.0
ford-f-150,2020,5.0 V8 Crew Cab XLT,185000,195000,190000,"AED 185,000 - 195,000",AED,https://www.drivearabia.com/carprices/uae/ford/ford-f-150/2020/,2026-06-15T08:19:02Z,FORD,F-150,F-150,0.1373181247305231,6,78317.0
ford-f-150,2020,5.0 V8 Crew Cab Lariat FX4,195000,205000,200000,"AED 195,000 - 205,000",AED,https://www.drivearabia.com/carprices/uae/ford/ford-f-150/2020/,2026-06-15T08:19:02Z,FORD,F-150,F-150,0.1373181247305231,6,82439.0
ford-f-150,2020,3.5TC V6 Crew Cab XLT,195000,200000,197500,"AED 195,000 - 200,000",AED,https://www.drivearabia.com/carprices/uae/ford/ford-f-150/2020/,2026-06-15T08:19:02Z,FORD,F-150,F-150,0.1373181247305231,6,81409.0
ford-f-150,2020,3.5TC V6 Crew Cab Lariat FX4,200000,215000,207500,"AED 200,000 - 215,000",AED,https://www.drivearabia.com/carprices/uae/ford/ford-f-150/2020/,2026-06-15T08:19:02Z,FORD,F-150,F-150,0.1373181247305231,6,85531.0
ford-f-150,2020,3.5TC V6 Crew Cab King Ranch,240000,250000,245000,"AED 240,000 - 250,000",AED,https://www.drivearabia.com/carprices/uae/ford/ford-f-150/2020/,2026-06-15T08:19:02Z,FORD,F-150,F-150,0.1373181247305231,6,100988.0
ford-f-150,2021,5.0 V8 Super Crew XLT,189000,220400,204700,"AED 189,000 - 220,400",AED,https://www.drivearabia.com/carprices/uae/ford/ford-f-150/2021/,2026-06-15T08:19:04Z,FORD,F-150,F-150,0.1373181247305231,5,97807.0
ford-f-150,2021,3.5TC V6 Super Crew Lariat,255000,256000,255500,"AED 255,000 - 256,000",AED,https://www.drivearabia.com/carprices/uae/ford/ford-f-150/2021/,2026-06-15T08:19:04Z,FORD,F-150,F-150,0.1373181247305231,5,122080.0
ford-f-150,2021,3.5 HEV V6 Super Crew Lariat,267645,268000,267822,"AED 267,645 - 268,000",AED,https://www.drivearabia.com/carprices/uae/ford/ford-f-150/2021/,2026-06-15T08:19:04Z,FORD,F-150,F-150,0.1373181247305231,5,127967.0
ford-f-150,2021,3.5 HEV V6 Super Crew Platinum,284500,285000,284750,"AED 284,500 - 285,000",AED,https://www.drivearabia.com/carprices/uae/ford/ford-f-150/2021/,2026-06-15T08:19:04Z,FORD,F-150,F-150,0.1373181247305231,5,136056.0
ford-f-150,2021,3.5 HEV V6 Super Crew Limited,287600,288000,287800,"AED 287,600 - 288,000",AED,https://www.drivearabia.com/carprices/uae/ford/ford-f-150/2021/,2026-06-15T08:19:04Z,FORD,F-150,F-150,0.1373181247305231,5,137513.0
ford-f-150,2022,5.0 V8 Super Crew XLT,189000,220400,204700,"AED 189,000 - 220,400",AED,https://www.drivearabia.com/carprices/uae/ford/ford-f-150/2022/,2026-06-15T08:19:06Z,FORD,F-150,F-150,0.1373181247305231,4,113376.0
ford-f-150,2022,3.5TC V6 Super Crew Lariat,255000,256000,255500,"AED 255,000 - 256,000",AED,https://www.drivearabia.com/carprices/uae/ford/ford-f-150/2022/,2026-06-15T08:19:06Z,FORD,F-150,F-150,0.1373181247305231,4,141512.0
ford-f-150,2022,3.5 HEV V6 Super Crew Lariat,267645,268000,267822,"AED 267,645 - 268,000",AED,https://www.drivearabia.com/carprices/uae/ford/ford-f-150/2022/,2026-06-15T08:19:06Z,FORD,F-150,F-150,0.1373181247305231,4,148337.0
ford-f-150,2022,3.5 HEV V6 Super Crew Platinum,284500,285000,284750,"AED 284,500 - 285,000",AED,https://www.drivearabia.com/carprices/uae/ford/ford-f-150/2022/,2026-06-15T08:19:06Z,FORD,F-150,F-150,0.1373181247305231,4,157713.0
ford-f-150,2022,3.5 HEV V6 Super Crew Limited,287600,288000,287800,"AED 287,600 - 288,000",AED,https://www.drivearabia.com/carprices/uae/ford/ford-f-150/2022/,2026-06-15T08:19:06Z,FORD,F-150,F-150,0.1373181247305231,4,159402.0
ford-f-150,2022,3.5TC V6 Tremor,300000,301000,300500,"AED 300,000 - 301,000",AED,https://www.drivearabia.com/carprices/uae/ford/ford-f-150/2022/,2026-06-15T08:19:06Z,FORD,F-150,F-150,0.1373181247305231,4,166436.0
ford-f-150,2023,5.0 V8 Super Crew XLT,189000,220400,204700,"AED 189,000 - 220,400",AED,https://www.drivearabia.com/carprices/uae/ford/ford-f-150/2023/,2026-06-15T08:19:08Z,FORD,F-150,F-150,0.1373181247305231,3,131423.0
ford-f-150,2023,3.5TC V6 Super Crew Lariat,255000,256000,255500,"AED 255,000 - 256,000",AED,https://www.drivearabia.com/carprices/uae/ford/ford-f-150/2023/,2026-06-15T08:19:08Z,FORD,F-150,F-150,0.1373181247305231,3,164037.0
ford-f-150,2023,3.5 HEV V6 Super Crew Lariat,267645,268000,267822,"AED 267,645 - 268,000",AED,https://www.drivearabia.com/carprices/uae/ford/ford-f-150/2023/,2026-06-15T08:19:08Z,FORD,F-150,F-150,0.1373181247305231,3,171948.0
ford-f-150,2023,3.5 HEV V6 Super Crew Platinum,284500,285000,284750,"AED 284,500 - 285,000",AED,https://www.drivearabia.com/carprices/uae/ford/ford-f-150/2023/,2026-06-15T08:19:08Z,FORD,F-150,F-150,0.1373181247305231,3,182817.0
ford-f-150,2023,3.5 HEV V6 Super Crew Limited,287600,288000,287800,"AED 287,600 - 288,000",AED,https://www.drivearabia.com/carprices/uae/ford/ford-f-150/2023/,2026-06-15T08:19:08Z,FORD,F-150,F-150,0.1373181247305231,3,184775.0
ford-f-150,2023,3.5TC V6 Tremor,300000,301000,300500,"AED 300,000 - 301,000",AED,https://www.drivearabia.com/carprices/uae/ford/ford-f-150/2023/,2026-06-15T08:19:08Z,FORD,F-150,F-150,0.1373181247305231,3,192929.0
ford-f-150,2024,5.0 V8 Super Crew XLT,189000,220400,204700,"AED 189,000 - 220,400",AED,https://www.drivearabia.com/carprices/uae/ford/ford-f-150/2024/,2026-06-15T08:19:10Z,FORD,F-150,F-150,0.1373181247305231,2,152342.0
ford-f-150,2024,3.5TC V6 Super Crew Lariat,255000,256000,255500,"AED 255,000 - 256,000",AED,https://www.drivearabia.com/carprices/uae/ford/ford-f-150/2024/,2026-06-15T08:19:10Z,FORD,F-150,F-150,0.1373181247305231,2,190148.0
ford-f-150,2024,3.5 HEV V6 Super Crew Lariat,267645,268000,267822,"AED 267,645 - 268,000",AED,https://www.drivearabia.com/carprices/uae/ford/ford-f-150/2024/,2026-06-15T08:19:10Z,FORD,F-150,F-150,0.1373181247305231,2,199318.0
ford-f-150,2024,3.5 HEV V6 Super Crew Platinum,284500,285000,284750,"AED 284,500 - 285,000",AED,https://www.drivearabia.com/carprices/uae/ford/ford-f-150/2024/,2026-06-15T08:19:10Z,FORD,F-150,F-150,0.1373181247305231,2,211917.0
ford-f-150,2024,3.5 HEV V6 Super Crew Limited,287600,288000,287800,"AED 287,600 - 288,000",AED,https://www.drivearabia.com/carprices/uae/ford/ford-f-150/2024/,2026-06-15T08:19:10Z,FORD,F-150,F-150,0.1373181247305231,2,214187.0
ford-f-150,2024,3.5TC V6 Tremor,300000,301000,300500,"AED 300,000 - 301,000",AED,https://www.drivearabia.com/carprices/uae/ford/ford-f-150/2024/,2026-06-15T08:19:10Z,FORD,F-150,F-150,0.1373181247305231,2,223638.0
ford-f-150,2025,5.0 V8 XLT 4WD,189000,220400,204700,"AED 189,000 - 220,400",AED,https://www.drivearabia.com/carprices/uae/ford/ford-f-150/2025/,2026-06-15T08:19:12Z,FORD,F-150,F-150,0.1373181247305231,1,176591.0
ford-f-150,2025,3.5TC V6 Lariat 4WD,255000,256000,255500,"AED 255,000 - 256,000",AED,https://www.drivearabia.com/carprices/uae/ford/ford-f-150/2025/,2026-06-15T08:19:12Z,FORD,F-150,F-150,0.1373181247305231,1,220415.0
ford-f-150,2025,3.5 HEV V6 Lariat 4WD,267645,268000,267822,"AED 267,645 - 268,000",AED,https://www.drivearabia.com/carprices/uae/ford/ford-f-150/2025/,2026-06-15T08:19:12Z,FORD,F-150,F-150,0.1373181247305231,1,231045.0
ford-f-150,2025,3.5 HEV V6 Platinum 4WD,284500,285000,284750,"AED 284,500 - 285,000",AED,https://www.drivearabia.com/carprices/uae/ford/ford-f-150/2025/,2026-06-15T08:19:12Z,FORD,F-150,F-150,0.1373181247305231,1,245649.0
ford-f-150,2025,3.5 HEV V6 Limited 4WD,287600,288000,287800,"AED 287,600 - 288,000",AED,https://www.drivearabia.com/carprices/uae/ford/ford-f-150/2025/,2026-06-15T08:19:12Z,FORD,F-150,F-150,0.1373181247305231,1,248280.0
ford-f-150,2025,3.5TC V6 Tremor 4WD,300000,301000,300500,"AED 300,000 - 301,000",AED,https://www.drivearabia.com/carprices/uae/ford/ford-f-150/2025/,2026-06-15T08:19:12Z,FORD,F-150,F-150,0.1373181247305231,1,259236.0
ford-f-150,2026,5.0 V8 XLT 4WD,189000,220400,204700,"AED 189,000 - 220,400",AED,https://www.drivearabia.com/carprices/uae/ford/ford-f-150/2026/,2026-06-15T08:19:13Z,FORD,F-150,F-150,0.1373181247305231,0,204700.0
ford-f-150,2026,3.5TC V6 Lariat 4WD,255000,256000,255500,"AED 255,000 - 256,000",AED,https://www.drivearabia.com/carprices/uae/ford/ford-f-150/2026/,2026-06-15T08:19:13Z,FORD,F-150,F-150,0.1373181247305231,0,255500.0
ford-f-150,2026,3.5 HEV V6 Lariat 4WD,267645,268000,267822,"AED 267,645 - 268,000",AED,https://www.drivearabia.com/carprices/uae/ford/ford-f-150/2026/,2026-06-15T08:19:13Z,FORD,F-150,F-150,0.1373181247305231,0,267822.0
ford-f-150,2026,3.5 HEV V6 Platinum 4WD,284500,285000,284750,"AED 284,500 - 285,000",AED,https://www.drivearabia.com/carprices/uae/ford/ford-f-150/2026/,2026-06-15T08:19:13Z,FORD,F-150,F-150,0.1373181247305231,0,284750.0
ford-f-150,2026,3.5 HEV V6 Limited 4WD,287600,288000,287800,"AED 287,600 - 288,000",AED,https://www.drivearabia.com/carprices/uae/ford/ford-f-150/2026/,2026-06-15T08:19:13Z,FORD,F-150,F-150,0.1373181247305231,0,287800.0
ford-f-150,2026,3.5TC V6 Tremor 4WD,300000,301000,300500,"AED 300,000 - 301,000",AED,https://www.drivearabia.com/carprices/uae/ford/ford-f-150/2026/,2026-06-15T08:19:13Z,FORD,F-150,F-150,0.1373181247305231,0,300500.0
ford-f-150-raptor,2017,3.5T V6 Super Cab Mid,215000,218000,216500,"AED 215,000 - 218,000",AED,https://www.drivearabia.com/carprices/uae/ford/ford-f-150-raptor/2017/,2026-06-15T08:19:41Z,FORD,F-150 RAPTOR,F-150 RAPTOR,0.1308702787838537,9,61266.0
ford-f-150-raptor,2017,3.5T V6 Crew Cab Mid,230000,245000,237500,"AED 230,000 - 245,000",AED,https://www.drivearabia.com/carprices/uae/ford/ford-f-150-raptor/2017/,2026-06-15T08:19:41Z,FORD,F-150 RAPTOR,F-150 RAPTOR,0.1308702787838537,9,67209.0
ford-f-150-raptor,2017,3.5T V6 Super Cab Luxury,240000,250000,245000,"AED 240,000 - 250,000",AED,https://www.drivearabia.com/carprices/uae/ford/ford-f-150-raptor/2017/,2026-06-15T08:19:41Z,FORD,F-150 RAPTOR,F-150 RAPTOR,0.1308702787838537,9,69331.0
ford-f-150-raptor,2017,3.5T V6 Crew Cab Luxury,270000,280000,275000,"AED 270,000 - 280,000",AED,https://www.drivearabia.com/carprices/uae/ford/ford-f-150-raptor/2017/,2026-06-15T08:19:41Z,FORD,F-150 RAPTOR,F-150 RAPTOR,0.1308702787838537,9,77821.0
ford-f-150-raptor,2017,3.5T V6 Super Cab Luxury Technology Pack,300000,315000,307500,"AED 300,000 - 315,000",AED,https://www.drivearabia.com/carprices/uae/ford/ford-f-150-raptor/2017/,2026-06-15T08:19:41Z,FORD,F-150 RAPTOR,F-150 RAPTOR,0.1308702787838537,9,87017.0
ford-f-150-raptor,2017,3.5T V6 Crew Cab Luxury Technology Pack,315000,330000,322500,"AED 315,000 - 330,000",AED,https://www.drivearabia.com/carprices/uae/ford/ford-f-150-raptor/2017/,2026-06-15T08:19:41Z,FORD,F-150 RAPTOR,F-150 RAPTOR,0.1308702787838537,9,91262.0
ford-f-150-raptor,2018,3.5T V6 Super Cab Mid,215000,218000,216500,"AED 215,000 - 218,000",AED,https://www.drivearabia.com/carprices/uae/ford/ford-f-150-raptor/2018/,2026-06-15T08:19:43Z,FORD,F-150 RAPTOR,F-150 RAPTOR,0.1308702787838537,8,70491.0
ford-f-150-raptor,2018,3.5T V6 Crew Cab Mid,230000,245000,237500,"AED 230,000 - 245,000",AED,https://www.drivearabia.com/carprices/uae/ford/ford-f-150-raptor/2018/,2026-06-15T08:19:43Z,FORD,F-150 RAPTOR,F-150 RAPTOR,0.1308702787838537,8,77329.0
ford-f-150-raptor,2018,3.5T V6 Super Cab Luxury,240000,250000,245000,"AED 240,000 - 250,000",AED,https://www.drivearabia.com/carprices/uae/ford/ford-f-150-raptor/2018/,2026-06-15T08:19:43Z,FORD,F-150 RAPTOR,F-150 RAPTOR,0.1308702787838537,8,79771.0
ford-f-150-raptor,2018,3.5T V6 Crew Cab Luxury,270000,280000,275000,"AED 270,000 - 280,000",AED,https://www.drivearabia.com/carprices/uae/ford/ford-f-150-raptor/2018/,2026-06-15T08:19:43Z,FORD,F-150 RAPTOR,F-150 RAPTOR,0.1308702787838537,8,89538.0
ford-f-150-raptor,2018,3.5T V6 Super Cab Luxury Technology Pack,300000,315000,307500,"AED 300,000 - 315,000",AED,https://www.drivearabia.com/carprices/uae/ford/ford-f-150-raptor/2018/,2026-06-15T08:19:43Z,FORD,F-150 RAPTOR,F-150 RAPTOR,0.1308702787838537,8,100120.0
ford-f-150-raptor,2018,3.5T V6 Crew Cab Luxury Technology Pack,315000,330000,322500,"AED 315,000 - 330,000",AED,https://www.drivearabia.com/carprices/uae/ford/ford-f-150-raptor/2018/,2026-06-15T08:19:43Z,FORD,F-150 RAPTOR,F-150 RAPTOR,0.1308702787838537,8,105004.0
ford-f-150-raptor,2019,3.5T V6 Super Cab Mid,215000,218000,216500,"AED 215,000 - 218,000",AED,https://www.drivearabia.com/carprices/uae/ford/ford-f-150-raptor/2019/,2026-06-15T08:19:44Z,FORD,F-150 RAPTOR,F-150 RAPTOR,0.1308702787838537,7,81105.0
ford-f-150-raptor,2019,3.5T V6 Crew Cab Mid,230000,245000,237500,"AED 230,000 - 245,000",AED,https://www.drivearabia.com/carprices/uae/ford/ford-f-150-raptor/2019/,2026-06-15T08:19:44Z,FORD,F-150 RAPTOR,F-150 RAPTOR,0.1308702787838537,7,88973.0
ford-f-150-raptor,2019,3.5T V6 Super Cab Luxury,240000,250000,245000,"AED 240,000 - 250,000",AED,https://www.drivearabia.com/carprices/uae/ford/ford-f-150-raptor/2019/,2026-06-15T08:19:44Z,FORD,F-150 RAPTOR,F-150 RAPTOR,0.1308702787838537,7,91782.0
ford-f-150-raptor,2019,3.5T V6 Crew Cab Luxury,270000,280000,275000,"AED 270,000 - 280,000",AED,https://www.drivearabia.com/carprices/uae/ford/ford-f-150-raptor/2019/,2026-06-15T08:19:44Z,FORD,F-150 RAPTOR,F-150 RAPTOR,0.1308702787838537,7,103021.0
ford-f-150-raptor,2019,3.5T V6 Super Cab Luxury Technology Pack,300000,315000,307500,"AED 300,000 - 315,000",AED,https://www.drivearabia.com/carprices/uae/ford/ford-f-150-raptor/2019/,2026-06-15T08:19:44Z,FORD,F-150 RAPTOR,F-150 RAPTOR,0.1308702787838537,7,115196.0
ford-f-150-raptor,2019,3.5T V6 Crew Cab Luxury Technology Pack,315000,330000,322500,"AED 315,000 - 330,000",AED,https://www.drivearabia.com/carprices/uae/ford/ford-f-150-raptor/2019/,2026-06-15T08:19:44Z,FORD,F-150 RAPTOR,F-150 RAPTOR,0.1308702787838537,7,120815.0
ford-f-150-raptor,2020,3.5T V6 Super Cab Mid,215000,218000,216500,"AED 215,000 - 218,000",AED,https://www.drivearabia.com/carprices/uae/ford/ford-f-150-raptor/2020/,2026-06-15T08:19:46Z,FORD,F-150 RAPTOR,F-150 RAPTOR,0.1308702787838537,6,93318.0
ford-f-150-raptor,2020,3.5T V6 Crew Cab Mid,230000,245000,237500,"AED 230,000 - 245,000",AED,https://www.drivearabia.com/carprices/uae/ford/ford-f-150-raptor/2020/,2026-06-15T08:19:46Z,FORD,F-150 RAPTOR,F-150 RAPTOR,0.1308702787838537,6,102370.0
ford-f-150-raptor,2020,3.5T V6 Super Cab Luxury,240000,250000,245000,"AED 240,000 - 250,000",AED,https://www.drivearabia.com/carprices/uae/ford/ford-f-150-raptor/2020/,2026-06-15T08:19:46Z,FORD,F-150 RAPTOR,F-150 RAPTOR,0.1308702787838537,6,105602.0
ford-f-150-raptor,2020,3.5T V6 Crew Cab Luxury,270000,280000,275000,"AED 270,000 - 280,000",AED,https://www.drivearabia.com/carprices/uae/ford/ford-f-150-raptor/2020/,2026-06-15T08:19:46Z,FORD,F-150 RAPTOR,F-150 RAPTOR,0.1308702787838537,6,118533.0
ford-f-150-raptor,2020,3.5T V6 Super Cab Luxury Technology Pack,300000,315000,307500,"AED 300,000 - 315,000",AED,https://www.drivearabia.com/carprices/uae/ford/ford-f-150-raptor/2020/,2026-06-15T08:19:46Z,FORD,F-150 RAPTOR,F-150 RAPTOR,0.1308702787838537,6,132542.0
ford-f-150-raptor,2020,3.5T V6 Crew Cab Luxury Technology Pack,315000,330000,322500,"AED 315,000 - 330,000",AED,https://www.drivearabia.com/carprices/uae/ford/ford-f-150-raptor/2020/,2026-06-15T08:19:46Z,FORD,F-150 RAPTOR,F-150 RAPTOR,0.1308702787838537,6,139007.0
ford-f-150-raptor,2021,3.5T V6 Crew Mid,363000,364000,363500,"AED 363,000 - 364,000",AED,https://www.drivearabia.com/carprices/uae/ford/ford-f-150-raptor/2021/,2026-06-15T08:19:48Z,FORD,F-150 RAPTOR,F-150 RAPTOR,0.1308702787838537,5,180272.0
ford-f-150-raptor,2021,3.5T V6 Crew Lux,389000,390000,389500,"AED 389,000 - 390,000",AED,https://www.drivearabia.com/carprices/uae/ford/ford-f-150-raptor/2021/,2026-06-15T08:19:48Z,FORD,F-150 RAPTOR,F-150 RAPTOR,0.1308702787838537,5,193166.0
ford-f-150-raptor,2022,3.5T V6 Crew Mid,363000,364000,363500,"AED 363,000 - 364,000",AED,https://www.drivearabia.com/carprices/uae/ford/ford-f-150-raptor/2022/,2026-06-15T08:19:50Z,FORD,F-150 RAPTOR,F-150 RAPTOR,0.1308702787838537,4,207416.0
ford-f-150-raptor,2022,3.5T V6 Crew Lux,389000,390000,389500,"AED 389,000 - 390,000",AED,https://www.drivearabia.com/carprices/uae/ford/ford-f-150-raptor/2022/,2026-06-15T08:19:50Z,FORD,F-150 RAPTOR,F-150 RAPTOR,0.1308702787838537,4,222252.0
ford-f-150-raptor,2023,3.5T V6 Crew Mid,363000,364000,363500,"AED 363,000 - 364,000",AED,https://www.drivearabia.com/carprices/uae/ford/ford-f-150-raptor/2023/,2026-06-15T08:19:52Z,FORD,F-150 RAPTOR,F-150 RAPTOR,0.1308702787838537,3,238648.0
ford-f-150-raptor,2023,3.5T V6 Crew Lux,389000,390000,389500,"AED 389,000 - 390,000",AED,https://www.drivearabia.com/carprices/uae/ford/ford-f-150-raptor/2023/,2026-06-15T08:19:52Z,FORD,F-150 RAPTOR,F-150 RAPTOR,0.1308702787838537,3,255718.0
ford-f-150-raptor,2024,3.5T V6 Crew Mid,363000,364000,363500,"AED 363,000 - 364,000",AED,https://www.drivearabia.com/carprices/uae/ford/ford-f-150-raptor/2024/,2026-06-15T08:19:54Z,FORD,F-150 RAPTOR,F-150 RAPTOR,0.1308702787838537,2,274583.0
ford-f-150-raptor,2024,3.5T V6 Crew Lux,389000,390000,389500,"AED 389,000 - 390,000",AED,https://www.drivearabia.com/carprices/uae/ford/ford-f-150-raptor/2024/,2026-06-15T08:19:54Z,FORD,F-150 RAPTOR,F-150 RAPTOR,0.1308702787838537,2,294223.0
ford-f-150-raptor,2025,V6 Raptor,363000,364000,363500,"AED 363,000 - 364,000",AED,https://www.drivearabia.com/carprices/uae/ford/ford-f-150-raptor/2025/,2026-06-15T08:19:56Z,FORD,F-150 RAPTOR,F-150 RAPTOR,0.1308702787838537,1,315929.0
ford-f-150-raptor,2025,3.5TC V6 4WD,363000,364000,363500,"AED 363,000 - 364,000",AED,https://www.drivearabia.com/carprices/uae/ford/ford-f-150-raptor/2025/,2026-06-15T08:19:56Z,FORD,F-150 RAPTOR,F-150 RAPTOR,0.1308702787838537,1,315929.0
ford-f-150-raptor,2025,V8 Raptor R,561000,565000,563000,"AED 561,000 - 565,000",AED,https://www.drivearabia.com/carprices/uae/ford/ford-f-150-raptor/2025/,2026-06-15T08:19:56Z,FORD,F-150 RAPTOR,F-150 RAPTOR,0.1308702787838537,1,489320.0
ford-f-150-raptor,2026,V6 Raptor,363000,364000,363500,"AED 363,000 - 364,000",AED,https://www.drivearabia.com/carprices/uae/ford/ford-f-150-raptor/2026/,2026-06-15T08:19:58Z,FORD,F-150 RAPTOR,F-150 RAPTOR,0.1308702787838537,0,363500.0
ford-f-150-raptor,2026,3.5TC V6 4WD,363000,364000,363500,"AED 363,000 - 364,000",AED,https://www.drivearabia.com/carprices/uae/ford/ford-f-150-raptor/2026/,2026-06-15T08:19:58Z,FORD,F-150 RAPTOR,F-150 RAPTOR,0.1308702787838537,0,363500.0
ford-f-150-raptor,2026,V8 Raptor R,561000,565000,563000,"AED 561,000 - 565,000",AED,https://www.drivearabia.com/carprices/uae/ford/ford-f-150-raptor/2026/,2026-06-15T08:19:58Z,FORD,F-150 RAPTOR,F-150 RAPTOR,0.1308702787838537,0,563000.0
ford-fiesta,2014,Ambiente,65000,66000,65500,"AED 65,000 - 66,000",AED,https://www.drivearabia.com/carprices/uae/ford/ford-fiesta/2014/,2026-06-15T08:20:30Z,FORD,FIESTA,FIESTA,0.0967597694463219,12,19314.0
ford-fiesta,2014,Trend,70000,71000,70500,"AED 70,000 - 71,000",AED,https://www.drivearabia.com/carprices/uae/ford/ford-fiesta/2014/,2026-06-15T08:20:30Z,FORD,FIESTA,FIESTA,0.0967597694463219,12,20789.0
ford-fiesta,2014,Titanium,80000,81000,80500,"AED 80,000 - 81,000",AED,https://www.drivearabia.com/carprices/uae/ford/ford-fiesta/2014/,2026-06-15T08:20:30Z,FORD,FIESTA,FIESTA,0.0967597694463219,12,23738.0
ford-fiesta,2015,Ambiente,65000,66000,65500,"AED 65,000 - 66,000",AED,https://www.drivearabia.com/carprices/uae/ford/ford-fiesta/2015/,2026-06-15T08:20:32Z,FORD,FIESTA,FIESTA,0.0967597694463219,11,21383.0
ford-fiesta,2015,Trend,70000,71000,70500,"AED 70,000 - 71,000",AED,https://www.drivearabia.com/carprices/uae/ford/ford-fiesta/2015/,2026-06-15T08:20:32Z,FORD,FIESTA,FIESTA,0.0967597694463219,11,23016.0
ford-fiesta,2015,Titanium,80000,81000,80500,"AED 80,000 - 81,000",AED,https://www.drivearabia.com/carprices/uae/ford/ford-fiesta/2015/,2026-06-15T08:20:32Z,FORD,FIESTA,FIESTA,0.0967597694463219,11,26280.0
ford-fiesta,2016,Ambiente,65000,66000,65500,"AED 65,000 - 66,000",AED,https://www.drivearabia.com/carprices/uae/ford/ford-fiesta/2016/,2026-06-15T08:20:33Z,FORD,FIESTA,FIESTA,0.0967597694463219,10,23674.0
ford-fiesta,2016,Trend,70000,71000,70500,"AED 70,000 - 71,000",AED,https://www.drivearabia.com/carprices/uae/ford/ford-fiesta/2016/,2026-06-15T08:20:33Z,FORD,FIESTA,FIESTA,0.0967597694463219,10,25481.0
ford-fiesta,2016,Titanium,80000,81000,80500,"AED 80,000 - 81,000",AED,https://www.drivearabia.com/carprices/uae/ford/ford-fiesta/2016/,2026-06-15T08:20:33Z,FORD,FIESTA,FIESTA,0.0967597694463219,10,29096.0
ford-fiesta,2017,Ambiente,65000,66000,65500,"AED 65,000 - 66,000",AED,https://www.drivearabia.com/carprices/uae/ford/ford-fiesta/2017/,2026-06-15T08:20:36Z,FORD,FIESTA,FIESTA,0.0967597694463219,9,26210.0
ford-fiesta,2017,Trend,70000,71000,70500,"AED 70,000 - 71,000",AED,https://www.drivearabia.com/carprices/uae/ford/ford-fiesta/2017/,2026-06-15T08:20:36Z,FORD,FIESTA,FIESTA,0.0967597694463219,9,28211.0
ford-fiesta,2017,Titanium,80000,81000,80500,"AED 80,000 - 81,000",AED,https://www.drivearabia.com/carprices/uae/ford/ford-fiesta/2017/,2026-06-15T08:20:36Z,FORD,FIESTA,FIESTA,0.0967597694463219,9,32213.0
ford-figo,2019,Ambiente,57000,58000,57500,"AED 57,000 - 58,000",AED,https://www.drivearabia.com/carprices/uae/ford/ford-figo/2019/,2026-06-15T08:21:24Z,FORD,FIGO,FIGO,0.1584334690291446,7,17190.0
ford-figo,2019,Trend,59000,60000,59500,"AED 59,000 - 60,000",AED,https://www.drivearabia.com/carprices/uae/ford/ford-figo/2019/,2026-06-15T08:21:24Z,FORD,FIGO,FIGO,0.1584334690291446,7,17788.0
ford-figo,2019,Titanium,61000,62000,61500,"AED 61,000 - 62,000",AED,https://www.drivearabia.com/carprices/uae/ford/ford-figo/2019/,2026-06-15T08:21:24Z,FORD,FIGO,FIGO,0.1584334690291446,7,18386.0
ford-figo,2020,Ambiente,50300,51000,50650,"AED 50,300 - 51,000",AED,https://www.drivearabia.com/carprices/uae/ford/ford-figo/2020/,2026-06-15T08:21:26Z,FORD,FIGO,FIGO,0.1584334690291446,6,17993.0
ford-figo,2020,Trend,55000,56000,55500,"AED 55,000 - 56,000",AED,https://www.drivearabia.com/carprices/uae/ford/ford-figo/2020/,2026-06-15T08:21:26Z,FORD,FIGO,FIGO,0.1584334690291446,6,19716.0
ford-figo,2020,Titanium,61000,62000,61500,"AED 61,000 - 62,000",AED,https://www.drivearabia.com/carprices/uae/ford/ford-figo/2020/,2026-06-15T08:21:26Z,FORD,FIGO,FIGO,0.1584334690291446,6,21848.0
ford-flex,2013,V6 EcoBoost,165000,170000,167500,"AED 165,000 - 170,000",AED,https://www.drivearabia.com/carprices/uae/ford/ford-flex/2013/,2026-06-15T08:22:39Z,FORD,FLEX,FLEX,0.1832855858145247,13,12048.0
ford-flex,2014,V6 EcoBoost,165000,170000,167500,"AED 165,000 - 170,000",AED,https://www.drivearabia.com/carprices/uae/ford/ford-flex/2014/,2026-06-15T08:22:41Z,FORD,FLEX,FLEX,0.1832855858145247,12,14752.0
ford-flex,2015,V6 SE/SEL,110000,140000,125000,"AED 110,000 - 140,000",AED,https://www.drivearabia.com/carprices/uae/ford/ford-flex/2015/,2026-06-15T08:22:43Z,FORD,FLEX,FLEX,0.1832855858145247,11,13480.0
ford-flex,2015,V6 EcoBoost Limited,175000,176000,175500,"AED 175,000 - 176,000",AED,https://www.drivearabia.com/carprices/uae/ford/ford-flex/2015/,2026-06-15T08:22:43Z,FORD,FLEX,FLEX,0.1832855858145247,11,18926.0
ford-flex,2016,V6 SE/SEL,110000,140000,125000,"AED 110,000 - 140,000",AED,https://www.drivearabia.com/carprices/uae/ford/ford-flex/2016/,2026-06-15T08:22:45Z,FORD,FLEX,FLEX,0.1832855858145247,10,16505.0
ford-flex,2016,V6 EcoBoost Limited,175000,176000,175500,"AED 175,000 - 176,000",AED,https://www.drivearabia.com/carprices/uae/ford/ford-flex/2016/,2026-06-15T08:22:45Z,FORD,FLEX,FLEX,0.1832855858145247,10,23173.0
ford-focus,2016,Ambiente,75000,76000,75500,"AED 75,000 - 76,000",AED,https://www.drivearabia.com/carprices/uae/ford/ford-focus/2016/,2026-06-15T08:23:31Z,FORD,FOCUS,FOCUS,0.1911349140644573,10,9051.0
ford-focus,2016,Station wagon,78000,79000,78500,"AED 78,000 - 79,000",AED,https://www.drivearabia.com/carprices/uae/ford/ford-focus/2016/,2026-06-15T08:23:31Z,FORD,FOCUS,FOCUS,0.1911349140644573,10,9411.0
ford-focus,2016,Trend,80000,81000,80500,"AED 80,000 - 81,000",AED,https://www.drivearabia.com/carprices/uae/ford/ford-focus/2016/,2026-06-15T08:23:31Z,FORD,FOCUS,FOCUS,0.1911349140644573,10,9651.0
ford-focus,2016,Sport,95000,96000,95500,"AED 95,000 - 96,000",AED,https://www.drivearabia.com/carprices/uae/ford/ford-focus/2016/,2026-06-15T08:23:31Z,FORD,FOCUS,FOCUS,0.1911349140644573,10,11449.0
ford-focus,2016,Titanium,99000,100000,99500,"AED 99,000 - 100,000",AED,https://www.drivearabia.com/carprices/uae/ford/ford-focus/2016/,2026-06-15T08:23:31Z,FORD,FOCUS,FOCUS,0.1911349140644573,10,11928.0
ford-focus,2017,Ambiente,75000,76000,75500,"AED 75,000 - 76,000",AED,https://www.drivearabia.com/carprices/uae/ford/ford-focus/2017/,2026-06-15T08:23:33Z,FORD,FOCUS,FOCUS,0.1911349140644573,9,11190.0
ford-focus,2017,Station wagon,78000,79000,78500,"AED 78,000 - 79,000",AED,https://www.drivearabia.com/carprices/uae/ford/ford-focus/2017/,2026-06-15T08:23:33Z,FORD,FOCUS,FOCUS,0.1911349140644573,9,11635.0
ford-focus,2017,Trend,80000,81000,80500,"AED 80,000 - 81,000",AED,https://www.drivearabia.com/carprices/uae/ford/ford-focus/2017/,2026-06-15T08:23:33Z,FORD,FOCUS,FOCUS,0.1911349140644573,9,11931.0
ford-focus,2017,Sport,95000,96000,95500,"AED 95,000 - 96,000",AED,https://www.drivearabia.com/carprices/uae/ford/ford-focus/2017/,2026-06-15T08:23:33Z,FORD,FOCUS,FOCUS,0.1911349140644573,9,14154.0
ford-focus,2017,Titanium,99000,100000,99500,"AED 99,000 - 100,000",AED,https://www.drivearabia.com/carprices/uae/ford/ford-focus/2017/,2026-06-15T08:23:33Z,FORD,FOCUS,FOCUS,0.1911349140644573,9,14747.0
ford-focus,2018,Ambiente,75000,76000,75500,"AED 75,000 - 76,000",AED,https://www.drivearabia.com/carprices/uae/ford/ford-focus/2018/,2026-06-15T08:23:35Z,FORD,FOCUS,FOCUS,0.1911349140644573,8,13834.0
ford-focus,2018,Station wagon,78000,79000,78500,"AED 78,000 - 79,000",AED,https://www.drivearabia.com/carprices/uae/ford/ford-focus/2018/,2026-06-15T08:23:35Z,FORD,FOCUS,FOCUS,0.1911349140644573,8,14384.0
ford-focus,2018,Trend,80000,81000,80500,"AED 80,000 - 81,000",AED,https://www.drivearabia.com/carprices/uae/ford/ford-focus/2018/,2026-06-15T08:23:35Z,FORD,FOCUS,FOCUS,0.1911349140644573,8,14750.0
ford-focus,2018,Sport,95000,96000,95500,"AED 95,000 - 96,000",AED,https://www.drivearabia.com/carprices/uae/ford/ford-focus/2018/,2026-06-15T08:23:35Z,FORD,FOCUS,FOCUS,0.1911349140644573,8,17499.0
ford-focus,2018,Titanium,99000,100000,99500,"AED 99,000 - 100,000",AED,https://www.drivearabia.com/carprices/uae/ford/ford-focus/2018/,2026-06-15T08:23:35Z,FORD,FOCUS,FOCUS,0.1911349140644573,8,18232.0
ford-focus-st,2013,ST,96000,100000,98000,"AED 96,000 - 100,000",AED,https://www.drivearabia.com/carprices/uae/ford/ford-focus-st/2013/,2026-06-15T08:24:08Z,FORD,FOCUS ST,FOCUS ST,0.1490911771231946,13,12014.0
ford-focus-st,2014,ST,96000,100000,98000,"AED 96,000 - 100,000",AED,https://www.drivearabia.com/carprices/uae/ford/ford-focus-st/2014/,2026-06-15T08:24:10Z,FORD,FOCUS ST,FOCUS ST,0.1490911771231946,12,14120.0
ford-fusion,2014,2.5 S,80000,81000,80500,"AED 80,000 - 81,000",AED,https://www.drivearabia.com/carprices/uae/ford/ford-fusion/2014/,2026-06-15T08:25:37Z,FORD,FUSION,FUSION,0.1096662963507111,12,19972.0
ford-fusion,2014,2.5 SE,90000,120000,105000,"AED 90,000 - 120,000",AED,https://www.drivearabia.com/carprices/uae/ford/ford-fusion/2014/,2026-06-15T08:25:37Z,FORD,FUSION,FUSION,0.1096662963507111,12,26051.0
ford-fusion,2015,2.5 S,80000,81000,80500,"AED 80,000 - 81,000",AED,https://www.drivearabia.com/carprices/uae/ford/ford-fusion/2015/,2026-06-15T08:25:39Z,FORD,FUSION,FUSION,0.1096662963507111,11,22432.0
ford-fusion,2015,2.5 SE,90000,120000,105000,"AED 90,000 - 120,000",AED,https://www.drivearabia.com/carprices/uae/ford/ford-fusion/2015/,2026-06-15T08:25:39Z,FORD,FUSION,FUSION,0.1096662963507111,11,29260.0
ford-fusion,2015,2.0TC SE,110000,120000,115000,"AED 110,000 - 120,000",AED,https://www.drivearabia.com/carprices/uae/ford/ford-fusion/2015/,2026-06-15T08:25:39Z,FORD,FUSION,FUSION,0.1096662963507111,11,32046.0
ford-fusion,2016,2.5 S,80000,81000,80500,"AED 80,000 - 81,000",AED,https://www.drivearabia.com/carprices/uae/ford/ford-fusion/2016/,2026-06-15T08:25:41Z,FORD,FUSION,FUSION,0.1096662963507111,10,25196.0
ford-fusion,2016,2.5 SE,90000,120000,105000,"AED 90,000 - 120,000",AED,https://www.drivearabia.com/carprices/uae/ford/ford-fusion/2016/,2026-06-15T08:25:41Z,FORD,FUSION,FUSION,0.1096662963507111,10,32864.0
ford-fusion,2016,2.0TC SE,110000,120000,115000,"AED 110,000 - 120,000",AED,https://www.drivearabia.com/carprices/uae/ford/ford-fusion/2016/,2026-06-15T08:25:41Z,FORD,FUSION,FUSION,0.1096662963507111,10,35994.0
ford-fusion,2017,2.5 S,80000,81000,80500,"AED 80,000 - 81,000",AED,https://www.drivearabia.com/carprices/uae/ford/ford-fusion/2017/,2026-06-15T08:25:43Z,FORD,FUSION,FUSION,0.1096662963507111,9,28299.0
ford-fusion,2017,2.5 SE,90000,120000,105000,"AED 90,000 - 120,000",AED,https://www.drivearabia.com/carprices/uae/ford/ford-fusion/2017/,2026-06-15T08:25:43Z,FORD,FUSION,FUSION,0.1096662963507111,9,36912.0
ford-fusion,2017,2.0TC SE,110000,120000,115000,"AED 110,000 - 120,000",AED,https://www.drivearabia.com/carprices/uae/ford/ford-fusion/2017/,2026-06-15T08:25:43Z,FORD,FUSION,FUSION,0.1096662963507111,9,40427.0
ford-fusion,2018,2.5 S,80000,81000,80500,"AED 80,000 - 81,000",AED,https://www.drivearabia.com/carprices/uae/ford/ford-fusion/2018/,2026-06-15T08:25:45Z,FORD,FUSION,FUSION,0.1096662963507111,8,31785.0
ford-fusion,2018,2.5 SE,90000,120000,105000,"AED 90,000 - 120,000",AED,https://www.drivearabia.com/carprices/uae/ford/ford-fusion/2018/,2026-06-15T08:25:45Z,FORD,FUSION,FUSION,0.1096662963507111,8,41458.0
ford-fusion,2018,2.0TC SE,110000,120000,115000,"AED 110,000 - 120,000",AED,https://www.drivearabia.com/carprices/uae/ford/ford-fusion/2018/,2026-06-15T08:25:45Z,FORD,FUSION,FUSION,0.1096662963507111,8,45407.0
ford-mustang,2010,4.6L coupe,140000,160000,150000,"AED 140,000 - 160,000",AED,https://www.drivearabia.com/carprices/uae/ford/ford-mustang/2010/,2026-06-15T08:27:41Z,FORD,MUSTANG,MUSTANG,0.1446382560709127,16,12317.0
ford-mustang,2011,3.7L coupe,99000,120000,109500,"AED 99,000 - 120,000",AED,https://www.drivearabia.com/carprices/uae/ford/ford-mustang/2011/,2026-06-15T08:27:43Z,FORD,MUSTANG,MUSTANG,0.1446382560709127,15,10511.0
ford-mustang,2011,5.0L coupe,125000,150000,137500,"AED 125,000 - 150,000",AED,https://www.drivearabia.com/carprices/uae/ford/ford-mustang/2011/,2026-06-15T08:27:43Z,FORD,MUSTANG,MUSTANG,0.1446382560709127,15,13199.0
ford-mustang,2011,5.0L glass roof,160000,165000,162500,"AED 160,000 - 165,000",AED,https://www.drivearabia.com/carprices/uae/ford/ford-mustang/2011/,2026-06-15T08:27:43Z,FORD,MUSTANG,MUSTANG,0.1446382560709127,15,15599.0
ford-mustang,2011,5.0L Roush,250000,255000,252500,"AED 250,000 - 255,000",AED,https://www.drivearabia.com/carprices/uae/ford/ford-mustang/2011/,2026-06-15T08:27:43Z,FORD,MUSTANG,MUSTANG,0.1446382560709127,15,24239.0
ford-mustang,2012,3.7L coupe,99000,120000,109500,"AED 99,000 - 120,000",AED,https://www.drivearabia.com/carprices/uae/ford/ford-mustang/2012/,2026-06-15T08:27:45Z,FORD,MUSTANG,MUSTANG,0.1446382560709127,14,12289.0
ford-mustang,2012,5.0L coupe,125000,150000,137500,"AED 125,000 - 150,000",AED,https://www.drivearabia.com/carprices/uae/ford/ford-mustang/2012/,2026-06-15T08:27:45Z,FORD,MUSTANG,MUSTANG,0.1446382560709127,14,15431.0
ford-mustang,2012,5.0L glass roof,160000,165000,162500,"AED 160,000 - 165,000",AED,https://www.drivearabia.com/carprices/uae/ford/ford-mustang/2012/,2026-06-15T08:27:45Z,FORD,MUSTANG,MUSTANG,0.1446382560709127,14,18237.0
ford-mustang,2012,5.0L Roush,250000,255000,252500,"AED 250,000 - 255,000",AED,https://www.drivearabia.com/carprices/uae/ford/ford-mustang/2012/,2026-06-15T08:27:45Z,FORD,MUSTANG,MUSTANG,0.1446382560709127,14,28337.0
ford-mustang,2013,3.7L coupe,110000,140000,125000,"AED 110,000 - 140,000",AED,https://www.drivearabia.com/carprices/uae/ford/ford-mustang/2013/,2026-06-15T08:27:47Z,FORD,MUSTANG,MUSTANG,0.1446382560709127,13,16401.0
ford-mustang,2013,5.0L GT coupe,145000,170000,157500,"AED 145,000 - 170,000",AED,https://www.drivearabia.com/carprices/uae/ford/ford-mustang/2013/,2026-06-15T08:27:47Z,FORD,MUSTANG,MUSTANG,0.1446382560709127,13,20665.0
ford-mustang,2013,5.0L Boss 302,200000,205000,202500,"AED 200,000 - 205,000",AED,https://www.drivearabia.com/carprices/uae/ford/ford-mustang/2013/,2026-06-15T08:27:47Z,FORD,MUSTANG,MUSTANG,0.1446382560709127,13,26569.0
ford-mustang,2014,3.7L coupe,110000,140000,125000,"AED 110,000 - 140,000",AED,https://www.drivearabia.com/carprices/uae/ford/ford-mustang/2014/,2026-06-15T08:27:49Z,FORD,MUSTANG,MUSTANG,0.1446382560709127,12,19174.0
ford-mustang,2014,5.0L GT coupe,145000,170000,157500,"AED 145,000 - 170,000",AED,https://www.drivearabia.com/carprices/uae/ford/ford-mustang/2014/,2026-06-15T08:27:49Z,FORD,MUSTANG,MUSTANG,0.1446382560709127,12,24159.0
ford-mustang,2014,5.0L Boss 302,200000,205000,202500,"AED 200,000 - 205,000",AED,https://www.drivearabia.com/carprices/uae/ford/ford-mustang/2014/,2026-06-15T08:27:49Z,FORD,MUSTANG,MUSTANG,0.1446382560709127,12,31062.0
ford-mustang,2015,3.7L manual,128000,129000,128500,"AED 128,000 - 129,000",AED,https://www.drivearabia.com/carprices/uae/ford/ford-mustang/2015/,2026-06-15T08:27:51Z,FORD,MUSTANG,MUSTANG,0.1446382560709127,11,23044.0
ford-mustang,2015,3.7L automatic,133000,134000,133500,"AED 133,000 - 134,000",AED,https://www.drivearabia.com/carprices/uae/ford/ford-mustang/2015/,2026-06-15T08:27:51Z,FORD,MUSTANG,MUSTANG,0.1446382560709127,11,23940.0
ford-mustang,2015,2.3L Ecoboost manual,173000,174000,173500,"AED 173,000 - 174,000",AED,https://www.drivearabia.com/carprices/uae/ford/ford-mustang/2015/,2026-06-15T08:27:51Z,FORD,MUSTANG,MUSTANG,0.1446382560709127,11,31113.0
ford-mustang,2015,2.3L Ecoboost automatic,183000,185000,184000,"AED 183,000 - 185,000",AED,https://www.drivearabia.com/carprices/uae/ford/ford-mustang/2015/,2026-06-15T08:27:51Z,FORD,MUSTANG,MUSTANG,0.1446382560709127,11,32996.0
ford-mustang,2015,5.0L manual,188000,189000,188500,"AED 188,000 - 189,000",AED,https://www.drivearabia.com/carprices/uae/ford/ford-mustang/2015/,2026-06-15T08:27:51Z,FORD,MUSTANG,MUSTANG,0.1446382560709127,11,33803.0
ford-mustang,2015,5.0L automatic,193000,195000,194000,"AED 193,000 - 195,000",AED,https://www.drivearabia.com/carprices/uae/ford/ford-mustang/2015/,2026-06-15T08:27:51Z,FORD,MUSTANG,MUSTANG,0.1446382560709127,11,34790.0
ford-mustang,2016,3.7L manual,128000,129000,128500,"AED 128,000 - 129,000",AED,https://www.drivearabia.com/carprices/uae/ford/ford-mustang/2016/,2026-06-15T08:27:53Z,FORD,MUSTANG,MUSTANG,0.1446382560709127,10,26940.0
ford-mustang,2016,3.7L automatic,133000,134000,133500,"AED 133,000 - 134,000",AED,https://www.drivearabia.com/carprices/uae/ford/ford-mustang/2016/,2026-06-15T08:27:53Z,FORD,MUSTANG,MUSTANG,0.1446382560709127,10,27988.0
ford-mustang,2016,2.3L Ecoboost manual,173000,174000,173500,"AED 173,000 - 174,000",AED,https://www.drivearabia.com/carprices/uae/ford/ford-mustang/2016/,2026-06-15T08:27:53Z,FORD,MUSTANG,MUSTANG,0.1446382560709127,10,36375.0
ford-mustang,2016,2.3L Ecoboost automatic,183000,185000,184000,"AED 183,000 - 185,000",AED,https://www.drivearabia.com/carprices/uae/ford/ford-mustang/2016/,2026-06-15T08:27:53Z,FORD,MUSTANG,MUSTANG,0.1446382560709127,10,38576.0
ford-mustang,2016,5.0L manual,188000,189000,188500,"AED 188,000 - 189,000",AED,https://www.drivearabia.com/carprices/uae/ford/ford-mustang/2016/,2026-06-15T08:27:53Z,FORD,MUSTANG,MUSTANG,0.1446382560709127,10,39519.0
ford-mustang,2016,5.0L automatic,193000,195000,194000,"AED 193,000 - 195,000",AED,https://www.drivearabia.com/carprices/uae/ford/ford-mustang/2016/,2026-06-15T08:27:53Z,FORD,MUSTANG,MUSTANG,0.1446382560709127,10,40672.0
ford-mustang,2017,3.7L manual,150000,155000,152500,"AED 150,000 - 155,000",AED,https://www.drivearabia.com/carprices/uae/ford/ford-mustang/2017/,2026-06-15T08:27:55Z,FORD,MUSTANG,MUSTANG,0.1446382560709127,9,37378.0
ford-mustang,2017,3.7L auto,155000,160000,157500,"AED 155,000 - 160,000",AED,https://www.drivearabia.com/carprices/uae/ford/ford-mustang/2017/,2026-06-15T08:27:55Z,FORD,MUSTANG,MUSTANG,0.1446382560709127,9,38604.0
ford-mustang,2017,3.7L convertible auto,175000,180000,177500,"AED 175,000 - 180,000",AED,https://www.drivearabia.com/carprices/uae/ford/ford-mustang/2017/,2026-06-15T08:27:55Z,FORD,MUSTANG,MUSTANG,0.1446382560709127,9,43506.0
ford-mustang,2017,2.3L auto,180000,185000,182500,"AED 180,000 - 185,000",AED,https://www.drivearabia.com/carprices/uae/ford/ford-mustang/2017/,2026-06-15T08:27:55Z,FORD,MUSTANG,MUSTANG,0.1446382560709127,9,44731.0
ford-mustang,2017,2.3L Premium auto,200000,201000,200500,"AED 200,000 - 201,000",AED,https://www.drivearabia.com/carprices/uae/ford/ford-mustang/2017/,2026-06-15T08:27:55Z,FORD,MUSTANG,MUSTANG,0.1446382560709127,9,49143.0
ford-mustang,2017,2.3L Premium convertible auto,205500,208000,206750,"AED 205,500 - 208,000",AED,https://www.drivearabia.com/carprices/uae/ford/ford-mustang/2017/,2026-06-15T08:27:55Z,FORD,MUSTANG,MUSTANG,0.1446382560709127,9,50675.0
ford-mustang,2017,5.0L manual,210000,215000,212500,"AED 210,000 - 215,000",AED,https://www.drivearabia.com/carprices/uae/ford/ford-mustang/2017/,2026-06-15T08:27:55Z,FORD,MUSTANG,MUSTANG,0.1446382560709127,9,52084.0
ford-mustang,2017,5.0L auto California Special,215000,216000,215500,"AED 215,000 - 216,000",AED,https://www.drivearabia.com/carprices/uae/ford/ford-mustang/2017/,2026-06-15T08:27:55Z,FORD,MUSTANG,MUSTANG,0.1446382560709127,9,52820.0
ford-mustang,2017,5.0L auto,220000,225000,222500,"AED 220,000 - 225,000",AED,https://www.drivearabia.com/carprices/uae/ford/ford-mustang/2017/,2026-06-15T08:27:55Z,FORD,MUSTANG,MUSTANG,0.1446382560709127,9,54535.0
ford-mustang,2017,5.0L convetible auto,235000,240000,237500,"AED 235,000 - 240,000",AED,https://www.drivearabia.com/carprices/uae/ford/ford-mustang/2017/,2026-06-15T08:27:55Z,FORD,MUSTANG,MUSTANG,0.1446382560709127,9,58212.0
ford-mustang,2017,5.0L convertible auto California Special,235000,236000,235500,"AED 235,000 - 236,000",AED,https://www.drivearabia.com/carprices/uae/ford/ford-mustang/2017/,2026-06-15T08:27:55Z,FORD,MUSTANG,MUSTANG,0.1446382560709127,9,57722.0
ford-mustang,2018,5.0 GT,200000,240000,220000,"AED 200,000 - 240,000",AED,https://www.drivearabia.com/carprices/uae/ford/ford-mustang/2018/,2026-06-15T08:27:57Z,FORD,MUSTANG,MUSTANG,0.1446382560709127,8,63041.0
ford-mustang,2018,2.3TC,204000,210000,207000,"AED 204,000 - 210,000",AED,https://www.drivearabia.com/carprices/uae/ford/ford-mustang/2018/,2026-06-15T08:27:57Z,FORD,MUSTANG,MUSTANG,0.1446382560709127,8,59316.0
ford-mustang,2019,5.0 GT,200000,240000,220000,"AED 200,000 - 240,000",AED,https://www.drivearabia.com/carprices/uae/ford/ford-mustang/2019/,2026-06-15T08:27:58Z,FORD,MUSTANG,MUSTANG,0.1446382560709127,7,73701.0
ford-mustang,2019,2.3TC,204000,210000,207000,"AED 204,000 - 210,000",AED,https://www.drivearabia.com/carprices/uae/ford/ford-mustang/2019/,2026-06-15T08:27:58Z,FORD,MUSTANG,MUSTANG,0.1446382560709127,7,69346.0
ford-mustang,2020,5.0 GT,200000,240000,220000,"AED 200,000 - 240,000",AED,https://www.drivearabia.com/carprices/uae/ford/ford-mustang/2020/,2026-06-15T08:28:00Z,FORD,MUSTANG,MUSTANG,0.1446382560709127,6,86163.0
ford-mustang,2020,2.3TC,204000,210000,207000,"AED 204,000 - 210,000",AED,https://www.drivearabia.com/carprices/uae/ford/ford-mustang/2020/,2026-06-15T08:28:00Z,FORD,MUSTANG,MUSTANG,0.1446382560709127,6,81072.0
ford-mustang,2021,2.3TC,179500,180000,179750,"AED 179,500 - 180,000",AED,https://www.drivearabia.com/carprices/uae/ford/ford-mustang/2021/,2026-06-15T08:28:02Z,FORD,MUSTANG,MUSTANG,0.1446382560709127,5,82303.0
ford-mustang,2021,5.0 GT,227800,228000,227900,"AED 227,800 - 228,000",AED,https://www.drivearabia.com/carprices/uae/ford/ford-mustang/2021/,2026-06-15T08:28:02Z,FORD,MUSTANG,MUSTANG,0.1446382560709127,5,104350.0
ford-mustang,2022,2.3TC,179500,180000,179750,"AED 179,500 - 180,000",AED,https://www.drivearabia.com/carprices/uae/ford/ford-mustang/2022/,2026-06-15T08:28:04Z,FORD,MUSTANG,MUSTANG,0.1446382560709127,4,96221.0
ford-mustang,2022,5.0 GT,227800,228000,227900,"AED 227,800 - 228,000",AED,https://www.drivearabia.com/carprices/uae/ford/ford-mustang/2022/,2026-06-15T08:28:04Z,FORD,MUSTANG,MUSTANG,0.1446382560709127,4,121995.0
ford-mustang,2023,5.0 GT,227800,228000,227900,"AED 227,800 - 228,000",AED,https://www.drivearabia.com/carprices/uae/ford/ford-mustang/2023/,2026-06-15T08:28:06Z,FORD,MUSTANG,MUSTANG,0.1446382560709127,3,142624.0
ford-mustang,2024,5.0L V8 GT RWD,230000,240000,235000,"AED 230,000 - 240,000",AED,https://www.drivearabia.com/carprices/uae/ford/ford-mustang/2024/,2026-06-15T08:28:08Z,FORD,MUSTANG,MUSTANG,0.1446382560709127,2,171936.0
ford-mustang,2024,5.0L V8 GT Premium RWD,256095,260000,258048,"AED 256,095 - 260,000",AED,https://www.drivearabia.com/carprices/uae/ford/ford-mustang/2024/,2026-06-15T08:28:08Z,FORD,MUSTANG,MUSTANG,0.1446382560709127,2,188799.0
ford-mustang,2025,5.0L V8 GT RWD,230000,240000,235000,"AED 230,000 - 240,000",AED,https://www.drivearabia.com/carprices/uae/ford/ford-mustang/2025/,2026-06-15T08:28:10Z,FORD,MUSTANG,MUSTANG,0.1446382560709127,1,201010.0
ford-mustang,2025,5.0L V8 GT Premium RWD,256095,260000,258048,"AED 256,095 - 260,000",AED,https://www.drivearabia.com/carprices/uae/ford/ford-mustang/2025/,2026-06-15T08:28:10Z,FORD,MUSTANG,MUSTANG,0.1446382560709127,1,220724.0
ford-mustang,2025,5.0 V8 Dark Horse RWD,290000,291000,290500,"AED 290,000 - 291,000",AED,https://www.drivearabia.com/carprices/uae/ford/ford-mustang/2025/,2026-06-15T08:28:10Z,FORD,MUSTANG,MUSTANG,0.1446382560709127,1,248483.0
ford-mustang,2026,5.0L V8 GT RWD,230000,240000,235000,"AED 230,000 - 240,000",AED,https://www.drivearabia.com/carprices/uae/ford/ford-mustang/2026/,2026-06-15T08:28:12Z,FORD,MUSTANG,MUSTANG,0.1446382560709127,0,235000.0
ford-mustang,2026,5.0L V8 GT Premium RWD,256095,260000,258048,"AED 256,095 - 260,000",AED,https://www.drivearabia.com/carprices/uae/ford/ford-mustang/2026/,2026-06-15T08:28:12Z,FORD,MUSTANG,MUSTANG,0.1446382560709127,0,258048.0
ford-mustang,2026,5.0 V8 Dark Horse RWD,290000,291000,290500,"AED 290,000 - 291,000",AED,https://www.drivearabia.com/carprices/uae/ford/ford-mustang/2026/,2026-06-15T08:28:12Z,FORD,MUSTANG,MUSTANG,0.1446382560709127,0,290500.0
ford-mustang-convertible,2010,4.6L convertible,150000,170000,160000,"AED 150,000 - 170,000",AED,https://www.drivearabia.com/carprices/uae/ford/ford-mustang-convertible/2010/,2026-06-15T08:28:34Z,FORD,MUSTANG CONVERTIBLE,MUSTANG CONVERTIBLE,0.1446382560709127,16,13138.0
ford-mustang-convertible,2011,3.7L convertible,144500,150000,147250,"AED 144,500 - 150,000",AED,https://www.drivearabia.com/carprices/uae/ford/ford-mustang-convertible/2011/,2026-06-15T08:28:36Z,FORD,MUSTANG CONVERTIBLE,MUSTANG CONVERTIBLE,0.1446382560709127,15,14135.0
ford-mustang-convertible,2011,5.0L convertible,169500,175000,172250,"AED 169,500 - 175,000",AED,https://www.drivearabia.com/carprices/uae/ford/ford-mustang-convertible/2011/,2026-06-15T08:28:36Z,FORD,MUSTANG CONVERTIBLE,MUSTANG CONVERTIBLE,0.1446382560709127,15,16535.0
ford-mustang-convertible,2012,3.7L convertible,144500,150000,147250,"AED 144,500 - 150,000",AED,https://www.drivearabia.com/carprices/uae/ford/ford-mustang-convertible/2012/,2026-06-15T08:28:38Z,FORD,MUSTANG CONVERTIBLE,MUSTANG CONVERTIBLE,0.1446382560709127,14,16525.0
ford-mustang-convertible,2012,5.0L convertible,169500,175000,172250,"AED 169,500 - 175,000",AED,https://www.drivearabia.com/carprices/uae/ford/ford-mustang-convertible/2012/,2026-06-15T08:28:38Z,FORD,MUSTANG CONVERTIBLE,MUSTANG CONVERTIBLE,0.1446382560709127,14,19331.0
ford-mustang-convertible,2013,3.7L convertible,160000,165000,162500,"AED 160,000 - 165,000",AED,https://www.drivearabia.com/carprices/uae/ford/ford-mustang-convertible/2013/,2026-06-15T08:28:40Z,FORD,MUSTANG CONVERTIBLE,MUSTANG CONVERTIBLE,0.1446382560709127,13,21321.0
ford-mustang-convertible,2013,5.0L GT convertible,185000,190000,187500,"AED 185,000 - 190,000",AED,https://www.drivearabia.com/carprices/uae/ford/ford-mustang-convertible/2013/,2026-06-15T08:28:40Z,FORD,MUSTANG CONVERTIBLE,MUSTANG CONVERTIBLE,0.1446382560709127,13,24601.0
ford-mustang-convertible,2014,3.7L convertible,160000,165000,162500,"AED 160,000 - 165,000",AED,https://www.drivearabia.com/carprices/uae/ford/ford-mustang-convertible/2014/,2026-06-15T08:28:42Z,FORD,MUSTANG CONVERTIBLE,MUSTANG CONVERTIBLE,0.1446382560709127,12,24926.0
ford-mustang-convertible,2014,5.0L GT convertible,185000,190000,187500,"AED 185,000 - 190,000",AED,https://www.drivearabia.com/carprices/uae/ford/ford-mustang-convertible/2014/,2026-06-15T08:28:42Z,FORD,MUSTANG CONVERTIBLE,MUSTANG CONVERTIBLE,0.1446382560709127,12,28761.0
ford-mustang-convertible,2018,2.7TC,210000,220000,215000,"AED 210,000 - 220,000",AED,https://www.drivearabia.com/carprices/uae/ford/ford-mustang-convertible/2018/,2026-06-15T08:28:50Z,FORD,MUSTANG CONVERTIBLE,MUSTANG CONVERTIBLE,0.1446382560709127,8,61608.0
ford-mustang-convertible,2018,5.0 GT,215000,250000,232500,"AED 215,000 - 250,000",AED,https://www.drivearabia.com/carprices/uae/ford/ford-mustang-convertible/2018/,2026-06-15T08:28:50Z,FORD,MUSTANG CONVERTIBLE,MUSTANG CONVERTIBLE,0.1446382560709127,8,66623.0
ford-mustang-convertible,2019,2.7TC,210000,220000,215000,"AED 210,000 - 220,000",AED,https://www.drivearabia.com/carprices/uae/ford/ford-mustang-convertible/2019/,2026-06-15T08:28:51Z,FORD,MUSTANG CONVERTIBLE,MUSTANG CONVERTIBLE,0.1446382560709127,7,72026.0
ford-mustang-convertible,2019,5.0 GT,215000,250000,232500,"AED 215,000 - 250,000",AED,https://www.drivearabia.com/carprices/uae/ford/ford-mustang-convertible/2019/,2026-06-15T08:28:51Z,FORD,MUSTANG CONVERTIBLE,MUSTANG CONVERTIBLE,0.1446382560709127,7,77888.0
ford-mustang-convertible,2020,2.7TC,210000,220000,215000,"AED 210,000 - 220,000",AED,https://www.drivearabia.com/carprices/uae/ford/ford-mustang-convertible/2020/,2026-06-15T08:28:54Z,FORD,MUSTANG CONVERTIBLE,MUSTANG CONVERTIBLE,0.1446382560709127,6,84205.0
ford-mustang-convertible,2020,5.0 GT,215000,250000,232500,"AED 215,000 - 250,000",AED,https://www.drivearabia.com/carprices/uae/ford/ford-mustang-convertible/2020/,2026-06-15T08:28:54Z,FORD,MUSTANG CONVERTIBLE,MUSTANG CONVERTIBLE,0.1446382560709127,6,91059.0
ford-mustang-convertible,2021,2.7TC,210000,220000,215000,"AED 210,000 - 220,000",AED,https://www.drivearabia.com/carprices/uae/ford/ford-mustang-convertible/2021/,2026-06-15T08:28:56Z,FORD,MUSTANG CONVERTIBLE,MUSTANG CONVERTIBLE,0.1446382560709127,5,98444.0
ford-mustang-convertible,2021,5.0 GT,249000,250000,249500,"AED 249,000 - 250,000",AED,https://www.drivearabia.com/carprices/uae/ford/ford-mustang-convertible/2021/,2026-06-15T08:28:56Z,FORD,MUSTANG CONVERTIBLE,MUSTANG CONVERTIBLE,0.1446382560709127,5,114240.0
ford-mustang-convertible,2022,2.7TC,210000,220000,215000,"AED 210,000 - 220,000",AED,https://www.drivearabia.com/carprices/uae/ford/ford-mustang-convertible/2022/,2026-06-15T08:28:58Z,FORD,MUSTANG CONVERTIBLE,MUSTANG CONVERTIBLE,0.1446382560709127,4,115090.0
ford-mustang-convertible,2022,5.0 GT,249000,250000,249500,"AED 249,000 - 250,000",AED,https://www.drivearabia.com/carprices/uae/ford/ford-mustang-convertible/2022/,2026-06-15T08:28:58Z,FORD,MUSTANG CONVERTIBLE,MUSTANG CONVERTIBLE,0.1446382560709127,4,133558.0
ford-mustang-convertible,2023,2.7TC,210000,220000,215000,"AED 210,000 - 220,000",AED,https://www.drivearabia.com/carprices/uae/ford/ford-mustang-convertible/2023/,2026-06-15T08:28:59Z,FORD,MUSTANG CONVERTIBLE,MUSTANG CONVERTIBLE,0.1446382560709127,3,134551.0
ford-mustang-convertible,2023,5.0 GT,249000,250000,249500,"AED 249,000 - 250,000",AED,https://www.drivearabia.com/carprices/uae/ford/ford-mustang-convertible/2023/,2026-06-15T08:28:59Z,FORD,MUSTANG CONVERTIBLE,MUSTANG CONVERTIBLE,0.1446382560709127,3,156142.0
ford-mustang-convertible,2024,5.0L V8 GT RWD,240000,241000,240500,"AED 240,000 - 241,000",AED,https://www.drivearabia.com/carprices/uae/ford/ford-mustang-convertible/2024/,2026-06-15T08:29:01Z,FORD,MUSTANG CONVERTIBLE,MUSTANG CONVERTIBLE,0.1446382560709127,2,175960.0
ford-mustang-convertible,2024,5.0L V8 GT Premium RWD,265000,266000,265500,"AED 265,000 - 266,000",AED,https://www.drivearabia.com/carprices/uae/ford/ford-mustang-convertible/2024/,2026-06-15T08:29:01Z,FORD,MUSTANG CONVERTIBLE,MUSTANG CONVERTIBLE,0.1446382560709127,2,194251.0
ford-mustang-convertible,2025,5.0L V8 GT RWD,240000,241000,240500,"AED 240,000 - 241,000",AED,https://www.drivearabia.com/carprices/uae/ford/ford-mustang-convertible/2025/,2026-06-15T08:29:03Z,FORD,MUSTANG CONVERTIBLE,MUSTANG CONVERTIBLE,0.1446382560709127,1,205714.0
ford-mustang-convertible,2025,5.0L V8 GT Premium RWD,265000,266000,265500,"AED 265,000 - 266,000",AED,https://www.drivearabia.com/carprices/uae/ford/ford-mustang-convertible/2025/,2026-06-15T08:29:03Z,FORD,MUSTANG CONVERTIBLE,MUSTANG CONVERTIBLE,0.1446382560709127,1,227099.0
ford-mustang-convertible,2026,5.0L V8 GT RWD,240000,241000,240500,"AED 240,000 - 241,000",AED,https://www.drivearabia.com/carprices/uae/ford/ford-mustang-convertible/2026/,2026-06-15T08:29:05Z,FORD,MUSTANG CONVERTIBLE,MUSTANG CONVERTIBLE,0.1446382560709127,0,240500.0
ford-mustang-convertible,2026,5.0L V8 GT Premium RWD,265000,266000,265500,"AED 265,000 - 266,000",AED,https://www.drivearabia.com/carprices/uae/ford/ford-mustang-convertible/2026/,2026-06-15T08:29:05Z,FORD,MUSTANG CONVERTIBLE,MUSTANG CONVERTIBLE,0.1446382560709127,0,265500.0
ford-mustang-mach-1,2021,Mustang Mach 1,306000,307000,306500,"AED 306,000 - 307,000",AED,https://www.drivearabia.com/carprices/uae/ford/ford-mustang-mach-1/2021/,2026-06-15T08:29:36Z,FORD,MUSTANG MACH-1,MUSTANG MACH-1,0.1446382560709127,5,140339.0
ford-mustang-mach-1,2022,Mustang Mach 1,306000,307000,306500,"AED 306,000 - 307,000",AED,https://www.drivearabia.com/carprices/uae/ford/ford-mustang-mach-1/2022/,2026-06-15T08:29:38Z,FORD,MUSTANG MACH-1,MUSTANG MACH-1,0.1446382560709127,4,164070.0
ford-mustang-mach-1,2023,Mustang Mach 1,306000,307000,306500,"AED 306,000 - 307,000",AED,https://www.drivearabia.com/carprices/uae/ford/ford-mustang-mach-1/2023/,2026-06-15T08:29:40Z,FORD,MUSTANG MACH-1,MUSTANG MACH-1,0.1446382560709127,3,191814.0
ford-mustang-mach-e,2026,GT Long Range AWD,185000,200000,192500,"AED 185,000 - 200,000",AED,https://www.drivearabia.com/carprices/uae/ford/ford-mustang-mach-e/2026/,2026-06-15T08:30:21Z,FORD,MUSTANG MACH-E,MUSTANG MACH-E,0.0797139212687535,0,192500.0
ford-ranger,2016,2.5 4x2 Double Cab,80000,85000,82500,"AED 80,000 - 85,000",AED,https://www.drivearabia.com/carprices/uae/ford/ford-ranger/2016/,2026-06-15T08:30:54Z,FORD,RANGER,RANGER,0.2708497352335873,10,3504.0
ford-ranger,2016,2.5 4x4 Double Cab,90000,100000,95000,"AED 90,000 - 100,000",AED,https://www.drivearabia.com/carprices/uae/ford/ford-ranger/2016/,2026-06-15T08:30:54Z,FORD,RANGER,RANGER,0.2708497352335873,10,4035.0
ford-ranger,2017,2.5 4x2 Double Cab,80000,85000,82500,"AED 80,000 - 85,000",AED,https://www.drivearabia.com/carprices/uae/ford/ford-ranger/2017/,2026-06-15T08:30:56Z,FORD,RANGER,RANGER,0.2708497352335873,9,4806.0
ford-ranger,2017,2.5 4x4 Double Cab,90000,100000,95000,"AED 90,000 - 100,000",AED,https://www.drivearabia.com/carprices/uae/ford/ford-ranger/2017/,2026-06-15T08:30:56Z,FORD,RANGER,RANGER,0.2708497352335873,9,5534.0
ford-ranger,2018,2.5 4x2 Double Cab,88000,90000,89000,"AED 88,000 - 90,000",AED,https://www.drivearabia.com/carprices/uae/ford/ford-ranger/2018/,2026-06-15T08:30:58Z,FORD,RANGER,RANGER,0.2708497352335873,8,7111.0
ford-ranger,2018,2.5 4x4 Double Cab,99750,100000,99875,"AED 99,750 - 100,000",AED,https://www.drivearabia.com/carprices/uae/ford/ford-ranger/2018/,2026-06-15T08:30:58Z,FORD,RANGER,RANGER,0.2708497352335873,8,7980.0
ford-ranger,2019,2.5 4x2 Double Cab,88000,90000,89000,"AED 88,000 - 90,000",AED,https://www.drivearabia.com/carprices/uae/ford/ford-ranger/2019/,2026-06-15T08:31:00Z,FORD,RANGER,RANGER,0.2708497352335873,7,9752.0
ford-ranger,2019,2.5 4x4 Double Cab,99750,100000,99875,"AED 99,750 - 100,000",AED,https://www.drivearabia.com/carprices/uae/ford/ford-ranger/2019/,2026-06-15T08:31:00Z,FORD,RANGER,RANGER,0.2708497352335873,7,10944.0
ford-ranger,2020,2.5 4x2 Double Cab manual,82000,83000,82500,"AED 82,000 - 83,000",AED,https://www.drivearabia.com/carprices/uae/ford/ford-ranger/2020/,2026-06-15T08:31:02Z,FORD,RANGER,RANGER,0.2708497352335873,6,12398.0
ford-ranger,2020,2.5 4x4 Double Cab manual,104900,105000,104950,"AED 104,900 - 105,000",AED,https://www.drivearabia.com/carprices/uae/ford/ford-ranger/2020/,2026-06-15T08:31:02Z,FORD,RANGER,RANGER,0.2708497352335873,6,15772.0
ford-ranger,2020,2.2TD 4x2 auto,110000,111000,110500,"AED 110,000 - 111,000",AED,https://www.drivearabia.com/carprices/uae/ford/ford-ranger/2020/,2026-06-15T08:31:02Z,FORD,RANGER,RANGER,0.2708497352335873,6,16606.0
ford-ranger,2020,2.2TD 4x4 auto,122745,123000,122872,"AED 122,745 - 123,000",AED,https://www.drivearabia.com/carprices/uae/ford/ford-ranger/2020/,2026-06-15T08:31:02Z,FORD,RANGER,RANGER,0.2708497352335873,6,18465.0
ford-ranger,2020,3.2TD 4x4 auto,164000,165000,164500,"AED 164,000 - 165,000",AED,https://www.drivearabia.com/carprices/uae/ford/ford-ranger/2020/,2026-06-15T08:31:02Z,FORD,RANGER,RANGER,0.2708497352335873,6,24721.0
ford-ranger,2021,2.5 4x2 Double Cab manual,82000,83000,82500,"AED 82,000 - 83,000",AED,https://www.drivearabia.com/carprices/uae/ford/ford-ranger/2021/,2026-06-15T08:31:04Z,FORD,RANGER,RANGER,0.2708497352335873,5,17004.0
ford-ranger,2021,2.5 4x4 Double Cab manual,104900,105000,104950,"AED 104,900 - 105,000",AED,https://www.drivearabia.com/carprices/uae/ford/ford-ranger/2021/,2026-06-15T08:31:04Z,FORD,RANGER,RANGER,0.2708497352335873,5,21631.0
ford-ranger,2021,2.2TD 4x2 auto,110000,111000,110500,"AED 110,000 - 111,000",AED,https://www.drivearabia.com/carprices/uae/ford/ford-ranger/2021/,2026-06-15T08:31:04Z,FORD,RANGER,RANGER,0.2708497352335873,5,22774.0
ford-ranger,2021,2.2TD 4x4 auto,122745,123000,122872,"AED 122,745 - 123,000",AED,https://www.drivearabia.com/carprices/uae/ford/ford-ranger/2021/,2026-06-15T08:31:04Z,FORD,RANGER,RANGER,0.2708497352335873,5,25324.0
ford-ranger,2021,3.2TD 4x4 auto,164000,165000,164500,"AED 164,000 - 165,000",AED,https://www.drivearabia.com/carprices/uae/ford/ford-ranger/2021/,2026-06-15T08:31:04Z,FORD,RANGER,RANGER,0.2708497352335873,5,33904.0
ford-ranger,2022,2.5 4x2 Double Cab manual,82000,83000,82500,"AED 82,000 - 83,000",AED,https://www.drivearabia.com/carprices/uae/ford/ford-ranger/2022/,2026-06-15T08:31:06Z,FORD,RANGER,RANGER,0.2708497352335873,4,23320.0
ford-ranger,2022,2.5 4x4 Double Cab manual,104900,105000,104950,"AED 104,900 - 105,000",AED,https://www.drivearabia.com/carprices/uae/ford/ford-ranger/2022/,2026-06-15T08:31:06Z,FORD,RANGER,RANGER,0.2708497352335873,4,29665.0
ford-ranger,2022,2.2TD 4x2 auto,110000,111000,110500,"AED 110,000 - 111,000",AED,https://www.drivearabia.com/carprices/uae/ford/ford-ranger/2022/,2026-06-15T08:31:06Z,FORD,RANGER,RANGER,0.2708497352335873,4,31234.0
ford-ranger,2022,2.2TD 4x4 auto,122745,123000,122872,"AED 122,745 - 123,000",AED,https://www.drivearabia.com/carprices/uae/ford/ford-ranger/2022/,2026-06-15T08:31:06Z,FORD,RANGER,RANGER,0.2708497352335873,4,34731.0
ford-ranger,2022,3.2TD 4x4 auto,164000,165000,164500,"AED 164,000 - 165,000",AED,https://www.drivearabia.com/carprices/uae/ford/ford-ranger/2022/,2026-06-15T08:31:06Z,FORD,RANGER,RANGER,0.2708497352335873,4,46498.0
ford-ranger,2023,2.3TC I4 XLT 2WD,134495,139000,136748,"AED 134,495 - 139,000",AED,https://www.drivearabia.com/carprices/uae/ford/ford-ranger/2023/,2026-06-15T08:31:08Z,FORD,RANGER,RANGER,0.2708497352335873,3,53012.0
ford-ranger,2023,2.0TD I4 XLT 4WD,166845,173000,169922,"AED 166,845 - 173,000",AED,https://www.drivearabia.com/carprices/uae/ford/ford-ranger/2023/,2026-06-15T08:31:08Z,FORD,RANGER,RANGER,0.2708497352335873,3,65872.0
ford-ranger,2023,2.3TC I4 WildTrack 4WD,193100,195000,194050,"AED 193,100 - 195,000",AED,https://www.drivearabia.com/carprices/uae/ford/ford-ranger/2023/,2026-06-15T08:31:08Z,FORD,RANGER,RANGER,0.2708497352335873,3,75225.0
ford-ranger,2024,2.3TC I4 XLT 2WD,134495,139000,136748,"AED 134,495 - 139,000",AED,https://www.drivearabia.com/carprices/uae/ford/ford-ranger/2024/,2026-06-15T08:31:10Z,FORD,RANGER,RANGER,0.2708497352335873,2,72703.0
ford-ranger,2024,2.0TD I4 XLT 4WD,166845,173000,169922,"AED 166,845 - 173,000",AED,https://www.drivearabia.com/carprices/uae/ford/ford-ranger/2024/,2026-06-15T08:31:10Z,FORD,RANGER,RANGER,0.2708497352335873,2,90341.0
ford-ranger,2024,2.3TC I4 WildTrack 4WD,193100,195000,194050,"AED 193,100 - 195,000",AED,https://www.drivearabia.com/carprices/uae/ford/ford-ranger/2024/,2026-06-15T08:31:10Z,FORD,RANGER,RANGER,0.2708497352335873,2,103169.0
ford-ranger,2025,2.3TC I4 XL FWD,134495,139000,136748,"AED 134,495 - 139,000",AED,https://www.drivearabia.com/carprices/uae/ford/ford-ranger/2025/,2026-06-15T08:31:12Z,FORD,RANGER,RANGER,0.2708497352335873,1,99710.0
ford-ranger,2025,2.0TD I4 XLT 4WD,166845,173000,169922,"AED 166,845 - 173,000",AED,https://www.drivearabia.com/carprices/uae/ford/ford-ranger/2025/,2026-06-15T08:31:12Z,FORD,RANGER,RANGER,0.2708497352335873,1,123899.0
ford-ranger,2025,2.3TC I4 WildTrack 4WD,193100,195000,194050,"AED 193,100 - 195,000",AED,https://www.drivearabia.com/carprices/uae/ford/ford-ranger/2025/,2026-06-15T08:31:12Z,FORD,RANGER,RANGER,0.2708497352335873,1,141492.0
ford-ranger,2026,2.3TC I4 XL FWD,134495,139000,136748,"AED 134,495 - 139,000",AED,https://www.drivearabia.com/carprices/uae/ford/ford-ranger/2026/,2026-06-15T08:31:14Z,FORD,RANGER,RANGER,0.2708497352335873,0,136748.0
ford-ranger,2026,2.0TD I4 XLT 4WD,166845,173000,169922,"AED 166,845 - 173,000",AED,https://www.drivearabia.com/carprices/uae/ford/ford-ranger/2026/,2026-06-15T08:31:14Z,FORD,RANGER,RANGER,0.2708497352335873,0,169922.0
ford-ranger,2026,2.3TC I4 WildTrack 4WD,193100,195000,194050,"AED 193,100 - 195,000",AED,https://www.drivearabia.com/carprices/uae/ford/ford-ranger/2026/,2026-06-15T08:31:14Z,FORD,RANGER,RANGER,0.2708497352335873,0,194050.0
ford-ranger-raptor,2023,Ranger Raptor,259000,260000,259500,"AED 259,000 - 260,000",AED,https://www.drivearabia.com/carprices/uae/ford/ford-ranger-raptor/2023/,2026-06-15T08:31:48Z,FORD,RANGER RAPTOR,RANGER RAPTOR,0.1722783480632861,3,147160.0
ford-ranger-raptor,2024,Ranger Raptor,259000,260000,259500,"AED 259,000 - 260,000",AED,https://www.drivearabia.com/carprices/uae/ford/ford-ranger-raptor/2024/,2026-06-15T08:31:50Z,FORD,RANGER RAPTOR,RANGER RAPTOR,0.1722783480632861,2,177789.0
ford-ranger-raptor,2025,3.0L V6 Raptor 4WD,267700,268000,267850,"AED 267,700 - 268,000",AED,https://www.drivearabia.com/carprices/uae/ford/ford-ranger-raptor/2025/,2026-06-15T08:31:52Z,FORD,RANGER RAPTOR,RANGER RAPTOR,0.1722783480632861,1,221705.0
ford-ranger-raptor,2026,3.0L V6 Raptor 4WD,267700,268000,267850,"AED 267,700 - 268,000",AED,https://www.drivearabia.com/carprices/uae/ford/ford-ranger-raptor/2026/,2026-06-15T08:31:53Z,FORD,RANGER RAPTOR,RANGER RAPTOR,0.1722783480632861,0,267850.0
ford-taurus,2010,Taurus,84000,140000,112000,"AED 84,000 - 140,000",AED,https://www.drivearabia.com/carprices/uae/ford/ford-taurus/2010/,2026-06-15T08:32:56Z,FORD,TAURUS,TAURUS,0.1251888952011526,16,13178.0
ford-taurus,2010,SHO,160000,170000,165000,"AED 160,000 - 170,000",AED,https://www.drivearabia.com/carprices/uae/ford/ford-taurus/2010/,2026-06-15T08:32:56Z,FORD,TAURUS,TAURUS,0.1251888952011526,16,19414.0
ford-taurus,2011,Taurus,84000,140000,112000,"AED 84,000 - 140,000",AED,https://www.drivearabia.com/carprices/uae/ford/ford-taurus/2011/,2026-06-15T08:32:58Z,FORD,TAURUS,TAURUS,0.1251888952011526,15,15064.0
ford-taurus,2011,SHO,160000,170000,165000,"AED 160,000 - 170,000",AED,https://www.drivearabia.com/carprices/uae/ford/ford-taurus/2011/,2026-06-15T08:32:58Z,FORD,TAURUS,TAURUS,0.1251888952011526,15,22192.0
ford-taurus,2012,Taurus,84000,140000,112000,"AED 84,000 - 140,000",AED,https://www.drivearabia.com/carprices/uae/ford/ford-taurus/2012/,2026-06-15T08:33:00Z,FORD,TAURUS,TAURUS,0.1251888952011526,14,17219.0
ford-taurus,2012,SHO,160000,170000,165000,"AED 160,000 - 170,000",AED,https://www.drivearabia.com/carprices/uae/ford/ford-taurus/2012/,2026-06-15T08:33:00Z,FORD,TAURUS,TAURUS,0.1251888952011526,14,25368.0
ford-taurus,2013,SHO,175000,180000,177500,"AED 175,000 - 180,000",AED,https://www.drivearabia.com/carprices/uae/ford/ford-taurus/2013/,2026-06-15T08:33:01Z,FORD,TAURUS,TAURUS,0.1251888952011526,13,31195.0
ford-taurus,2014,SHO,175000,180000,177500,"AED 175,000 - 180,000",AED,https://www.drivearabia.com/carprices/uae/ford/ford-taurus/2014/,2026-06-15T08:33:03Z,FORD,TAURUS,TAURUS,0.1251888952011526,12,35659.0
ford-taurus,2015,SHO,175000,180000,177500,"AED 175,000 - 180,000",AED,https://www.drivearabia.com/carprices/uae/ford/ford-taurus/2015/,2026-06-15T08:33:05Z,FORD,TAURUS,TAURUS,0.1251888952011526,11,40762.0
ford-taurus,2016,SHO,175000,180000,177500,"AED 175,000 - 180,000",AED,https://www.drivearabia.com/carprices/uae/ford/ford-taurus/2016/,2026-06-15T08:33:07Z,FORD,TAURUS,TAURUS,0.1251888952011526,10,46595.0
ford-taurus,2017,SHO,175000,180000,177500,"AED 175,000 - 180,000",AED,https://www.drivearabia.com/carprices/uae/ford/ford-taurus/2017/,2026-06-15T08:33:09Z,FORD,TAURUS,TAURUS,0.1251888952011526,9,53263.0
ford-taurus,2018,SHO,175000,180000,177500,"AED 175,000 - 180,000",AED,https://www.drivearabia.com/carprices/uae/ford/ford-taurus/2018/,2026-06-15T08:33:11Z,FORD,TAURUS,TAURUS,0.1251888952011526,8,60885.0
ford-taurus,2019,SHO,175000,180000,177500,"AED 175,000 - 180,000",AED,https://www.drivearabia.com/carprices/uae/ford/ford-taurus/2019/,2026-06-15T08:33:14Z,FORD,TAURUS,TAURUS,0.1251888952011526,7,69598.0
ford-taurus,2020,2.0T Ambiente,109900,110000,109950,"AED 109,900 - 110,000",AED,https://www.drivearabia.com/carprices/uae/ford/ford-taurus/2020/,2026-06-15T08:33:16Z,FORD,TAURUS,TAURUS,0.1251888952011526,6,49281.0
ford-taurus,2020,2.0T Trend,114900,115000,114950,"AED 114,900 - 115,000",AED,https://www.drivearabia.com/carprices/uae/ford/ford-taurus/2020/,2026-06-15T08:33:16Z,FORD,TAURUS,TAURUS,0.1251888952011526,6,51522.0
ford-taurus,2020,2.0T Titanium,132900,133000,132950,"AED 132,900 - 133,000",AED,https://www.drivearabia.com/carprices/uae/ford/ford-taurus/2020/,2026-06-15T08:33:16Z,FORD,TAURUS,TAURUS,0.1251888952011526,6,59590.0
ford-taurus,2020,2.0T Titanium Plus,145000,150000,147500,"AED 145,000 - 150,000",AED,https://www.drivearabia.com/carprices/uae/ford/ford-taurus/2020/,2026-06-15T08:33:16Z,FORD,TAURUS,TAURUS,0.1251888952011526,6,66112.0
ford-taurus,2021,2.0T Ambiente,109900,110000,109950,"AED 109,900 - 110,000",AED,https://www.drivearabia.com/carprices/uae/ford/ford-taurus/2021/,2026-06-15T08:33:18Z,FORD,TAURUS,TAURUS,0.1251888952011526,5,56333.0
ford-taurus,2021,2.0T Trend,114900,115000,114950,"AED 114,900 - 115,000",AED,https://www.drivearabia.com/carprices/uae/ford/ford-taurus/2021/,2026-06-15T08:33:18Z,FORD,TAURUS,TAURUS,0.1251888952011526,5,58895.0
ford-taurus,2021,2.0T Titanium,132900,133000,132950,"AED 132,900 - 133,000",AED,https://www.drivearabia.com/carprices/uae/ford/ford-taurus/2021/,2026-06-15T08:33:18Z,FORD,TAURUS,TAURUS,0.1251888952011526,5,68118.0
ford-taurus,2021,2.0T Titanium Plus,145000,150000,147500,"AED 145,000 - 150,000",AED,https://www.drivearabia.com/carprices/uae/ford/ford-taurus/2021/,2026-06-15T08:33:18Z,FORD,TAURUS,TAURUS,0.1251888952011526,5,75572.0
ford-taurus,2022,2.0T Ambiente,109900,110000,109950,"AED 109,900 - 110,000",AED,https://www.drivearabia.com/carprices/uae/ford/ford-taurus/2022/,2026-06-15T08:33:20Z,FORD,TAURUS,TAURUS,0.1251888952011526,4,64395.0
ford-taurus,2022,2.0T Trend,114900,115000,114950,"AED 114,900 - 115,000",AED,https://www.drivearabia.com/carprices/uae/ford/ford-taurus/2022/,2026-06-15T08:33:20Z,FORD,TAURUS,TAURUS,0.1251888952011526,4,67323.0
ford-taurus,2022,2.0T Titanium,132900,133000,132950,"AED 132,900 - 133,000",AED,https://www.drivearabia.com/carprices/uae/ford/ford-taurus/2022/,2026-06-15T08:33:20Z,FORD,TAURUS,TAURUS,0.1251888952011526,4,77866.0
ford-taurus,2022,2.0T Titanium Plus,145000,150000,147500,"AED 145,000 - 150,000",AED,https://www.drivearabia.com/carprices/uae/ford/ford-taurus/2022/,2026-06-15T08:33:20Z,FORD,TAURUS,TAURUS,0.1251888952011526,4,86387.0
ford-taurus,2023,Titanium,144795,145000,144898,"AED 144,795 - 145,000",AED,https://www.drivearabia.com/carprices/uae/ford/ford-taurus/2023/,2026-06-15T08:33:22Z,FORD,TAURUS,TAURUS,0.1251888952011526,3,97007.0
ford-taurus,2024,Titanium,144795,145000,144898,"AED 144,795 - 145,000",AED,https://www.drivearabia.com/carprices/uae/ford/ford-taurus/2024/,2026-06-15T08:33:24Z,FORD,TAURUS,TAURUS,0.1251888952011526,2,110890.0
ford-taurus,2025,2.0TC I4 Ambiente FWD,146895,147000,146948,"AED 146,895 - 147,000",AED,https://www.drivearabia.com/carprices/uae/ford/ford-taurus/2025/,2026-06-15T08:33:26Z,FORD,TAURUS,TAURUS,0.1251888952011526,1,128552.0
ford-taurus,2025,2.0TC I4 Trend FWD,151095,152145,151620,"AED 151,095 - 152,145",AED,https://www.drivearabia.com/carprices/uae/ford/ford-taurus/2025/,2026-06-15T08:33:26Z,FORD,TAURUS,TAURUS,0.1251888952011526,1,132639.0
ford-taurus,2025,2.0TC I4 Titanium FWD,166845,167895,167370,"AED 166,845 - 167,895",AED,https://www.drivearabia.com/carprices/uae/ford/ford-taurus/2025/,2026-06-15T08:33:26Z,FORD,TAURUS,TAURUS,0.1251888952011526,1,146417.0
ford-taurus,2026,2.0TC I4 Ambiente FWD,146895,147000,146948,"AED 146,895 - 147,000",AED,https://www.drivearabia.com/carprices/uae/ford/ford-taurus/2026/,2026-06-15T08:33:27Z,FORD,TAURUS,TAURUS,0.1251888952011526,0,146948.0
ford-taurus,2026,2.0TC I4 Trend FWD,151095,152145,151620,"AED 151,095 - 152,145",AED,https://www.drivearabia.com/carprices/uae/ford/ford-taurus/2026/,2026-06-15T08:33:27Z,FORD,TAURUS,TAURUS,0.1251888952011526,0,151620.0
ford-taurus,2026,2.0TC I4 Titanium FWD,166845,167895,167370,"AED 166,845 - 167,895",AED,https://www.drivearabia.com/carprices/uae/ford/ford-taurus/2026/,2026-06-15T08:33:27Z,FORD,TAURUS,TAURUS,0.1251888952011526,0,167370.0
ford-territory,2023,Titanium,106000,107000,106500,"AED 106,000 - 107,000",AED,https://www.drivearabia.com/carprices/uae/ford/ford-territory/2023/,2026-06-15T08:34:02Z,FORD,TERRITORY,TERRITORY,0.0981749814651326,3,78112.0
ford-territory,2024,1.8TC I4 Titanium 4WD,111195,113000,112098,"AED 111,195 - 113,000",AED,https://www.drivearabia.com/carprices/uae/ford/ford-territory/2024/,2026-06-15T08:34:04Z,FORD,TERRITORY,TERRITORY,0.0981749814651326,2,91168.0
ford-territory,2025,1.8TC I4 Trend FWD,113295,114000,113648,"AED 113,295 - 114,000",AED,https://www.drivearabia.com/carprices/uae/ford/ford-territory/2025/,2026-06-15T08:34:06Z,FORD,TERRITORY,TERRITORY,0.0981749814651326,1,102491.0
ford-territory,2025,1.8TC I4 Titanium FWD,131145,132145,131645,"AED 131,145 - 132,145",AED,https://www.drivearabia.com/carprices/uae/ford/ford-territory/2025/,2026-06-15T08:34:06Z,FORD,TERRITORY,TERRITORY,0.0981749814651326,1,118721.0
ford-territory,2025,1.8TC I4 Titanium Dark Edition FWD,138495,139000,138748,"AED 138,495 - 139,000",AED,https://www.drivearabia.com/carprices/uae/ford/ford-territory/2025/,2026-06-15T08:34:06Z,FORD,TERRITORY,TERRITORY,0.0981749814651326,1,125126.0
ford-territory,2026,1.8TC I4 Trend FWD,115395,116000,115698,"AED 115,395 - 116,000",AED,https://www.drivearabia.com/carprices/uae/ford/ford-territory/2026/,2026-06-15T08:34:08Z,FORD,TERRITORY,TERRITORY,0.0981749814651326,0,115698.0
ford-territory,2026,1.8TC I4 Titanium FWD,135345,136000,135672,"AED 135,345 - 136,000",AED,https://www.drivearabia.com/carprices/uae/ford/ford-territory/2026/,2026-06-15T08:34:08Z,FORD,TERRITORY,TERRITORY,0.0981749814651326,0,135672.0
ford-tourneo-custom,2017,300L LWB low roof,126000,128000,127000,"AED 126,000 - 128,000",AED,https://www.drivearabia.com/carprices/uae/ford/ford-tourneo-custom/2017/,2026-06-15T08:34:34Z,FORD,TOURNEO CUSTOM,TOURNEO CUSTOM,0.1315325387844803,9,35693.0
ford-tourneo-custom,2018,300L LWB low roof,126000,128000,127000,"AED 126,000 - 128,000",AED,https://www.drivearabia.com/carprices/uae/ford/ford-tourneo-custom/2018/,2026-06-15T08:34:36Z,FORD,TOURNEO CUSTOM,TOURNEO CUSTOM,0.1315325387844803,8,41099.0
ford-tourneo-custom,2019,300L LWB low roof,126000,128000,127000,"AED 126,000 - 128,000",AED,https://www.drivearabia.com/carprices/uae/ford/ford-tourneo-custom/2019/,2026-06-15T08:34:38Z,FORD,TOURNEO CUSTOM,TOURNEO CUSTOM,0.1315325387844803,7,47324.0
ford-tourneo-custom,2020,300L LWB low roof,126000,128000,127000,"AED 126,000 - 128,000",AED,https://www.drivearabia.com/carprices/uae/ford/ford-tourneo-custom/2020/,2026-06-15T08:34:40Z,FORD,TOURNEO CUSTOM,TOURNEO CUSTOM,0.1315325387844803,6,54491.0
ford-tourneo-custom,2021,300L LWB low roof,126000,128000,127000,"AED 126,000 - 128,000",AED,https://www.drivearabia.com/carprices/uae/ford/ford-tourneo-custom/2021/,2026-06-15T08:34:42Z,FORD,TOURNEO CUSTOM,TOURNEO CUSTOM,0.1315325387844803,5,62744.0
ford-tourneo-custom,2022,300L LWB low roof,126000,128000,127000,"AED 126,000 - 128,000",AED,https://www.drivearabia.com/carprices/uae/ford/ford-tourneo-custom/2022/,2026-06-15T08:34:44Z,FORD,TOURNEO CUSTOM,TOURNEO CUSTOM,0.1315325387844803,4,72247.0
ford-transit,2017,150XL low roof,136500,140000,138250,"AED 136,500 - 140,000",AED,https://www.drivearabia.com/carprices/uae/ford/ford-transit/2017/,2026-06-15T08:35:15Z,FORD,TRANSIT,TRANSIT,0.1315325387844803,9,38855.0
ford-transit,2017,150XL medium roof,141750,142000,141875,"AED 141,750 - 142,000",AED,https://www.drivearabia.com/carprices/uae/ford/ford-transit/2017/,2026-06-15T08:35:15Z,FORD,TRANSIT,TRANSIT,0.1315325387844803,9,39874.0
ford-transit,2017,250XL high roof,162000,165000,163500,"AED 162,000 - 165,000",AED,https://www.drivearabia.com/carprices/uae/ford/ford-transit/2017/,2026-06-15T08:35:15Z,FORD,TRANSIT,TRANSIT,0.1315325387844803,9,45952.0
ford-transit,2017,350XL high roof LWB EL,178500,180000,179250,"AED 178,500 - 180,000",AED,https://www.drivearabia.com/carprices/uae/ford/ford-transit/2017/,2026-06-15T08:35:15Z,FORD,TRANSIT,TRANSIT,0.1315325387844803,9,50378.0
ford-transit,2018,150XL low roof,136500,140000,138250,"AED 136,500 - 140,000",AED,https://www.drivearabia.com/carprices/uae/ford/ford-transit/2018/,2026-06-15T08:35:17Z,FORD,TRANSIT,TRANSIT,0.1315325387844803,8,44740.0
ford-transit,2018,150XL medium roof,141750,142000,141875,"AED 141,750 - 142,000",AED,https://www.drivearabia.com/carprices/uae/ford/ford-transit/2018/,2026-06-15T08:35:17Z,FORD,TRANSIT,TRANSIT,0.1315325387844803,8,45913.0
ford-transit,2018,250XL high roof,162000,165000,163500,"AED 162,000 - 165,000",AED,https://www.drivearabia.com/carprices/uae/ford/ford-transit/2018/,2026-06-15T08:35:17Z,FORD,TRANSIT,TRANSIT,0.1315325387844803,8,52911.0
ford-transit,2018,350XL high roof LWB EL,178500,180000,179250,"AED 178,500 - 180,000",AED,https://www.drivearabia.com/carprices/uae/ford/ford-transit/2018/,2026-06-15T08:35:17Z,FORD,TRANSIT,TRANSIT,0.1315325387844803,8,58008.0
ford-transit,2019,150XL low roof,136500,140000,138250,"AED 136,500 - 140,000",AED,https://www.drivearabia.com/carprices/uae/ford/ford-transit/2019/,2026-06-15T08:35:19Z,FORD,TRANSIT,TRANSIT,0.1315325387844803,7,51516.0
ford-transit,2019,150XL medium roof,141750,142000,141875,"AED 141,750 - 142,000",AED,https://www.drivearabia.com/carprices/uae/ford/ford-transit/2019/,2026-06-15T08:35:19Z,FORD,TRANSIT,TRANSIT,0.1315325387844803,7,52867.0
ford-transit,2019,250XL high roof,162000,165000,163500,"AED 162,000 - 165,000",AED,https://www.drivearabia.com/carprices/uae/ford/ford-transit/2019/,2026-06-15T08:35:19Z,FORD,TRANSIT,TRANSIT,0.1315325387844803,7,60925.0
ford-transit,2019,350XL high roof LWB EL,178500,180000,179250,"AED 178,500 - 180,000",AED,https://www.drivearabia.com/carprices/uae/ford/ford-transit/2019/,2026-06-15T08:35:19Z,FORD,TRANSIT,TRANSIT,0.1315325387844803,7,66793.0
ford-transit,2020,150XL low roof,136500,140000,138250,"AED 136,500 - 140,000",AED,https://www.drivearabia.com/carprices/uae/ford/ford-transit/2020/,2026-06-15T08:35:21Z,FORD,TRANSIT,TRANSIT,0.1315325387844803,6,59318.0
ford-transit,2020,150XL medium roof,141750,142000,141875,"AED 141,750 - 142,000",AED,https://www.drivearabia.com/carprices/uae/ford/ford-transit/2020/,2026-06-15T08:35:21Z,FORD,TRANSIT,TRANSIT,0.1315325387844803,6,60873.0
ford-transit,2020,250XL high roof,162000,165000,163500,"AED 162,000 - 165,000",AED,https://www.drivearabia.com/carprices/uae/ford/ford-transit/2020/,2026-06-15T08:35:21Z,FORD,TRANSIT,TRANSIT,0.1315325387844803,6,70152.0
ford-transit,2020,350XL high roof LWB EL,178500,180000,179250,"AED 178,500 - 180,000",AED,https://www.drivearabia.com/carprices/uae/ford/ford-transit/2020/,2026-06-15T08:35:21Z,FORD,TRANSIT,TRANSIT,0.1315325387844803,6,76910.0
ford-transit,2021,150XL low roof,136500,140000,138250,"AED 136,500 - 140,000",AED,https://www.drivearabia.com/carprices/uae/ford/ford-transit/2021/,2026-06-15T08:35:23Z,FORD,TRANSIT,TRANSIT,0.1315325387844803,5,68302.0
ford-transit,2021,150XL medium roof,141750,142000,141875,"AED 141,750 - 142,000",AED,https://www.drivearabia.com/carprices/uae/ford/ford-transit/2021/,2026-06-15T08:35:23Z,FORD,TRANSIT,TRANSIT,0.1315325387844803,5,70093.0
ford-transit,2021,250XL high roof,162000,165000,163500,"AED 162,000 - 165,000",AED,https://www.drivearabia.com/carprices/uae/ford/ford-transit/2021/,2026-06-15T08:35:23Z,FORD,TRANSIT,TRANSIT,0.1315325387844803,5,80777.0
ford-transit,2021,350XL high roof LWB EL,178500,180000,179250,"AED 178,500 - 180,000",AED,https://www.drivearabia.com/carprices/uae/ford/ford-transit/2021/,2026-06-15T08:35:23Z,FORD,TRANSIT,TRANSIT,0.1315325387844803,5,88558.0
ford-transit,2022,150XL low roof,136500,140000,138250,"AED 136,500 - 140,000",AED,https://www.drivearabia.com/carprices/uae/ford/ford-transit/2022/,2026-06-15T08:35:25Z,FORD,TRANSIT,TRANSIT,0.1315325387844803,4,78646.0
ford-transit,2022,150XL medium roof,141750,142000,141875,"AED 141,750 - 142,000",AED,https://www.drivearabia.com/carprices/uae/ford/ford-transit/2022/,2026-06-15T08:35:25Z,FORD,TRANSIT,TRANSIT,0.1315325387844803,4,80709.0
ford-transit,2022,250XL high roof,162000,165000,163500,"AED 162,000 - 165,000",AED,https://www.drivearabia.com/carprices/uae/ford/ford-transit/2022/,2026-06-15T08:35:25Z,FORD,TRANSIT,TRANSIT,0.1315325387844803,4,93010.0
ford-transit,2022,350XL high roof LWB EL,178500,180000,179250,"AED 178,500 - 180,000",AED,https://www.drivearabia.com/carprices/uae/ford/ford-transit/2022/,2026-06-15T08:35:25Z,FORD,TRANSIT,TRANSIT,0.1315325387844803,4,101970.0
ford-transit,2023,150XL low roof,136500,140000,138250,"AED 136,500 - 140,000",AED,https://www.drivearabia.com/carprices/uae/ford/ford-transit/2023/,2026-06-15T08:35:27Z,FORD,TRANSIT,TRANSIT,0.1315325387844803,3,90558.0
ford-transit,2023,150XL medium roof,141750,142000,141875,"AED 141,750 - 142,000",AED,https://www.drivearabia.com/carprices/uae/ford/ford-transit/2023/,2026-06-15T08:35:27Z,FORD,TRANSIT,TRANSIT,0.1315325387844803,3,92932.0
ford-transit,2023,250XL high roof,162000,165000,163500,"AED 162,000 - 165,000",AED,https://www.drivearabia.com/carprices/uae/ford/ford-transit/2023/,2026-06-15T08:35:27Z,FORD,TRANSIT,TRANSIT,0.1315325387844803,3,107097.0
ford-transit,2023,350XL high roof LWB EL,178500,180000,179250,"AED 178,500 - 180,000",AED,https://www.drivearabia.com/carprices/uae/ford/ford-transit/2023/,2026-06-15T08:35:27Z,FORD,TRANSIT,TRANSIT,0.1315325387844803,3,117414.0
ford-transit,2024,150XL low roof,136500,140000,138250,"AED 136,500 - 140,000",AED,https://www.drivearabia.com/carprices/uae/ford/ford-transit/2024/,2026-06-15T08:35:29Z,FORD,TRANSIT,TRANSIT,0.1315325387844803,2,104273.0
ford-transit,2024,150XL medium roof,141750,142000,141875,"AED 141,750 - 142,000",AED,https://www.drivearabia.com/carprices/uae/ford/ford-transit/2024/,2026-06-15T08:35:29Z,FORD,TRANSIT,TRANSIT,0.1315325387844803,2,107007.0
ford-transit,2024,250XL high roof,162000,165000,163500,"AED 162,000 - 165,000",AED,https://www.drivearabia.com/carprices/uae/ford/ford-transit/2024/,2026-06-15T08:35:29Z,FORD,TRANSIT,TRANSIT,0.1315325387844803,2,123318.0
ford-transit,2024,350XL high roof LWB EL,178500,180000,179250,"AED 178,500 - 180,000",AED,https://www.drivearabia.com/carprices/uae/ford/ford-transit/2024/,2026-06-15T08:35:29Z,FORD,TRANSIT,TRANSIT,0.1315325387844803,2,135197.0
ford-transit,2025,150XL low roof,136500,140000,138250,"AED 136,500 - 140,000",AED,https://www.drivearabia.com/carprices/uae/ford/ford-transit/2025/,2026-06-15T08:35:31Z,FORD,TRANSIT,TRANSIT,0.1315325387844803,1,120066.0
ford-transit,2025,150XL medium roof,141750,142000,141875,"AED 141,750 - 142,000",AED,https://www.drivearabia.com/carprices/uae/ford/ford-transit/2025/,2026-06-15T08:35:31Z,FORD,TRANSIT,TRANSIT,0.1315325387844803,1,123214.0
ford-transit,2025,250XL high roof,162000,165000,163500,"AED 162,000 - 165,000",AED,https://www.drivearabia.com/carprices/uae/ford/ford-transit/2025/,2026-06-15T08:35:31Z,FORD,TRANSIT,TRANSIT,0.1315325387844803,1,141994.0
ford-transit,2025,350XL high roof LWB EL,178500,180000,179250,"AED 178,500 - 180,000",AED,https://www.drivearabia.com/carprices/uae/ford/ford-transit/2025/,2026-06-15T08:35:31Z,FORD,TRANSIT,TRANSIT,0.1315325387844803,1,155673.0
ford-transit,2026,150XL low roof,136500,140000,138250,"AED 136,500 - 140,000",AED,https://www.drivearabia.com/carprices/uae/ford/ford-transit/2026/,2026-06-15T08:35:32Z,FORD,TRANSIT,TRANSIT,0.1315325387844803,0,138250.0
ford-transit,2026,150XL medium roof,141750,142000,141875,"AED 141,750 - 142,000",AED,https://www.drivearabia.com/carprices/uae/ford/ford-transit/2026/,2026-06-15T08:35:32Z,FORD,TRANSIT,TRANSIT,0.1315325387844803,0,141875.0
ford-transit,2026,250XL high roof,162000,165000,163500,"AED 162,000 - 165,000",AED,https://www.drivearabia.com/carprices/uae/ford/ford-transit/2026/,2026-06-15T08:35:32Z,FORD,TRANSIT,TRANSIT,0.1315325387844803,0,163500.0
ford-transit,2026,350XL high roof LWB EL,178500,180000,179250,"AED 178,500 - 180,000",AED,https://www.drivearabia.com/carprices/uae/ford/ford-transit/2026/,2026-06-15T08:35:32Z,FORD,TRANSIT,TRANSIT,0.1315325387844803,0,179250.0
ford-transit-custom,2017,270S SWB,105000,110000,107500,"AED 105,000 - 110,000",AED,https://www.drivearabia.com/carprices/uae/ford/ford-transit-custom/2017/,2026-06-15T08:36:00Z,FORD,TRANSIT CUSTOM,TRANSIT CUSTOM,0.1315325387844803,9,30213.0
ford-transit-custom,2017,330L LWB high roof,116000,120000,118000,"AED 116,000 - 120,000",AED,https://www.drivearabia.com/carprices/uae/ford/ford-transit-custom/2017/,2026-06-15T08:36:00Z,FORD,TRANSIT CUSTOM,TRANSIT CUSTOM,0.1315325387844803,9,33164.0
ford-transit-custom,2018,270S SWB,105000,110000,107500,"AED 105,000 - 110,000",AED,https://www.drivearabia.com/carprices/uae/ford/ford-transit-custom/2018/,2026-06-15T08:36:02Z,FORD,TRANSIT CUSTOM,TRANSIT CUSTOM,0.1315325387844803,8,34789.0
ford-transit-custom,2018,330L LWB high roof,116000,120000,118000,"AED 116,000 - 120,000",AED,https://www.drivearabia.com/carprices/uae/ford/ford-transit-custom/2018/,2026-06-15T08:36:02Z,FORD,TRANSIT CUSTOM,TRANSIT CUSTOM,0.1315325387844803,8,38187.0
ford-transit-custom,2019,270S SWB,105000,110000,107500,"AED 105,000 - 110,000",AED,https://www.drivearabia.com/carprices/uae/ford/ford-transit-custom/2019/,2026-06-15T08:36:03Z,FORD,TRANSIT CUSTOM,TRANSIT CUSTOM,0.1315325387844803,7,40057.0
ford-transit-custom,2019,330L LWB high roof,116000,120000,118000,"AED 116,000 - 120,000",AED,https://www.drivearabia.com/carprices/uae/ford/ford-transit-custom/2019/,2026-06-15T08:36:03Z,FORD,TRANSIT CUSTOM,TRANSIT CUSTOM,0.1315325387844803,7,43970.0
ford-transit-custom,2020,270S SWB,105000,110000,107500,"AED 105,000 - 110,000",AED,https://www.drivearabia.com/carprices/uae/ford/ford-transit-custom/2020/,2026-06-15T08:36:05Z,FORD,TRANSIT CUSTOM,TRANSIT CUSTOM,0.1315325387844803,6,46124.0
ford-transit-custom,2020,330L LWB high roof,116000,120000,118000,"AED 116,000 - 120,000",AED,https://www.drivearabia.com/carprices/uae/ford/ford-transit-custom/2020/,2026-06-15T08:36:05Z,FORD,TRANSIT CUSTOM,TRANSIT CUSTOM,0.1315325387844803,6,50629.0
ford-transit-custom,2021,270S SWB,105000,110000,107500,"AED 105,000 - 110,000",AED,https://www.drivearabia.com/carprices/uae/ford/ford-transit-custom/2021/,2026-06-15T08:36:07Z,FORD,TRANSIT CUSTOM,TRANSIT CUSTOM,0.1315325387844803,5,53110.0
ford-transit-custom,2021,330L LWB high roof,116000,120000,118000,"AED 116,000 - 120,000",AED,https://www.drivearabia.com/carprices/uae/ford/ford-transit-custom/2021/,2026-06-15T08:36:07Z,FORD,TRANSIT CUSTOM,TRANSIT CUSTOM,0.1315325387844803,5,58297.0
ford-transit-custom,2022,270S SWB,105000,110000,107500,"AED 105,000 - 110,000",AED,https://www.drivearabia.com/carprices/uae/ford/ford-transit-custom/2022/,2026-06-15T08:36:09Z,FORD,TRANSIT CUSTOM,TRANSIT CUSTOM,0.1315325387844803,4,61154.0
ford-transit-custom,2022,330L LWB high roof,116000,120000,118000,"AED 116,000 - 120,000",AED,https://www.drivearabia.com/carprices/uae/ford/ford-transit-custom/2022/,2026-06-15T08:36:09Z,FORD,TRANSIT CUSTOM,TRANSIT CUSTOM,0.1315325387844803,4,67127.0
