model_slug,year,trim_name,price_min_aed,price_max_aed,price_avg_aed,price_raw,currency,url,scraped_at,make,model_name,model,annual_dep_rate,car_age,depreciated_value
nissan-370z,2013.0,auto,139000.0,149000.0,144000.0,"AED 139,000 - 149,000",AED,https://www.drivearabia.com/carprices/uae/nissan/nissan-370z/2013/,2026-06-12T10:12:54Z,NISSAN,370Z,370Z,0.1046820749958582,13.0,34203.0
nissan-370z,2013.0,manual,144000.0,145000.0,144500.0,"AED 144,000 - 145,000",AED,https://www.drivearabia.com/carprices/uae/nissan/nissan-370z/2013/,2026-06-12T10:12:54Z,NISSAN,370Z,370Z,0.1046820749958582,13.0,34322.0
nissan-370z,2014.0,auto,139000.0,149000.0,144000.0,"AED 139,000 - 149,000",AED,https://www.drivearabia.com/carprices/uae/nissan/nissan-370z/2014/,2026-06-12T10:12:56Z,NISSAN,370Z,370Z,0.1046820749958582,12.0,38202.0
nissan-370z,2014.0,manual,144000.0,145000.0,144500.0,"AED 144,000 - 145,000",AED,https://www.drivearabia.com/carprices/uae/nissan/nissan-370z/2014/,2026-06-12T10:12:56Z,NISSAN,370Z,370Z,0.1046820749958582,12.0,38335.0
nissan-370z,2015.0,auto,139000.0,149000.0,144000.0,"AED 139,000 - 149,000",AED,https://www.drivearabia.com/carprices/uae/nissan/nissan-370z/2015/,2026-06-12T10:12:58Z,NISSAN,370Z,370Z,0.1046820749958582,11.0,42669.0
nissan-370z,2015.0,manual,144000.0,145000.0,144500.0,"AED 144,000 - 145,000",AED,https://www.drivearabia.com/carprices/uae/nissan/nissan-370z/2015/,2026-06-12T10:12:58Z,NISSAN,370Z,370Z,0.1046820749958582,11.0,42817.0
nissan-370z,2016.0,manual,127000.0,127500.0,127250.0,"AED 127,000 - 127,500",AED,https://www.drivearabia.com/carprices/uae/nissan/nissan-370z/2016/,2026-06-12T10:12:59Z,NISSAN,370Z,370Z,0.1046820749958582,10.0,42114.0
nissan-370z,2016.0,auto,139000.0,139500.0,139250.0,"AED 139,000 - 139,500",AED,https://www.drivearabia.com/carprices/uae/nissan/nissan-370z/2016/,2026-06-12T10:12:59Z,NISSAN,370Z,370Z,0.1046820749958582,10.0,46086.0
nissan-370z,2017.0,manual,127000.0,127500.0,127250.0,"AED 127,000 - 127,500",AED,https://www.drivearabia.com/carprices/uae/nissan/nissan-370z/2017/,2026-06-12T10:13:01Z,NISSAN,370Z,370Z,0.1046820749958582,9.0,47038.0
nissan-370z,2017.0,auto,139000.0,139500.0,139250.0,"AED 139,000 - 139,500",AED,https://www.drivearabia.com/carprices/uae/nissan/nissan-370z/2017/,2026-06-12T10:13:01Z,NISSAN,370Z,370Z,0.1046820749958582,9.0,51474.0
nissan-370z,2018.0,auto+navigation,151100.0,152000.0,151550.0,"AED 151,100 - 152,000",AED,https://www.drivearabia.com/carprices/uae/nissan/nissan-370z/2018/,2026-06-12T10:13:03Z,NISSAN,370Z,370Z,0.1046820749958582,8.0,62571.0
nissan-370z,2018.0,Nismo,189000.0,190000.0,189500.0,"AED 189,000 - 190,000",AED,https://www.drivearabia.com/carprices/uae/nissan/nissan-370z/2018/,2026-06-12T10:13:03Z,NISSAN,370Z,370Z,0.1046820749958582,8.0,78240.0
nissan-370z,2019.0,standard,149000.0,150000.0,149500.0,"AED 149,000 - 150,000",AED,https://www.drivearabia.com/carprices/uae/nissan/nissan-370z/2019/,2026-06-12T10:13:05Z,NISSAN,370Z,370Z,0.1046820749958582,7.0,68942.0
nissan-370z,2019.0,Nismo,178000.0,184500.0,181250.0,"AED 184,500 - 178,000",AED,https://www.drivearabia.com/carprices/uae/nissan/nissan-370z/2019/,2026-06-12T10:13:05Z,NISSAN,370Z,370Z,0.1046820749958582,7.0,83583.0
nissan-370z,2020.0,standard,149000.0,150000.0,149500.0,"AED 149,000 - 150,000",AED,https://www.drivearabia.com/carprices/uae/nissan/nissan-370z/2020/,2026-06-12T10:13:09Z,NISSAN,370Z,370Z,0.1046820749958582,6.0,77003.0
nissan-370z,2020.0,Nismo,184000.0,185000.0,184500.0,"AED 184,000 - 185,000",AED,https://www.drivearabia.com/carprices/uae/nissan/nissan-370z/2020/,2026-06-12T10:13:09Z,NISSAN,370Z,370Z,0.1046820749958582,6.0,95030.0
nissan-altima,2008.0,sedan,71500.0,102000.0,86750.0,"AED 71,500 - 102,000",AED,https://www.drivearabia.com/carprices/uae/nissan/nissan-altima/2008/,2026-06-12T10:14:21Z,NISSAN,ALTIMA,ALTIMA,0.139062478086912,18.0,5858.0
nissan-altima,2009.0,sedan,71500.0,102000.0,86750.0,"AED 71,500 - 102,000",AED,https://www.drivearabia.com/carprices/uae/nissan/nissan-altima/2009/,2026-06-12T10:14:23Z,NISSAN,ALTIMA,ALTIMA,0.139062478086912,17.0,6804.0
nissan-altima,2010.0,2.5L sedan,72000.0,90000.0,81000.0,"AED 72,000 - 90,000",AED,https://www.drivearabia.com/carprices/uae/nissan/nissan-altima/2010/,2026-06-12T10:14:25Z,NISSAN,ALTIMA,ALTIMA,0.139062478086912,16.0,7380.0
nissan-altima,2010.0,3.5L sedan,95000.0,110000.0,102500.0,"AED 95,000 - 110,000",AED,https://www.drivearabia.com/carprices/uae/nissan/nissan-altima/2010/,2026-06-12T10:14:25Z,NISSAN,ALTIMA,ALTIMA,0.139062478086912,16.0,9338.0
nissan-altima,2011.0,2.5L sedan,72000.0,90000.0,81000.0,"AED 72,000 - 90,000",AED,https://www.drivearabia.com/carprices/uae/nissan/nissan-altima/2011/,2026-06-12T10:14:27Z,NISSAN,ALTIMA,ALTIMA,0.139062478086912,15.0,8572.0
nissan-altima,2011.0,3.5L sedan,95000.0,110000.0,102500.0,"AED 95,000 - 110,000",AED,https://www.drivearabia.com/carprices/uae/nissan/nissan-altima/2011/,2026-06-12T10:14:27Z,NISSAN,ALTIMA,ALTIMA,0.139062478086912,15.0,10847.0
nissan-altima,2012.0,2.5L sedan,72000.0,90000.0,81000.0,"AED 72,000 - 90,000",AED,https://www.drivearabia.com/carprices/uae/nissan/nissan-altima/2012/,2026-06-12T10:14:28Z,NISSAN,ALTIMA,ALTIMA,0.139062478086912,14.0,9956.0
nissan-altima,2012.0,3.5L sedan,95000.0,110000.0,102500.0,"AED 95,000 - 110,000",AED,https://www.drivearabia.com/carprices/uae/nissan/nissan-altima/2012/,2026-06-12T10:14:28Z,NISSAN,ALTIMA,ALTIMA,0.139062478086912,14.0,12599.0
nissan-altima,2013.0,2.5 S,76000.0,78000.0,77000.0,"AED 76,000 - 78,000",AED,https://www.drivearabia.com/carprices/uae/nissan/nissan-altima/2013/,2026-06-12T10:14:30Z,NISSAN,ALTIMA,ALTIMA,0.139062478086912,13.0,10993.0
nissan-altima,2013.0,2.5 SV,82500.0,83000.0,82750.0,"AED 82,500 - 83,000",AED,https://www.drivearabia.com/carprices/uae/nissan/nissan-altima/2013/,2026-06-12T10:14:30Z,NISSAN,ALTIMA,ALTIMA,0.139062478086912,13.0,11814.0
nissan-altima,2013.0,2.5 SL,94500.0,95000.0,94750.0,"AED 94,500 - 95,000",AED,https://www.drivearabia.com/carprices/uae/nissan/nissan-altima/2013/,2026-06-12T10:14:30Z,NISSAN,ALTIMA,ALTIMA,0.139062478086912,13.0,13527.0
nissan-altima,2013.0,3.5 SV,98000.0,99000.0,98500.0,"AED 98,000 - 99,000",AED,https://www.drivearabia.com/carprices/uae/nissan/nissan-altima/2013/,2026-06-12T10:14:30Z,NISSAN,ALTIMA,ALTIMA,0.139062478086912,13.0,14063.0
nissan-altima,2013.0,3.5 SL,106000.0,107000.0,106500.0,"AED 106,000 - 107,000",AED,https://www.drivearabia.com/carprices/uae/nissan/nissan-altima/2013/,2026-06-12T10:14:30Z,NISSAN,ALTIMA,ALTIMA,0.139062478086912,13.0,15205.0
nissan-altima,2014.0,2.5 S,76000.0,78000.0,77000.0,"AED 76,000 - 78,000",AED,https://www.drivearabia.com/carprices/uae/nissan/nissan-altima/2014/,2026-06-12T10:14:32Z,NISSAN,ALTIMA,ALTIMA,0.139062478086912,12.0,12769.0
nissan-altima,2014.0,2.5 SV,82500.0,83000.0,82750.0,"AED 82,500 - 83,000",AED,https://www.drivearabia.com/carprices/uae/nissan/nissan-altima/2014/,2026-06-12T10:14:32Z,NISSAN,ALTIMA,ALTIMA,0.139062478086912,12.0,13722.0
nissan-altima,2014.0,2.5 SL,94500.0,95000.0,94750.0,"AED 94,500 - 95,000",AED,https://www.drivearabia.com/carprices/uae/nissan/nissan-altima/2014/,2026-06-12T10:14:32Z,NISSAN,ALTIMA,ALTIMA,0.139062478086912,12.0,15712.0
nissan-altima,2014.0,3.5 SV,98000.0,99000.0,98500.0,"AED 98,000 - 99,000",AED,https://www.drivearabia.com/carprices/uae/nissan/nissan-altima/2014/,2026-06-12T10:14:32Z,NISSAN,ALTIMA,ALTIMA,0.139062478086912,12.0,16334.0
nissan-altima,2014.0,3.5 SL,106000.0,107000.0,106500.0,"AED 106,000 - 107,000",AED,https://www.drivearabia.com/carprices/uae/nissan/nissan-altima/2014/,2026-06-12T10:14:32Z,NISSAN,ALTIMA,ALTIMA,0.139062478086912,12.0,17661.0
nissan-altima,2015.0,2.5 S,75000.0,77000.0,76000.0,"AED 75,000 - 77,000",AED,https://www.drivearabia.com/carprices/uae/nissan/nissan-altima/2015/,2026-06-12T10:14:34Z,NISSAN,ALTIMA,ALTIMA,0.139062478086912,11.0,14639.0
nissan-altima,2015.0,2.5 SV,82500.0,83000.0,82750.0,"AED 82,500 - 83,000",AED,https://www.drivearabia.com/carprices/uae/nissan/nissan-altima/2015/,2026-06-12T10:14:34Z,NISSAN,ALTIMA,ALTIMA,0.139062478086912,11.0,15939.0
nissan-altima,2015.0,2.5 SL,94500.0,95000.0,94750.0,"AED 94,500 - 95,000",AED,https://www.drivearabia.com/carprices/uae/nissan/nissan-altima/2015/,2026-06-12T10:14:34Z,NISSAN,ALTIMA,ALTIMA,0.139062478086912,11.0,18250.0
nissan-altima,2015.0,3.5 SV,98000.0,99000.0,98500.0,"AED 98,000 - 99,000",AED,https://www.drivearabia.com/carprices/uae/nissan/nissan-altima/2015/,2026-06-12T10:14:34Z,NISSAN,ALTIMA,ALTIMA,0.139062478086912,11.0,18972.0
nissan-altima,2015.0,3.5 SL,106000.0,107000.0,106500.0,"AED 106,000 - 107,000",AED,https://www.drivearabia.com/carprices/uae/nissan/nissan-altima/2015/,2026-06-12T10:14:34Z,NISSAN,ALTIMA,ALTIMA,0.139062478086912,11.0,20513.0
nissan-altima,2016.0,2.5 S,75000.0,77000.0,76000.0,"AED 75,000 - 77,000",AED,https://www.drivearabia.com/carprices/uae/nissan/nissan-altima/2016/,2026-06-12T10:14:36Z,NISSAN,ALTIMA,ALTIMA,0.139062478086912,10.0,17003.0
nissan-altima,2016.0,2.5 SV,82500.0,83000.0,82750.0,"AED 82,500 - 83,000",AED,https://www.drivearabia.com/carprices/uae/nissan/nissan-altima/2016/,2026-06-12T10:14:36Z,NISSAN,ALTIMA,ALTIMA,0.139062478086912,10.0,18513.0
nissan-altima,2016.0,2.5 SL,94500.0,95000.0,94750.0,"AED 94,500 - 95,000",AED,https://www.drivearabia.com/carprices/uae/nissan/nissan-altima/2016/,2026-06-12T10:14:36Z,NISSAN,ALTIMA,ALTIMA,0.139062478086912,10.0,21198.0
nissan-altima,2016.0,3.5 SV,98000.0,99000.0,98500.0,"AED 98,000 - 99,000",AED,https://www.drivearabia.com/carprices/uae/nissan/nissan-altima/2016/,2026-06-12T10:14:36Z,NISSAN,ALTIMA,ALTIMA,0.139062478086912,10.0,22037.0
nissan-altima,2016.0,3.5 SL,106000.0,107000.0,106500.0,"AED 106,000 - 107,000",AED,https://www.drivearabia.com/carprices/uae/nissan/nissan-altima/2016/,2026-06-12T10:14:36Z,NISSAN,ALTIMA,ALTIMA,0.139062478086912,10.0,23827.0
nissan-altima,2017.0,S,78000.0,80000.0,79000.0,"AED 78,000 - 80,000",AED,https://www.drivearabia.com/carprices/uae/nissan/nissan-altima/2017/,2026-06-12T10:14:38Z,NISSAN,ALTIMA,ALTIMA,0.139062478086912,9.0,20529.0
nissan-altima,2017.0,SV,83500.0,84000.0,83750.0,"AED 83,500 - 84,000",AED,https://www.drivearabia.com/carprices/uae/nissan/nissan-altima/2017/,2026-06-12T10:14:38Z,NISSAN,ALTIMA,ALTIMA,0.139062478086912,9.0,21764.0
nissan-altima,2017.0,SL,92000.0,95000.0,93500.0,"AED 92,000 - 95,000",AED,https://www.drivearabia.com/carprices/uae/nissan/nissan-altima/2017/,2026-06-12T10:14:38Z,NISSAN,ALTIMA,ALTIMA,0.139062478086912,9.0,24297.0
nissan-altima,2018.0,S,80745.0,81000.0,80872.0,"AED 80,745 - 81,000",AED,https://www.drivearabia.com/carprices/uae/nissan/nissan-altima/2018/,2026-06-12T10:14:40Z,NISSAN,ALTIMA,ALTIMA,0.139062478086912,8.0,24410.0
nissan-altima,2018.0,SV,87045.0,87100.0,87072.0,"AED 87,045 - 87,100",AED,https://www.drivearabia.com/carprices/uae/nissan/nissan-altima/2018/,2026-06-12T10:14:40Z,NISSAN,ALTIMA,ALTIMA,0.139062478086912,8.0,26282.0
nissan-altima,2018.0,SL,96500.0,97000.0,96750.0,"AED 96,500 - 97,000",AED,https://www.drivearabia.com/carprices/uae/nissan/nissan-altima/2018/,2026-06-12T10:14:40Z,NISSAN,ALTIMA,ALTIMA,0.139062478086912,8.0,29203.0
nissan-altima,2019.0,2.5 S base,84000.0,92400.0,88200.0,"AED 84,000 - 92,400",AED,https://www.drivearabia.com/carprices/uae/nissan/nissan-altima/2019/,2026-06-12T10:14:41Z,NISSAN,ALTIMA,ALTIMA,0.139062478086912,7.0,30922.0
nissan-altima,2019.0,2.5 Sport,96600.0,97000.0,96800.0,"AED 96,600 - 97,000",AED,https://www.drivearabia.com/carprices/uae/nissan/nissan-altima/2019/,2026-06-12T10:14:41Z,NISSAN,ALTIMA,ALTIMA,0.139062478086912,7.0,33937.0
nissan-altima,2019.0,2.5 SV,99225.0,100000.0,99612.0,"AED 99,225 - 100,000",AED,https://www.drivearabia.com/carprices/uae/nissan/nissan-altima/2019/,2026-06-12T10:14:41Z,NISSAN,ALTIMA,ALTIMA,0.139062478086912,7.0,34923.0
nissan-altima,2019.0,2.5 SL,108000.0,116000.0,112000.0,"AED 108,000 - 116,000",AED,https://www.drivearabia.com/carprices/uae/nissan/nissan-altima/2019/,2026-06-12T10:14:41Z,NISSAN,ALTIMA,ALTIMA,0.139062478086912,7.0,39266.0
nissan-altima,2020.0,2.5 S base,94900.0,95000.0,94950.0,"AED 94,900 - 95,000",AED,https://www.drivearabia.com/carprices/uae/nissan/nissan-altima/2020/,2026-06-12T10:14:43Z,NISSAN,ALTIMA,ALTIMA,0.139062478086912,6.0,38666.0
nissan-altima,2020.0,2.5 Sport,98500.0,99000.0,98750.0,"AED 98,500 - 99,000",AED,https://www.drivearabia.com/carprices/uae/nissan/nissan-altima/2020/,2026-06-12T10:14:43Z,NISSAN,ALTIMA,ALTIMA,0.139062478086912,6.0,40213.0
nissan-altima,2020.0,2.5 SV,102900.0,103000.0,102950.0,"AED 102,900 - 103,000",AED,https://www.drivearabia.com/carprices/uae/nissan/nissan-altima/2020/,2026-06-12T10:14:43Z,NISSAN,ALTIMA,ALTIMA,0.139062478086912,6.0,41923.0
nissan-altima,2020.0,2.0T SV,110000.0,111000.0,110500.0,"AED 110,000 - 111,000",AED,https://www.drivearabia.com/carprices/uae/nissan/nissan-altima/2020/,2026-06-12T10:14:43Z,NISSAN,ALTIMA,ALTIMA,0.139062478086912,6.0,44998.0
nissan-altima,2020.0,2.5 SL,119500.0,120000.0,119750.0,"AED 119,500 - 120,000",AED,https://www.drivearabia.com/carprices/uae/nissan/nissan-altima/2020/,2026-06-12T10:14:43Z,NISSAN,ALTIMA,ALTIMA,0.139062478086912,6.0,48765.0
nissan-altima,2020.0,2.0T SL,127500.0,128000.0,127750.0,"AED 127,500 - 128,000",AED,https://www.drivearabia.com/carprices/uae/nissan/nissan-altima/2020/,2026-06-12T10:14:43Z,NISSAN,ALTIMA,ALTIMA,0.139062478086912,6.0,52022.0
nissan-altima,2021.0,2.5 S base,94900.0,95000.0,94950.0,"AED 94,900 - 95,000",AED,https://www.drivearabia.com/carprices/uae/nissan/nissan-altima/2021/,2026-06-12T10:14:45Z,NISSAN,ALTIMA,ALTIMA,0.139062478086912,5.0,44911.0
nissan-altima,2021.0,2.5 Sport,98500.0,99000.0,98750.0,"AED 98,500 - 99,000",AED,https://www.drivearabia.com/carprices/uae/nissan/nissan-altima/2021/,2026-06-12T10:14:45Z,NISSAN,ALTIMA,ALTIMA,0.139062478086912,5.0,46708.0
nissan-altima,2021.0,2.5 SV,102900.0,103000.0,102950.0,"AED 102,900 - 103,000",AED,https://www.drivearabia.com/carprices/uae/nissan/nissan-altima/2021/,2026-06-12T10:14:45Z,NISSAN,ALTIMA,ALTIMA,0.139062478086912,5.0,48695.0
nissan-altima,2021.0,2.0T SV,110000.0,111000.0,110500.0,"AED 110,000 - 111,000",AED,https://www.drivearabia.com/carprices/uae/nissan/nissan-altima/2021/,2026-06-12T10:14:45Z,NISSAN,ALTIMA,ALTIMA,0.139062478086912,5.0,52266.0
nissan-altima,2021.0,2.5 SL,119500.0,120000.0,119750.0,"AED 119,500 - 120,000",AED,https://www.drivearabia.com/carprices/uae/nissan/nissan-altima/2021/,2026-06-12T10:14:45Z,NISSAN,ALTIMA,ALTIMA,0.139062478086912,5.0,56641.0
nissan-altima,2021.0,2.0T SL,127500.0,128000.0,127750.0,"AED 127,500 - 128,000",AED,https://www.drivearabia.com/carprices/uae/nissan/nissan-altima/2021/,2026-06-12T10:14:45Z,NISSAN,ALTIMA,ALTIMA,0.139062478086912,5.0,60425.0
nissan-altima,2022.0,2.5 S base,94900.0,95000.0,94950.0,"AED 94,900 - 95,000",AED,https://www.drivearabia.com/carprices/uae/nissan/nissan-altima/2022/,2026-06-12T10:14:47Z,NISSAN,ALTIMA,ALTIMA,0.139062478086912,4.0,52165.0
nissan-altima,2022.0,2.5 Sport,98500.0,99000.0,98750.0,"AED 98,500 - 99,000",AED,https://www.drivearabia.com/carprices/uae/nissan/nissan-altima/2022/,2026-06-12T10:14:47Z,NISSAN,ALTIMA,ALTIMA,0.139062478086912,4.0,54253.0
nissan-altima,2022.0,2.5 SV,102900.0,103000.0,102950.0,"AED 102,900 - 103,000",AED,https://www.drivearabia.com/carprices/uae/nissan/nissan-altima/2022/,2026-06-12T10:14:47Z,NISSAN,ALTIMA,ALTIMA,0.139062478086912,4.0,56560.0
nissan-altima,2022.0,2.0T SV,110000.0,111000.0,110500.0,"AED 110,000 - 111,000",AED,https://www.drivearabia.com/carprices/uae/nissan/nissan-altima/2022/,2026-06-12T10:14:47Z,NISSAN,ALTIMA,ALTIMA,0.139062478086912,4.0,60708.0
nissan-altima,2022.0,2.5 SL,119500.0,120000.0,119750.0,"AED 119,500 - 120,000",AED,https://www.drivearabia.com/carprices/uae/nissan/nissan-altima/2022/,2026-06-12T10:14:47Z,NISSAN,ALTIMA,ALTIMA,0.139062478086912,4.0,65790.0
nissan-altima,2022.0,2.0T SL,127500.0,128000.0,127750.0,"AED 127,500 - 128,000",AED,https://www.drivearabia.com/carprices/uae/nissan/nissan-altima/2022/,2026-06-12T10:14:47Z,NISSAN,ALTIMA,ALTIMA,0.139062478086912,4.0,70186.0
nissan-altima,2023.0,2.5L I4 S FWD,110000.0,111000.0,110500.0,"AED 110,000 - 111,000",AED,https://www.drivearabia.com/carprices/uae/nissan/nissan-altima/2023/,2026-06-12T10:14:52Z,NISSAN,ALTIMA,ALTIMA,0.139062478086912,3.0,70514.0
nissan-altima,2023.0,2.5L I4 Sport FWD,119500.0,120000.0,119750.0,"AED 119,500 - 120,000",AED,https://www.drivearabia.com/carprices/uae/nissan/nissan-altima/2023/,2026-06-12T10:14:52Z,NISSAN,ALTIMA,ALTIMA,0.139062478086912,3.0,76417.0
nissan-altima,2023.0,2.5L I4 SV FWD,120500.0,129500.0,125000.0,"AED 120,500 - 129,500",AED,https://www.drivearabia.com/carprices/uae/nissan/nissan-altima/2023/,2026-06-12T10:14:52Z,NISSAN,ALTIMA,ALTIMA,0.139062478086912,3.0,79767.0
nissan-altima,2023.0,2.5L I4 SL FWD,136000.0,137000.0,136500.0,"AED 136,000 - 137,000",AED,https://www.drivearabia.com/carprices/uae/nissan/nissan-altima/2023/,2026-06-12T10:14:52Z,NISSAN,ALTIMA,ALTIMA,0.139062478086912,3.0,87106.0
nissan-altima,2023.0,2.0TC I4 SL FWD,146500.0,147000.0,146750.0,"AED 146,500 - 147,000",AED,https://www.drivearabia.com/carprices/uae/nissan/nissan-altima/2023/,2026-06-12T10:14:52Z,NISSAN,ALTIMA,ALTIMA,0.139062478086912,3.0,93647.0
nissan-altima,2025.0,2.5L I4 S FWD,109500.0,111000.0,110250.0,"AED 109,500 - 111,000",AED,https://www.drivearabia.com/carprices/uae/nissan/nissan-altima/2025/,2026-06-12T10:14:55Z,NISSAN,ALTIMA,ALTIMA,0.139062478086912,1.0,94918.0
nissan-altima,2025.0,2.5L I4 Sport FWD,119500.0,120000.0,119750.0,"AED 119,500 - 120,000",AED,https://www.drivearabia.com/carprices/uae/nissan/nissan-altima/2025/,2026-06-12T10:14:55Z,NISSAN,ALTIMA,ALTIMA,0.139062478086912,1.0,103097.0
nissan-altima,2025.0,2.5L I4 SV FWD,120500.0,129500.0,125000.0,"AED 120,500 - 129,500",AED,https://www.drivearabia.com/carprices/uae/nissan/nissan-altima/2025/,2026-06-12T10:14:55Z,NISSAN,ALTIMA,ALTIMA,0.139062478086912,1.0,107617.0
nissan-altima,2025.0,2.5L I4 SL FWD,136000.0,137000.0,136500.0,"AED 136,000 - 137,000",AED,https://www.drivearabia.com/carprices/uae/nissan/nissan-altima/2025/,2026-06-12T10:14:55Z,NISSAN,ALTIMA,ALTIMA,0.139062478086912,1.0,117518.0
nissan-altima,2025.0,2.0TC I4 SL FWD,146500.0,147000.0,146750.0,"AED 146,500 - 147,000",AED,https://www.drivearabia.com/carprices/uae/nissan/nissan-altima/2025/,2026-06-12T10:14:55Z,NISSAN,ALTIMA,ALTIMA,0.139062478086912,1.0,126343.0
nissan-altima,2026.0,2.5L I4 S FWD,110500.0,111000.0,110750.0,"AED 110,500 - 111,000",AED,https://www.drivearabia.com/carprices/uae/nissan/nissan-altima/2026/,2026-06-12T10:14:57Z,NISSAN,ALTIMA,ALTIMA,0.139062478086912,0.0,110750.0
nissan-altima,2026.0,2.5L I4 Sport FWD,119500.0,120000.0,119750.0,"AED 119,500 - 120,000",AED,https://www.drivearabia.com/carprices/uae/nissan/nissan-altima/2026/,2026-06-12T10:14:57Z,NISSAN,ALTIMA,ALTIMA,0.139062478086912,0.0,119750.0
nissan-altima,2026.0,2.5L I4 SV FWD,120500.0,129500.0,125000.0,"AED 120,500 - 129,500",AED,https://www.drivearabia.com/carprices/uae/nissan/nissan-altima/2026/,2026-06-12T10:14:57Z,NISSAN,ALTIMA,ALTIMA,0.139062478086912,0.0,125000.0
nissan-altima,2026.0,2.5L I4 SL FWD,136000.0,137000.0,136500.0,"AED 136,000 - 137,000",AED,https://www.drivearabia.com/carprices/uae/nissan/nissan-altima/2026/,2026-06-12T10:14:57Z,NISSAN,ALTIMA,ALTIMA,0.139062478086912,0.0,136500.0
nissan-altima,2026.0,2.0TC I4 SL FWD,146500.0,147000.0,146750.0,"AED 146,500 - 147,000",AED,https://www.drivearabia.com/carprices/uae/nissan/nissan-altima/2026/,2026-06-12T10:14:57Z,NISSAN,ALTIMA,ALTIMA,0.139062478086912,0.0,146750.0
nissan-altima-coupe,2010.0,2.5L coupe,85000.0,100000.0,92500.0,"AED 85,000 - 100,000",AED,https://www.drivearabia.com/carprices/uae/nissan/nissan-altima-coupe/2010/,2026-06-12T10:15:18Z,NISSAN,ALTIMA COUPE,ALTIMA COUPE,0.139062478086912,16.0,8427.0
nissan-altima-coupe,2010.0,3.5L coupe,104000.0,119000.0,111500.0,"AED 104,000 - 119,000",AED,https://www.drivearabia.com/carprices/uae/nissan/nissan-altima-coupe/2010/,2026-06-12T10:15:18Z,NISSAN,ALTIMA COUPE,ALTIMA COUPE,0.139062478086912,16.0,10158.0
nissan-altima-coupe,2011.0,2.5L coupe,85000.0,100000.0,92500.0,"AED 85,000 - 100,000",AED,https://www.drivearabia.com/carprices/uae/nissan/nissan-altima-coupe/2011/,2026-06-12T10:15:20Z,NISSAN,ALTIMA COUPE,ALTIMA COUPE,0.139062478086912,15.0,9789.0
nissan-altima-coupe,2011.0,3.5L coupe,104000.0,119000.0,111500.0,"AED 104,000 - 119,000",AED,https://www.drivearabia.com/carprices/uae/nissan/nissan-altima-coupe/2011/,2026-06-12T10:15:20Z,NISSAN,ALTIMA COUPE,ALTIMA COUPE,0.139062478086912,15.0,11799.0
nissan-altima-coupe,2012.0,2.5L coupe,85000.0,100000.0,92500.0,"AED 85,000 - 100,000",AED,https://www.drivearabia.com/carprices/uae/nissan/nissan-altima-coupe/2012/,2026-06-12T10:15:22Z,NISSAN,ALTIMA COUPE,ALTIMA COUPE,0.139062478086912,14.0,11370.0
nissan-altima-coupe,2012.0,3.5L coupe,104000.0,119000.0,111500.0,"AED 104,000 - 119,000",AED,https://www.drivearabia.com/carprices/uae/nissan/nissan-altima-coupe/2012/,2026-06-12T10:15:22Z,NISSAN,ALTIMA COUPE,ALTIMA COUPE,0.139062478086912,14.0,13705.0
nissan-gt-r,2011.0,GT-R Black Edition,435000.0,455000.0,445000.0,"AED 435,000 - 455,000",AED,https://www.drivearabia.com/carprices/uae/nissan/nissan-gt-r/2011/,2026-06-12T10:17:21Z,NISSAN,GT-R,GT-R,0.1097926577007851,15.0,77755.0
nissan-gt-r,2011.0,GT-R Track Pack,504000.0,520000.0,512000.0,"AED 504,000 - 520,000",AED,https://www.drivearabia.com/carprices/uae/nissan/nissan-gt-r/2011/,2026-06-12T10:17:21Z,NISSAN,GT-R,GT-R,0.1097926577007851,15.0,89462.0
nissan-gt-r,2011.0,GT-R VVIP,750000.0,800000.0,775000.0,"AED 750,000 - 800,000",AED,https://www.drivearabia.com/carprices/uae/nissan/nissan-gt-r/2011/,2026-06-12T10:17:21Z,NISSAN,GT-R,GT-R,0.1097926577007851,15.0,135416.0
nissan-gt-r,2012.0,GT-R Black Edition,435000.0,455000.0,445000.0,"AED 435,000 - 455,000",AED,https://www.drivearabia.com/carprices/uae/nissan/nissan-gt-r/2012/,2026-06-12T10:17:23Z,NISSAN,GT-R,GT-R,0.1097926577007851,14.0,87345.0
nissan-gt-r,2012.0,GT-R Track Pack,504000.0,520000.0,512000.0,"AED 504,000 - 520,000",AED,https://www.drivearabia.com/carprices/uae/nissan/nissan-gt-r/2012/,2026-06-12T10:17:23Z,NISSAN,GT-R,GT-R,0.1097926577007851,14.0,100495.0
nissan-gt-r,2012.0,GT-R VVIP,750000.0,800000.0,775000.0,"AED 750,000 - 800,000",AED,https://www.drivearabia.com/carprices/uae/nissan/nissan-gt-r/2012/,2026-06-12T10:17:23Z,NISSAN,GT-R,GT-R,0.1097926577007851,14.0,152117.0
nissan-gt-r,2013.0,GT-R Black Edition,435000.0,455000.0,445000.0,"AED 435,000 - 455,000",AED,https://www.drivearabia.com/carprices/uae/nissan/nissan-gt-r/2013/,2026-06-12T10:17:25Z,NISSAN,GT-R,GT-R,0.1097926577007851,13.0,98117.0
nissan-gt-r,2013.0,GT-R Track Pack,504000.0,520000.0,512000.0,"AED 504,000 - 520,000",AED,https://www.drivearabia.com/carprices/uae/nissan/nissan-gt-r/2013/,2026-06-12T10:17:25Z,NISSAN,GT-R,GT-R,0.1097926577007851,13.0,112890.0
nissan-gt-r,2013.0,GT-R VVIP,750000.0,800000.0,775000.0,"AED 750,000 - 800,000",AED,https://www.drivearabia.com/carprices/uae/nissan/nissan-gt-r/2013/,2026-06-12T10:17:25Z,NISSAN,GT-R,GT-R,0.1097926577007851,13.0,170878.0
nissan-gt-r,2014.0,GT-R Black Edition,435000.0,455000.0,445000.0,"AED 435,000 - 455,000",AED,https://www.drivearabia.com/carprices/uae/nissan/nissan-gt-r/2014/,2026-06-12T10:17:27Z,NISSAN,GT-R,GT-R,0.1097926577007851,12.0,110218.0
nissan-gt-r,2014.0,GT-R Track Pack,504000.0,520000.0,512000.0,"AED 504,000 - 520,000",AED,https://www.drivearabia.com/carprices/uae/nissan/nissan-gt-r/2014/,2026-06-12T10:17:27Z,NISSAN,GT-R,GT-R,0.1097926577007851,12.0,126813.0
nissan-gt-r,2014.0,GT-R VVIP,750000.0,800000.0,775000.0,"AED 750,000 - 800,000",AED,https://www.drivearabia.com/carprices/uae/nissan/nissan-gt-r/2014/,2026-06-12T10:17:27Z,NISSAN,GT-R,GT-R,0.1097926577007851,12.0,191953.0
nissan-gt-r,2015.0,GT-R Black Edition,435000.0,455000.0,445000.0,"AED 435,000 - 455,000",AED,https://www.drivearabia.com/carprices/uae/nissan/nissan-gt-r/2015/,2026-06-12T10:17:29Z,NISSAN,GT-R,GT-R,0.1097926577007851,11.0,123812.0
nissan-gt-r,2015.0,GT-R Track Pack,504000.0,520000.0,512000.0,"AED 504,000 - 520,000",AED,https://www.drivearabia.com/carprices/uae/nissan/nissan-gt-r/2015/,2026-06-12T10:17:29Z,NISSAN,GT-R,GT-R,0.1097926577007851,11.0,142453.0
nissan-gt-r,2015.0,GT-R VVIP,750000.0,800000.0,775000.0,"AED 750,000 - 800,000",AED,https://www.drivearabia.com/carprices/uae/nissan/nissan-gt-r/2015/,2026-06-12T10:17:29Z,NISSAN,GT-R,GT-R,0.1097926577007851,11.0,215628.0
nissan-gt-r,2016.0,GT-R Black Edition,450000.0,465000.0,457500.0,"AED 450,000 - 465,000",AED,https://www.drivearabia.com/carprices/uae/nissan/nissan-gt-r/2016/,2026-06-12T10:17:31Z,NISSAN,GT-R,GT-R,0.1097926577007851,10.0,142989.0
nissan-gt-r,2016.0,GT-R Track Pack,504000.0,520000.0,512000.0,"AED 504,000 - 520,000",AED,https://www.drivearabia.com/carprices/uae/nissan/nissan-gt-r/2016/,2026-06-12T10:17:31Z,NISSAN,GT-R,GT-R,0.1097926577007851,10.0,160023.0
nissan-gt-r,2016.0,GT-R VVIP,750000.0,800000.0,775000.0,"AED 750,000 - 800,000",AED,https://www.drivearabia.com/carprices/uae/nissan/nissan-gt-r/2016/,2026-06-12T10:17:31Z,NISSAN,GT-R,GT-R,0.1097926577007851,10.0,242222.0
nissan-gt-r,2017.0,GT-R Premium,485000.0,490000.0,487500.0,"AED 485,000 - 490,000",AED,https://www.drivearabia.com/carprices/uae/nissan/nissan-gt-r/2017/,2026-06-12T10:17:33Z,NISSAN,GT-R,GT-R,0.1097926577007851,9.0,171157.0
nissan-gt-r,2017.0,Black,495000.0,500000.0,497500.0,"AED 495,000 - 500,000",AED,https://www.drivearabia.com/carprices/uae/nissan/nissan-gt-r/2017/,2026-06-12T10:17:33Z,NISSAN,GT-R,GT-R,0.1097926577007851,9.0,174668.0
nissan-gt-r,2018.0,GT-R Premium,485000.0,490000.0,487500.0,"AED 485,000 - 490,000",AED,https://www.drivearabia.com/carprices/uae/nissan/nissan-gt-r/2018/,2026-06-12T10:17:34Z,NISSAN,GT-R,GT-R,0.1097926577007851,8.0,192267.0
nissan-gt-r,2018.0,Black,495000.0,500000.0,497500.0,"AED 495,000 - 500,000",AED,https://www.drivearabia.com/carprices/uae/nissan/nissan-gt-r/2018/,2026-06-12T10:17:34Z,NISSAN,GT-R,GT-R,0.1097926577007851,8.0,196211.0
nissan-gt-r,2019.0,GT-R Premium,485000.0,490000.0,487500.0,"AED 485,000 - 490,000",AED,https://www.drivearabia.com/carprices/uae/nissan/nissan-gt-r/2019/,2026-06-12T10:17:36Z,NISSAN,GT-R,GT-R,0.1097926577007851,7.0,215980.0
nissan-gt-r,2019.0,Black,495000.0,500000.0,497500.0,"AED 495,000 - 500,000",AED,https://www.drivearabia.com/carprices/uae/nissan/nissan-gt-r/2019/,2026-06-12T10:17:36Z,NISSAN,GT-R,GT-R,0.1097926577007851,7.0,220410.0
nissan-gt-r,2020.0,GT-R Premium,498685.0,499000.0,498842.0,"AED 498,685 - 499,000",AED,https://www.drivearabia.com/carprices/uae/nissan/nissan-gt-r/2020/,2026-06-12T10:17:38Z,NISSAN,GT-R,GT-R,0.1097926577007851,6.0,248262.0
nissan-gt-r,2020.0,GT-R 50th Anniversary,509145.0,510000.0,509572.0,"AED 509,145 - 510,000",AED,https://www.drivearabia.com/carprices/uae/nissan/nissan-gt-r/2020/,2026-06-12T10:17:38Z,NISSAN,GT-R,GT-R,0.1097926577007851,6.0,253602.0
nissan-gt-r,2020.0,GT-R Black Edition,553101.0,555000.0,554050.0,"AED 553,101 - 555,000",AED,https://www.drivearabia.com/carprices/uae/nissan/nissan-gt-r/2020/,2026-06-12T10:17:38Z,NISSAN,GT-R,GT-R,0.1097926577007851,6.0,275738.0
nissan-gt-r,2020.0,GT-R 50th Anniversary Track,592450.0,593000.0,592725.0,"AED 592,450 - 593,000",AED,https://www.drivearabia.com/carprices/uae/nissan/nissan-gt-r/2020/,2026-06-12T10:17:38Z,NISSAN,GT-R,GT-R,0.1097926577007851,6.0,294985.0
nissan-gt-r,2020.0,GT-R 50th Anniversary Nismo,787809.0,788000.0,787904.0,"AED 787,809 - 788,000",AED,https://www.drivearabia.com/carprices/uae/nissan/nissan-gt-r/2020/,2026-06-12T10:17:38Z,NISSAN,GT-R,GT-R,0.1097926577007851,6.0,392121.0
nissan-gt-r,2021.0,GT-R Premium,498685.0,499000.0,498842.0,"AED 498,685 - 499,000",AED,https://www.drivearabia.com/carprices/uae/nissan/nissan-gt-r/2021/,2026-06-12T10:17:40Z,NISSAN,GT-R,GT-R,0.1097926577007851,5.0,278881.0
nissan-gt-r,2021.0,GT-R 50th Anniversary,509145.0,510000.0,509572.0,"AED 509,145 - 510,000",AED,https://www.drivearabia.com/carprices/uae/nissan/nissan-gt-r/2021/,2026-06-12T10:17:40Z,NISSAN,GT-R,GT-R,0.1097926577007851,5.0,284880.0
nissan-gt-r,2021.0,GT-R Black Edition,553101.0,555000.0,554050.0,"AED 553,101 - 555,000",AED,https://www.drivearabia.com/carprices/uae/nissan/nissan-gt-r/2021/,2026-06-12T10:17:40Z,NISSAN,GT-R,GT-R,0.1097926577007851,5.0,309745.0
nissan-gt-r,2021.0,GT-R 50th Anniversary Track,592450.0,593000.0,592725.0,"AED 592,450 - 593,000",AED,https://www.drivearabia.com/carprices/uae/nissan/nissan-gt-r/2021/,2026-06-12T10:17:40Z,NISSAN,GT-R,GT-R,0.1097926577007851,5.0,331367.0
nissan-gt-r,2021.0,GT-R 50th Anniversary Nismo,787809.0,788000.0,787904.0,"AED 787,809 - 788,000",AED,https://www.drivearabia.com/carprices/uae/nissan/nissan-gt-r/2021/,2026-06-12T10:17:40Z,NISSAN,GT-R,GT-R,0.1097926577007851,5.0,440483.0
nissan-gt-r,2022.0,GT-R Premium,498685.0,499000.0,498842.0,"AED 498,685 - 499,000",AED,https://www.drivearabia.com/carprices/uae/nissan/nissan-gt-r/2022/,2026-06-12T10:17:42Z,NISSAN,GT-R,GT-R,0.1097926577007851,4.0,313276.0
nissan-gt-r,2022.0,GT-R 50th Anniversary,509145.0,510000.0,509572.0,"AED 509,145 - 510,000",AED,https://www.drivearabia.com/carprices/uae/nissan/nissan-gt-r/2022/,2026-06-12T10:17:42Z,NISSAN,GT-R,GT-R,0.1097926577007851,4.0,320015.0
nissan-gt-r,2022.0,GT-R Black Edition,553101.0,555000.0,554050.0,"AED 553,101 - 555,000",AED,https://www.drivearabia.com/carprices/uae/nissan/nissan-gt-r/2022/,2026-06-12T10:17:42Z,NISSAN,GT-R,GT-R,0.1097926577007851,4.0,347947.0
nissan-gt-r,2022.0,GT-R 50th Anniversary Track,592450.0,593000.0,592725.0,"AED 592,450 - 593,000",AED,https://www.drivearabia.com/carprices/uae/nissan/nissan-gt-r/2022/,2026-06-12T10:17:42Z,NISSAN,GT-R,GT-R,0.1097926577007851,4.0,372236.0
nissan-gt-r,2022.0,GT-R 50th Anniversary Nismo,787809.0,788000.0,787904.0,"AED 787,809 - 788,000",AED,https://www.drivearabia.com/carprices/uae/nissan/nissan-gt-r/2022/,2026-06-12T10:17:42Z,NISSAN,GT-R,GT-R,0.1097926577007851,4.0,494809.0
nissan-gt-r,2023.0,GT-R Premium,498685.0,499000.0,498842.0,"AED 498,685 - 499,000",AED,https://www.drivearabia.com/carprices/uae/nissan/nissan-gt-r/2023/,2026-06-12T10:17:44Z,NISSAN,GT-R,GT-R,0.1097926577007851,3.0,351914.0
nissan-gt-r,2023.0,GT-R 50th Anniversary,509145.0,510000.0,509572.0,"AED 509,145 - 510,000",AED,https://www.drivearabia.com/carprices/uae/nissan/nissan-gt-r/2023/,2026-06-12T10:17:44Z,NISSAN,GT-R,GT-R,0.1097926577007851,3.0,359484.0
nissan-gt-r,2023.0,GT-R Black Edition,553101.0,555000.0,554050.0,"AED 553,101 - 555,000",AED,https://www.drivearabia.com/carprices/uae/nissan/nissan-gt-r/2023/,2026-06-12T10:17:44Z,NISSAN,GT-R,GT-R,0.1097926577007851,3.0,390861.0
nissan-gt-r,2023.0,GT-R 50th Anniversary Track,592450.0,593000.0,592725.0,"AED 592,450 - 593,000",AED,https://www.drivearabia.com/carprices/uae/nissan/nissan-gt-r/2023/,2026-06-12T10:17:44Z,NISSAN,GT-R,GT-R,0.1097926577007851,3.0,418145.0
nissan-gt-r,2023.0,GT-R 50th Anniversary Nismo,787809.0,788000.0,787904.0,"AED 787,809 - 788,000",AED,https://www.drivearabia.com/carprices/uae/nissan/nissan-gt-r/2023/,2026-06-12T10:17:44Z,NISSAN,GT-R,GT-R,0.1097926577007851,3.0,555836.0
nissan-gt-r,2024.0,GT-R Premium,498685.0,499000.0,498842.0,"AED 498,685 - 499,000",AED,https://www.drivearabia.com/carprices/uae/nissan/nissan-gt-r/2024/,2026-06-12T10:17:46Z,NISSAN,GT-R,GT-R,0.1097926577007851,2.0,395317.0
nissan-gt-r,2024.0,GT-R 50th Anniversary,509145.0,510000.0,509572.0,"AED 509,145 - 510,000",AED,https://www.drivearabia.com/carprices/uae/nissan/nissan-gt-r/2024/,2026-06-12T10:17:46Z,NISSAN,GT-R,GT-R,0.1097926577007851,2.0,403820.0
nissan-gt-r,2024.0,GT-R Black Edition,553101.0,555000.0,554050.0,"AED 553,101 - 555,000",AED,https://www.drivearabia.com/carprices/uae/nissan/nissan-gt-r/2024/,2026-06-12T10:17:46Z,NISSAN,GT-R,GT-R,0.1097926577007851,2.0,439068.0
nissan-gt-r,2024.0,GT-R 50th Anniversary Track,592450.0,593000.0,592725.0,"AED 592,450 - 593,000",AED,https://www.drivearabia.com/carprices/uae/nissan/nissan-gt-r/2024/,2026-06-12T10:17:46Z,NISSAN,GT-R,GT-R,0.1097926577007851,2.0,469716.0
nissan-gt-r,2024.0,GT-R 50th Anniversary Nismo,787809.0,788000.0,787904.0,"AED 787,809 - 788,000",AED,https://www.drivearabia.com/carprices/uae/nissan/nissan-gt-r/2024/,2026-06-12T10:17:46Z,NISSAN,GT-R,GT-R,0.1097926577007851,2.0,624390.0
nissan-juke,2015.0,1.6 Turbo,73000.0,82000.0,77500.0,"AED 73,000 - 82,000",AED,https://www.drivearabia.com/carprices/uae/nissan/nissan-juke/2015/,2026-06-12T10:18:15Z,NISSAN,JUKE,JUKE,0.1007158014542897,11.0,24108.0
nissan-kicks,2018.0,1.6 S,61950.0,62000.0,61975.0,"AED 61,950 - 62,000",AED,https://www.drivearabia.com/carprices/uae/nissan/nissan-kicks/2018/,2026-06-12T10:18:56Z,NISSAN,KICKS,KICKS,0.1138744428594737,8.0,23560.0
nissan-kicks,2018.0,1.6 SV,70350.0,71000.0,70675.0,"AED 70,350 - 71,000",AED,https://www.drivearabia.com/carprices/uae/nissan/nissan-kicks/2018/,2026-06-12T10:18:56Z,NISSAN,KICKS,KICKS,0.1138744428594737,8.0,26868.0
nissan-kicks,2018.0,1.6 SL,79275.0,80000.0,79638.0,"AED 79,275 - 80,000",AED,https://www.drivearabia.com/carprices/uae/nissan/nissan-kicks/2018/,2026-06-12T10:18:56Z,NISSAN,KICKS,KICKS,0.1138744428594737,8.0,30275.0
nissan-kicks,2019.0,1.6 S,61950.0,62000.0,61975.0,"AED 61,950 - 62,000",AED,https://www.drivearabia.com/carprices/uae/nissan/nissan-kicks/2019/,2026-06-12T10:18:58Z,NISSAN,KICKS,KICKS,0.1138744428594737,7.0,26588.0
nissan-kicks,2019.0,1.6 SV,70350.0,71000.0,70675.0,"AED 70,350 - 71,000",AED,https://www.drivearabia.com/carprices/uae/nissan/nissan-kicks/2019/,2026-06-12T10:18:58Z,NISSAN,KICKS,KICKS,0.1138744428594737,7.0,30320.0
nissan-kicks,2019.0,1.6 SL,79275.0,80000.0,79638.0,"AED 79,275 - 80,000",AED,https://www.drivearabia.com/carprices/uae/nissan/nissan-kicks/2019/,2026-06-12T10:18:58Z,NISSAN,KICKS,KICKS,0.1138744428594737,7.0,34165.0
nissan-kicks,2020.0,1.6 S,63500.0,64000.0,63750.0,"AED 63,500 - 64,000",AED,https://www.drivearabia.com/carprices/uae/nissan/nissan-kicks/2020/,2026-06-12T10:19:00Z,NISSAN,KICKS,KICKS,0.1138744428594737,6.0,30864.0
nissan-kicks,2020.0,1.6 SV,73900.0,75400.0,74650.0,"AED 73,900 - 75,400",AED,https://www.drivearabia.com/carprices/uae/nissan/nissan-kicks/2020/,2026-06-12T10:19:00Z,NISSAN,KICKS,KICKS,0.1138744428594737,6.0,36141.0
nissan-kicks,2020.0,1.6 SL,83000.0,84500.0,83750.0,"AED 83,000 - 84,500",AED,https://www.drivearabia.com/carprices/uae/nissan/nissan-kicks/2020/,2026-06-12T10:19:00Z,NISSAN,KICKS,KICKS,0.1138744428594737,6.0,40547.0
nissan-kicks,2021.0,1.6 S,61900.0,62000.0,61950.0,"AED 61,900 - 62,000",AED,https://www.drivearabia.com/carprices/uae/nissan/nissan-kicks/2021/,2026-06-12T10:19:02Z,NISSAN,KICKS,KICKS,0.1138744428594737,5.0,33847.0
nissan-kicks,2021.0,1.6 SV,69900.0,70000.0,69950.0,"AED 69,900 - 70,000",AED,https://www.drivearabia.com/carprices/uae/nissan/nissan-kicks/2021/,2026-06-12T10:19:02Z,NISSAN,KICKS,KICKS,0.1138744428594737,5.0,38218.0
nissan-kicks,2021.0,1.6 SL,79500.0,80000.0,79750.0,"AED 79,500 - 80,000",AED,https://www.drivearabia.com/carprices/uae/nissan/nissan-kicks/2021/,2026-06-12T10:19:02Z,NISSAN,KICKS,KICKS,0.1138744428594737,5.0,43572.0
nissan-kicks,2023.0,1.6 I4 S FWD,71000.0,72000.0,71500.0,"AED 71,000 - 72,000",AED,https://www.drivearabia.com/carprices/uae/nissan/nissan-kicks/2023/,2026-06-12T10:19:05Z,NISSAN,KICKS,KICKS,0.1138744428594737,3.0,49750.0
nissan-kicks,2023.0,1.6 I4 SV FWD,76000.0,77000.0,76500.0,"AED 76,000 - 77,000",AED,https://www.drivearabia.com/carprices/uae/nissan/nissan-kicks/2023/,2026-06-12T10:19:05Z,NISSAN,KICKS,KICKS,0.1138744428594737,3.0,53229.0
nissan-kicks,2023.0,1.6 I4 SL FWD,87000.0,90000.0,88500.0,"AED 87,000 - 90,000",AED,https://www.drivearabia.com/carprices/uae/nissan/nissan-kicks/2023/,2026-06-12T10:19:05Z,NISSAN,KICKS,KICKS,0.1138744428594737,3.0,61578.0
nissan-kicks,2024.0,1.6 I4 S FWD,71000.0,72000.0,71500.0,"AED 71,000 - 72,000",AED,https://www.drivearabia.com/carprices/uae/nissan/nissan-kicks/2024/,2026-06-12T10:19:07Z,NISSAN,KICKS,KICKS,0.1138744428594737,2.0,56143.0
nissan-kicks,2024.0,1.6 I4 SV FWD,76000.0,77000.0,76500.0,"AED 76,000 - 77,000",AED,https://www.drivearabia.com/carprices/uae/nissan/nissan-kicks/2024/,2026-06-12T10:19:07Z,NISSAN,KICKS,KICKS,0.1138744428594737,2.0,60069.0
nissan-kicks,2024.0,1.6 I4 SL FWD,87000.0,90000.0,88500.0,"AED 87,000 - 90,000",AED,https://www.drivearabia.com/carprices/uae/nissan/nissan-kicks/2024/,2026-06-12T10:19:07Z,NISSAN,KICKS,KICKS,0.1138744428594737,2.0,69492.0
nissan-kicks,2025.0,2.0 I4 S FWD,84900.0,85900.0,85400.0,"AED 84,900 - 85,900",AED,https://www.drivearabia.com/carprices/uae/nissan/nissan-kicks/2025/,2026-06-12T10:19:09Z,NISSAN,KICKS,KICKS,0.1138744428594737,1.0,75675.0
nissan-kicks,2025.0,2.0 I4 SV FWD,91900.0,92900.0,92400.0,"AED 91,900 - 92,900",AED,https://www.drivearabia.com/carprices/uae/nissan/nissan-kicks/2025/,2026-06-12T10:19:09Z,NISSAN,KICKS,KICKS,0.1138744428594737,1.0,81878.0
nissan-kicks,2025.0,2.0 I4 SV+ FWD,99900.0,100900.0,100400.0,"AED 99,900 - 100,900",AED,https://www.drivearabia.com/carprices/uae/nissan/nissan-kicks/2025/,2026-06-12T10:19:09Z,NISSAN,KICKS,KICKS,0.1138744428594737,1.0,88967.0
nissan-kicks,2025.0,2.0 I4 SL FWD,114900.0,115900.0,115400.0,"AED 114,900 - 115,900",AED,https://www.drivearabia.com/carprices/uae/nissan/nissan-kicks/2025/,2026-06-12T10:19:09Z,NISSAN,KICKS,KICKS,0.1138744428594737,1.0,102259.0
nissan-kicks,2026.0,2.0 I4 S FWD,79900.0,80900.0,80400.0,"AED 79,900 - 80,900",AED,https://www.drivearabia.com/carprices/uae/nissan/nissan-kicks/2026/,2026-06-12T10:19:12Z,NISSAN,KICKS,KICKS,0.1138744428594737,0.0,80400.0
nissan-kicks,2026.0,2.0 I4 SV FWD,91900.0,92900.0,92400.0,"AED 91,900 - 92,900",AED,https://www.drivearabia.com/carprices/uae/nissan/nissan-kicks/2026/,2026-06-12T10:19:12Z,NISSAN,KICKS,KICKS,0.1138744428594737,0.0,92400.0
nissan-kicks,2026.0,2.0 I4 SV+ FWD,99900.0,100900.0,100400.0,"AED 99,900 - 100,900",AED,https://www.drivearabia.com/carprices/uae/nissan/nissan-kicks/2026/,2026-06-12T10:19:12Z,NISSAN,KICKS,KICKS,0.1138744428594737,0.0,100400.0
nissan-kicks,2026.0,2.0 I4 SL FWD,114900.0,115900.0,115400.0,"AED 114,900 - 115,900",AED,https://www.drivearabia.com/carprices/uae/nissan/nissan-kicks/2026/,2026-06-12T10:19:12Z,NISSAN,KICKS,KICKS,0.1138744428594737,0.0,115400.0
nissan-magnite,2025.0,1.0TC I3 S FWD,59900.0,60000.0,59950.0,"AED 59,900 - 60,000",AED,https://www.drivearabia.com/carprices/uae/nissan/nissan-magnite/2025/,2026-06-12T10:19:48Z,NISSAN,MAGNITE,MAGNITE,0.1666666666666677,1.0,49958.0
nissan-magnite,2025.0,1.0TC I3 SV FWD,63900.0,64000.0,63950.0,"AED 63,900 - 64,000",AED,https://www.drivearabia.com/carprices/uae/nissan/nissan-magnite/2025/,2026-06-12T10:19:48Z,NISSAN,MAGNITE,MAGNITE,0.1666666666666677,1.0,53292.0
nissan-magnite,2025.0,1.0TC I3 SL FWD,71900.0,72000.0,71950.0,"AED 71,900 - 72,000",AED,https://www.drivearabia.com/carprices/uae/nissan/nissan-magnite/2025/,2026-06-12T10:19:48Z,NISSAN,MAGNITE,MAGNITE,0.1666666666666677,1.0,59958.0
nissan-magnite,2026.0,1.0TC I3 S FWD,59900.0,60000.0,59950.0,"AED 59,900 - 60,000",AED,https://www.drivearabia.com/carprices/uae/nissan/nissan-magnite/2026/,2026-06-12T10:19:50Z,NISSAN,MAGNITE,MAGNITE,0.1666666666666677,0.0,59950.0
nissan-magnite,2026.0,1.0TC I3 SV FWD,63900.0,64000.0,63950.0,"AED 63,900 - 64,000",AED,https://www.drivearabia.com/carprices/uae/nissan/nissan-magnite/2026/,2026-06-12T10:19:50Z,NISSAN,MAGNITE,MAGNITE,0.1666666666666677,0.0,63950.0
nissan-magnite,2026.0,1.0TC I3 SL FWD,71900.0,72000.0,71950.0,"AED 71,900 - 72,000",AED,https://www.drivearabia.com/carprices/uae/nissan/nissan-magnite/2026/,2026-06-12T10:19:50Z,NISSAN,MAGNITE,MAGNITE,0.1666666666666677,0.0,71950.0
nissan-maxima,2018.0,S,119000.0,120000.0,119500.0,"AED 119,000 - 120,000",AED,https://www.drivearabia.com/carprices/uae/nissan/nissan-maxima/2018/,2026-06-12T10:20:34Z,NISSAN,MAXIMA,MAXIMA,0.1381361917694923,8.0,36381.0
nissan-maxima,2018.0,SV,135500.0,136000.0,135750.0,"AED 135,500 - 136,000",AED,https://www.drivearabia.com/carprices/uae/nissan/nissan-maxima/2018/,2026-06-12T10:20:34Z,NISSAN,MAXIMA,MAXIMA,0.1381361917694923,8.0,41328.0
nissan-maxima,2018.0,SL,155300.0,156000.0,155650.0,"AED 155,300 - 156,000",AED,https://www.drivearabia.com/carprices/uae/nissan/nissan-maxima/2018/,2026-06-12T10:20:34Z,NISSAN,MAXIMA,MAXIMA,0.1381361917694923,8.0,47387.0
nissan-maxima,2018.0,Midnight Edition,159500.0,160000.0,159750.0,"AED 159,500 - 160,000",AED,https://www.drivearabia.com/carprices/uae/nissan/nissan-maxima/2018/,2026-06-12T10:20:34Z,NISSAN,MAXIMA,MAXIMA,0.1381361917694923,8.0,48635.0
nissan-maxima,2019.0,S,119000.0,120000.0,119500.0,"AED 119,000 - 120,000",AED,https://www.drivearabia.com/carprices/uae/nissan/nissan-maxima/2019/,2026-06-12T10:20:36Z,NISSAN,MAXIMA,MAXIMA,0.1381361917694923,7.0,42212.0
nissan-maxima,2019.0,SV,135500.0,136000.0,135750.0,"AED 135,500 - 136,000",AED,https://www.drivearabia.com/carprices/uae/nissan/nissan-maxima/2019/,2026-06-12T10:20:36Z,NISSAN,MAXIMA,MAXIMA,0.1381361917694923,7.0,47952.0
nissan-maxima,2019.0,SL,155300.0,156000.0,155650.0,"AED 155,300 - 156,000",AED,https://www.drivearabia.com/carprices/uae/nissan/nissan-maxima/2019/,2026-06-12T10:20:36Z,NISSAN,MAXIMA,MAXIMA,0.1381361917694923,7.0,54982.0
nissan-maxima,2019.0,Midnight Edition,159500.0,160000.0,159750.0,"AED 159,500 - 160,000",AED,https://www.drivearabia.com/carprices/uae/nissan/nissan-maxima/2019/,2026-06-12T10:20:36Z,NISSAN,MAXIMA,MAXIMA,0.1381361917694923,7.0,56430.0
nissan-maxima,2020.0,S,119000.0,120000.0,119500.0,"AED 119,000 - 120,000",AED,https://www.drivearabia.com/carprices/uae/nissan/nissan-maxima/2020/,2026-06-12T10:20:38Z,NISSAN,MAXIMA,MAXIMA,0.1381361917694923,6.0,48978.0
nissan-maxima,2020.0,SV,141500.0,142000.0,141750.0,"AED 141,500 - 142,000",AED,https://www.drivearabia.com/carprices/uae/nissan/nissan-maxima/2020/,2026-06-12T10:20:38Z,NISSAN,MAXIMA,MAXIMA,0.1381361917694923,6.0,58097.0
nissan-maxima,2020.0,SR,160500.0,163000.0,161750.0,"AED 160,500 - 163,000",AED,https://www.drivearabia.com/carprices/uae/nissan/nissan-maxima/2020/,2026-06-12T10:20:38Z,NISSAN,MAXIMA,MAXIMA,0.1381361917694923,6.0,66294.0
nissan-maxima,2021.0,S,119000.0,120000.0,119500.0,"AED 119,000 - 120,000",AED,https://www.drivearabia.com/carprices/uae/nissan/nissan-maxima/2021/,2026-06-12T10:20:40Z,NISSAN,MAXIMA,MAXIMA,0.1381361917694923,5.0,56828.0
nissan-maxima,2021.0,SV,141500.0,142000.0,141750.0,"AED 141,500 - 142,000",AED,https://www.drivearabia.com/carprices/uae/nissan/nissan-maxima/2021/,2026-06-12T10:20:40Z,NISSAN,MAXIMA,MAXIMA,0.1381361917694923,5.0,67409.0
nissan-maxima,2021.0,SR,160500.0,163000.0,161750.0,"AED 160,500 - 163,000",AED,https://www.drivearabia.com/carprices/uae/nissan/nissan-maxima/2021/,2026-06-12T10:20:40Z,NISSAN,MAXIMA,MAXIMA,0.1381361917694923,5.0,76920.0
nissan-maxima,2022.0,S,119000.0,120000.0,119500.0,"AED 119,000 - 120,000",AED,https://www.drivearabia.com/carprices/uae/nissan/nissan-maxima/2022/,2026-06-12T10:20:42Z,NISSAN,MAXIMA,MAXIMA,0.1381361917694923,4.0,65936.0
nissan-maxima,2022.0,SV,141500.0,142000.0,141750.0,"AED 141,500 - 142,000",AED,https://www.drivearabia.com/carprices/uae/nissan/nissan-maxima/2022/,2026-06-12T10:20:42Z,NISSAN,MAXIMA,MAXIMA,0.1381361917694923,4.0,78213.0
nissan-maxima,2022.0,SR,160500.0,163000.0,161750.0,"AED 160,500 - 163,000",AED,https://www.drivearabia.com/carprices/uae/nissan/nissan-maxima/2022/,2026-06-12T10:20:42Z,NISSAN,MAXIMA,MAXIMA,0.1381361917694923,4.0,89248.0
nissan-maxima,2023.0,3.5L V6 S FWD,129500.0,130000.0,129750.0,"AED 129,500 - 130,000",AED,https://www.drivearabia.com/carprices/uae/nissan/nissan-maxima/2023/,2026-06-12T10:20:44Z,NISSAN,MAXIMA,MAXIMA,0.1381361917694923,3.0,83066.0
nissan-maxima,2023.0,3.5L V6 SV FWD,145500.0,146000.0,145750.0,"AED 145,500 - 146,000",AED,https://www.drivearabia.com/carprices/uae/nissan/nissan-maxima/2023/,2026-06-12T10:20:44Z,NISSAN,MAXIMA,MAXIMA,0.1381361917694923,3.0,93309.0
nissan-maxima,2023.0,3.5L V6 SR FWD,163500.0,166000.0,164750.0,"AED 163,500 - 166,000",AED,https://www.drivearabia.com/carprices/uae/nissan/nissan-maxima/2023/,2026-06-12T10:20:44Z,NISSAN,MAXIMA,MAXIMA,0.1381361917694923,3.0,105473.0
nissan-navara,2011.0,4x4 Double Cab,74000.0,75500.0,74750.0,"AED 74,000 - 75,500",AED,https://www.drivearabia.com/carprices/uae/nissan/nissan-navara/2011/,2026-06-12T10:22:40Z,NISSAN,NAVARA,NAVARA,0.1382396860793738,15.0,8024.0
nissan-navara,2011.0,4x2 Double Cab,76000.0,77500.0,76750.0,"AED 76,000 - 77,500",AED,https://www.drivearabia.com/carprices/uae/nissan/nissan-navara/2011/,2026-06-12T10:22:40Z,NISSAN,NAVARA,NAVARA,0.1382396860793738,15.0,8239.0
nissan-navara,2012.0,4x4 Double Cab,74000.0,75500.0,74750.0,"AED 74,000 - 75,500",AED,https://www.drivearabia.com/carprices/uae/nissan/nissan-navara/2012/,2026-06-12T10:22:42Z,NISSAN,NAVARA,NAVARA,0.1382396860793738,14.0,9312.0
nissan-navara,2012.0,4x2 Double Cab,76000.0,77500.0,76750.0,"AED 76,000 - 77,500",AED,https://www.drivearabia.com/carprices/uae/nissan/nissan-navara/2012/,2026-06-12T10:22:42Z,NISSAN,NAVARA,NAVARA,0.1382396860793738,14.0,9561.0
nissan-navara,2013.0,4x4 Double Cab,74000.0,75500.0,74750.0,"AED 74,000 - 75,500",AED,https://www.drivearabia.com/carprices/uae/nissan/nissan-navara/2013/,2026-06-12T10:22:44Z,NISSAN,NAVARA,NAVARA,0.1382396860793738,13.0,10805.0
nissan-navara,2013.0,4x2 Double Cab,76000.0,77500.0,76750.0,"AED 76,000 - 77,500",AED,https://www.drivearabia.com/carprices/uae/nissan/nissan-navara/2013/,2026-06-12T10:22:44Z,NISSAN,NAVARA,NAVARA,0.1382396860793738,13.0,11094.0
nissan-navara,2014.0,4x4 Double Cab,74000.0,75500.0,74750.0,"AED 74,000 - 75,500",AED,https://www.drivearabia.com/carprices/uae/nissan/nissan-navara/2014/,2026-06-12T10:22:46Z,NISSAN,NAVARA,NAVARA,0.1382396860793738,12.0,12539.0
nissan-navara,2014.0,4x2 Double Cab,76000.0,77500.0,76750.0,"AED 76,000 - 77,500",AED,https://www.drivearabia.com/carprices/uae/nissan/nissan-navara/2014/,2026-06-12T10:22:46Z,NISSAN,NAVARA,NAVARA,0.1382396860793738,12.0,12874.0
nissan-navara,2015.0,4x4 Double Cab,74000.0,75500.0,74750.0,"AED 74,000 - 75,500",AED,https://www.drivearabia.com/carprices/uae/nissan/nissan-navara/2015/,2026-06-12T10:22:48Z,NISSAN,NAVARA,NAVARA,0.1382396860793738,11.0,14550.0
nissan-navara,2015.0,4x2 Double Cab,76000.0,77500.0,76750.0,"AED 76,000 - 77,500",AED,https://www.drivearabia.com/carprices/uae/nissan/nissan-navara/2015/,2026-06-12T10:22:48Z,NISSAN,NAVARA,NAVARA,0.1382396860793738,11.0,14939.0
nissan-navara,2016.0,4x4 Double Cab,74000.0,75500.0,74750.0,"AED 74,000 - 75,500",AED,https://www.drivearabia.com/carprices/uae/nissan/nissan-navara/2016/,2026-06-12T10:22:50Z,NISSAN,NAVARA,NAVARA,0.1382396860793738,10.0,16884.0
nissan-navara,2016.0,4x2 Double Cab,76000.0,77500.0,76750.0,"AED 76,000 - 77,500",AED,https://www.drivearabia.com/carprices/uae/nissan/nissan-navara/2016/,2026-06-12T10:22:50Z,NISSAN,NAVARA,NAVARA,0.1382396860793738,10.0,17336.0
nissan-navara,2020.0,2WD,76125.0,80000.0,78062.0,"AED 76,125 - 80,000",AED,https://www.drivearabia.com/carprices/uae/nissan/nissan-navara/2020/,2026-06-12T10:22:58Z,NISSAN,NAVARA,NAVARA,0.1382396860793738,6.0,31971.0
nissan-navara,2020.0,4WD,85000.0,92000.0,88500.0,"AED 85,000 - 92,000",AED,https://www.drivearabia.com/carprices/uae/nissan/nissan-navara/2020/,2026-06-12T10:22:58Z,NISSAN,NAVARA,NAVARA,0.1382396860793738,6.0,36246.0
nissan-navara,2021.0,2WD,76125.0,80000.0,78062.0,"AED 76,125 - 80,000",AED,https://www.drivearabia.com/carprices/uae/nissan/nissan-navara/2021/,2026-06-12T10:23:00Z,NISSAN,NAVARA,NAVARA,0.1382396860793738,5.0,37100.0
nissan-navara,2021.0,4WD,85000.0,92000.0,88500.0,"AED 85,000 - 92,000",AED,https://www.drivearabia.com/carprices/uae/nissan/nissan-navara/2021/,2026-06-12T10:23:00Z,NISSAN,NAVARA,NAVARA,0.1382396860793738,5.0,42061.0
nissan-navara,2022.0,2WD,76125.0,80000.0,78062.0,"AED 76,125 - 80,000",AED,https://www.drivearabia.com/carprices/uae/nissan/nissan-navara/2022/,2026-06-12T10:23:02Z,NISSAN,NAVARA,NAVARA,0.1382396860793738,4.0,43051.0
nissan-navara,2022.0,4WD,85000.0,92000.0,88500.0,"AED 85,000 - 92,000",AED,https://www.drivearabia.com/carprices/uae/nissan/nissan-navara/2022/,2026-06-12T10:23:02Z,NISSAN,NAVARA,NAVARA,0.1382396860793738,4.0,48808.0
nissan-pathfinder,2013.0,S 2WD,115000.0,117000.0,116000.0,"AED 115,000 - 117,000",AED,https://www.drivearabia.com/carprices/uae/nissan/nissan-pathfinder/2013/,2026-06-12T10:23:39Z,NISSAN,PATHFINDER,PATHFINDER,0.1199682771216607,13.0,22026.0
nissan-pathfinder,2013.0,S AWD,125000.0,127000.0,126000.0,"AED 125,000 - 127,000",AED,https://www.drivearabia.com/carprices/uae/nissan/nissan-pathfinder/2013/,2026-06-12T10:23:39Z,NISSAN,PATHFINDER,PATHFINDER,0.1199682771216607,13.0,23925.0
nissan-pathfinder,2013.0,SV AWD,148000.0,150000.0,149000.0,"AED 148,000 - 150,000",AED,https://www.drivearabia.com/carprices/uae/nissan/nissan-pathfinder/2013/,2026-06-12T10:23:39Z,NISSAN,PATHFINDER,PATHFINDER,0.1199682771216607,13.0,28292.0
nissan-pathfinder,2013.0,SL AWD,169000.0,174000.0,171500.0,"AED 169,000 - 174,000",AED,https://www.drivearabia.com/carprices/uae/nissan/nissan-pathfinder/2013/,2026-06-12T10:23:39Z,NISSAN,PATHFINDER,PATHFINDER,0.1199682771216607,13.0,32564.0
nissan-pathfinder,2014.0,S 2WD,115000.0,117000.0,116000.0,"AED 115,000 - 117,000",AED,https://www.drivearabia.com/carprices/uae/nissan/nissan-pathfinder/2014/,2026-06-12T10:23:41Z,NISSAN,PATHFINDER,PATHFINDER,0.1199682771216607,12.0,25029.0
nissan-pathfinder,2014.0,S AWD,125000.0,127000.0,126000.0,"AED 125,000 - 127,000",AED,https://www.drivearabia.com/carprices/uae/nissan/nissan-pathfinder/2014/,2026-06-12T10:23:41Z,NISSAN,PATHFINDER,PATHFINDER,0.1199682771216607,12.0,27186.0
nissan-pathfinder,2014.0,SV AWD,148000.0,150000.0,149000.0,"AED 148,000 - 150,000",AED,https://www.drivearabia.com/carprices/uae/nissan/nissan-pathfinder/2014/,2026-06-12T10:23:41Z,NISSAN,PATHFINDER,PATHFINDER,0.1199682771216607,12.0,32149.0
nissan-pathfinder,2014.0,SL AWD,169000.0,174000.0,171500.0,"AED 169,000 - 174,000",AED,https://www.drivearabia.com/carprices/uae/nissan/nissan-pathfinder/2014/,2026-06-12T10:23:41Z,NISSAN,PATHFINDER,PATHFINDER,0.1199682771216607,12.0,37004.0
nissan-pathfinder,2015.0,S 2WD,106000.0,106500.0,106250.0,"AED 106,000 - 106,500",AED,https://www.drivearabia.com/carprices/uae/nissan/nissan-pathfinder/2015/,2026-06-12T10:23:43Z,NISSAN,PATHFINDER,PATHFINDER,0.1199682771216607,11.0,26050.0
nissan-pathfinder,2015.0,S AWD,114500.0,115000.0,114750.0,"AED 114,500 - 115,000",AED,https://www.drivearabia.com/carprices/uae/nissan/nissan-pathfinder/2015/,2026-06-12T10:23:43Z,NISSAN,PATHFINDER,PATHFINDER,0.1199682771216607,11.0,28134.0
nissan-pathfinder,2015.0,SV AWD,137300.0,137500.0,137400.0,"AED 137,300 - 137,500",AED,https://www.drivearabia.com/carprices/uae/nissan/nissan-pathfinder/2015/,2026-06-12T10:23:43Z,NISSAN,PATHFINDER,PATHFINDER,0.1199682771216607,11.0,33687.0
nissan-pathfinder,2015.0,SV AWD Hybrid,139800.0,140000.0,139900.0,"AED 139,800 - 140,000",AED,https://www.drivearabia.com/carprices/uae/nissan/nissan-pathfinder/2015/,2026-06-12T10:23:43Z,NISSAN,PATHFINDER,PATHFINDER,0.1199682771216607,11.0,34300.0
nissan-pathfinder,2015.0,SL AWD,158800.0,159000.0,158900.0,"AED 158,800 - 159,000",AED,https://www.drivearabia.com/carprices/uae/nissan/nissan-pathfinder/2015/,2026-06-12T10:23:43Z,NISSAN,PATHFINDER,PATHFINDER,0.1199682771216607,11.0,38959.0
nissan-pathfinder,2016.0,S 2WD,106000.0,106500.0,106250.0,"AED 106,000 - 106,500",AED,https://www.drivearabia.com/carprices/uae/nissan/nissan-pathfinder/2016/,2026-06-12T10:23:46Z,NISSAN,PATHFINDER,PATHFINDER,0.1199682771216607,10.0,29601.0
nissan-pathfinder,2016.0,S AWD,114500.0,115000.0,114750.0,"AED 114,500 - 115,000",AED,https://www.drivearabia.com/carprices/uae/nissan/nissan-pathfinder/2016/,2026-06-12T10:23:46Z,NISSAN,PATHFINDER,PATHFINDER,0.1199682771216607,10.0,31970.0
nissan-pathfinder,2016.0,SV AWD,137300.0,137500.0,137400.0,"AED 137,300 - 137,500",AED,https://www.drivearabia.com/carprices/uae/nissan/nissan-pathfinder/2016/,2026-06-12T10:23:46Z,NISSAN,PATHFINDER,PATHFINDER,0.1199682771216607,10.0,38280.0
nissan-pathfinder,2016.0,SV AWD Hybrid,139800.0,140000.0,139900.0,"AED 139,800 - 140,000",AED,https://www.drivearabia.com/carprices/uae/nissan/nissan-pathfinder/2016/,2026-06-12T10:23:46Z,NISSAN,PATHFINDER,PATHFINDER,0.1199682771216607,10.0,38976.0
nissan-pathfinder,2016.0,SL AWD,158800.0,159000.0,158900.0,"AED 158,800 - 159,000",AED,https://www.drivearabia.com/carprices/uae/nissan/nissan-pathfinder/2016/,2026-06-12T10:23:46Z,NISSAN,PATHFINDER,PATHFINDER,0.1199682771216607,10.0,44270.0
nissan-pathfinder,2017.0,S 2WD,106000.0,106500.0,106250.0,"AED 106,000 - 106,500",AED,https://www.drivearabia.com/carprices/uae/nissan/nissan-pathfinder/2017/,2026-06-12T10:23:48Z,NISSAN,PATHFINDER,PATHFINDER,0.1199682771216607,9.0,33637.0
nissan-pathfinder,2017.0,S AWD,114500.0,115000.0,114750.0,"AED 114,500 - 115,000",AED,https://www.drivearabia.com/carprices/uae/nissan/nissan-pathfinder/2017/,2026-06-12T10:23:48Z,NISSAN,PATHFINDER,PATHFINDER,0.1199682771216607,9.0,36328.0
nissan-pathfinder,2017.0,SV AWD,137300.0,137500.0,137400.0,"AED 137,300 - 137,500",AED,https://www.drivearabia.com/carprices/uae/nissan/nissan-pathfinder/2017/,2026-06-12T10:23:48Z,NISSAN,PATHFINDER,PATHFINDER,0.1199682771216607,9.0,43498.0
nissan-pathfinder,2017.0,SV AWD Hybrid,139800.0,140000.0,139900.0,"AED 139,800 - 140,000",AED,https://www.drivearabia.com/carprices/uae/nissan/nissan-pathfinder/2017/,2026-06-12T10:23:48Z,NISSAN,PATHFINDER,PATHFINDER,0.1199682771216607,9.0,44290.0
nissan-pathfinder,2017.0,SL AWD,158800.0,159000.0,158900.0,"AED 158,800 - 159,000",AED,https://www.drivearabia.com/carprices/uae/nissan/nissan-pathfinder/2017/,2026-06-12T10:23:48Z,NISSAN,PATHFINDER,PATHFINDER,0.1199682771216607,9.0,50305.0
nissan-pathfinder,2018.0,S 2WD,124950.0,125000.0,124975.0,"AED 124,950 - 125,000",AED,https://www.drivearabia.com/carprices/uae/nissan/nissan-pathfinder/2018/,2026-06-12T10:23:49Z,NISSAN,PATHFINDER,PATHFINDER,0.1199682771216607,8.0,44958.0
nissan-pathfinder,2018.0,S 4WD,130725.0,131000.0,130862.0,"AED 130,725 - 131,000",AED,https://www.drivearabia.com/carprices/uae/nissan/nissan-pathfinder/2018/,2026-06-12T10:23:49Z,NISSAN,PATHFINDER,PATHFINDER,0.1199682771216607,8.0,47076.0
nissan-pathfinder,2018.0,SV 4WD,156450.0,157000.0,156725.0,"AED 156,450 - 157,000",AED,https://www.drivearabia.com/carprices/uae/nissan/nissan-pathfinder/2018/,2026-06-12T10:23:49Z,NISSAN,PATHFINDER,PATHFINDER,0.1199682771216607,8.0,56380.0
nissan-pathfinder,2018.0,SV 4WD Hybrid,166500.0,167000.0,166750.0,"AED 166,500 - 167,000",AED,https://www.drivearabia.com/carprices/uae/nissan/nissan-pathfinder/2018/,2026-06-12T10:23:49Z,NISSAN,PATHFINDER,PATHFINDER,0.1199682771216607,8.0,59986.0
nissan-pathfinder,2018.0,SL 4WD,179550.0,180000.0,179775.0,"AED 179,550 - 180,000",AED,https://www.drivearabia.com/carprices/uae/nissan/nissan-pathfinder/2018/,2026-06-12T10:23:49Z,NISSAN,PATHFINDER,PATHFINDER,0.1199682771216607,8.0,64672.0
nissan-pathfinder,2019.0,S 2WD,119000.0,120000.0,119500.0,"AED 119,000 - 120,000",AED,https://www.drivearabia.com/carprices/uae/nissan/nissan-pathfinder/2019/,2026-06-12T10:23:51Z,NISSAN,PATHFINDER,PATHFINDER,0.1199682771216607,7.0,48849.0
nissan-pathfinder,2019.0,S 4WD,126000.0,127000.0,126500.0,"AED 126,000 - 127,000",AED,https://www.drivearabia.com/carprices/uae/nissan/nissan-pathfinder/2019/,2026-06-12T10:23:51Z,NISSAN,PATHFINDER,PATHFINDER,0.1199682771216607,7.0,51711.0
nissan-pathfinder,2019.0,SV 4WD Hybrid,155000.0,156000.0,155500.0,"AED 155,000 - 156,000",AED,https://www.drivearabia.com/carprices/uae/nissan/nissan-pathfinder/2019/,2026-06-12T10:23:51Z,NISSAN,PATHFINDER,PATHFINDER,0.1199682771216607,7.0,63565.0
nissan-pathfinder,2019.0,SV 4WD,155000.0,156000.0,155500.0,"AED 155,000 - 156,000",AED,https://www.drivearabia.com/carprices/uae/nissan/nissan-pathfinder/2019/,2026-06-12T10:23:51Z,NISSAN,PATHFINDER,PATHFINDER,0.1199682771216607,7.0,63565.0
nissan-pathfinder,2019.0,SV Midnight Edition,160000.0,165000.0,162500.0,"AED 160,000 - 165,000",AED,https://www.drivearabia.com/carprices/uae/nissan/nissan-pathfinder/2019/,2026-06-12T10:23:51Z,NISSAN,PATHFINDER,PATHFINDER,0.1199682771216607,7.0,66427.0
nissan-pathfinder,2019.0,SL 4WD,169000.0,170000.0,169500.0,"AED 169,000 - 170,000",AED,https://www.drivearabia.com/carprices/uae/nissan/nissan-pathfinder/2019/,2026-06-12T10:23:51Z,NISSAN,PATHFINDER,PATHFINDER,0.1199682771216607,7.0,69288.0
nissan-pathfinder,2020.0,S 2WD,119000.0,120000.0,119500.0,"AED 119,000 - 120,000",AED,https://www.drivearabia.com/carprices/uae/nissan/nissan-pathfinder/2020/,2026-06-12T10:23:53Z,NISSAN,PATHFINDER,PATHFINDER,0.1199682771216607,6.0,55508.0
nissan-pathfinder,2020.0,S 4WD,134500.0,135000.0,134750.0,"AED 134,500 - 135,000",AED,https://www.drivearabia.com/carprices/uae/nissan/nissan-pathfinder/2020/,2026-06-12T10:23:53Z,NISSAN,PATHFINDER,PATHFINDER,0.1199682771216607,6.0,62592.0
nissan-pathfinder,2020.0,SV 4WD Hybrid,155000.0,156000.0,155500.0,"AED 155,000 - 156,000",AED,https://www.drivearabia.com/carprices/uae/nissan/nissan-pathfinder/2020/,2026-06-12T10:23:53Z,NISSAN,PATHFINDER,PATHFINDER,0.1199682771216607,6.0,72230.0
nissan-pathfinder,2020.0,SV 4WD,159500.0,160000.0,159750.0,"AED 159,500 - 160,000",AED,https://www.drivearabia.com/carprices/uae/nissan/nissan-pathfinder/2020/,2026-06-12T10:23:53Z,NISSAN,PATHFINDER,PATHFINDER,0.1199682771216607,6.0,74205.0
nissan-pathfinder,2020.0,SL 4WD,175900.0,176000.0,175950.0,"AED 175,900 - 176,000",AED,https://www.drivearabia.com/carprices/uae/nissan/nissan-pathfinder/2020/,2026-06-12T10:23:53Z,NISSAN,PATHFINDER,PATHFINDER,0.1199682771216607,6.0,81730.0
nissan-pathfinder,2021.0,S 2WD,119000.0,120000.0,119500.0,"AED 119,000 - 120,000",AED,https://www.drivearabia.com/carprices/uae/nissan/nissan-pathfinder/2021/,2026-06-12T10:23:55Z,NISSAN,PATHFINDER,PATHFINDER,0.1199682771216607,5.0,63075.0
nissan-pathfinder,2021.0,S 4WD,134500.0,135000.0,134750.0,"AED 134,500 - 135,000",AED,https://www.drivearabia.com/carprices/uae/nissan/nissan-pathfinder/2021/,2026-06-12T10:23:55Z,NISSAN,PATHFINDER,PATHFINDER,0.1199682771216607,5.0,71125.0
nissan-pathfinder,2021.0,SV 4WD Hybrid,155000.0,156000.0,155500.0,"AED 155,000 - 156,000",AED,https://www.drivearabia.com/carprices/uae/nissan/nissan-pathfinder/2021/,2026-06-12T10:23:55Z,NISSAN,PATHFINDER,PATHFINDER,0.1199682771216607,5.0,82077.0
nissan-pathfinder,2021.0,SV 4WD,159500.0,160000.0,159750.0,"AED 159,500 - 160,000",AED,https://www.drivearabia.com/carprices/uae/nissan/nissan-pathfinder/2021/,2026-06-12T10:23:55Z,NISSAN,PATHFINDER,PATHFINDER,0.1199682771216607,5.0,84320.0
nissan-pathfinder,2021.0,SL 4WD,175900.0,176000.0,175950.0,"AED 175,900 - 176,000",AED,https://www.drivearabia.com/carprices/uae/nissan/nissan-pathfinder/2021/,2026-06-12T10:23:55Z,NISSAN,PATHFINDER,PATHFINDER,0.1199682771216607,5.0,92871.0
nissan-pathfinder,2022.0,3.5L V6 S 2WD,158000.0,160000.0,159000.0,"AED 158,000 - 160,000",AED,https://www.drivearabia.com/carprices/uae/nissan/nissan-pathfinder/2022/,2026-06-12T10:23:57Z,NISSAN,PATHFINDER,PATHFINDER,0.1199682771216607,4.0,95365.0
nissan-pathfinder,2022.0,3.5L V6 S 4WD,170500.0,171000.0,170750.0,"AED 170,500 - 171,000",AED,https://www.drivearabia.com/carprices/uae/nissan/nissan-pathfinder/2022/,2026-06-12T10:23:57Z,NISSAN,PATHFINDER,PATHFINDER,0.1199682771216607,4.0,102413.0
nissan-pathfinder,2022.0,3.5L V6 SV 2WD,187500.0,188000.0,187750.0,"AED 187,500 - 188,000",AED,https://www.drivearabia.com/carprices/uae/nissan/nissan-pathfinder/2022/,2026-06-12T10:23:57Z,NISSAN,PATHFINDER,PATHFINDER,0.1199682771216607,4.0,112609.0
nissan-pathfinder,2022.0,3.5L V6 SV 4WD,200000.0,201000.0,200500.0,"AED 200,000 - 201,000",AED,https://www.drivearabia.com/carprices/uae/nissan/nissan-pathfinder/2022/,2026-06-12T10:23:57Z,NISSAN,PATHFINDER,PATHFINDER,0.1199682771216607,4.0,120256.0
nissan-pathfinder,2022.0,3.5L V6 SL 4WD,212500.0,214000.0,213250.0,"AED 212,500 - 214,000",AED,https://www.drivearabia.com/carprices/uae/nissan/nissan-pathfinder/2022/,2026-06-12T10:23:57Z,NISSAN,PATHFINDER,PATHFINDER,0.1199682771216607,4.0,127903.0
nissan-pathfinder,2023.0,3.5L V6 S 2WD,158000.0,160000.0,159000.0,"AED 158,000 - 160,000",AED,https://www.drivearabia.com/carprices/uae/nissan/nissan-pathfinder/2023/,2026-06-12T10:23:59Z,NISSAN,PATHFINDER,PATHFINDER,0.1199682771216607,3.0,108366.0
nissan-pathfinder,2023.0,3.5L V6 S 4WD,170500.0,171000.0,170750.0,"AED 170,500 - 171,000",AED,https://www.drivearabia.com/carprices/uae/nissan/nissan-pathfinder/2023/,2026-06-12T10:23:59Z,NISSAN,PATHFINDER,PATHFINDER,0.1199682771216607,3.0,116374.0
nissan-pathfinder,2023.0,3.5L V6 SV 2WD,187500.0,188000.0,187750.0,"AED 187,500 - 188,000",AED,https://www.drivearabia.com/carprices/uae/nissan/nissan-pathfinder/2023/,2026-06-12T10:23:59Z,NISSAN,PATHFINDER,PATHFINDER,0.1199682771216607,3.0,127960.0
nissan-pathfinder,2023.0,3.5L V6 SV 4WD,200000.0,201000.0,200500.0,"AED 200,000 - 201,000",AED,https://www.drivearabia.com/carprices/uae/nissan/nissan-pathfinder/2023/,2026-06-12T10:23:59Z,NISSAN,PATHFINDER,PATHFINDER,0.1199682771216607,3.0,136650.0
nissan-pathfinder,2023.0,3.5L V6 SL 4WD,212500.0,214000.0,213250.0,"AED 212,500 - 214,000",AED,https://www.drivearabia.com/carprices/uae/nissan/nissan-pathfinder/2023/,2026-06-12T10:23:59Z,NISSAN,PATHFINDER,PATHFINDER,0.1199682771216607,3.0,145340.0
nissan-pathfinder,2024.0,3.5L V6 S 2WD,158000.0,160000.0,159000.0,"AED 158,000 - 160,000",AED,https://www.drivearabia.com/carprices/uae/nissan/nissan-pathfinder/2024/,2026-06-12T10:24:01Z,NISSAN,PATHFINDER,PATHFINDER,0.1199682771216607,2.0,123138.0
nissan-pathfinder,2024.0,3.5L V6 S 4WD,170500.0,171000.0,170750.0,"AED 170,500 - 171,000",AED,https://www.drivearabia.com/carprices/uae/nissan/nissan-pathfinder/2024/,2026-06-12T10:24:01Z,NISSAN,PATHFINDER,PATHFINDER,0.1199682771216607,2.0,132238.0
nissan-pathfinder,2024.0,3.5L V6 SV 2WD,187500.0,188000.0,187750.0,"AED 187,500 - 188,000",AED,https://www.drivearabia.com/carprices/uae/nissan/nissan-pathfinder/2024/,2026-06-12T10:24:01Z,NISSAN,PATHFINDER,PATHFINDER,0.1199682771216607,2.0,145404.0
nissan-pathfinder,2024.0,3.5L V6 SV 4WD,200000.0,201000.0,200500.0,"AED 200,000 - 201,000",AED,https://www.drivearabia.com/carprices/uae/nissan/nissan-pathfinder/2024/,2026-06-12T10:24:01Z,NISSAN,PATHFINDER,PATHFINDER,0.1199682771216607,2.0,155278.0
nissan-pathfinder,2024.0,3.5L V6 SL 4WD,212500.0,214000.0,213250.0,"AED 212,500 - 214,000",AED,https://www.drivearabia.com/carprices/uae/nissan/nissan-pathfinder/2024/,2026-06-12T10:24:01Z,NISSAN,PATHFINDER,PATHFINDER,0.1199682771216607,2.0,165153.0
nissan-pathfinder,2025.0,3.5L V6 S 2WD,158000.0,160000.0,159000.0,"AED 158,000 - 160,000",AED,https://www.drivearabia.com/carprices/uae/nissan/nissan-pathfinder/2025/,2026-06-12T10:24:02Z,NISSAN,PATHFINDER,PATHFINDER,0.1199682771216607,1.0,139925.0
nissan-pathfinder,2025.0,3.5L V6 S 4WD,170500.0,171000.0,170750.0,"AED 170,500 - 171,000",AED,https://www.drivearabia.com/carprices/uae/nissan/nissan-pathfinder/2025/,2026-06-12T10:24:02Z,NISSAN,PATHFINDER,PATHFINDER,0.1199682771216607,1.0,150265.0
nissan-pathfinder,2025.0,3.5L V6 SV 2WD,188000.0,189000.0,188500.0,"AED 188,000 - 189,000",AED,https://www.drivearabia.com/carprices/uae/nissan/nissan-pathfinder/2025/,2026-06-12T10:24:02Z,NISSAN,PATHFINDER,PATHFINDER,0.1199682771216607,1.0,165886.0
nissan-pathfinder,2025.0,3.5L V6 SV 4WD,200500.0,201000.0,200750.0,"AED 200,500 - 201,000",AED,https://www.drivearabia.com/carprices/uae/nissan/nissan-pathfinder/2025/,2026-06-12T10:24:02Z,NISSAN,PATHFINDER,PATHFINDER,0.1199682771216607,1.0,176666.0
nissan-pathfinder,2025.0,3.5L V6 SL 4WD,213000.0,214000.0,213500.0,"AED 213,000 - 214,000",AED,https://www.drivearabia.com/carprices/uae/nissan/nissan-pathfinder/2025/,2026-06-12T10:24:02Z,NISSAN,PATHFINDER,PATHFINDER,0.1199682771216607,1.0,187887.0
nissan-pathfinder,2026.0,3.5L V6 S 2WD,158000.0,160000.0,159000.0,"AED 158,000 - 160,000",AED,https://www.drivearabia.com/carprices/uae/nissan/nissan-pathfinder/2026/,2026-06-12T10:24:04Z,NISSAN,PATHFINDER,PATHFINDER,0.1199682771216607,0.0,159000.0
nissan-pathfinder,2026.0,3.5L V6 S 4WD,170500.0,171000.0,170750.0,"AED 170,500 - 171,000",AED,https://www.drivearabia.com/carprices/uae/nissan/nissan-pathfinder/2026/,2026-06-12T10:24:04Z,NISSAN,PATHFINDER,PATHFINDER,0.1199682771216607,0.0,170750.0
nissan-pathfinder,2026.0,3.5L V6 SV 2WD,188000.0,189000.0,188500.0,"AED 188,000 - 189,000",AED,https://www.drivearabia.com/carprices/uae/nissan/nissan-pathfinder/2026/,2026-06-12T10:24:04Z,NISSAN,PATHFINDER,PATHFINDER,0.1199682771216607,0.0,188500.0
nissan-pathfinder,2026.0,3.5L V6 SV 4WD,200500.0,201000.0,200750.0,"AED 200,500 - 201,000",AED,https://www.drivearabia.com/carprices/uae/nissan/nissan-pathfinder/2026/,2026-06-12T10:24:04Z,NISSAN,PATHFINDER,PATHFINDER,0.1199682771216607,0.0,200750.0
nissan-pathfinder,2026.0,3.5L V6 SL 4WD,213000.0,214000.0,213500.0,"AED 213,000 - 214,000",AED,https://www.drivearabia.com/carprices/uae/nissan/nissan-pathfinder/2026/,2026-06-12T10:24:04Z,NISSAN,PATHFINDER,PATHFINDER,0.1199682771216607,0.0,213500.0
nissan-patrol,2010.0,SE T1,185000.0,187000.0,186000.0,"AED 185,000 - 187,000",AED,https://www.drivearabia.com/carprices/uae/nissan/nissan-patrol/2010/,2026-06-12T10:25:11Z,NISSAN,PATROL,PATROL,0.0604689869955563,16.0,68563.0
nissan-patrol,2010.0,SE T2,200000.0,201000.0,200500.0,"AED 200,000 - 201,000",AED,https://www.drivearabia.com/carprices/uae/nissan/nissan-patrol/2010/,2026-06-12T10:25:11Z,NISSAN,PATROL,PATROL,0.0604689869955563,16.0,73908.0
nissan-patrol,2010.0,LE T1,218000.0,220000.0,219000.0,"AED 218,000 - 220,000",AED,https://www.drivearabia.com/carprices/uae/nissan/nissan-patrol/2010/,2026-06-12T10:25:11Z,NISSAN,PATROL,PATROL,0.0604689869955563,16.0,80728.0
nissan-patrol,2010.0,SE Platinum,220000.0,221000.0,220500.0,"AED 220,000 - 221,000",AED,https://www.drivearabia.com/carprices/uae/nissan/nissan-patrol/2010/,2026-06-12T10:25:11Z,NISSAN,PATROL,PATROL,0.0604689869955563,16.0,81281.0
nissan-patrol,2010.0,LE T2,235000.0,236000.0,235500.0,"AED 235,000 - 236,000",AED,https://www.drivearabia.com/carprices/uae/nissan/nissan-patrol/2010/,2026-06-12T10:25:11Z,NISSAN,PATROL,PATROL,0.0604689869955563,16.0,86810.0
nissan-patrol,2010.0,LE Platinum,285000.0,286000.0,285500.0,"AED 285,000 - 286,000",AED,https://www.drivearabia.com/carprices/uae/nissan/nissan-patrol/2010/,2026-06-12T10:25:11Z,NISSAN,PATROL,PATROL,0.0604689869955563,16.0,105241.0
nissan-patrol,2011.0,SE T1,185000.0,187000.0,186000.0,"AED 185,000 - 187,000",AED,https://www.drivearabia.com/carprices/uae/nissan/nissan-patrol/2011/,2026-06-12T10:25:13Z,NISSAN,PATROL,PATROL,0.0604689869955563,15.0,72976.0
nissan-patrol,2011.0,SE T2,200000.0,201000.0,200500.0,"AED 200,000 - 201,000",AED,https://www.drivearabia.com/carprices/uae/nissan/nissan-patrol/2011/,2026-06-12T10:25:13Z,NISSAN,PATROL,PATROL,0.0604689869955563,15.0,78665.0
nissan-patrol,2011.0,LE T1,218000.0,220000.0,219000.0,"AED 218,000 - 220,000",AED,https://www.drivearabia.com/carprices/uae/nissan/nissan-patrol/2011/,2026-06-12T10:25:13Z,NISSAN,PATROL,PATROL,0.0604689869955563,15.0,85923.0
nissan-patrol,2011.0,SE Platinum,220000.0,221000.0,220500.0,"AED 220,000 - 221,000",AED,https://www.drivearabia.com/carprices/uae/nissan/nissan-patrol/2011/,2026-06-12T10:25:13Z,NISSAN,PATROL,PATROL,0.0604689869955563,15.0,86512.0
nissan-patrol,2011.0,LE T2,235000.0,236000.0,235500.0,"AED 235,000 - 236,000",AED,https://www.drivearabia.com/carprices/uae/nissan/nissan-patrol/2011/,2026-06-12T10:25:13Z,NISSAN,PATROL,PATROL,0.0604689869955563,15.0,92397.0
nissan-patrol,2011.0,LE Platinum,285000.0,286000.0,285500.0,"AED 285,000 - 286,000",AED,https://www.drivearabia.com/carprices/uae/nissan/nissan-patrol/2011/,2026-06-12T10:25:13Z,NISSAN,PATROL,PATROL,0.0604689869955563,15.0,112014.0
nissan-patrol,2012.0,SE T1,199500.0,200000.0,199750.0,"AED 199,500 - 200,000",AED,https://www.drivearabia.com/carprices/uae/nissan/nissan-patrol/2012/,2026-06-12T10:25:15Z,NISSAN,PATROL,PATROL,0.0604689869955563,14.0,83415.0
nissan-patrol,2012.0,SE T2,220000.0,221000.0,220500.0,"AED 220,000 - 221,000",AED,https://www.drivearabia.com/carprices/uae/nissan/nissan-patrol/2012/,2026-06-12T10:25:15Z,NISSAN,PATROL,PATROL,0.0604689869955563,14.0,92080.0
nissan-patrol,2012.0,LE T1,237000.0,238000.0,237500.0,"AED 237,000 - 238,000",AED,https://www.drivearabia.com/carprices/uae/nissan/nissan-patrol/2012/,2026-06-12T10:25:15Z,NISSAN,PATROL,PATROL,0.0604689869955563,14.0,99179.0
nissan-patrol,2012.0,SE Platinum,264000.0,265000.0,264500.0,"AED 264,000 - 265,000",AED,https://www.drivearabia.com/carprices/uae/nissan/nissan-patrol/2012/,2026-06-12T10:25:15Z,NISSAN,PATROL,PATROL,0.0604689869955563,14.0,110454.0
nissan-patrol,2012.0,LE T2,270000.0,275000.0,272500.0,"AED 270,000 - 275,000",AED,https://www.drivearabia.com/carprices/uae/nissan/nissan-patrol/2012/,2026-06-12T10:25:15Z,NISSAN,PATROL,PATROL,0.0604689869955563,14.0,113795.0
nissan-patrol,2012.0,LE Platinum,329000.0,330000.0,329500.0,"AED 329,000 - 330,000",AED,https://www.drivearabia.com/carprices/uae/nissan/nissan-patrol/2012/,2026-06-12T10:25:15Z,NISSAN,PATROL,PATROL,0.0604689869955563,14.0,137598.0
nissan-patrol,2013.0,SE,199500.0,264000.0,231750.0,"AED 199,500 - 264,000",AED,https://www.drivearabia.com/carprices/uae/nissan/nissan-patrol/2013/,2026-06-12T10:25:17Z,NISSAN,PATROL,PATROL,0.0604689869955563,13.0,103006.0
nissan-patrol,2013.0,LE,237000.0,330000.0,283500.0,"AED 237,000 - 330,000",AED,https://www.drivearabia.com/carprices/uae/nissan/nissan-patrol/2013/,2026-06-12T10:25:17Z,NISSAN,PATROL,PATROL,0.0604689869955563,13.0,126008.0
nissan-patrol,2014.0,XE,183800.0,185000.0,184400.0,"AED 183,800 - 185,000",AED,https://www.drivearabia.com/carprices/uae/nissan/nissan-patrol/2014/,2026-06-12T10:25:19Z,NISSAN,PATROL,PATROL,0.0604689869955563,12.0,87236.0
nissan-patrol,2014.0,SE T1,215800.0,266800.0,241300.0,"AED 215,800 - 266,800",AED,https://www.drivearabia.com/carprices/uae/nissan/nissan-patrol/2014/,2026-06-12T10:25:19Z,NISSAN,PATROL,PATROL,0.0604689869955563,12.0,114154.0
nissan-patrol,2014.0,SE T2,230000.0,231000.0,230500.0,"AED 230,000 - 231,000",AED,https://www.drivearabia.com/carprices/uae/nissan/nissan-patrol/2014/,2026-06-12T10:25:19Z,NISSAN,PATROL,PATROL,0.0604689869955563,12.0,109045.0
nissan-patrol,2014.0,LE T1,244800.0,245000.0,244900.0,"AED 244,800 - 245,000",AED,https://www.drivearabia.com/carprices/uae/nissan/nissan-patrol/2014/,2026-06-12T10:25:19Z,NISSAN,PATROL,PATROL,0.0604689869955563,12.0,115857.0
nissan-patrol,2014.0,LE T2,260000.0,265000.0,262500.0,"AED 260,000 - 265,000",AED,https://www.drivearabia.com/carprices/uae/nissan/nissan-patrol/2014/,2026-06-12T10:25:19Z,NISSAN,PATROL,PATROL,0.0604689869955563,12.0,124183.0
nissan-patrol,2014.0,SE Platinum,266000.0,267000.0,266500.0,"AED 266,000 - 267,000",AED,https://www.drivearabia.com/carprices/uae/nissan/nissan-patrol/2014/,2026-06-12T10:25:19Z,NISSAN,PATROL,PATROL,0.0604689869955563,12.0,126075.0
nissan-patrol,2014.0,LE Platinum,329000.0,330000.0,329500.0,"AED 329,000 - 330,000",AED,https://www.drivearabia.com/carprices/uae/nissan/nissan-patrol/2014/,2026-06-12T10:25:19Z,NISSAN,PATROL,PATROL,0.0604689869955563,12.0,155879.0
nissan-patrol,2014.0,VVIP Edition,350000.0,355000.0,352500.0,"AED 350,000 - 355,000",AED,https://www.drivearabia.com/carprices/uae/nissan/nissan-patrol/2014/,2026-06-12T10:25:19Z,NISSAN,PATROL,PATROL,0.0604689869955563,12.0,166760.0
nissan-patrol,2015.0,XE,183800.0,185000.0,184400.0,"AED 183,800 - 185,000",AED,https://www.drivearabia.com/carprices/uae/nissan/nissan-patrol/2015/,2026-06-12T10:25:20Z,NISSAN,PATROL,PATROL,0.0604689869955563,11.0,92850.0
nissan-patrol,2015.0,SE,215800.0,266800.0,241300.0,"AED 215,800 - 266,800",AED,https://www.drivearabia.com/carprices/uae/nissan/nissan-patrol/2015/,2026-06-12T10:25:20Z,NISSAN,PATROL,PATROL,0.0604689869955563,11.0,121501.0
nissan-patrol,2015.0,LE,244800.0,329800.0,287300.0,"AED 244,800 - 329,800",AED,https://www.drivearabia.com/carprices/uae/nissan/nissan-patrol/2015/,2026-06-12T10:25:20Z,NISSAN,PATROL,PATROL,0.0604689869955563,11.0,144663.0
nissan-patrol,2015.0,VVIP Edition,350000.0,355000.0,352500.0,"AED 350,000 - 355,000",AED,https://www.drivearabia.com/carprices/uae/nissan/nissan-patrol/2015/,2026-06-12T10:25:20Z,NISSAN,PATROL,PATROL,0.0604689869955563,11.0,177493.0
nissan-patrol,2016.0,XE,179000.0,180000.0,179500.0,"AED 179,000 - 180,000",AED,https://www.drivearabia.com/carprices/uae/nissan/nissan-patrol/2016/,2026-06-12T10:25:22Z,NISSAN,PATROL,PATROL,0.0604689869955563,10.0,96200.0
nissan-patrol,2016.0,SE,210000.0,220000.0,215000.0,"AED 210,000 - 220,000",AED,https://www.drivearabia.com/carprices/uae/nissan/nissan-patrol/2016/,2026-06-12T10:25:22Z,NISSAN,PATROL,PATROL,0.0604689869955563,10.0,115226.0
nissan-patrol,2016.0,LE,225000.0,262000.0,243500.0,"AED 225,000 - 262,000",AED,https://www.drivearabia.com/carprices/uae/nissan/nissan-patrol/2016/,2026-06-12T10:25:22Z,NISSAN,PATROL,PATROL,0.0604689869955563,10.0,130500.0
nissan-patrol,2016.0,LE Titanium,238000.0,238500.0,238250.0,"AED 238,000 - 238,500",AED,https://www.drivearabia.com/carprices/uae/nissan/nissan-patrol/2016/,2026-06-12T10:25:22Z,NISSAN,PATROL,PATROL,0.0604689869955563,10.0,127686.0
nissan-patrol,2016.0,SE Platinum City,251000.0,251500.0,251250.0,"AED 251,000 - 251,500",AED,https://www.drivearabia.com/carprices/uae/nissan/nissan-patrol/2016/,2026-06-12T10:25:22Z,NISSAN,PATROL,PATROL,0.0604689869955563,10.0,134653.0
nissan-patrol,2016.0,Desert Edition,255000.0,260000.0,257500.0,"AED 255,000 - 260,000",AED,https://www.drivearabia.com/carprices/uae/nissan/nissan-patrol/2016/,2026-06-12T10:25:22Z,NISSAN,PATROL,PATROL,0.0604689869955563,10.0,138003.0
nissan-patrol,2016.0,LE Platinum City,315000.0,315500.0,315250.0,"AED 315,000 - 315,500",AED,https://www.drivearabia.com/carprices/uae/nissan/nissan-patrol/2016/,2026-06-12T10:25:22Z,NISSAN,PATROL,PATROL,0.0604689869955563,10.0,168953.0
nissan-patrol,2017.0,XE,179000.0,180000.0,179500.0,"AED 179,000 - 180,000",AED,https://www.drivearabia.com/carprices/uae/nissan/nissan-patrol/2017/,2026-06-12T10:25:24Z,NISSAN,PATROL,PATROL,0.0604689869955563,9.0,102392.0
nissan-patrol,2017.0,SE,210000.0,220000.0,215000.0,"AED 210,000 - 220,000",AED,https://www.drivearabia.com/carprices/uae/nissan/nissan-patrol/2017/,2026-06-12T10:25:24Z,NISSAN,PATROL,PATROL,0.0604689869955563,9.0,122642.0
nissan-patrol,2017.0,LE,225000.0,262000.0,243500.0,"AED 225,000 - 262,000",AED,https://www.drivearabia.com/carprices/uae/nissan/nissan-patrol/2017/,2026-06-12T10:25:24Z,NISSAN,PATROL,PATROL,0.0604689869955563,9.0,138899.0
nissan-patrol,2017.0,LE Titanium,238000.0,238500.0,238250.0,"AED 238,000 - 238,500",AED,https://www.drivearabia.com/carprices/uae/nissan/nissan-patrol/2017/,2026-06-12T10:25:24Z,NISSAN,PATROL,PATROL,0.0604689869955563,9.0,135904.0
nissan-patrol,2017.0,SE Platinum City,251000.0,251500.0,251250.0,"AED 251,000 - 251,500",AED,https://www.drivearabia.com/carprices/uae/nissan/nissan-patrol/2017/,2026-06-12T10:25:24Z,NISSAN,PATROL,PATROL,0.0604689869955563,9.0,143320.0
nissan-patrol,2017.0,Desert Edition,255000.0,260000.0,257500.0,"AED 255,000 - 260,000",AED,https://www.drivearabia.com/carprices/uae/nissan/nissan-patrol/2017/,2026-06-12T10:25:24Z,NISSAN,PATROL,PATROL,0.0604689869955563,9.0,146885.0
nissan-patrol,2017.0,LE Platinum City,315000.0,315500.0,315250.0,"AED 315,000 - 315,500",AED,https://www.drivearabia.com/carprices/uae/nissan/nissan-patrol/2017/,2026-06-12T10:25:24Z,NISSAN,PATROL,PATROL,0.0604689869955563,9.0,179827.0
nissan-patrol,2018.0,V6 XE,194250.0,195000.0,194625.0,"AED 194,250 - 195,000",AED,https://www.drivearabia.com/carprices/uae/nissan/nissan-patrol/2018/,2026-06-12T10:25:26Z,NISSAN,PATROL,PATROL,0.0604689869955563,8.0,118165.0
nissan-patrol,2018.0,V6 SE,215250.0,226800.0,221025.0,"AED 215,250 - 226,800",AED,https://www.drivearabia.com/carprices/uae/nissan/nissan-patrol/2018/,2026-06-12T10:25:26Z,NISSAN,PATROL,PATROL,0.0604689869955563,8.0,134193.0
nissan-patrol,2018.0,V6 SE Platinum,271950.0,272000.0,271975.0,"AED 271,950 - 272,000",AED,https://www.drivearabia.com/carprices/uae/nissan/nissan-patrol/2018/,2026-06-12T10:25:26Z,NISSAN,PATROL,PATROL,0.0604689869955563,8.0,165127.0
nissan-patrol,2018.0,V8 LE Titanium,280350.0,281000.0,280675.0,"AED 280,350 - 281,000",AED,https://www.drivearabia.com/carprices/uae/nissan/nissan-patrol/2018/,2026-06-12T10:25:26Z,NISSAN,PATROL,PATROL,0.0604689869955563,8.0,170409.0
nissan-patrol,2018.0,V8 LE Platinum,334950.0,335000.0,334975.0,"AED 334,950 - 335,000",AED,https://www.drivearabia.com/carprices/uae/nissan/nissan-patrol/2018/,2026-06-12T10:25:26Z,NISSAN,PATROL,PATROL,0.0604689869955563,8.0,203377.0
nissan-patrol,2019.0,XE,195000.0,196000.0,195500.0,"AED 195,000 - 196,000",AED,https://www.drivearabia.com/carprices/uae/nissan/nissan-patrol/2019/,2026-06-12T10:25:28Z,NISSAN,PATROL,PATROL,0.0604689869955563,7.0,126335.0
nissan-patrol,2019.0,SE T2,219500.0,220000.0,219750.0,"AED 219,500 - 220,000",AED,https://www.drivearabia.com/carprices/uae/nissan/nissan-patrol/2019/,2026-06-12T10:25:28Z,NISSAN,PATROL,PATROL,0.0604689869955563,7.0,142006.0
nissan-patrol,2019.0,SE Platinum,265000.0,266000.0,265500.0,"AED 265,000 - 266,000",AED,https://www.drivearabia.com/carprices/uae/nissan/nissan-patrol/2019/,2026-06-12T10:25:28Z,NISSAN,PATROL,PATROL,0.0604689869955563,7.0,171570.0
nissan-patrol,2019.0,LE T2,269000.0,270000.0,269500.0,"AED 269,000 - 270,000",AED,https://www.drivearabia.com/carprices/uae/nissan/nissan-patrol/2019/,2026-06-12T10:25:28Z,NISSAN,PATROL,PATROL,0.0604689869955563,7.0,174155.0
nissan-patrol,2019.0,LE Titanium,289000.0,290000.0,289500.0,"AED 289,000 - 290,000",AED,https://www.drivearabia.com/carprices/uae/nissan/nissan-patrol/2019/,2026-06-12T10:25:28Z,NISSAN,PATROL,PATROL,0.0604689869955563,7.0,187080.0
nissan-patrol,2019.0,LE Platinum,341000.0,342000.0,341500.0,"AED 341,000 - 342,000",AED,https://www.drivearabia.com/carprices/uae/nissan/nissan-patrol/2019/,2026-06-12T10:25:28Z,NISSAN,PATROL,PATROL,0.0604689869955563,7.0,220683.0
nissan-patrol,2020.0,V6 XE,199900.0,200000.0,199950.0,"AED 199,900 - 200,000",AED,https://www.drivearabia.com/carprices/uae/nissan/nissan-patrol/2020/,2026-06-12T10:25:30Z,NISSAN,PATROL,PATROL,0.0604689869955563,6.0,137527.0
nissan-patrol,2020.0,V6 SE T2,222100.0,222500.0,222300.0,"AED 222,100 - 222,500",AED,https://www.drivearabia.com/carprices/uae/nissan/nissan-patrol/2020/,2026-06-12T10:25:30Z,NISSAN,PATROL,PATROL,0.0604689869955563,6.0,152900.0
nissan-patrol,2020.0,V8 LE T1,234000.0,235000.0,234500.0,"AED 234,000 - 235,000",AED,https://www.drivearabia.com/carprices/uae/nissan/nissan-patrol/2020/,2026-06-12T10:25:30Z,NISSAN,PATROL,PATROL,0.0604689869955563,6.0,161291.0
nissan-patrol,2020.0,V6 SE Titanium,240000.0,240500.0,240250.0,"AED 240,000 - 240,500",AED,https://www.drivearabia.com/carprices/uae/nissan/nissan-patrol/2020/,2026-06-12T10:25:30Z,NISSAN,PATROL,PATROL,0.0604689869955563,6.0,165246.0
nissan-patrol,2020.0,V6 SE Platinum City,265200.0,266000.0,265600.0,"AED 265,200 - 266,000",AED,https://www.drivearabia.com/carprices/uae/nissan/nissan-patrol/2020/,2026-06-12T10:25:30Z,NISSAN,PATROL,PATROL,0.0604689869955563,6.0,182682.0
nissan-patrol,2020.0,V8 LE T2,275000.0,276000.0,275500.0,"AED 275,000 - 276,000",AED,https://www.drivearabia.com/carprices/uae/nissan/nissan-patrol/2020/,2026-06-12T10:25:30Z,NISSAN,PATROL,PATROL,0.0604689869955563,6.0,189491.0
nissan-patrol,2020.0,V8 LE Titanium,299000.0,300000.0,299500.0,"AED 299,000 - 300,000",AED,https://www.drivearabia.com/carprices/uae/nissan/nissan-patrol/2020/,2026-06-12T10:25:30Z,NISSAN,PATROL,PATROL,0.0604689869955563,6.0,205998.0
nissan-patrol,2020.0,V8 LE Platinum City,329000.0,330000.0,329500.0,"AED 329,000 - 330,000",AED,https://www.drivearabia.com/carprices/uae/nissan/nissan-patrol/2020/,2026-06-12T10:25:30Z,NISSAN,PATROL,PATROL,0.0604689869955563,6.0,226632.0
nissan-patrol,2021.0,2021 Patrol V6 XE,199900.0,200000.0,199950.0,"AED 199,900 - 200,000",AED,https://www.drivearabia.com/carprices/uae/nissan/nissan-patrol/2021/,2026-06-12T10:25:31Z,NISSAN,PATROL,PATROL,0.0604689869955563,5.0,146378.0
nissan-patrol,2021.0,V6 SE T2,222100.0,222500.0,222300.0,"AED 222,100 - 222,500",AED,https://www.drivearabia.com/carprices/uae/nissan/nissan-patrol/2021/,2026-06-12T10:25:31Z,NISSAN,PATROL,PATROL,0.0604689869955563,5.0,162740.0
nissan-patrol,2021.0,2021 Patrol V8 LE T1,234000.0,235000.0,234500.0,"AED 234,000 - 235,000",AED,https://www.drivearabia.com/carprices/uae/nissan/nissan-patrol/2021/,2026-06-12T10:25:31Z,NISSAN,PATROL,PATROL,0.0604689869955563,5.0,171672.0
nissan-patrol,2021.0,V6 SE Titanium,240000.0,240500.0,240250.0,"AED 240,000 - 240,500",AED,https://www.drivearabia.com/carprices/uae/nissan/nissan-patrol/2021/,2026-06-12T10:25:31Z,NISSAN,PATROL,PATROL,0.0604689869955563,5.0,175881.0
nissan-patrol,2021.0,V6 SE Platinum City,265200.0,266000.0,265600.0,"AED 265,200 - 266,000",AED,https://www.drivearabia.com/carprices/uae/nissan/nissan-patrol/2021/,2026-06-12T10:25:31Z,NISSAN,PATROL,PATROL,0.0604689869955563,5.0,194439.0
nissan-patrol,2021.0,V8 LE T2,275000.0,276000.0,275500.0,"AED 275,000 - 276,000",AED,https://www.drivearabia.com/carprices/uae/nissan/nissan-patrol/2021/,2026-06-12T10:25:31Z,NISSAN,PATROL,PATROL,0.0604689869955563,5.0,201687.0
nissan-patrol,2021.0,V8 LE Titanium,299000.0,300000.0,299500.0,"AED 299,000 - 300,000",AED,https://www.drivearabia.com/carprices/uae/nissan/nissan-patrol/2021/,2026-06-12T10:25:31Z,NISSAN,PATROL,PATROL,0.0604689869955563,5.0,219256.0
nissan-patrol,2021.0,V8 LE Platinum City,329000.0,330000.0,329500.0,"AED 329,000 - 330,000",AED,https://www.drivearabia.com/carprices/uae/nissan/nissan-patrol/2021/,2026-06-12T10:25:31Z,NISSAN,PATROL,PATROL,0.0604689869955563,5.0,241219.0
nissan-patrol,2022.0,V6 XE,199900.0,200000.0,199950.0,"AED 199,900 - 200,000",AED,https://www.drivearabia.com/carprices/uae/nissan/nissan-patrol/2022/,2026-06-12T10:25:34Z,NISSAN,PATROL,PATROL,0.0604689869955563,4.0,155799.0
nissan-patrol,2022.0,V6 SE T2,227500.0,227600.0,227550.0,"AED 227,500 - 227,600",AED,https://www.drivearabia.com/carprices/uae/nissan/nissan-patrol/2022/,2026-06-12T10:25:34Z,NISSAN,PATROL,PATROL,0.0604689869955563,4.0,177305.0
nissan-patrol,2022.0,V8 LE T1,235000.0,236000.0,235500.0,"AED 235,000 - 236,000",AED,https://www.drivearabia.com/carprices/uae/nissan/nissan-patrol/2022/,2026-06-12T10:25:34Z,NISSAN,PATROL,PATROL,0.0604689869955563,4.0,183500.0
nissan-patrol,2022.0,V6 SE Titanium,247500.0,247600.0,247550.0,"AED 247,500 - 247,600",AED,https://www.drivearabia.com/carprices/uae/nissan/nissan-patrol/2022/,2026-06-12T10:25:34Z,NISSAN,PATROL,PATROL,0.0604689869955563,4.0,192889.0
nissan-patrol,2022.0,V8 LE T2,275000.0,276000.0,275500.0,"AED 275,000 - 276,000",AED,https://www.drivearabia.com/carprices/uae/nissan/nissan-patrol/2022/,2026-06-12T10:25:34Z,NISSAN,PATROL,PATROL,0.0604689869955563,4.0,214667.0
nissan-patrol,2022.0,V6 SE Platinum City,275000.0,276000.0,275500.0,"AED 275,000 - 276,000",AED,https://www.drivearabia.com/carprices/uae/nissan/nissan-patrol/2022/,2026-06-12T10:25:34Z,NISSAN,PATROL,PATROL,0.0604689869955563,4.0,214667.0
nissan-patrol,2022.0,V8 LE Titanium,303500.0,304000.0,303750.0,"AED 303,500 - 304,000",AED,https://www.drivearabia.com/carprices/uae/nissan/nissan-patrol/2022/,2026-06-12T10:25:34Z,NISSAN,PATROL,PATROL,0.0604689869955563,4.0,236680.0
nissan-patrol,2022.0,V8 LE Platinum City,334500.0,335000.0,334750.0,"AED 334,500 - 335,000",AED,https://www.drivearabia.com/carprices/uae/nissan/nissan-patrol/2022/,2026-06-12T10:25:34Z,NISSAN,PATROL,PATROL,0.0604689869955563,4.0,260835.0
nissan-patrol,2023.0,V6 XE,210000.0,211000.0,210500.0,"AED 210,000 - 211,000",AED,https://www.drivearabia.com/carprices/uae/nissan/nissan-patrol/2023/,2026-06-12T10:25:35Z,NISSAN,PATROL,PATROL,0.0604689869955563,3.0,174576.0
nissan-patrol,2023.0,V6 SE T2,233500.0,233600.0,233550.0,"AED 233,500 - 233,600",AED,https://www.drivearabia.com/carprices/uae/nissan/nissan-patrol/2023/,2026-06-12T10:25:35Z,NISSAN,PATROL,PATROL,0.0604689869955563,3.0,193693.0
nissan-patrol,2023.0,V8 LE T1,240500.0,241000.0,240750.0,"AED 240,500 - 241,000",AED,https://www.drivearabia.com/carprices/uae/nissan/nissan-patrol/2023/,2026-06-12T10:25:35Z,NISSAN,PATROL,PATROL,0.0604689869955563,3.0,199664.0
nissan-patrol,2023.0,V6 SE Titanium,260500.0,261000.0,260750.0,"AED 260,500 - 261,000",AED,https://www.drivearabia.com/carprices/uae/nissan/nissan-patrol/2023/,2026-06-12T10:25:35Z,NISSAN,PATROL,PATROL,0.0604689869955563,3.0,216251.0
nissan-patrol,2023.0,V6 SE Platinum City,286500.0,287000.0,286750.0,"AED 286,500 - 287,000",AED,https://www.drivearabia.com/carprices/uae/nissan/nissan-patrol/2023/,2026-06-12T10:25:35Z,NISSAN,PATROL,PATROL,0.0604689869955563,3.0,237814.0
nissan-patrol,2023.0,V8 LE T2,290000.0,291000.0,290500.0,"AED 290,000 - 291,000",AED,https://www.drivearabia.com/carprices/uae/nissan/nissan-patrol/2023/,2026-06-12T10:25:35Z,NISSAN,PATROL,PATROL,0.0604689869955563,3.0,240924.0
nissan-patrol,2023.0,V8 LE Titanium,318000.0,319000.0,318500.0,"AED 318,000 - 319,000",AED,https://www.drivearabia.com/carprices/uae/nissan/nissan-patrol/2023/,2026-06-12T10:25:35Z,NISSAN,PATROL,PATROL,0.0604689869955563,3.0,264145.0
nissan-patrol,2023.0,V8 LE Platinum City,347000.0,348000.0,347500.0,"AED 347,000 - 348,000",AED,https://www.drivearabia.com/carprices/uae/nissan/nissan-patrol/2023/,2026-06-12T10:25:35Z,NISSAN,PATROL,PATROL,0.0604689869955563,3.0,288196.0
nissan-patrol,2024.0,V6 XE,210000.0,211000.0,210500.0,"AED 210,000 - 211,000",AED,https://www.drivearabia.com/carprices/uae/nissan/nissan-patrol/2024/,2026-06-12T10:25:37Z,NISSAN,PATROL,PATROL,0.0604689869955563,2.0,185812.0
nissan-patrol,2024.0,V6 SE T2,233500.0,233600.0,233550.0,"AED 233,500 - 233,600",AED,https://www.drivearabia.com/carprices/uae/nissan/nissan-patrol/2024/,2026-06-12T10:25:37Z,NISSAN,PATROL,PATROL,0.0604689869955563,2.0,206159.0
nissan-patrol,2024.0,V8 LE T1,240500.0,241000.0,240750.0,"AED 240,500 - 241,000",AED,https://www.drivearabia.com/carprices/uae/nissan/nissan-patrol/2024/,2026-06-12T10:25:37Z,NISSAN,PATROL,PATROL,0.0604689869955563,2.0,212514.0
nissan-patrol,2024.0,V6 SE Titanium,260500.0,261000.0,260750.0,"AED 260,500 - 261,000",AED,https://www.drivearabia.com/carprices/uae/nissan/nissan-patrol/2024/,2026-06-12T10:25:37Z,NISSAN,PATROL,PATROL,0.0604689869955563,2.0,230169.0
nissan-patrol,2024.0,V6 SE Platinum City,286500.0,287000.0,286750.0,"AED 286,500 - 287,000",AED,https://www.drivearabia.com/carprices/uae/nissan/nissan-patrol/2024/,2026-06-12T10:25:37Z,NISSAN,PATROL,PATROL,0.0604689869955563,2.0,253120.0
nissan-patrol,2024.0,V8 LE T2,290000.0,291000.0,290500.0,"AED 290,000 - 291,000",AED,https://www.drivearabia.com/carprices/uae/nissan/nissan-patrol/2024/,2026-06-12T10:25:37Z,NISSAN,PATROL,PATROL,0.0604689869955563,2.0,256430.0
nissan-patrol,2024.0,V8 LE Titanium,318000.0,319000.0,318500.0,"AED 318,000 - 319,000",AED,https://www.drivearabia.com/carprices/uae/nissan/nissan-patrol/2024/,2026-06-12T10:25:37Z,NISSAN,PATROL,PATROL,0.0604689869955563,2.0,281146.0
nissan-patrol,2024.0,V8 LE Platinum City,347000.0,348000.0,347500.0,"AED 347,000 - 348,000",AED,https://www.drivearabia.com/carprices/uae/nissan/nissan-patrol/2024/,2026-06-12T10:25:37Z,NISSAN,PATROL,PATROL,0.0604689869955563,2.0,306745.0
nissan-patrol,2025.0,3.8 V6 XE 4WD,239900.0,240000.0,239950.0,"AED 239,900 - 240,000",AED,https://www.drivearabia.com/carprices/uae/nissan/nissan-patrol/2025/,2026-06-12T10:25:39Z,NISSAN,PATROL,PATROL,0.0604689869955563,1.0,225440.0
nissan-patrol,2025.0,3.8 V6 SE T2 4WD,258900.0,260000.0,259450.0,"AED 258,900 - 260,000",AED,https://www.drivearabia.com/carprices/uae/nissan/nissan-patrol/2025/,2026-06-12T10:25:39Z,NISSAN,PATROL,PATROL,0.0604689869955563,1.0,243761.0
nissan-patrol,2025.0,3.8 V6 SE Titanium 4WD,293900.0,294000.0,293950.0,"AED 293,900 - 294,000",AED,https://www.drivearabia.com/carprices/uae/nissan/nissan-patrol/2025/,2026-06-12T10:25:39Z,NISSAN,PATROL,PATROL,0.0604689869955563,1.0,276175.0
nissan-patrol,2025.0,3.5TC V6 LE T1 4WD,297900.0,298000.0,297950.0,"AED 297,900 - 298,000",AED,https://www.drivearabia.com/carprices/uae/nissan/nissan-patrol/2025/,2026-06-12T10:25:39Z,NISSAN,PATROL,PATROL,0.0604689869955563,1.0,279933.0
nissan-patrol,2025.0,3.5TC V6 LE T2 4WD,321900.0,322000.0,321950.0,"AED 321,900 - 322,000",AED,https://www.drivearabia.com/carprices/uae/nissan/nissan-patrol/2025/,2026-06-12T10:25:39Z,NISSAN,PATROL,PATROL,0.0604689869955563,1.0,302482.0
nissan-patrol,2025.0,3.8 V6 SE Platinum City 4WD,322900.0,323000.0,322950.0,"AED 322,900 - 323,000",AED,https://www.drivearabia.com/carprices/uae/nissan/nissan-patrol/2025/,2026-06-12T10:25:39Z,NISSAN,PATROL,PATROL,0.0604689869955563,1.0,303422.0
nissan-patrol,2025.0,3.5TC V6 LE Titanium 4WD,347900.0,348000.0,347950.0,"AED 347,900 - 348,000",AED,https://www.drivearabia.com/carprices/uae/nissan/nissan-patrol/2025/,2026-06-12T10:25:39Z,NISSAN,PATROL,PATROL,0.0604689869955563,1.0,326910.0
nissan-patrol,2025.0,3.5TC V6 LE Titanium+ 4WD,359900.0,360000.0,359950.0,"AED 359,900 - 360,000",AED,https://www.drivearabia.com/carprices/uae/nissan/nissan-patrol/2025/,2026-06-12T10:25:39Z,NISSAN,PATROL,PATROL,0.0604689869955563,1.0,338184.0
nissan-patrol,2025.0,3.5TC V6 LE Platinum City 4WD,388900.0,390000.0,389450.0,"AED 388,900 - 390,000",AED,https://www.drivearabia.com/carprices/uae/nissan/nissan-patrol/2025/,2026-06-12T10:25:39Z,NISSAN,PATROL,PATROL,0.0604689869955563,1.0,365900.0
nissan-patrol,2026.0,3.8 V6 XE 4WD,239900.0,240000.0,239950.0,"AED 239,900 - 240,000",AED,https://www.drivearabia.com/carprices/uae/nissan/nissan-patrol/2026/,2026-06-12T10:25:41Z,NISSAN,PATROL,PATROL,0.0604689869955563,0.0,239950.0
nissan-patrol,2026.0,3.8 V6 SE T2 4WD,258900.0,260000.0,259450.0,"AED 258,900 - 260,000",AED,https://www.drivearabia.com/carprices/uae/nissan/nissan-patrol/2026/,2026-06-12T10:25:41Z,NISSAN,PATROL,PATROL,0.0604689869955563,0.0,259450.0
nissan-patrol,2026.0,3.8 V6 SE Titanium 4WD,293900.0,294000.0,293950.0,"AED 293,900 - 294,000",AED,https://www.drivearabia.com/carprices/uae/nissan/nissan-patrol/2026/,2026-06-12T10:25:41Z,NISSAN,PATROL,PATROL,0.0604689869955563,0.0,293950.0
nissan-patrol,2026.0,3.5TC V6 LE T1 4WD,297900.0,298000.0,297950.0,"AED 297,900 - 298,000",AED,https://www.drivearabia.com/carprices/uae/nissan/nissan-patrol/2026/,2026-06-12T10:25:41Z,NISSAN,PATROL,PATROL,0.0604689869955563,0.0,297950.0
nissan-patrol,2026.0,3.5TC V6 LE T2 4WD,321900.0,322000.0,321950.0,"AED 321,900 - 322,000",AED,https://www.drivearabia.com/carprices/uae/nissan/nissan-patrol/2026/,2026-06-12T10:25:41Z,NISSAN,PATROL,PATROL,0.0604689869955563,0.0,321950.0
nissan-patrol,2026.0,3.8 V6 SE Platinum City 4WD,322900.0,323000.0,322950.0,"AED 322,900 - 323,000",AED,https://www.drivearabia.com/carprices/uae/nissan/nissan-patrol/2026/,2026-06-12T10:25:41Z,NISSAN,PATROL,PATROL,0.0604689869955563,0.0,322950.0
nissan-patrol,2026.0,3.5TC V6 LE Titanium 4WD,347900.0,348000.0,347950.0,"AED 347,900 - 348,000",AED,https://www.drivearabia.com/carprices/uae/nissan/nissan-patrol/2026/,2026-06-12T10:25:41Z,NISSAN,PATROL,PATROL,0.0604689869955563,0.0,347950.0
nissan-patrol,2026.0,3.5TC V6 LE Titanium+ 4WD,359900.0,360000.0,359950.0,"AED 359,900 - 360,000",AED,https://www.drivearabia.com/carprices/uae/nissan/nissan-patrol/2026/,2026-06-12T10:25:41Z,NISSAN,PATROL,PATROL,0.0604689869955563,0.0,359950.0
nissan-patrol,2026.0,3.5TC V6 LE Platinum City 4WD,388900.0,390000.0,389450.0,"AED 388,900 - 390,000",AED,https://www.drivearabia.com/carprices/uae/nissan/nissan-patrol/2026/,2026-06-12T10:25:41Z,NISSAN,PATROL,PATROL,0.0604689869955563,0.0,389450.0
nissan-patrol-nismo,2024.0,5.6L V8 Nismo 4WD,398500.0,399000.0,398750.0,"AED 398,500 - 399,000",AED,https://www.drivearabia.com/carprices/uae/nissan/nissan-patrol-nismo/2024/,2026-06-12T10:26:21Z,NISSAN,PATROL NISMO,PATROL NISMO,0.0604689869955563,2.0,351984.0
nissan-patrol-nismo,2025.0,3.5TC V6 NISMO 4WD,449900.0,450000.0,449950.0,"AED 449,900 - 450,000",AED,https://www.drivearabia.com/carprices/uae/nissan/nissan-patrol-nismo/2025/,2026-06-12T10:26:23Z,NISSAN,PATROL NISMO,PATROL NISMO,0.0604689869955563,1.0,422742.0
nissan-patrol-nismo,2026.0,3.5TC V6 NISMO 4WD,449900.0,450000.0,449950.0,"AED 449,900 - 450,000",AED,https://www.drivearabia.com/carprices/uae/nissan/nissan-patrol-nismo/2026/,2026-06-12T10:26:25Z,NISSAN,PATROL NISMO,PATROL NISMO,0.0604689869955563,0.0,449950.0
nissan-patrol-pickup,2020.0,SGL manual,145950.0,146000.0,145975.0,"AED 145,950 - 146,000",AED,https://www.drivearabia.com/carprices/uae/nissan/nissan-patrol-pickup/2020/,2026-06-12T10:26:56Z,NISSAN,PATROL PICKUP,PATROL PICKUP,0.0604689869955563,6.0,100403.0
nissan-patrol-pickup,2020.0,SGL auto,152250.0,153000.0,152625.0,"AED 152,250 - 153,000",AED,https://www.drivearabia.com/carprices/uae/nissan/nissan-patrol-pickup/2020/,2026-06-12T10:26:56Z,NISSAN,PATROL PICKUP,PATROL PICKUP,0.0604689869955563,6.0,104977.0
nissan-patrol-pickup,2021.0,SGL manual,145950.0,146000.0,145975.0,"AED 145,950 - 146,000",AED,https://www.drivearabia.com/carprices/uae/nissan/nissan-patrol-pickup/2021/,2026-06-12T10:26:58Z,NISSAN,PATROL PICKUP,PATROL PICKUP,0.0604689869955563,5.0,106865.0
nissan-patrol-pickup,2021.0,SGL auto,152250.0,153000.0,152625.0,"AED 152,250 - 153,000",AED,https://www.drivearabia.com/carprices/uae/nissan/nissan-patrol-pickup/2021/,2026-06-12T10:26:58Z,NISSAN,PATROL PICKUP,PATROL PICKUP,0.0604689869955563,5.0,111733.0
nissan-patrol-pickup,2022.0,SGL manual,145950.0,146000.0,145975.0,"AED 145,950 - 146,000",AED,https://www.drivearabia.com/carprices/uae/nissan/nissan-patrol-pickup/2022/,2026-06-12T10:27:00Z,NISSAN,PATROL PICKUP,PATROL PICKUP,0.0604689869955563,4.0,113743.0
nissan-patrol-pickup,2022.0,SGL auto,152250.0,153000.0,152625.0,"AED 152,250 - 153,000",AED,https://www.drivearabia.com/carprices/uae/nissan/nissan-patrol-pickup/2022/,2026-06-12T10:27:00Z,NISSAN,PATROL PICKUP,PATROL PICKUP,0.0604689869955563,4.0,118924.0
nissan-patrol-pickup,2023.0,4.8L I6 SGL 4WD manual,145950.0,146000.0,145975.0,"AED 145,950 - 146,000",AED,https://www.drivearabia.com/carprices/uae/nissan/nissan-patrol-pickup/2023/,2026-06-12T10:27:02Z,NISSAN,PATROL PICKUP,PATROL PICKUP,0.0604689869955563,3.0,121063.0
nissan-patrol-pickup,2023.0,4.8L I6 S 4WD auto,152250.0,153000.0,152625.0,"AED 152,250 - 153,000",AED,https://www.drivearabia.com/carprices/uae/nissan/nissan-patrol-pickup/2023/,2026-06-12T10:27:02Z,NISSAN,PATROL PICKUP,PATROL PICKUP,0.0604689869955563,3.0,126578.0
nissan-patrol-pickup,2024.0,4.8L I6 SGL 4WD manual,145950.0,146000.0,145975.0,"AED 145,950 - 146,000",AED,https://www.drivearabia.com/carprices/uae/nissan/nissan-patrol-pickup/2024/,2026-06-12T10:27:04Z,NISSAN,PATROL PICKUP,PATROL PICKUP,0.0604689869955563,2.0,128855.0
nissan-patrol-pickup,2024.0,4.8L I6 S 4WD auto,152250.0,153000.0,152625.0,"AED 152,250 - 153,000",AED,https://www.drivearabia.com/carprices/uae/nissan/nissan-patrol-pickup/2024/,2026-06-12T10:27:04Z,NISSAN,PATROL PICKUP,PATROL PICKUP,0.0604689869955563,2.0,134725.0
nissan-patrol-pro-4x,2025.0,3.5TC V6 PRO-4X 4WD,362900.0,370000.0,366450.0,"AED 362,900 - 370,000",AED,https://www.drivearabia.com/carprices/uae/nissan/nissan-patrol-pro-4x/2025/,2026-06-12T10:27:42Z,NISSAN,PATROL PRO-4X,PATROL PRO-4X,0.0604689869955563,1.0,344291.0
nissan-patrol-pro-4x,2026.0,3.5TC V6 PRO-4X 4WD,362900.0,370000.0,366450.0,"AED 362,900 - 370,000",AED,https://www.drivearabia.com/carprices/uae/nissan/nissan-patrol-pro-4x/2026/,2026-06-12T10:27:44Z,NISSAN,PATROL PRO-4X,PATROL PRO-4X,0.0604689869955563,0.0,366450.0
nissan-patrol-safari,2017.0,Safari Wagon 5D,171000.0,180000.0,175500.0,"AED 171,000 - 180,000",AED,https://www.drivearabia.com/carprices/uae/nissan/nissan-patrol-safari/2017/,2026-06-12T10:28:16Z,NISSAN,PATROL SAFARI,PATROL SAFARI,0.0604689869955563,9.0,100110.0
nissan-patrol-safari,2017.0,Super Safari 5D,190000.0,210000.0,200000.0,"AED 190,000 - 210,000",AED,https://www.drivearabia.com/carprices/uae/nissan/nissan-patrol-safari/2017/,2026-06-12T10:28:16Z,NISSAN,PATROL SAFARI,PATROL SAFARI,0.0604689869955563,9.0,114085.0
nissan-patrol-safari,2018.0,Hard Top 3dr manual,150675.0,151000.0,150838.0,"AED 150,675 - 151,000",AED,https://www.drivearabia.com/carprices/uae/nissan/nissan-patrol-safari/2018/,2026-06-12T10:28:18Z,NISSAN,PATROL SAFARI,PATROL SAFARI,0.0604689869955563,8.0,91580.0
nissan-patrol-safari,2018.0,Hard Top 3dr automatic,156450.0,157000.0,156725.0,"AED 156,450 - 157,000",AED,https://www.drivearabia.com/carprices/uae/nissan/nissan-patrol-safari/2018/,2026-06-12T10:28:18Z,NISSAN,PATROL SAFARI,PATROL SAFARI,0.0604689869955563,8.0,95154.0
nissan-patrol-safari,2018.0,Safari wagon manual,170100.0,171000.0,170550.0,"AED 170,100 - 171,000",AED,https://www.drivearabia.com/carprices/uae/nissan/nissan-patrol-safari/2018/,2026-06-12T10:28:18Z,NISSAN,PATROL SAFARI,PATROL SAFARI,0.0604689869955563,8.0,103548.0
nissan-patrol-safari,2018.0,Hard Top 3dr Super Safari auto,175350.0,183225.0,179288.0,"AED 175,350 - 183,225",AED,https://www.drivearabia.com/carprices/uae/nissan/nissan-patrol-safari/2018/,2026-06-12T10:28:18Z,NISSAN,PATROL SAFARI,PATROL SAFARI,0.0604689869955563,8.0,108853.0
nissan-patrol-safari,2018.0,Super Safari wagon,191625.0,199500.0,195562.0,"AED 191,625 - 199,500",AED,https://www.drivearabia.com/carprices/uae/nissan/nissan-patrol-safari/2018/,2026-06-12T10:28:18Z,NISSAN,PATROL SAFARI,PATROL SAFARI,0.0604689869955563,8.0,118734.0
nissan-patrol-safari,2019.0,GL 5D AT,145000.0,146000.0,145500.0,"AED 145,000 - 146,000",AED,https://www.drivearabia.com/carprices/uae/nissan/nissan-patrol-safari/2019/,2026-06-12T10:28:20Z,NISSAN,PATROL SAFARI,PATROL SAFARI,0.0604689869955563,7.0,94024.0
nissan-patrol-safari,2019.0,Safari 5D MT,164000.0,165000.0,164500.0,"AED 164,000 - 165,000",AED,https://www.drivearabia.com/carprices/uae/nissan/nissan-patrol-safari/2019/,2026-06-12T10:28:20Z,NISSAN,PATROL SAFARI,PATROL SAFARI,0.0604689869955563,7.0,106303.0
nissan-patrol-safari,2019.0,Safari 5D AT,169000.0,170000.0,169500.0,"AED 169,000 - 170,000",AED,https://www.drivearabia.com/carprices/uae/nissan/nissan-patrol-safari/2019/,2026-06-12T10:28:20Z,NISSAN,PATROL SAFARI,PATROL SAFARI,0.0604689869955563,7.0,109534.0
nissan-patrol-safari,2019.0,Falcon 5D MT,169000.0,170000.0,169500.0,"AED 169,000 - 170,000",AED,https://www.drivearabia.com/carprices/uae/nissan/nissan-patrol-safari/2019/,2026-06-12T10:28:20Z,NISSAN,PATROL SAFARI,PATROL SAFARI,0.0604689869955563,7.0,109534.0
nissan-patrol-safari,2019.0,Falcon 5D AT,174000.0,175000.0,174500.0,"AED 174,000 - 175,000",AED,https://www.drivearabia.com/carprices/uae/nissan/nissan-patrol-safari/2019/,2026-06-12T10:28:20Z,NISSAN,PATROL SAFARI,PATROL SAFARI,0.0604689869955563,7.0,112765.0
nissan-patrol-safari,2019.0,Super Safari 5D MT,184000.0,185000.0,184500.0,"AED 184,000 - 185,000",AED,https://www.drivearabia.com/carprices/uae/nissan/nissan-patrol-safari/2019/,2026-06-12T10:28:20Z,NISSAN,PATROL SAFARI,PATROL SAFARI,0.0604689869955563,7.0,119227.0
nissan-patrol-safari,2019.0,Super Safari 5D AT,189000.0,190000.0,189500.0,"AED 189,000 - 190,000",AED,https://www.drivearabia.com/carprices/uae/nissan/nissan-patrol-safari/2019/,2026-06-12T10:28:20Z,NISSAN,PATROL SAFARI,PATROL SAFARI,0.0604689869955563,7.0,122458.0
nissan-patrol-safari,2019.0,Gazelle 5D MT,224000.0,225000.0,224500.0,"AED 224,000 - 225,000",AED,https://www.drivearabia.com/carprices/uae/nissan/nissan-patrol-safari/2019/,2026-06-12T10:28:20Z,NISSAN,PATROL SAFARI,PATROL SAFARI,0.0604689869955563,7.0,145076.0
nissan-patrol-safari,2019.0,Gazelle 5D AT,229000.0,230000.0,229500.0,"AED 229,000 - 230,000",AED,https://www.drivearabia.com/carprices/uae/nissan/nissan-patrol-safari/2019/,2026-06-12T10:28:20Z,NISSAN,PATROL SAFARI,PATROL SAFARI,0.0604689869955563,7.0,148307.0
nissan-patrol-safari,2019.0,Gazelle X 5D MT,293000.0,294000.0,293500.0,"AED 293,000 - 294,000",AED,https://www.drivearabia.com/carprices/uae/nissan/nissan-patrol-safari/2019/,2026-06-12T10:28:20Z,NISSAN,PATROL SAFARI,PATROL SAFARI,0.0604689869955563,7.0,189664.0
nissan-patrol-safari,2019.0,Gazelle X 5D AT,298000.0,299000.0,298500.0,"AED 298,000 - 299,000",AED,https://www.drivearabia.com/carprices/uae/nissan/nissan-patrol-safari/2019/,2026-06-12T10:28:20Z,NISSAN,PATROL SAFARI,PATROL SAFARI,0.0604689869955563,7.0,192896.0
nissan-patrol-safari,2020.0,GL 5D AT,153000.0,156000.0,154500.0,"AED 153,000 - 156,000",AED,https://www.drivearabia.com/carprices/uae/nissan/nissan-patrol-safari/2020/,2026-06-12T10:28:21Z,NISSAN,PATROL SAFARI,PATROL SAFARI,0.0604689869955563,6.0,106266.0
nissan-patrol-safari,2020.0,Safari 5D MT,164000.0,165000.0,164500.0,"AED 164,000 - 165,000",AED,https://www.drivearabia.com/carprices/uae/nissan/nissan-patrol-safari/2020/,2026-06-12T10:28:21Z,NISSAN,PATROL SAFARI,PATROL SAFARI,0.0604689869955563,6.0,113144.0
nissan-patrol-safari,2020.0,Safari 5D AT,169000.0,170000.0,169500.0,"AED 169,000 - 170,000",AED,https://www.drivearabia.com/carprices/uae/nissan/nissan-patrol-safari/2020/,2026-06-12T10:28:21Z,NISSAN,PATROL SAFARI,PATROL SAFARI,0.0604689869955563,6.0,116583.0
nissan-patrol-safari,2020.0,Falcon 5D MT,169000.0,170000.0,169500.0,"AED 169,000 - 170,000",AED,https://www.drivearabia.com/carprices/uae/nissan/nissan-patrol-safari/2020/,2026-06-12T10:28:21Z,NISSAN,PATROL SAFARI,PATROL SAFARI,0.0604689869955563,6.0,116583.0
nissan-patrol-safari,2020.0,Falcon 5D AT,174000.0,175000.0,174500.0,"AED 174,000 - 175,000",AED,https://www.drivearabia.com/carprices/uae/nissan/nissan-patrol-safari/2020/,2026-06-12T10:28:21Z,NISSAN,PATROL SAFARI,PATROL SAFARI,0.0604689869955563,6.0,120022.0
nissan-patrol-safari,2020.0,Super Safari 5D MT,184000.0,185000.0,184500.0,"AED 184,000 - 185,000",AED,https://www.drivearabia.com/carprices/uae/nissan/nissan-patrol-safari/2020/,2026-06-12T10:28:21Z,NISSAN,PATROL SAFARI,PATROL SAFARI,0.0604689869955563,6.0,126900.0
nissan-patrol-safari,2020.0,Super Safari 5D AT,189000.0,190000.0,189500.0,"AED 189,000 - 190,000",AED,https://www.drivearabia.com/carprices/uae/nissan/nissan-patrol-safari/2020/,2026-06-12T10:28:21Z,NISSAN,PATROL SAFARI,PATROL SAFARI,0.0604689869955563,6.0,130339.0
nissan-patrol-safari,2020.0,Gazelle 5D MT,224000.0,225000.0,224500.0,"AED 224,000 - 225,000",AED,https://www.drivearabia.com/carprices/uae/nissan/nissan-patrol-safari/2020/,2026-06-12T10:28:21Z,NISSAN,PATROL SAFARI,PATROL SAFARI,0.0604689869955563,6.0,154413.0
nissan-patrol-safari,2020.0,Gazelle 5D AT,229000.0,230000.0,229500.0,"AED 229,000 - 230,000",AED,https://www.drivearabia.com/carprices/uae/nissan/nissan-patrol-safari/2020/,2026-06-12T10:28:21Z,NISSAN,PATROL SAFARI,PATROL SAFARI,0.0604689869955563,6.0,157852.0
nissan-patrol-safari,2020.0,Gazelle X 5D MT,293000.0,294000.0,293500.0,"AED 293,000 - 294,000",AED,https://www.drivearabia.com/carprices/uae/nissan/nissan-patrol-safari/2020/,2026-06-12T10:28:21Z,NISSAN,PATROL SAFARI,PATROL SAFARI,0.0604689869955563,6.0,201871.0
nissan-patrol-safari,2020.0,Gazelle X 5D AT,298000.0,299000.0,298500.0,"AED 298,000 - 299,000",AED,https://www.drivearabia.com/carprices/uae/nissan/nissan-patrol-safari/2020/,2026-06-12T10:28:21Z,NISSAN,PATROL SAFARI,PATROL SAFARI,0.0604689869955563,6.0,205310.0
nissan-patrol-safari,2021.0,GL 5D AT,153000.0,156000.0,154500.0,"AED 153,000 - 156,000",AED,https://www.drivearabia.com/carprices/uae/nissan/nissan-patrol-safari/2021/,2026-06-12T10:28:23Z,NISSAN,PATROL SAFARI,PATROL SAFARI,0.0604689869955563,5.0,113106.0
nissan-patrol-safari,2021.0,Safari 5D MT,164000.0,165000.0,164500.0,"AED 164,000 - 165,000",AED,https://www.drivearabia.com/carprices/uae/nissan/nissan-patrol-safari/2021/,2026-06-12T10:28:23Z,NISSAN,PATROL SAFARI,PATROL SAFARI,0.0604689869955563,5.0,120426.0
nissan-patrol-safari,2021.0,Safari 5D AT,169000.0,170000.0,169500.0,"AED 169,000 - 170,000",AED,https://www.drivearabia.com/carprices/uae/nissan/nissan-patrol-safari/2021/,2026-06-12T10:28:23Z,NISSAN,PATROL SAFARI,PATROL SAFARI,0.0604689869955563,5.0,124087.0
nissan-patrol-safari,2021.0,Falcon 5D MT,169000.0,170000.0,169500.0,"AED 169,000 - 170,000",AED,https://www.drivearabia.com/carprices/uae/nissan/nissan-patrol-safari/2021/,2026-06-12T10:28:23Z,NISSAN,PATROL SAFARI,PATROL SAFARI,0.0604689869955563,5.0,124087.0
nissan-patrol-safari,2021.0,Falcon 5D AT,174000.0,175000.0,174500.0,"AED 174,000 - 175,000",AED,https://www.drivearabia.com/carprices/uae/nissan/nissan-patrol-safari/2021/,2026-06-12T10:28:23Z,NISSAN,PATROL SAFARI,PATROL SAFARI,0.0604689869955563,5.0,127747.0
nissan-patrol-safari,2021.0,Super Safari 5D MT,184000.0,185000.0,184500.0,"AED 184,000 - 185,000",AED,https://www.drivearabia.com/carprices/uae/nissan/nissan-patrol-safari/2021/,2026-06-12T10:28:23Z,NISSAN,PATROL SAFARI,PATROL SAFARI,0.0604689869955563,5.0,135068.0
nissan-patrol-safari,2021.0,Super Safari 5D AT,189000.0,190000.0,189500.0,"AED 189,000 - 190,000",AED,https://www.drivearabia.com/carprices/uae/nissan/nissan-patrol-safari/2021/,2026-06-12T10:28:23Z,NISSAN,PATROL SAFARI,PATROL SAFARI,0.0604689869955563,5.0,138728.0
nissan-patrol-safari,2021.0,Gazelle 5D MT,224000.0,225000.0,224500.0,"AED 224,000 - 225,000",AED,https://www.drivearabia.com/carprices/uae/nissan/nissan-patrol-safari/2021/,2026-06-12T10:28:23Z,NISSAN,PATROL SAFARI,PATROL SAFARI,0.0604689869955563,5.0,164351.0
nissan-patrol-safari,2021.0,Gazelle 5D AT,229000.0,230000.0,229500.0,"AED 229,000 - 230,000",AED,https://www.drivearabia.com/carprices/uae/nissan/nissan-patrol-safari/2021/,2026-06-12T10:28:23Z,NISSAN,PATROL SAFARI,PATROL SAFARI,0.0604689869955563,5.0,168011.0
nissan-patrol-safari,2021.0,Gazelle X 5D MT,293000.0,294000.0,293500.0,"AED 293,000 - 294,000",AED,https://www.drivearabia.com/carprices/uae/nissan/nissan-patrol-safari/2021/,2026-06-12T10:28:23Z,NISSAN,PATROL SAFARI,PATROL SAFARI,0.0604689869955563,5.0,214864.0
nissan-patrol-safari,2021.0,Gazelle X 5D AT,298000.0,299000.0,298500.0,"AED 298,000 - 299,000",AED,https://www.drivearabia.com/carprices/uae/nissan/nissan-patrol-safari/2021/,2026-06-12T10:28:23Z,NISSAN,PATROL SAFARI,PATROL SAFARI,0.0604689869955563,5.0,218524.0
nissan-patrol-safari,2022.0,GL 5D AT,153000.0,156000.0,154500.0,"AED 153,000 - 156,000",AED,https://www.drivearabia.com/carprices/uae/nissan/nissan-patrol-safari/2022/,2026-06-12T10:28:25Z,NISSAN,PATROL SAFARI,PATROL SAFARI,0.0604689869955563,4.0,120385.0
nissan-patrol-safari,2022.0,Safari 5D MT,164000.0,165000.0,164500.0,"AED 164,000 - 165,000",AED,https://www.drivearabia.com/carprices/uae/nissan/nissan-patrol-safari/2022/,2026-06-12T10:28:25Z,NISSAN,PATROL SAFARI,PATROL SAFARI,0.0604689869955563,4.0,128177.0
nissan-patrol-safari,2022.0,Safari 5D AT,169000.0,170000.0,169500.0,"AED 169,000 - 170,000",AED,https://www.drivearabia.com/carprices/uae/nissan/nissan-patrol-safari/2022/,2026-06-12T10:28:25Z,NISSAN,PATROL SAFARI,PATROL SAFARI,0.0604689869955563,4.0,132073.0
nissan-patrol-safari,2022.0,Falcon 5D MT,169000.0,170000.0,169500.0,"AED 169,000 - 170,000",AED,https://www.drivearabia.com/carprices/uae/nissan/nissan-patrol-safari/2022/,2026-06-12T10:28:25Z,NISSAN,PATROL SAFARI,PATROL SAFARI,0.0604689869955563,4.0,132073.0
nissan-patrol-safari,2022.0,Falcon 5D AT,174000.0,175000.0,174500.0,"AED 174,000 - 175,000",AED,https://www.drivearabia.com/carprices/uae/nissan/nissan-patrol-safari/2022/,2026-06-12T10:28:25Z,NISSAN,PATROL SAFARI,PATROL SAFARI,0.0604689869955563,4.0,135969.0
nissan-patrol-safari,2022.0,Super Safari 5D MT,184000.0,185000.0,184500.0,"AED 184,000 - 185,000",AED,https://www.drivearabia.com/carprices/uae/nissan/nissan-patrol-safari/2022/,2026-06-12T10:28:25Z,NISSAN,PATROL SAFARI,PATROL SAFARI,0.0604689869955563,4.0,143761.0
nissan-patrol-safari,2022.0,Super Safari 5D AT,189000.0,190000.0,189500.0,"AED 189,000 - 190,000",AED,https://www.drivearabia.com/carprices/uae/nissan/nissan-patrol-safari/2022/,2026-06-12T10:28:25Z,NISSAN,PATROL SAFARI,PATROL SAFARI,0.0604689869955563,4.0,147657.0
nissan-patrol-safari,2022.0,Gazelle 5D MT,224000.0,225000.0,224500.0,"AED 224,000 - 225,000",AED,https://www.drivearabia.com/carprices/uae/nissan/nissan-patrol-safari/2022/,2026-06-12T10:28:25Z,NISSAN,PATROL SAFARI,PATROL SAFARI,0.0604689869955563,4.0,174929.0
nissan-patrol-safari,2022.0,Gazelle 5D AT,229000.0,230000.0,229500.0,"AED 229,000 - 230,000",AED,https://www.drivearabia.com/carprices/uae/nissan/nissan-patrol-safari/2022/,2026-06-12T10:28:25Z,NISSAN,PATROL SAFARI,PATROL SAFARI,0.0604689869955563,4.0,178825.0
nissan-patrol-safari,2022.0,Gazelle X 5D MT,293000.0,294000.0,293500.0,"AED 293,000 - 294,000",AED,https://www.drivearabia.com/carprices/uae/nissan/nissan-patrol-safari/2022/,2026-06-12T10:28:25Z,NISSAN,PATROL SAFARI,PATROL SAFARI,0.0604689869955563,4.0,228693.0
nissan-patrol-safari,2022.0,Gazelle X 5D AT,298000.0,299000.0,298500.0,"AED 298,000 - 299,000",AED,https://www.drivearabia.com/carprices/uae/nissan/nissan-patrol-safari/2022/,2026-06-12T10:28:25Z,NISSAN,PATROL SAFARI,PATROL SAFARI,0.0604689869955563,4.0,232589.0
nissan-patrol-safari,2023.0,4.8L I6 Safari 5D MT,162500.0,165000.0,163750.0,"AED 162,500 - 165,000",AED,https://www.drivearabia.com/carprices/uae/nissan/nissan-patrol-safari/2023/,2026-06-12T10:28:27Z,NISSAN,PATROL SAFARI,PATROL SAFARI,0.0604689869955563,3.0,135805.0
nissan-patrol-safari,2023.0,4.8L I6 Safari 5D AT,169000.0,170000.0,169500.0,"AED 169,000 - 170,000",AED,https://www.drivearabia.com/carprices/uae/nissan/nissan-patrol-safari/2023/,2026-06-12T10:28:27Z,NISSAN,PATROL SAFARI,PATROL SAFARI,0.0604689869955563,3.0,140573.0
nissan-patrol-safari,2023.0,4.8L I6 Super Safari 5D MT,184000.0,185000.0,184500.0,"AED 184,000 - 185,000",AED,https://www.drivearabia.com/carprices/uae/nissan/nissan-patrol-safari/2023/,2026-06-12T10:28:27Z,NISSAN,PATROL SAFARI,PATROL SAFARI,0.0604689869955563,3.0,153013.0
nissan-patrol-safari,2023.0,4.8L I6 Super Safari 5D AT,189000.0,190000.0,189500.0,"AED 189,000 - 190,000",AED,https://www.drivearabia.com/carprices/uae/nissan/nissan-patrol-safari/2023/,2026-06-12T10:28:27Z,NISSAN,PATROL SAFARI,PATROL SAFARI,0.0604689869955563,3.0,157160.0
nissan-patrol-safari,2024.0,4.8L I6 Safari 5D MT,162500.0,165000.0,163750.0,"AED 162,500 - 165,000",AED,https://www.drivearabia.com/carprices/uae/nissan/nissan-patrol-safari/2024/,2026-06-12T10:28:28Z,NISSAN,PATROL SAFARI,PATROL SAFARI,0.0604689869955563,2.0,144545.0
nissan-patrol-safari,2024.0,4.8L I6 Safari 5D AT,169000.0,170000.0,169500.0,"AED 169,000 - 170,000",AED,https://www.drivearabia.com/carprices/uae/nissan/nissan-patrol-safari/2024/,2026-06-12T10:28:28Z,NISSAN,PATROL SAFARI,PATROL SAFARI,0.0604689869955563,2.0,149621.0
nissan-patrol-safari,2024.0,4.8L I6 Super Safari 5D MT,184000.0,185000.0,184500.0,"AED 184,000 - 185,000",AED,https://www.drivearabia.com/carprices/uae/nissan/nissan-patrol-safari/2024/,2026-06-12T10:28:28Z,NISSAN,PATROL SAFARI,PATROL SAFARI,0.0604689869955563,2.0,162862.0
nissan-patrol-safari,2024.0,4.8L I6 Super Safari 5D AT,189000.0,190000.0,189500.0,"AED 189,000 - 190,000",AED,https://www.drivearabia.com/carprices/uae/nissan/nissan-patrol-safari/2024/,2026-06-12T10:28:28Z,NISSAN,PATROL SAFARI,PATROL SAFARI,0.0604689869955563,2.0,167275.0
nissan-pickup,2009.0,4x2 Single Cab,57000.0,58500.0,57750.0,"AED 57,000 - 58,500",AED,https://www.drivearabia.com/carprices/uae/nissan/nissan-pickup/2009/,2026-06-12T10:28:53Z,NISSAN,PICKUP,PICKUP,0.1382396860793738,17.0,4604.0
nissan-pickup,2009.0,4x2 Double Cab,61000.0,62500.0,61750.0,"AED 61,000 - 62,500",AED,https://www.drivearabia.com/carprices/uae/nissan/nissan-pickup/2009/,2026-06-12T10:28:53Z,NISSAN,PICKUP,PICKUP,0.1382396860793738,17.0,4923.0
nissan-pickup,2009.0,4x4 Single Cab,77000.0,78500.0,77750.0,"AED 77,000 - 78,500",AED,https://www.drivearabia.com/carprices/uae/nissan/nissan-pickup/2009/,2026-06-12T10:28:53Z,NISSAN,PICKUP,PICKUP,0.1382396860793738,17.0,6198.0
nissan-pickup,2009.0,4x4 Double Cab,81000.0,82500.0,81750.0,"AED 81,000 - 82,500",AED,https://www.drivearabia.com/carprices/uae/nissan/nissan-pickup/2009/,2026-06-12T10:28:53Z,NISSAN,PICKUP,PICKUP,0.1382396860793738,17.0,6517.0
nissan-pickup,2010.0,4x2 Single Cab,57000.0,58500.0,57750.0,"AED 57,000 - 58,500",AED,https://www.drivearabia.com/carprices/uae/nissan/nissan-pickup/2010/,2026-06-12T10:28:55Z,NISSAN,PICKUP,PICKUP,0.1382396860793738,16.0,5342.0
nissan-pickup,2010.0,4x2 Double Cab,61000.0,62500.0,61750.0,"AED 61,000 - 62,500",AED,https://www.drivearabia.com/carprices/uae/nissan/nissan-pickup/2010/,2026-06-12T10:28:55Z,NISSAN,PICKUP,PICKUP,0.1382396860793738,16.0,5712.0
nissan-pickup,2010.0,4x4 Single Cab,77000.0,78500.0,77750.0,"AED 77,000 - 78,500",AED,https://www.drivearabia.com/carprices/uae/nissan/nissan-pickup/2010/,2026-06-12T10:28:55Z,NISSAN,PICKUP,PICKUP,0.1382396860793738,16.0,7193.0
nissan-pickup,2010.0,4x4 Double Cab,81000.0,82500.0,81750.0,"AED 81,000 - 82,500",AED,https://www.drivearabia.com/carprices/uae/nissan/nissan-pickup/2010/,2026-06-12T10:28:55Z,NISSAN,PICKUP,PICKUP,0.1382396860793738,16.0,7563.0
nissan-pickup,2011.0,4x2 Single Cab,57000.0,58500.0,57750.0,"AED 57,000 - 58,500",AED,https://www.drivearabia.com/carprices/uae/nissan/nissan-pickup/2011/,2026-06-12T10:28:57Z,NISSAN,PICKUP,PICKUP,0.1382396860793738,15.0,6199.0
nissan-pickup,2011.0,4x2 Double Cab,61000.0,62500.0,61750.0,"AED 61,000 - 62,500",AED,https://www.drivearabia.com/carprices/uae/nissan/nissan-pickup/2011/,2026-06-12T10:28:57Z,NISSAN,PICKUP,PICKUP,0.1382396860793738,15.0,6629.0
nissan-pickup,2011.0,4x4 Single Cab,77000.0,78500.0,77750.0,"AED 77,000 - 78,500",AED,https://www.drivearabia.com/carprices/uae/nissan/nissan-pickup/2011/,2026-06-12T10:28:57Z,NISSAN,PICKUP,PICKUP,0.1382396860793738,15.0,8346.0
nissan-pickup,2011.0,4x4 Double Cab,81000.0,82500.0,81750.0,"AED 81,000 - 82,500",AED,https://www.drivearabia.com/carprices/uae/nissan/nissan-pickup/2011/,2026-06-12T10:28:57Z,NISSAN,PICKUP,PICKUP,0.1382396860793738,15.0,8776.0
nissan-pickup,2012.0,4x2 Single Cab,57000.0,58500.0,57750.0,"AED 57,000 - 58,500",AED,https://www.drivearabia.com/carprices/uae/nissan/nissan-pickup/2012/,2026-06-12T10:28:59Z,NISSAN,PICKUP,PICKUP,0.1382396860793738,14.0,7194.0
nissan-pickup,2012.0,4x2 Double Cab,61000.0,62500.0,61750.0,"AED 61,000 - 62,500",AED,https://www.drivearabia.com/carprices/uae/nissan/nissan-pickup/2012/,2026-06-12T10:28:59Z,NISSAN,PICKUP,PICKUP,0.1382396860793738,14.0,7692.0
nissan-pickup,2012.0,4x4 Single Cab,77000.0,78500.0,77750.0,"AED 77,000 - 78,500",AED,https://www.drivearabia.com/carprices/uae/nissan/nissan-pickup/2012/,2026-06-12T10:28:59Z,NISSAN,PICKUP,PICKUP,0.1382396860793738,14.0,9685.0
nissan-pickup,2012.0,4x4 Double Cab,81000.0,82500.0,81750.0,"AED 81,000 - 82,500",AED,https://www.drivearabia.com/carprices/uae/nissan/nissan-pickup/2012/,2026-06-12T10:28:59Z,NISSAN,PICKUP,PICKUP,0.1382396860793738,14.0,10184.0
nissan-pickup,2013.0,4x2 Single Cab,57000.0,58500.0,57750.0,"AED 57,000 - 58,500",AED,https://www.drivearabia.com/carprices/uae/nissan/nissan-pickup/2013/,2026-06-12T10:29:01Z,NISSAN,PICKUP,PICKUP,0.1382396860793738,13.0,8348.0
nissan-pickup,2013.0,4x2 Double Cab,61000.0,62500.0,61750.0,"AED 61,000 - 62,500",AED,https://www.drivearabia.com/carprices/uae/nissan/nissan-pickup/2013/,2026-06-12T10:29:01Z,NISSAN,PICKUP,PICKUP,0.1382396860793738,13.0,8926.0
nissan-pickup,2013.0,4x4 Single Cab,77000.0,78500.0,77750.0,"AED 77,000 - 78,500",AED,https://www.drivearabia.com/carprices/uae/nissan/nissan-pickup/2013/,2026-06-12T10:29:01Z,NISSAN,PICKUP,PICKUP,0.1382396860793738,13.0,11239.0
nissan-pickup,2013.0,4x4 Double Cab,81000.0,82500.0,81750.0,"AED 81,000 - 82,500",AED,https://www.drivearabia.com/carprices/uae/nissan/nissan-pickup/2013/,2026-06-12T10:29:01Z,NISSAN,PICKUP,PICKUP,0.1382396860793738,13.0,11817.0
nissan-pickup,2014.0,4x2 Single Cab,57000.0,58500.0,57750.0,"AED 57,000 - 58,500",AED,https://www.drivearabia.com/carprices/uae/nissan/nissan-pickup/2014/,2026-06-12T10:29:03Z,NISSAN,PICKUP,PICKUP,0.1382396860793738,12.0,9687.0
nissan-pickup,2014.0,4x2 Double Cab,61000.0,62500.0,61750.0,"AED 61,000 - 62,500",AED,https://www.drivearabia.com/carprices/uae/nissan/nissan-pickup/2014/,2026-06-12T10:29:03Z,NISSAN,PICKUP,PICKUP,0.1382396860793738,12.0,10358.0
nissan-pickup,2014.0,4x4 Single Cab,77000.0,78500.0,77750.0,"AED 77,000 - 78,500",AED,https://www.drivearabia.com/carprices/uae/nissan/nissan-pickup/2014/,2026-06-12T10:29:03Z,NISSAN,PICKUP,PICKUP,0.1382396860793738,12.0,13042.0
nissan-pickup,2014.0,4x4 Double Cab,81000.0,82500.0,81750.0,"AED 81,000 - 82,500",AED,https://www.drivearabia.com/carprices/uae/nissan/nissan-pickup/2014/,2026-06-12T10:29:03Z,NISSAN,PICKUP,PICKUP,0.1382396860793738,12.0,13713.0
nissan-pickup,2015.0,4x2 Single Cab,57000.0,58500.0,57750.0,"AED 57,000 - 58,500",AED,https://www.drivearabia.com/carprices/uae/nissan/nissan-pickup/2015/,2026-06-12T10:29:05Z,NISSAN,PICKUP,PICKUP,0.1382396860793738,11.0,11241.0
nissan-pickup,2015.0,4x2 Double Cab,61000.0,62500.0,61750.0,"AED 61,000 - 62,500",AED,https://www.drivearabia.com/carprices/uae/nissan/nissan-pickup/2015/,2026-06-12T10:29:05Z,NISSAN,PICKUP,PICKUP,0.1382396860793738,11.0,12020.0
nissan-pickup,2015.0,4x4 Single Cab,77000.0,78500.0,77750.0,"AED 77,000 - 78,500",AED,https://www.drivearabia.com/carprices/uae/nissan/nissan-pickup/2015/,2026-06-12T10:29:05Z,NISSAN,PICKUP,PICKUP,0.1382396860793738,11.0,15134.0
nissan-pickup,2015.0,4x4 Double Cab,81000.0,82500.0,81750.0,"AED 81,000 - 82,500",AED,https://www.drivearabia.com/carprices/uae/nissan/nissan-pickup/2015/,2026-06-12T10:29:05Z,NISSAN,PICKUP,PICKUP,0.1382396860793738,11.0,15913.0
nissan-pickup,2016.0,4x2 Single Cab,57000.0,58500.0,57750.0,"AED 57,000 - 58,500",AED,https://www.drivearabia.com/carprices/uae/nissan/nissan-pickup/2016/,2026-06-12T10:29:07Z,NISSAN,PICKUP,PICKUP,0.1382396860793738,10.0,13044.0
nissan-pickup,2016.0,4x2 Double Cab,61000.0,62500.0,61750.0,"AED 61,000 - 62,500",AED,https://www.drivearabia.com/carprices/uae/nissan/nissan-pickup/2016/,2026-06-12T10:29:07Z,NISSAN,PICKUP,PICKUP,0.1382396860793738,10.0,13948.0
nissan-pickup,2016.0,4x4 Single Cab,77000.0,78500.0,77750.0,"AED 77,000 - 78,500",AED,https://www.drivearabia.com/carprices/uae/nissan/nissan-pickup/2016/,2026-06-12T10:29:07Z,NISSAN,PICKUP,PICKUP,0.1382396860793738,10.0,17562.0
nissan-pickup,2016.0,4x4 Double Cab,81000.0,82500.0,81750.0,"AED 81,000 - 82,500",AED,https://www.drivearabia.com/carprices/uae/nissan/nissan-pickup/2016/,2026-06-12T10:29:07Z,NISSAN,PICKUP,PICKUP,0.1382396860793738,10.0,18465.0
nissan-sentra,2013.0,1.6 S,56000.0,57000.0,56500.0,"AED 56,000 - 57,000",AED,https://www.drivearabia.com/carprices/uae/nissan/nissan-sentra/2013/,2026-06-12T10:30:23Z,NISSAN,SENTRA,SENTRA,0.1070344126854458,13.0,12969.0
nissan-sentra,2013.0,1.8 S,60500.0,61000.0,60750.0,"AED 60,500 - 61,000",AED,https://www.drivearabia.com/carprices/uae/nissan/nissan-sentra/2013/,2026-06-12T10:30:23Z,NISSAN,SENTRA,SENTRA,0.1070344126854458,13.0,13944.0
nissan-sentra,2013.0,1.6 SV/Sport,61000.0,66500.0,63750.0,"AED 61,000 - 66,500",AED,https://www.drivearabia.com/carprices/uae/nissan/nissan-sentra/2013/,2026-06-12T10:30:23Z,NISSAN,SENTRA,SENTRA,0.1070344126854458,13.0,14633.0
nissan-sentra,2013.0,1.8 SV/Premium,69500.0,79000.0,74250.0,"AED 69,500 - 79,000",AED,https://www.drivearabia.com/carprices/uae/nissan/nissan-sentra/2013/,2026-06-12T10:30:23Z,NISSAN,SENTRA,SENTRA,0.1070344126854458,13.0,17043.0
nissan-sentra,2014.0,1.6 S,56000.0,57000.0,56500.0,"AED 56,000 - 57,000",AED,https://www.drivearabia.com/carprices/uae/nissan/nissan-sentra/2014/,2026-06-12T10:30:25Z,NISSAN,SENTRA,SENTRA,0.1070344126854458,12.0,14523.0
nissan-sentra,2014.0,1.8 S,60500.0,61000.0,60750.0,"AED 60,500 - 61,000",AED,https://www.drivearabia.com/carprices/uae/nissan/nissan-sentra/2014/,2026-06-12T10:30:25Z,NISSAN,SENTRA,SENTRA,0.1070344126854458,12.0,15616.0
nissan-sentra,2014.0,1.6 SV/Sport,61000.0,66500.0,63750.0,"AED 61,000 - 66,500",AED,https://www.drivearabia.com/carprices/uae/nissan/nissan-sentra/2014/,2026-06-12T10:30:25Z,NISSAN,SENTRA,SENTRA,0.1070344126854458,12.0,16387.0
nissan-sentra,2014.0,1.8 SV/Premium,69500.0,79000.0,74250.0,"AED 69,500 - 79,000",AED,https://www.drivearabia.com/carprices/uae/nissan/nissan-sentra/2014/,2026-06-12T10:30:25Z,NISSAN,SENTRA,SENTRA,0.1070344126854458,12.0,19086.0
nissan-sentra,2015.0,1.6 S,54000.0,55000.0,54500.0,"AED 54,000 - 55,000",AED,https://www.drivearabia.com/carprices/uae/nissan/nissan-sentra/2015/,2026-06-12T10:30:27Z,NISSAN,SENTRA,SENTRA,0.1070344126854458,11.0,15688.0
nissan-sentra,2015.0,1.8 S,60500.0,61000.0,60750.0,"AED 60,500 - 61,000",AED,https://www.drivearabia.com/carprices/uae/nissan/nissan-sentra/2015/,2026-06-12T10:30:27Z,NISSAN,SENTRA,SENTRA,0.1070344126854458,11.0,17488.0
nissan-sentra,2015.0,1.6 SV/Sport,61000.0,66500.0,63750.0,"AED 61,000 - 66,500",AED,https://www.drivearabia.com/carprices/uae/nissan/nissan-sentra/2015/,2026-06-12T10:30:27Z,NISSAN,SENTRA,SENTRA,0.1070344126854458,11.0,18351.0
nissan-sentra,2015.0,1.8 SV/Premium,69500.0,79000.0,74250.0,"AED 69,500 - 79,000",AED,https://www.drivearabia.com/carprices/uae/nissan/nissan-sentra/2015/,2026-06-12T10:30:27Z,NISSAN,SENTRA,SENTRA,0.1070344126854458,11.0,21374.0
nissan-sentra,2016.0,1.6 S,54000.0,55000.0,54500.0,"AED 54,000 - 55,000",AED,https://www.drivearabia.com/carprices/uae/nissan/nissan-sentra/2016/,2026-06-12T10:30:29Z,NISSAN,SENTRA,SENTRA,0.1070344126854458,10.0,17569.0
nissan-sentra,2016.0,1.8 S,60500.0,61000.0,60750.0,"AED 60,500 - 61,000",AED,https://www.drivearabia.com/carprices/uae/nissan/nissan-sentra/2016/,2026-06-12T10:30:29Z,NISSAN,SENTRA,SENTRA,0.1070344126854458,10.0,19584.0
nissan-sentra,2016.0,1.6 SV/Sport,61000.0,66500.0,63750.0,"AED 61,000 - 66,500",AED,https://www.drivearabia.com/carprices/uae/nissan/nissan-sentra/2016/,2026-06-12T10:30:29Z,NISSAN,SENTRA,SENTRA,0.1070344126854458,10.0,20551.0
nissan-sentra,2016.0,1.8 SV/Premium,69500.0,79000.0,74250.0,"AED 69,500 - 79,000",AED,https://www.drivearabia.com/carprices/uae/nissan/nissan-sentra/2016/,2026-06-12T10:30:29Z,NISSAN,SENTRA,SENTRA,0.1070344126854458,10.0,23936.0
nissan-sentra,2017.0,S,50900.0,60000.0,55450.0,"AED 50,900 - 60,000",AED,https://www.drivearabia.com/carprices/uae/nissan/nissan-sentra/2017/,2026-06-12T10:30:31Z,NISSAN,SENTRA,SENTRA,0.1070344126854458,9.0,20018.0
nissan-sentra,2017.0,1.6 SV,56500.0,57000.0,56750.0,"AED 56,500 - 57,000",AED,https://www.drivearabia.com/carprices/uae/nissan/nissan-sentra/2017/,2026-06-12T10:30:31Z,NISSAN,SENTRA,SENTRA,0.1070344126854458,9.0,20487.0
nissan-sentra,2017.0,1.8 SV,58500.0,59000.0,58750.0,"AED 58,500 - 59,000",AED,https://www.drivearabia.com/carprices/uae/nissan/nissan-sentra/2017/,2026-06-12T10:30:31Z,NISSAN,SENTRA,SENTRA,0.1070344126854458,9.0,21209.0
nissan-sentra,2017.0,1.8 SL,68750.0,69000.0,68875.0,"AED 68,750 - 69,000",AED,https://www.drivearabia.com/carprices/uae/nissan/nissan-sentra/2017/,2026-06-12T10:30:31Z,NISSAN,SENTRA,SENTRA,0.1070344126854458,9.0,24864.0
nissan-sentra,2018.0,S,50900.0,60000.0,55450.0,"AED 50,900 - 60,000",AED,https://www.drivearabia.com/carprices/uae/nissan/nissan-sentra/2018/,2026-06-12T10:30:32Z,NISSAN,SENTRA,SENTRA,0.1070344126854458,8.0,22417.0
nissan-sentra,2018.0,1.6 SV,56500.0,57000.0,56750.0,"AED 56,500 - 57,000",AED,https://www.drivearabia.com/carprices/uae/nissan/nissan-sentra/2018/,2026-06-12T10:30:32Z,NISSAN,SENTRA,SENTRA,0.1070344126854458,8.0,22943.0
nissan-sentra,2018.0,1.8 SV,58500.0,59000.0,58750.0,"AED 58,500 - 59,000",AED,https://www.drivearabia.com/carprices/uae/nissan/nissan-sentra/2018/,2026-06-12T10:30:32Z,NISSAN,SENTRA,SENTRA,0.1070344126854458,8.0,23751.0
nissan-sentra,2018.0,1.8 SL,68750.0,69000.0,68875.0,"AED 68,750 - 69,000",AED,https://www.drivearabia.com/carprices/uae/nissan/nissan-sentra/2018/,2026-06-12T10:30:32Z,NISSAN,SENTRA,SENTRA,0.1070344126854458,8.0,27844.0
nissan-sentra,2019.0,S,50900.0,60000.0,55450.0,"AED 50,900 - 60,000",AED,https://www.drivearabia.com/carprices/uae/nissan/nissan-sentra/2019/,2026-06-12T10:30:34Z,NISSAN,SENTRA,SENTRA,0.1070344126854458,7.0,25104.0
nissan-sentra,2019.0,1.6 SV,56500.0,57000.0,56750.0,"AED 56,500 - 57,000",AED,https://www.drivearabia.com/carprices/uae/nissan/nissan-sentra/2019/,2026-06-12T10:30:34Z,NISSAN,SENTRA,SENTRA,0.1070344126854458,7.0,25693.0
nissan-sentra,2019.0,1.8 SV,58500.0,59000.0,58750.0,"AED 58,500 - 59,000",AED,https://www.drivearabia.com/carprices/uae/nissan/nissan-sentra/2019/,2026-06-12T10:30:34Z,NISSAN,SENTRA,SENTRA,0.1070344126854458,7.0,26598.0
nissan-sentra,2019.0,1.8 SL,68750.0,69000.0,68875.0,"AED 68,750 - 69,000",AED,https://www.drivearabia.com/carprices/uae/nissan/nissan-sentra/2019/,2026-06-12T10:30:34Z,NISSAN,SENTRA,SENTRA,0.1070344126854458,7.0,31182.0
nissan-sentra,2020.0,S,59900.0,60000.0,59950.0,"AED 59,900 - 60,000",AED,https://www.drivearabia.com/carprices/uae/nissan/nissan-sentra/2020/,2026-06-12T10:30:36Z,NISSAN,SENTRA,SENTRA,0.1070344126854458,6.0,30395.0
nissan-sentra,2020.0,1.6 SV,63500.0,64000.0,63750.0,"AED 63,500 - 64,000",AED,https://www.drivearabia.com/carprices/uae/nissan/nissan-sentra/2020/,2026-06-12T10:30:36Z,NISSAN,SENTRA,SENTRA,0.1070344126854458,6.0,32321.0
nissan-sentra,2020.0,1.8 S,66000.0,67000.0,66500.0,"AED 66,000 - 67,000",AED,https://www.drivearabia.com/carprices/uae/nissan/nissan-sentra/2020/,2026-06-12T10:30:36Z,NISSAN,SENTRA,SENTRA,0.1070344126854458,6.0,33716.0
nissan-sentra,2021.0,S,59900.0,60000.0,59950.0,"AED 59,900 - 60,000",AED,https://www.drivearabia.com/carprices/uae/nissan/nissan-sentra/2021/,2026-06-12T10:30:38Z,NISSAN,SENTRA,SENTRA,0.1070344126854458,5.0,34038.0
nissan-sentra,2021.0,1.6 SV,63500.0,64000.0,63750.0,"AED 63,500 - 64,000",AED,https://www.drivearabia.com/carprices/uae/nissan/nissan-sentra/2021/,2026-06-12T10:30:38Z,NISSAN,SENTRA,SENTRA,0.1070344126854458,5.0,36195.0
nissan-sentra,2021.0,1.8 S,66000.0,67000.0,66500.0,"AED 66,000 - 67,000",AED,https://www.drivearabia.com/carprices/uae/nissan/nissan-sentra/2021/,2026-06-12T10:30:38Z,NISSAN,SENTRA,SENTRA,0.1070344126854458,5.0,37757.0
nissan-sentra,2022.0,S,59900.0,60000.0,59950.0,"AED 59,900 - 60,000",AED,https://www.drivearabia.com/carprices/uae/nissan/nissan-sentra/2022/,2026-06-12T10:30:40Z,NISSAN,SENTRA,SENTRA,0.1070344126854458,4.0,38118.0
nissan-sentra,2022.0,1.6 SV,63500.0,64000.0,63750.0,"AED 63,500 - 64,000",AED,https://www.drivearabia.com/carprices/uae/nissan/nissan-sentra/2022/,2026-06-12T10:30:40Z,NISSAN,SENTRA,SENTRA,0.1070344126854458,4.0,40534.0
nissan-sentra,2022.0,1.8 S,66000.0,67000.0,66500.0,"AED 66,000 - 67,000",AED,https://www.drivearabia.com/carprices/uae/nissan/nissan-sentra/2022/,2026-06-12T10:30:40Z,NISSAN,SENTRA,SENTRA,0.1070344126854458,4.0,42282.0
nissan-sunny,2014.0,S,42500.0,43000.0,42750.0,"AED 42,500 - 43,000",AED,https://www.drivearabia.com/carprices/uae/nissan/nissan-sunny/2014/,2026-06-12T10:31:17Z,NISSAN,SUNNY,SUNNY,0.0865065967650549,12.0,14434.0
nissan-sunny,2014.0,SV,45500.0,49000.0,47250.0,"AED 45,500 - 49,000",AED,https://www.drivearabia.com/carprices/uae/nissan/nissan-sunny/2014/,2026-06-12T10:31:17Z,NISSAN,SUNNY,SUNNY,0.0865065967650549,12.0,15954.0
nissan-sunny,2014.0,SL,52500.0,53000.0,52750.0,"AED 52,500 - 53,000",AED,https://www.drivearabia.com/carprices/uae/nissan/nissan-sunny/2014/,2026-06-12T10:31:17Z,NISSAN,SUNNY,SUNNY,0.0865065967650549,12.0,17811.0
nissan-sunny,2015.0,S,45500.0,46000.0,45750.0,"AED 45,500 - 46,000",AED,https://www.drivearabia.com/carprices/uae/nissan/nissan-sunny/2015/,2026-06-12T10:31:19Z,NISSAN,SUNNY,SUNNY,0.0865065967650549,11.0,16910.0
nissan-sunny,2015.0,SV,48400.0,49000.0,48700.0,"AED 48,400 - 49,000",AED,https://www.drivearabia.com/carprices/uae/nissan/nissan-sunny/2015/,2026-06-12T10:31:19Z,NISSAN,SUNNY,SUNNY,0.0865065967650549,11.0,18001.0
nissan-sunny,2015.0,SL,51600.0,55000.0,53300.0,"AED 51,600 - 55,000",AED,https://www.drivearabia.com/carprices/uae/nissan/nissan-sunny/2015/,2026-06-12T10:31:19Z,NISSAN,SUNNY,SUNNY,0.0865065967650549,11.0,19701.0
nissan-sunny,2016.0,S,43000.0,44000.0,43500.0,"AED 43,000 - 44,000",AED,https://www.drivearabia.com/carprices/uae/nissan/nissan-sunny/2016/,2026-06-12T10:31:21Z,NISSAN,SUNNY,SUNNY,0.0865065967650549,10.0,17601.0
nissan-sunny,2016.0,SV,48400.0,49000.0,48700.0,"AED 48,400 - 49,000",AED,https://www.drivearabia.com/carprices/uae/nissan/nissan-sunny/2016/,2026-06-12T10:31:21Z,NISSAN,SUNNY,SUNNY,0.0865065967650549,10.0,19705.0
nissan-sunny,2016.0,SL,51600.0,55000.0,53300.0,"AED 51,600 - 55,000",AED,https://www.drivearabia.com/carprices/uae/nissan/nissan-sunny/2016/,2026-06-12T10:31:21Z,NISSAN,SUNNY,SUNNY,0.0865065967650549,10.0,21567.0
nissan-sunny,2017.0,S,43000.0,44000.0,43500.0,"AED 43,000 - 44,000",AED,https://www.drivearabia.com/carprices/uae/nissan/nissan-sunny/2017/,2026-06-12T10:31:23Z,NISSAN,SUNNY,SUNNY,0.0865065967650549,9.0,19268.0
nissan-sunny,2017.0,SV,48400.0,49000.0,48700.0,"AED 48,400 - 49,000",AED,https://www.drivearabia.com/carprices/uae/nissan/nissan-sunny/2017/,2026-06-12T10:31:23Z,NISSAN,SUNNY,SUNNY,0.0865065967650549,9.0,21571.0
nissan-sunny,2017.0,SL,51600.0,55000.0,53300.0,"AED 51,600 - 55,000",AED,https://www.drivearabia.com/carprices/uae/nissan/nissan-sunny/2017/,2026-06-12T10:31:23Z,NISSAN,SUNNY,SUNNY,0.0865065967650549,9.0,23609.0
nissan-sunny,2018.0,S,43000.0,44000.0,43500.0,"AED 43,000 - 44,000",AED,https://www.drivearabia.com/carprices/uae/nissan/nissan-sunny/2018/,2026-06-12T10:31:25Z,NISSAN,SUNNY,SUNNY,0.0865065967650549,8.0,21093.0
nissan-sunny,2018.0,SV,48400.0,49000.0,48700.0,"AED 48,400 - 49,000",AED,https://www.drivearabia.com/carprices/uae/nissan/nissan-sunny/2018/,2026-06-12T10:31:25Z,NISSAN,SUNNY,SUNNY,0.0865065967650549,8.0,23614.0
nissan-sunny,2018.0,SL,51600.0,55000.0,53300.0,"AED 51,600 - 55,000",AED,https://www.drivearabia.com/carprices/uae/nissan/nissan-sunny/2018/,2026-06-12T10:31:25Z,NISSAN,SUNNY,SUNNY,0.0865065967650549,8.0,25845.0
nissan-sunny,2019.0,S,43000.0,44000.0,43500.0,"AED 43,000 - 44,000",AED,https://www.drivearabia.com/carprices/uae/nissan/nissan-sunny/2019/,2026-06-12T10:31:27Z,NISSAN,SUNNY,SUNNY,0.0865065967650549,7.0,23090.0
nissan-sunny,2019.0,SV,48400.0,49000.0,48700.0,"AED 48,400 - 49,000",AED,https://www.drivearabia.com/carprices/uae/nissan/nissan-sunny/2019/,2026-06-12T10:31:27Z,NISSAN,SUNNY,SUNNY,0.0865065967650549,7.0,25850.0
nissan-sunny,2019.0,SL,51600.0,55000.0,53300.0,"AED 51,600 - 55,000",AED,https://www.drivearabia.com/carprices/uae/nissan/nissan-sunny/2019/,2026-06-12T10:31:27Z,NISSAN,SUNNY,SUNNY,0.0865065967650549,7.0,28292.0
nissan-sunny,2020.0,1.6L S,57900.0,58000.0,57950.0,"AED 57,900 - 58,000",AED,https://www.drivearabia.com/carprices/uae/nissan/nissan-sunny/2020/,2026-06-12T10:31:29Z,NISSAN,SUNNY,SUNNY,0.0865065967650549,6.0,33673.0
nissan-sunny,2020.0,1.6L SV,59900.0,60000.0,59950.0,"AED 59,900 - 60,000",AED,https://www.drivearabia.com/carprices/uae/nissan/nissan-sunny/2020/,2026-06-12T10:31:29Z,NISSAN,SUNNY,SUNNY,0.0865065967650549,6.0,34835.0
nissan-sunny,2020.0,1.6L SL,67900.0,68000.0,67950.0,"AED 67,900 - 68,000",AED,https://www.drivearabia.com/carprices/uae/nissan/nissan-sunny/2020/,2026-06-12T10:31:29Z,NISSAN,SUNNY,SUNNY,0.0865065967650549,6.0,39484.0
nissan-sunny,2021.0,1.6L S,57900.0,58000.0,57950.0,"AED 57,900 - 58,000",AED,https://www.drivearabia.com/carprices/uae/nissan/nissan-sunny/2021/,2026-06-12T10:31:31Z,NISSAN,SUNNY,SUNNY,0.0865065967650549,5.0,36862.0
nissan-sunny,2021.0,1.6L SV,59900.0,60000.0,59950.0,"AED 59,900 - 60,000",AED,https://www.drivearabia.com/carprices/uae/nissan/nissan-sunny/2021/,2026-06-12T10:31:31Z,NISSAN,SUNNY,SUNNY,0.0865065967650549,5.0,38134.0
nissan-sunny,2021.0,1.6L SL,67900.0,68000.0,67950.0,"AED 67,900 - 68,000",AED,https://www.drivearabia.com/carprices/uae/nissan/nissan-sunny/2021/,2026-06-12T10:31:31Z,NISSAN,SUNNY,SUNNY,0.0865065967650549,5.0,43223.0
nissan-sunny,2022.0,1.6L S,57900.0,58000.0,57950.0,"AED 57,900 - 58,000",AED,https://www.drivearabia.com/carprices/uae/nissan/nissan-sunny/2022/,2026-06-12T10:31:33Z,NISSAN,SUNNY,SUNNY,0.0865065967650549,4.0,40353.0
nissan-sunny,2022.0,1.6L SV,59900.0,60000.0,59950.0,"AED 59,900 - 60,000",AED,https://www.drivearabia.com/carprices/uae/nissan/nissan-sunny/2022/,2026-06-12T10:31:33Z,NISSAN,SUNNY,SUNNY,0.0865065967650549,4.0,41746.0
nissan-sunny,2022.0,1.6L SL,67900.0,68000.0,67950.0,"AED 67,900 - 68,000",AED,https://www.drivearabia.com/carprices/uae/nissan/nissan-sunny/2022/,2026-06-12T10:31:33Z,NISSAN,SUNNY,SUNNY,0.0865065967650549,4.0,47316.0
nissan-sunny,2023.0,1.6L I4 S FWD,61500.0,62000.0,61750.0,"AED 61,500 - 62,000",AED,https://www.drivearabia.com/carprices/uae/nissan/nissan-sunny/2023/,2026-06-12T10:31:35Z,NISSAN,SUNNY,SUNNY,0.0865065967650549,3.0,47071.0
nissan-sunny,2023.0,1.6L I4 SV FWD,66500.0,67000.0,66750.0,"AED 66,500 - 67,000",AED,https://www.drivearabia.com/carprices/uae/nissan/nissan-sunny/2023/,2026-06-12T10:31:35Z,NISSAN,SUNNY,SUNNY,0.0865065967650549,3.0,50882.0
nissan-sunny,2023.0,1.6L I4 SL FWD,76500.0,77000.0,76750.0,"AED 76,500 - 77,000",AED,https://www.drivearabia.com/carprices/uae/nissan/nissan-sunny/2023/,2026-06-12T10:31:35Z,NISSAN,SUNNY,SUNNY,0.0865065967650549,3.0,58505.0
nissan-sunny,2025.0,1.6L S FWD,61500.0,62000.0,61750.0,"AED 61,500 - 62,000",AED,https://www.drivearabia.com/carprices/uae/nissan/nissan-sunny/2025/,2026-06-12T10:31:38Z,NISSAN,SUNNY,SUNNY,0.0865065967650549,1.0,56408.0
nissan-sunny,2025.0,1.6L SV FWD,66500.0,67000.0,66750.0,"AED 66,500 - 67,000",AED,https://www.drivearabia.com/carprices/uae/nissan/nissan-sunny/2025/,2026-06-12T10:31:38Z,NISSAN,SUNNY,SUNNY,0.0865065967650549,1.0,60976.0
nissan-sunny,2025.0,1.6L SL FWD,76500.0,77000.0,76750.0,"AED 76,500 - 77,000",AED,https://www.drivearabia.com/carprices/uae/nissan/nissan-sunny/2025/,2026-06-12T10:31:38Z,NISSAN,SUNNY,SUNNY,0.0865065967650549,1.0,70111.0
nissan-sunny,2025.0,1.6 SL Plus FWD,81500.0,82000.0,81750.0,"AED 81,500 - 82,000",AED,https://www.drivearabia.com/carprices/uae/nissan/nissan-sunny/2025/,2026-06-12T10:31:38Z,NISSAN,SUNNY,SUNNY,0.0865065967650549,1.0,74678.0
nissan-tiida,2011.0,sedan,55750.0,66000.0,60875.0,"AED 55,750 - 66,000",AED,https://www.drivearabia.com/carprices/uae/nissan/nissan-tiida/2011/,2026-06-12T10:32:40Z,NISSAN,TIIDA,TIIDA,0.1447354909509318,15.0,5834.0
nissan-tiida,2011.0,hatchback,55750.0,62500.0,59125.0,"AED 55,750 - 62,500",AED,https://www.drivearabia.com/carprices/uae/nissan/nissan-tiida/2011/,2026-06-12T10:32:40Z,NISSAN,TIIDA,TIIDA,0.1447354909509318,15.0,5666.0
nissan-tiida,2012.0,sedan,55750.0,66000.0,60875.0,"AED 55,750 - 66,000",AED,https://www.drivearabia.com/carprices/uae/nissan/nissan-tiida/2012/,2026-06-12T10:32:41Z,NISSAN,TIIDA,TIIDA,0.1447354909509318,14.0,6821.0
nissan-tiida,2012.0,hatchback,55750.0,62500.0,59125.0,"AED 55,750 - 62,500",AED,https://www.drivearabia.com/carprices/uae/nissan/nissan-tiida/2012/,2026-06-12T10:32:41Z,NISSAN,TIIDA,TIIDA,0.1447354909509318,14.0,6625.0
nissan-tiida,2013.0,sedan,55750.0,66000.0,60875.0,"AED 55,750 - 66,000",AED,https://www.drivearabia.com/carprices/uae/nissan/nissan-tiida/2013/,2026-06-12T10:32:43Z,NISSAN,TIIDA,TIIDA,0.1447354909509318,13.0,7975.0
nissan-tiida,2013.0,hatchback,55750.0,62500.0,59125.0,"AED 55,750 - 62,500",AED,https://www.drivearabia.com/carprices/uae/nissan/nissan-tiida/2013/,2026-06-12T10:32:43Z,NISSAN,TIIDA,TIIDA,0.1447354909509318,13.0,7746.0
nissan-tiida,2014.0,1.6 S,53000.0,54000.0,53500.0,"AED 53,000 - 54,000",AED,https://www.drivearabia.com/carprices/uae/nissan/nissan-tiida/2014/,2026-06-12T10:32:45Z,NISSAN,TIIDA,TIIDA,0.1447354909509318,12.0,8195.0
nissan-tiida,2014.0,1.6 SV,59000.0,60000.0,59500.0,"AED 59,000 - 60,000",AED,https://www.drivearabia.com/carprices/uae/nissan/nissan-tiida/2014/,2026-06-12T10:32:45Z,NISSAN,TIIDA,TIIDA,0.1447354909509318,12.0,9114.0
nissan-tiida,2014.0,1.8 SV,64500.0,65000.0,64750.0,"AED 64,500 - 65,000",AED,https://www.drivearabia.com/carprices/uae/nissan/nissan-tiida/2014/,2026-06-12T10:32:45Z,NISSAN,TIIDA,TIIDA,0.1447354909509318,12.0,9918.0
nissan-tiida,2014.0,1.8 SL,73000.0,74000.0,73500.0,"AED 73,000 - 74,000",AED,https://www.drivearabia.com/carprices/uae/nissan/nissan-tiida/2014/,2026-06-12T10:32:45Z,NISSAN,TIIDA,TIIDA,0.1447354909509318,12.0,11259.0
nissan-tiida,2015.0,1.6 S,53000.0,54000.0,53500.0,"AED 53,000 - 54,000",AED,https://www.drivearabia.com/carprices/uae/nissan/nissan-tiida/2015/,2026-06-12T10:32:47Z,NISSAN,TIIDA,TIIDA,0.1447354909509318,11.0,9582.0
nissan-tiida,2015.0,1.6 SV,59000.0,60000.0,59500.0,"AED 59,000 - 60,000",AED,https://www.drivearabia.com/carprices/uae/nissan/nissan-tiida/2015/,2026-06-12T10:32:47Z,NISSAN,TIIDA,TIIDA,0.1447354909509318,11.0,10657.0
nissan-tiida,2015.0,1.8 SV,64500.0,65000.0,64750.0,"AED 64,500 - 65,000",AED,https://www.drivearabia.com/carprices/uae/nissan/nissan-tiida/2015/,2026-06-12T10:32:47Z,NISSAN,TIIDA,TIIDA,0.1447354909509318,11.0,11597.0
nissan-tiida,2015.0,1.8 SL,73000.0,74000.0,73500.0,"AED 73,000 - 74,000",AED,https://www.drivearabia.com/carprices/uae/nissan/nissan-tiida/2015/,2026-06-12T10:32:47Z,NISSAN,TIIDA,TIIDA,0.1447354909509318,11.0,13164.0
nissan-tiida,2016.0,1.6 S,54000.0,54500.0,54250.0,"AED 54,000 - 54,500",AED,https://www.drivearabia.com/carprices/uae/nissan/nissan-tiida/2016/,2026-06-12T10:32:49Z,NISSAN,TIIDA,TIIDA,0.1447354909509318,10.0,11361.0
nissan-tiida,2016.0,1.6 SV,59000.0,60000.0,59500.0,"AED 59,000 - 60,000",AED,https://www.drivearabia.com/carprices/uae/nissan/nissan-tiida/2016/,2026-06-12T10:32:49Z,NISSAN,TIIDA,TIIDA,0.1447354909509318,10.0,12460.0
nissan-tiida,2016.0,1.8 SV,64500.0,65000.0,64750.0,"AED 64,500 - 65,000",AED,https://www.drivearabia.com/carprices/uae/nissan/nissan-tiida/2016/,2026-06-12T10:32:49Z,NISSAN,TIIDA,TIIDA,0.1447354909509318,10.0,13560.0
nissan-tiida,2016.0,1.8 SL,73000.0,74000.0,73500.0,"AED 73,000 - 74,000",AED,https://www.drivearabia.com/carprices/uae/nissan/nissan-tiida/2016/,2026-06-12T10:32:49Z,NISSAN,TIIDA,TIIDA,0.1447354909509318,10.0,15392.0
nissan-tiida,2017.0,1.6 S,54000.0,54500.0,54250.0,"AED 54,000 - 54,500",AED,https://www.drivearabia.com/carprices/uae/nissan/nissan-tiida/2017/,2026-06-12T10:32:50Z,NISSAN,TIIDA,TIIDA,0.1447354909509318,9.0,13283.0
nissan-tiida,2017.0,1.6 SV,59000.0,60000.0,59500.0,"AED 59,000 - 60,000",AED,https://www.drivearabia.com/carprices/uae/nissan/nissan-tiida/2017/,2026-06-12T10:32:50Z,NISSAN,TIIDA,TIIDA,0.1447354909509318,9.0,14569.0
nissan-tiida,2017.0,1.8 SV,64500.0,65000.0,64750.0,"AED 64,500 - 65,000",AED,https://www.drivearabia.com/carprices/uae/nissan/nissan-tiida/2017/,2026-06-12T10:32:50Z,NISSAN,TIIDA,TIIDA,0.1447354909509318,9.0,15854.0
nissan-tiida,2017.0,1.8 SL,73000.0,74000.0,73500.0,"AED 73,000 - 74,000",AED,https://www.drivearabia.com/carprices/uae/nissan/nissan-tiida/2017/,2026-06-12T10:32:50Z,NISSAN,TIIDA,TIIDA,0.1447354909509318,9.0,17997.0
nissan-urvan,2003.0,Panel Van,79000.0,86000.0,82500.0,"AED 79,000 - 86,000",AED,https://www.drivearabia.com/carprices/uae/nissan/nissan-urvan/2003/,2026-06-12T10:33:12Z,NISSAN,URVAN,URVAN,0.1359582110096505,23.0,2863.0
nissan-urvan,2003.0,Micro Bus,88000.0,90000.0,89000.0,"AED 88,000 - 90,000",AED,https://www.drivearabia.com/carprices/uae/nissan/nissan-urvan/2003/,2026-06-12T10:33:12Z,NISSAN,URVAN,URVAN,0.1359582110096505,23.0,3088.0
nissan-urvan,2004.0,Panel Van,79000.0,86000.0,82500.0,"AED 79,000 - 86,000",AED,https://www.drivearabia.com/carprices/uae/nissan/nissan-urvan/2004/,2026-06-12T10:33:14Z,NISSAN,URVAN,URVAN,0.1359582110096505,22.0,3313.0
nissan-urvan,2004.0,Micro Bus,88000.0,90000.0,89000.0,"AED 88,000 - 90,000",AED,https://www.drivearabia.com/carprices/uae/nissan/nissan-urvan/2004/,2026-06-12T10:33:14Z,NISSAN,URVAN,URVAN,0.1359582110096505,22.0,3574.0
nissan-urvan,2005.0,Panel Van,79000.0,86000.0,82500.0,"AED 79,000 - 86,000",AED,https://www.drivearabia.com/carprices/uae/nissan/nissan-urvan/2005/,2026-06-12T10:33:16Z,NISSAN,URVAN,URVAN,0.1359582110096505,21.0,3834.0
nissan-urvan,2005.0,Micro Bus,88000.0,90000.0,89000.0,"AED 88,000 - 90,000",AED,https://www.drivearabia.com/carprices/uae/nissan/nissan-urvan/2005/,2026-06-12T10:33:16Z,NISSAN,URVAN,URVAN,0.1359582110096505,21.0,4136.0
nissan-urvan,2006.0,Panel Van,79000.0,86000.0,82500.0,"AED 79,000 - 86,000",AED,https://www.drivearabia.com/carprices/uae/nissan/nissan-urvan/2006/,2026-06-12T10:33:17Z,NISSAN,URVAN,URVAN,0.1359582110096505,20.0,4438.0
nissan-urvan,2006.0,Micro Bus,88000.0,90000.0,89000.0,"AED 88,000 - 90,000",AED,https://www.drivearabia.com/carprices/uae/nissan/nissan-urvan/2006/,2026-06-12T10:33:17Z,NISSAN,URVAN,URVAN,0.1359582110096505,20.0,4787.0
nissan-urvan,2007.0,Panel Van,79000.0,86000.0,82500.0,"AED 79,000 - 86,000",AED,https://www.drivearabia.com/carprices/uae/nissan/nissan-urvan/2007/,2026-06-12T10:33:19Z,NISSAN,URVAN,URVAN,0.1359582110096505,19.0,5136.0
nissan-urvan,2007.0,Micro Bus,88000.0,90000.0,89000.0,"AED 88,000 - 90,000",AED,https://www.drivearabia.com/carprices/uae/nissan/nissan-urvan/2007/,2026-06-12T10:33:19Z,NISSAN,URVAN,URVAN,0.1359582110096505,19.0,5541.0
nissan-urvan,2008.0,Panel Van,79000.0,86000.0,82500.0,"AED 79,000 - 86,000",AED,https://www.drivearabia.com/carprices/uae/nissan/nissan-urvan/2008/,2026-06-12T10:33:21Z,NISSAN,URVAN,URVAN,0.1359582110096505,18.0,5944.0
nissan-urvan,2008.0,Micro Bus,88000.0,90000.0,89000.0,"AED 88,000 - 90,000",AED,https://www.drivearabia.com/carprices/uae/nissan/nissan-urvan/2008/,2026-06-12T10:33:21Z,NISSAN,URVAN,URVAN,0.1359582110096505,18.0,6412.0
nissan-urvan,2009.0,Panel Van,79000.0,86000.0,82500.0,"AED 79,000 - 86,000",AED,https://www.drivearabia.com/carprices/uae/nissan/nissan-urvan/2009/,2026-06-12T10:33:23Z,NISSAN,URVAN,URVAN,0.1359582110096505,17.0,6879.0
nissan-urvan,2009.0,Micro Bus,88000.0,90000.0,89000.0,"AED 88,000 - 90,000",AED,https://www.drivearabia.com/carprices/uae/nissan/nissan-urvan/2009/,2026-06-12T10:33:23Z,NISSAN,URVAN,URVAN,0.1359582110096505,17.0,7421.0
nissan-urvan,2010.0,Panel Van,79000.0,86000.0,82500.0,"AED 79,000 - 86,000",AED,https://www.drivearabia.com/carprices/uae/nissan/nissan-urvan/2010/,2026-06-12T10:33:25Z,NISSAN,URVAN,URVAN,0.1359582110096505,16.0,7962.0
nissan-urvan,2010.0,Micro Bus,88000.0,90000.0,89000.0,"AED 88,000 - 90,000",AED,https://www.drivearabia.com/carprices/uae/nissan/nissan-urvan/2010/,2026-06-12T10:33:25Z,NISSAN,URVAN,URVAN,0.1359582110096505,16.0,8589.0
nissan-urvan,2011.0,Panel Van,79000.0,86000.0,82500.0,"AED 79,000 - 86,000",AED,https://www.drivearabia.com/carprices/uae/nissan/nissan-urvan/2011/,2026-06-12T10:33:27Z,NISSAN,URVAN,URVAN,0.1359582110096505,15.0,9215.0
nissan-urvan,2011.0,Micro Bus,88000.0,90000.0,89000.0,"AED 88,000 - 90,000",AED,https://www.drivearabia.com/carprices/uae/nissan/nissan-urvan/2011/,2026-06-12T10:33:27Z,NISSAN,URVAN,URVAN,0.1359582110096505,15.0,9941.0
nissan-urvan,2012.0,Panel Van,79000.0,86000.0,82500.0,"AED 79,000 - 86,000",AED,https://www.drivearabia.com/carprices/uae/nissan/nissan-urvan/2012/,2026-06-12T10:33:29Z,NISSAN,URVAN,URVAN,0.1359582110096505,14.0,10664.0
nissan-urvan,2012.0,Micro Bus,88000.0,90000.0,89000.0,"AED 88,000 - 90,000",AED,https://www.drivearabia.com/carprices/uae/nissan/nissan-urvan/2012/,2026-06-12T10:33:29Z,NISSAN,URVAN,URVAN,0.1359582110096505,14.0,11505.0
nissan-urvan,2013.0,Panel Van,75500.0,86000.0,80750.0,"AED 75,500 - 86,000",AED,https://www.drivearabia.com/carprices/uae/nissan/nissan-urvan/2013/,2026-06-12T10:33:31Z,NISSAN,URVAN,URVAN,0.1359582110096505,13.0,12081.0
nissan-urvan,2013.0,Micro Bus,88000.0,90000.0,89000.0,"AED 88,000 - 90,000",AED,https://www.drivearabia.com/carprices/uae/nissan/nissan-urvan/2013/,2026-06-12T10:33:31Z,NISSAN,URVAN,URVAN,0.1359582110096505,13.0,13315.0
nissan-urvan,2014.0,Panel Van,75500.0,86000.0,80750.0,"AED 75,500 - 86,000",AED,https://www.drivearabia.com/carprices/uae/nissan/nissan-urvan/2014/,2026-06-12T10:33:33Z,NISSAN,URVAN,URVAN,0.1359582110096505,12.0,13982.0
nissan-urvan,2014.0,Micro Bus,88000.0,90000.0,89000.0,"AED 88,000 - 90,000",AED,https://www.drivearabia.com/carprices/uae/nissan/nissan-urvan/2014/,2026-06-12T10:33:33Z,NISSAN,URVAN,URVAN,0.1359582110096505,12.0,15410.0
nissan-urvan,2015.0,Panel Van,75500.0,86000.0,80750.0,"AED 75,500 - 86,000",AED,https://www.drivearabia.com/carprices/uae/nissan/nissan-urvan/2015/,2026-06-12T10:33:35Z,NISSAN,URVAN,URVAN,0.1359582110096505,11.0,16182.0
nissan-urvan,2015.0,Micro Bus,88000.0,90000.0,89000.0,"AED 88,000 - 90,000",AED,https://www.drivearabia.com/carprices/uae/nissan/nissan-urvan/2015/,2026-06-12T10:33:35Z,NISSAN,URVAN,URVAN,0.1359582110096505,11.0,17835.0
nissan-urvan,2016.0,Panel Van,74000.0,86000.0,80000.0,"AED 74,000 - 86,000",AED,https://www.drivearabia.com/carprices/uae/nissan/nissan-urvan/2016/,2026-06-12T10:33:36Z,NISSAN,URVAN,URVAN,0.1359582110096505,10.0,18554.0
nissan-urvan,2016.0,Micro Bus,88000.0,90000.0,89000.0,"AED 88,000 - 90,000",AED,https://www.drivearabia.com/carprices/uae/nissan/nissan-urvan/2016/,2026-06-12T10:33:36Z,NISSAN,URVAN,URVAN,0.1359582110096505,10.0,20641.0
nissan-urvan,2017.0,Panel Van manual,81500.0,83500.0,82500.0,"AED 81,500 - 83,500",AED,https://www.drivearabia.com/carprices/uae/nissan/nissan-urvan/2017/,2026-06-12T10:33:38Z,NISSAN,URVAN,URVAN,0.1359582110096505,9.0,22145.0
nissan-urvan,2017.0,Panel Van auto,85500.0,87500.0,86500.0,"AED 85,500 - 87,500",AED,https://www.drivearabia.com/carprices/uae/nissan/nissan-urvan/2017/,2026-06-12T10:33:38Z,NISSAN,URVAN,URVAN,0.1359582110096505,9.0,23218.0
nissan-urvan,2017.0,6 seater manual,85500.0,86000.0,85750.0,"AED 85,500 - 86,000",AED,https://www.drivearabia.com/carprices/uae/nissan/nissan-urvan/2017/,2026-06-12T10:33:38Z,NISSAN,URVAN,URVAN,0.1359582110096505,9.0,23017.0
nissan-urvan,2017.0,6 seater auto,89500.0,90000.0,89750.0,"AED 89,500 - 90,000",AED,https://www.drivearabia.com/carprices/uae/nissan/nissan-urvan/2017/,2026-06-12T10:33:38Z,NISSAN,URVAN,URVAN,0.1359582110096505,9.0,24091.0
nissan-urvan,2017.0,Panel van high roof manual,92000.0,92500.0,92250.0,"AED 92,000 - 92,500",AED,https://www.drivearabia.com/carprices/uae/nissan/nissan-urvan/2017/,2026-06-12T10:33:38Z,NISSAN,URVAN,URVAN,0.1359582110096505,9.0,24762.0
nissan-urvan,2017.0,13 seater high roof manual,99000.0,99500.0,99250.0,"AED 99,000 - 99,500",AED,https://www.drivearabia.com/carprices/uae/nissan/nissan-urvan/2017/,2026-06-12T10:33:38Z,NISSAN,URVAN,URVAN,0.1359582110096505,9.0,26641.0
nissan-urvan,2017.0,13 seater high roof auto,103500.0,104000.0,103750.0,"AED 103,500 - 104,000",AED,https://www.drivearabia.com/carprices/uae/nissan/nissan-urvan/2017/,2026-06-12T10:33:38Z,NISSAN,URVAN,URVAN,0.1359582110096505,9.0,27848.0
nissan-urvan,2018.0,Panel Van manual,81500.0,83500.0,82500.0,"AED 81,500 - 83,500",AED,https://www.drivearabia.com/carprices/uae/nissan/nissan-urvan/2018/,2026-06-12T10:33:40Z,NISSAN,URVAN,URVAN,0.1359582110096505,8.0,25629.0
nissan-urvan,2018.0,Panel Van auto,85500.0,87500.0,86500.0,"AED 85,500 - 87,500",AED,https://www.drivearabia.com/carprices/uae/nissan/nissan-urvan/2018/,2026-06-12T10:33:40Z,NISSAN,URVAN,URVAN,0.1359582110096505,8.0,26872.0
nissan-urvan,2018.0,6 seater manual,85500.0,86000.0,85750.0,"AED 85,500 - 86,000",AED,https://www.drivearabia.com/carprices/uae/nissan/nissan-urvan/2018/,2026-06-12T10:33:40Z,NISSAN,URVAN,URVAN,0.1359582110096505,8.0,26639.0
nissan-urvan,2018.0,6 seater auto,89500.0,90000.0,89750.0,"AED 89,500 - 90,000",AED,https://www.drivearabia.com/carprices/uae/nissan/nissan-urvan/2018/,2026-06-12T10:33:40Z,NISSAN,URVAN,URVAN,0.1359582110096505,8.0,27881.0
nissan-urvan,2018.0,Panel van high roof manual,92000.0,92500.0,92250.0,"AED 92,000 - 92,500",AED,https://www.drivearabia.com/carprices/uae/nissan/nissan-urvan/2018/,2026-06-12T10:33:40Z,NISSAN,URVAN,URVAN,0.1359582110096505,8.0,28658.0
nissan-urvan,2018.0,13 seater high roof manual,99000.0,99500.0,99250.0,"AED 99,000 - 99,500",AED,https://www.drivearabia.com/carprices/uae/nissan/nissan-urvan/2018/,2026-06-12T10:33:40Z,NISSAN,URVAN,URVAN,0.1359582110096505,8.0,30832.0
nissan-urvan,2018.0,13 seater high roof auto,103500.0,104000.0,103750.0,"AED 103,500 - 104,000",AED,https://www.drivearabia.com/carprices/uae/nissan/nissan-urvan/2018/,2026-06-12T10:33:40Z,NISSAN,URVAN,URVAN,0.1359582110096505,8.0,32230.0
nissan-urvan,2019.0,Panel Van manual,81500.0,83500.0,82500.0,"AED 81,500 - 83,500",AED,https://www.drivearabia.com/carprices/uae/nissan/nissan-urvan/2019/,2026-06-12T10:33:42Z,NISSAN,URVAN,URVAN,0.1359582110096505,7.0,29662.0
nissan-urvan,2019.0,Panel Van auto,85500.0,87500.0,86500.0,"AED 85,500 - 87,500",AED,https://www.drivearabia.com/carprices/uae/nissan/nissan-urvan/2019/,2026-06-12T10:33:42Z,NISSAN,URVAN,URVAN,0.1359582110096505,7.0,31100.0
nissan-urvan,2019.0,6 seater manual,85500.0,86000.0,85750.0,"AED 85,500 - 86,000",AED,https://www.drivearabia.com/carprices/uae/nissan/nissan-urvan/2019/,2026-06-12T10:33:42Z,NISSAN,URVAN,URVAN,0.1359582110096505,7.0,30830.0
nissan-urvan,2019.0,6 seater auto,89500.0,90000.0,89750.0,"AED 89,500 - 90,000",AED,https://www.drivearabia.com/carprices/uae/nissan/nissan-urvan/2019/,2026-06-12T10:33:42Z,NISSAN,URVAN,URVAN,0.1359582110096505,7.0,32268.0
nissan-urvan,2019.0,Panel van high roof manual,92000.0,92500.0,92250.0,"AED 92,000 - 92,500",AED,https://www.drivearabia.com/carprices/uae/nissan/nissan-urvan/2019/,2026-06-12T10:33:42Z,NISSAN,URVAN,URVAN,0.1359582110096505,7.0,33167.0
nissan-urvan,2019.0,13 seater high roof manual,99000.0,99500.0,99250.0,"AED 99,000 - 99,500",AED,https://www.drivearabia.com/carprices/uae/nissan/nissan-urvan/2019/,2026-06-12T10:33:42Z,NISSAN,URVAN,URVAN,0.1359582110096505,7.0,35684.0
nissan-urvan,2019.0,13 seater high roof auto,103500.0,104000.0,103750.0,"AED 103,500 - 104,000",AED,https://www.drivearabia.com/carprices/uae/nissan/nissan-urvan/2019/,2026-06-12T10:33:42Z,NISSAN,URVAN,URVAN,0.1359582110096505,7.0,37302.0
nissan-urvan,2020.0,Panel Van manual,77175.0,80500.0,78838.0,"AED 77,175 - 80,500",AED,https://www.drivearabia.com/carprices/uae/nissan/nissan-urvan/2020/,2026-06-12T10:33:44Z,NISSAN,URVAN,URVAN,0.1359582110096505,6.0,32805.0
nissan-urvan,2020.0,Panel Van auto,85500.0,87500.0,86500.0,"AED 85,500 - 87,500",AED,https://www.drivearabia.com/carprices/uae/nissan/nissan-urvan/2020/,2026-06-12T10:33:44Z,NISSAN,URVAN,URVAN,0.1359582110096505,6.0,35994.0
nissan-urvan,2020.0,6 seater manual,85500.0,86000.0,85750.0,"AED 85,500 - 86,000",AED,https://www.drivearabia.com/carprices/uae/nissan/nissan-urvan/2020/,2026-06-12T10:33:44Z,NISSAN,URVAN,URVAN,0.1359582110096505,6.0,35681.0
nissan-urvan,2020.0,6 seater auto,89500.0,90000.0,89750.0,"AED 89,500 - 90,000",AED,https://www.drivearabia.com/carprices/uae/nissan/nissan-urvan/2020/,2026-06-12T10:33:44Z,NISSAN,URVAN,URVAN,0.1359582110096505,6.0,37346.0
nissan-urvan,2020.0,Panel van high roof manual,92000.0,92500.0,92250.0,"AED 92,000 - 92,500",AED,https://www.drivearabia.com/carprices/uae/nissan/nissan-urvan/2020/,2026-06-12T10:33:44Z,NISSAN,URVAN,URVAN,0.1359582110096505,6.0,38386.0
nissan-urvan,2020.0,13 seater high roof manual,99000.0,99500.0,99250.0,"AED 99,000 - 99,500",AED,https://www.drivearabia.com/carprices/uae/nissan/nissan-urvan/2020/,2026-06-12T10:33:44Z,NISSAN,URVAN,URVAN,0.1359582110096505,6.0,41299.0
nissan-urvan,2020.0,13 seater high roof auto,103500.0,104000.0,103750.0,"AED 103,500 - 104,000",AED,https://www.drivearabia.com/carprices/uae/nissan/nissan-urvan/2020/,2026-06-12T10:33:44Z,NISSAN,URVAN,URVAN,0.1359582110096505,6.0,43171.0
nissan-urvan,2021.0,Panel Van manual,77175.0,80500.0,78838.0,"AED 77,175 - 80,500",AED,https://www.drivearabia.com/carprices/uae/nissan/nissan-urvan/2021/,2026-06-12T10:33:46Z,NISSAN,URVAN,URVAN,0.1359582110096505,5.0,37967.0
nissan-urvan,2021.0,Panel Van auto,85500.0,87500.0,86500.0,"AED 85,500 - 87,500",AED,https://www.drivearabia.com/carprices/uae/nissan/nissan-urvan/2021/,2026-06-12T10:33:46Z,NISSAN,URVAN,URVAN,0.1359582110096505,5.0,41657.0
nissan-urvan,2021.0,6 seater manual,85500.0,86000.0,85750.0,"AED 85,500 - 86,000",AED,https://www.drivearabia.com/carprices/uae/nissan/nissan-urvan/2021/,2026-06-12T10:33:46Z,NISSAN,URVAN,URVAN,0.1359582110096505,5.0,41296.0
nissan-urvan,2021.0,6 seater auto,89500.0,90000.0,89750.0,"AED 89,500 - 90,000",AED,https://www.drivearabia.com/carprices/uae/nissan/nissan-urvan/2021/,2026-06-12T10:33:46Z,NISSAN,URVAN,URVAN,0.1359582110096505,5.0,43222.0
nissan-urvan,2021.0,Panel van high roof manual,92000.0,92500.0,92250.0,"AED 92,000 - 92,500",AED,https://www.drivearabia.com/carprices/uae/nissan/nissan-urvan/2021/,2026-06-12T10:33:46Z,NISSAN,URVAN,URVAN,0.1359582110096505,5.0,44426.0
nissan-urvan,2021.0,13 seater high roof manual,99000.0,99500.0,99250.0,"AED 99,000 - 99,500",AED,https://www.drivearabia.com/carprices/uae/nissan/nissan-urvan/2021/,2026-06-12T10:33:46Z,NISSAN,URVAN,URVAN,0.1359582110096505,5.0,47797.0
nissan-urvan,2021.0,13 seater high roof auto,103500.0,104000.0,103750.0,"AED 103,500 - 104,000",AED,https://www.drivearabia.com/carprices/uae/nissan/nissan-urvan/2021/,2026-06-12T10:33:46Z,NISSAN,URVAN,URVAN,0.1359582110096505,5.0,49965.0
nissan-urvan,2022.0,Panel Van manual,77175.0,80500.0,78838.0,"AED 77,175 - 80,500",AED,https://www.drivearabia.com/carprices/uae/nissan/nissan-urvan/2022/,2026-06-12T10:33:48Z,NISSAN,URVAN,URVAN,0.1359582110096505,4.0,43941.0
nissan-urvan,2022.0,Panel Van auto,85500.0,87500.0,86500.0,"AED 85,500 - 87,500",AED,https://www.drivearabia.com/carprices/uae/nissan/nissan-urvan/2022/,2026-06-12T10:33:48Z,NISSAN,URVAN,URVAN,0.1359582110096505,4.0,48212.0
nissan-urvan,2022.0,6 seater manual,85500.0,86000.0,85750.0,"AED 85,500 - 86,000",AED,https://www.drivearabia.com/carprices/uae/nissan/nissan-urvan/2022/,2026-06-12T10:33:48Z,NISSAN,URVAN,URVAN,0.1359582110096505,4.0,47794.0
nissan-urvan,2022.0,6 seater auto,89500.0,90000.0,89750.0,"AED 89,500 - 90,000",AED,https://www.drivearabia.com/carprices/uae/nissan/nissan-urvan/2022/,2026-06-12T10:33:48Z,NISSAN,URVAN,URVAN,0.1359582110096505,4.0,50023.0
nissan-urvan,2022.0,Panel van high roof manual,92000.0,92500.0,92250.0,"AED 92,000 - 92,500",AED,https://www.drivearabia.com/carprices/uae/nissan/nissan-urvan/2022/,2026-06-12T10:33:48Z,NISSAN,URVAN,URVAN,0.1359582110096505,4.0,51417.0
nissan-urvan,2022.0,13 seater high roof manual,99000.0,99500.0,99250.0,"AED 99,000 - 99,500",AED,https://www.drivearabia.com/carprices/uae/nissan/nissan-urvan/2022/,2026-06-12T10:33:48Z,NISSAN,URVAN,URVAN,0.1359582110096505,4.0,55318.0
nissan-urvan,2022.0,13 seater high roof auto,103500.0,104000.0,103750.0,"AED 103,500 - 104,000",AED,https://www.drivearabia.com/carprices/uae/nissan/nissan-urvan/2022/,2026-06-12T10:33:48Z,NISSAN,URVAN,URVAN,0.1359582110096505,4.0,57827.0
nissan-urvan,2023.0,Panel Van manual,77175.0,80500.0,78838.0,"AED 77,175 - 80,500",AED,https://www.drivearabia.com/carprices/uae/nissan/nissan-urvan/2023/,2026-06-12T10:33:50Z,NISSAN,URVAN,URVAN,0.1359582110096505,3.0,50856.0
nissan-urvan,2023.0,Panel Van auto,85500.0,87500.0,86500.0,"AED 85,500 - 87,500",AED,https://www.drivearabia.com/carprices/uae/nissan/nissan-urvan/2023/,2026-06-12T10:33:50Z,NISSAN,URVAN,URVAN,0.1359582110096505,3.0,55798.0
nissan-urvan,2023.0,6 seater manual,85500.0,86000.0,85750.0,"AED 85,500 - 86,000",AED,https://www.drivearabia.com/carprices/uae/nissan/nissan-urvan/2023/,2026-06-12T10:33:50Z,NISSAN,URVAN,URVAN,0.1359582110096505,3.0,55314.0
nissan-urvan,2023.0,6 seater auto,89500.0,90000.0,89750.0,"AED 89,500 - 90,000",AED,https://www.drivearabia.com/carprices/uae/nissan/nissan-urvan/2023/,2026-06-12T10:33:50Z,NISSAN,URVAN,URVAN,0.1359582110096505,3.0,57895.0
nissan-urvan,2023.0,Panel van high roof manual,92000.0,92500.0,92250.0,"AED 92,000 - 92,500",AED,https://www.drivearabia.com/carprices/uae/nissan/nissan-urvan/2023/,2026-06-12T10:33:50Z,NISSAN,URVAN,URVAN,0.1359582110096505,3.0,59507.0
nissan-urvan,2023.0,13 seater high roof manual,99000.0,99500.0,99250.0,"AED 99,000 - 99,500",AED,https://www.drivearabia.com/carprices/uae/nissan/nissan-urvan/2023/,2026-06-12T10:33:50Z,NISSAN,URVAN,URVAN,0.1359582110096505,3.0,64023.0
nissan-urvan,2023.0,13 seater high roof auto,103500.0,104000.0,103750.0,"AED 103,500 - 104,000",AED,https://www.drivearabia.com/carprices/uae/nissan/nissan-urvan/2023/,2026-06-12T10:33:50Z,NISSAN,URVAN,URVAN,0.1359582110096505,3.0,66926.0
nissan-urvan,2024.0,Panel Van manual,77175.0,80500.0,78838.0,"AED 77,175 - 80,500",AED,https://www.drivearabia.com/carprices/uae/nissan/nissan-urvan/2024/,2026-06-12T10:33:51Z,NISSAN,URVAN,URVAN,0.1359582110096505,2.0,58858.0
nissan-urvan,2024.0,Panel Van auto,85500.0,87500.0,86500.0,"AED 85,500 - 87,500",AED,https://www.drivearabia.com/carprices/uae/nissan/nissan-urvan/2024/,2026-06-12T10:33:51Z,NISSAN,URVAN,URVAN,0.1359582110096505,2.0,64578.0
nissan-urvan,2024.0,6 seater manual,85500.0,86000.0,85750.0,"AED 85,500 - 86,000",AED,https://www.drivearabia.com/carprices/uae/nissan/nissan-urvan/2024/,2026-06-12T10:33:51Z,NISSAN,URVAN,URVAN,0.1359582110096505,2.0,64018.0
nissan-urvan,2024.0,6 seater auto,89500.0,90000.0,89750.0,"AED 89,500 - 90,000",AED,https://www.drivearabia.com/carprices/uae/nissan/nissan-urvan/2024/,2026-06-12T10:33:51Z,NISSAN,URVAN,URVAN,0.1359582110096505,2.0,67004.0
nissan-urvan,2024.0,Panel van high roof manual,92000.0,92500.0,92250.0,"AED 92,000 - 92,500",AED,https://www.drivearabia.com/carprices/uae/nissan/nissan-urvan/2024/,2026-06-12T10:33:51Z,NISSAN,URVAN,URVAN,0.1359582110096505,2.0,68871.0
nissan-urvan,2024.0,13 seater high roof manual,99000.0,99500.0,99250.0,"AED 99,000 - 99,500",AED,https://www.drivearabia.com/carprices/uae/nissan/nissan-urvan/2024/,2026-06-12T10:33:51Z,NISSAN,URVAN,URVAN,0.1359582110096505,2.0,74097.0
nissan-urvan,2024.0,13 seater high roof auto,103500.0,104000.0,103750.0,"AED 103,500 - 104,000",AED,https://www.drivearabia.com/carprices/uae/nissan/nissan-urvan/2024/,2026-06-12T10:33:51Z,NISSAN,URVAN,URVAN,0.1359582110096505,2.0,77456.0
nissan-urvan,2025.0,Panel Van manual,77175.0,80500.0,78838.0,"AED 77,175 - 80,500",AED,https://www.drivearabia.com/carprices/uae/nissan/nissan-urvan/2025/,2026-06-12T10:33:53Z,NISSAN,URVAN,URVAN,0.1359582110096505,1.0,68119.0
nissan-urvan,2025.0,Panel Van auto,85500.0,87500.0,86500.0,"AED 85,500 - 87,500",AED,https://www.drivearabia.com/carprices/uae/nissan/nissan-urvan/2025/,2026-06-12T10:33:53Z,NISSAN,URVAN,URVAN,0.1359582110096505,1.0,74740.0
nissan-urvan,2025.0,6 seater manual,85500.0,86000.0,85750.0,"AED 85,500 - 86,000",AED,https://www.drivearabia.com/carprices/uae/nissan/nissan-urvan/2025/,2026-06-12T10:33:53Z,NISSAN,URVAN,URVAN,0.1359582110096505,1.0,74092.0
nissan-urvan,2025.0,6 seater auto,89500.0,90000.0,89750.0,"AED 89,500 - 90,000",AED,https://www.drivearabia.com/carprices/uae/nissan/nissan-urvan/2025/,2026-06-12T10:33:53Z,NISSAN,URVAN,URVAN,0.1359582110096505,1.0,77548.0
nissan-urvan,2025.0,Panel van high roof manual,92000.0,92500.0,92250.0,"AED 92,000 - 92,500",AED,https://www.drivearabia.com/carprices/uae/nissan/nissan-urvan/2025/,2026-06-12T10:33:53Z,NISSAN,URVAN,URVAN,0.1359582110096505,1.0,79708.0
nissan-urvan,2025.0,13 seater high roof manual,99000.0,99500.0,99250.0,"AED 99,000 - 99,500",AED,https://www.drivearabia.com/carprices/uae/nissan/nissan-urvan/2025/,2026-06-12T10:33:53Z,NISSAN,URVAN,URVAN,0.1359582110096505,1.0,85756.0
nissan-urvan,2025.0,13 seater high roof auto,103500.0,104000.0,103750.0,"AED 103,500 - 104,000",AED,https://www.drivearabia.com/carprices/uae/nissan/nissan-urvan/2025/,2026-06-12T10:33:53Z,NISSAN,URVAN,URVAN,0.1359582110096505,1.0,89644.0
nissan-urvan,2026.0,Panel Van manual,77175.0,80500.0,78838.0,"AED 77,175 - 80,500",AED,https://www.drivearabia.com/carprices/uae/nissan/nissan-urvan/2026/,2026-06-12T10:33:55Z,NISSAN,URVAN,URVAN,0.1359582110096505,0.0,78838.0
nissan-urvan,2026.0,Panel Van auto,85500.0,87500.0,86500.0,"AED 85,500 - 87,500",AED,https://www.drivearabia.com/carprices/uae/nissan/nissan-urvan/2026/,2026-06-12T10:33:55Z,NISSAN,URVAN,URVAN,0.1359582110096505,0.0,86500.0
nissan-urvan,2026.0,6 seater manual,85500.0,86000.0,85750.0,"AED 85,500 - 86,000",AED,https://www.drivearabia.com/carprices/uae/nissan/nissan-urvan/2026/,2026-06-12T10:33:55Z,NISSAN,URVAN,URVAN,0.1359582110096505,0.0,85750.0
nissan-urvan,2026.0,6 seater auto,89500.0,90000.0,89750.0,"AED 89,500 - 90,000",AED,https://www.drivearabia.com/carprices/uae/nissan/nissan-urvan/2026/,2026-06-12T10:33:55Z,NISSAN,URVAN,URVAN,0.1359582110096505,0.0,89750.0
nissan-urvan,2026.0,Panel van high roof manual,92000.0,92500.0,92250.0,"AED 92,000 - 92,500",AED,https://www.drivearabia.com/carprices/uae/nissan/nissan-urvan/2026/,2026-06-12T10:33:55Z,NISSAN,URVAN,URVAN,0.1359582110096505,0.0,92250.0
nissan-urvan,2026.0,13 seater high roof manual,99000.0,99500.0,99250.0,"AED 99,000 - 99,500",AED,https://www.drivearabia.com/carprices/uae/nissan/nissan-urvan/2026/,2026-06-12T10:33:55Z,NISSAN,URVAN,URVAN,0.1359582110096505,0.0,99250.0
nissan-urvan,2026.0,13 seater high roof auto,103500.0,104000.0,103750.0,"AED 103,500 - 104,000",AED,https://www.drivearabia.com/carprices/uae/nissan/nissan-urvan/2026/,2026-06-12T10:33:55Z,NISSAN,URVAN,URVAN,0.1359582110096505,0.0,103750.0
nissan-x-trail,2017.0,2WD S,84000.0,86000.0,85000.0,"AED 84,000 - 86,000",AED,https://www.drivearabia.com/carprices/uae/nissan/nissan-x-trail/2017/,2026-06-12T10:34:33Z,NISSAN,X-TRAIL,X-TRAIL,-0.0104763189070131,9.0,93359.0
nissan-x-trail,2017.0,4WD S,95000.0,101500.0,98250.0,"AED 95,000 - 101,500",AED,https://www.drivearabia.com/carprices/uae/nissan/nissan-x-trail/2017/,2026-06-12T10:34:33Z,NISSAN,X-TRAIL,X-TRAIL,-0.0104763189070131,9.0,107912.0
nissan-x-trail,2017.0,4WD SV,109250.0,110000.0,109625.0,"AED 109,250 - 110,000",AED,https://www.drivearabia.com/carprices/uae/nissan/nissan-x-trail/2017/,2026-06-12T10:34:33Z,NISSAN,X-TRAIL,X-TRAIL,-0.0104763189070131,9.0,120405.0
nissan-x-trail,2017.0,4WD SL,120250.0,125250.0,122750.0,"AED 120,250 - 125,250",AED,https://www.drivearabia.com/carprices/uae/nissan/nissan-x-trail/2017/,2026-06-12T10:34:33Z,NISSAN,X-TRAIL,X-TRAIL,-0.0104763189070131,9.0,134821.0
nissan-x-trail,2020.0,S 2WD,89900.0,91900.0,90900.0,"AED 89,900 - 91,900",AED,https://www.drivearabia.com/carprices/uae/nissan/nissan-x-trail/2020/,2026-06-12T10:34:39Z,NISSAN,X-TRAIL,X-TRAIL,-0.0104763189070131,6.0,96766.0
nissan-x-trail,2020.0,S 4WD,105900.0,106000.0,105950.0,"AED 105,900 - 106,000",AED,https://www.drivearabia.com/carprices/uae/nissan/nissan-x-trail/2020/,2026-06-12T10:34:39Z,NISSAN,X-TRAIL,X-TRAIL,-0.0104763189070131,6.0,112787.0
nissan-x-trail,2020.0,SV 4WD,119900.0,120000.0,119950.0,"AED 119,900 - 120,000",AED,https://www.drivearabia.com/carprices/uae/nissan/nissan-x-trail/2020/,2026-06-12T10:34:39Z,NISSAN,X-TRAIL,X-TRAIL,-0.0104763189070131,6.0,127690.0
nissan-x-trail,2020.0,SL 4WD,134900.0,135000.0,134950.0,"AED 134,900 - 135,000",AED,https://www.drivearabia.com/carprices/uae/nissan/nissan-x-trail/2020/,2026-06-12T10:34:39Z,NISSAN,X-TRAIL,X-TRAIL,-0.0104763189070131,6.0,143658.0
nissan-x-trail,2021.0,S 2WD,89900.0,91900.0,90900.0,"AED 89,900 - 91,900",AED,https://www.drivearabia.com/carprices/uae/nissan/nissan-x-trail/2021/,2026-06-12T10:34:41Z,NISSAN,X-TRAIL,X-TRAIL,-0.0104763189070131,5.0,95762.0
nissan-x-trail,2021.0,S 4WD,105900.0,106000.0,105950.0,"AED 105,900 - 106,000",AED,https://www.drivearabia.com/carprices/uae/nissan/nissan-x-trail/2021/,2026-06-12T10:34:41Z,NISSAN,X-TRAIL,X-TRAIL,-0.0104763189070131,5.0,111617.0
nissan-x-trail,2021.0,SV 4WD,119900.0,120000.0,119950.0,"AED 119,900 - 120,000",AED,https://www.drivearabia.com/carprices/uae/nissan/nissan-x-trail/2021/,2026-06-12T10:34:41Z,NISSAN,X-TRAIL,X-TRAIL,-0.0104763189070131,5.0,126366.0
nissan-x-trail,2021.0,SL 4WD,134900.0,135000.0,134950.0,"AED 134,900 - 135,000",AED,https://www.drivearabia.com/carprices/uae/nissan/nissan-x-trail/2021/,2026-06-12T10:34:41Z,NISSAN,X-TRAIL,X-TRAIL,-0.0104763189070131,5.0,142169.0
nissan-x-trail,2022.0,S 2WD 5 seater,90000.0,91000.0,90500.0,"AED 90,000 - 91,000",AED,https://www.drivearabia.com/carprices/uae/nissan/nissan-x-trail/2022/,2026-06-12T10:34:43Z,NISSAN,X-TRAIL,X-TRAIL,-0.0104763189070131,4.0,94352.0
nissan-x-trail,2022.0,S 2WD 7 seater,91000.0,92000.0,91500.0,"AED 91,000 - 92,000",AED,https://www.drivearabia.com/carprices/uae/nissan/nissan-x-trail/2022/,2026-06-12T10:34:43Z,NISSAN,X-TRAIL,X-TRAIL,-0.0104763189070131,4.0,95395.0
nissan-x-trail,2022.0,S 4WD 5 seater,100500.0,101000.0,100750.0,"AED 100,500 - 101,000",AED,https://www.drivearabia.com/carprices/uae/nissan/nissan-x-trail/2022/,2026-06-12T10:34:43Z,NISSAN,X-TRAIL,X-TRAIL,-0.0104763189070131,4.0,105039.0
nissan-x-trail,2022.0,SV 4WD 7 seater,119000.0,120000.0,119500.0,"AED 119,000 - 120,000",AED,https://www.drivearabia.com/carprices/uae/nissan/nissan-x-trail/2022/,2026-06-12T10:34:43Z,NISSAN,X-TRAIL,X-TRAIL,-0.0104763189070131,4.0,124587.0
nissan-x-trail,2022.0,SL 4WD 7 seater,136000.0,137000.0,136500.0,"AED 136,000 - 137,000",AED,https://www.drivearabia.com/carprices/uae/nissan/nissan-x-trail/2022/,2026-06-12T10:34:43Z,NISSAN,X-TRAIL,X-TRAIL,-0.0104763189070131,4.0,142311.0
nissan-x-trail,2023.0,2.5L I4 S 2WD 5 seater,99900.0,100000.0,99950.0,"AED 99,900 - 100,000",AED,https://www.drivearabia.com/carprices/uae/nissan/nissan-x-trail/2023/,2026-06-12T10:34:45Z,NISSAN,X-TRAIL,X-TRAIL,-0.0104763189070131,3.0,103124.0
nissan-x-trail,2023.0,2.5L I4 S 4WD 7 seater,108500.0,109000.0,108750.0,"AED 108,500 - 109,000",AED,https://www.drivearabia.com/carprices/uae/nissan/nissan-x-trail/2023/,2026-06-12T10:34:45Z,NISSAN,X-TRAIL,X-TRAIL,-0.0104763189070131,3.0,112204.0
nissan-x-trail,2023.0,2.5L I4 SV1 4WD 7 seater,124000.0,125000.0,124500.0,"AED 124,000 - 125,000",AED,https://www.drivearabia.com/carprices/uae/nissan/nissan-x-trail/2023/,2026-06-12T10:34:45Z,NISSAN,X-TRAIL,X-TRAIL,-0.0104763189070131,3.0,128454.0
nissan-x-trail,2023.0,2.5L I4 SV3 4WD 7 seater,133000.0,134000.0,133500.0,"AED 133,000 - 134,000",AED,https://www.drivearabia.com/carprices/uae/nissan/nissan-x-trail/2023/,2026-06-12T10:34:45Z,NISSAN,X-TRAIL,X-TRAIL,-0.0104763189070131,3.0,137740.0
nissan-x-trail,2023.0,2.5L I4 SL 4WD 7 seater,148000.0,149000.0,148500.0,"AED 148,000 - 149,000",AED,https://www.drivearabia.com/carprices/uae/nissan/nissan-x-trail/2023/,2026-06-12T10:34:45Z,NISSAN,X-TRAIL,X-TRAIL,-0.0104763189070131,3.0,153216.0
nissan-x-trail,2024.0,2.5L I4 S 2WD 5 seater,99900.0,100000.0,99950.0,"AED 99,900 - 100,000",AED,https://www.drivearabia.com/carprices/uae/nissan/nissan-x-trail/2024/,2026-06-12T10:34:47Z,NISSAN,X-TRAIL,X-TRAIL,-0.0104763189070131,2.0,102055.0
nissan-x-trail,2024.0,2.5L I4 S 4WD 7 seater,108500.0,109000.0,108750.0,"AED 108,500 - 109,000",AED,https://www.drivearabia.com/carprices/uae/nissan/nissan-x-trail/2024/,2026-06-12T10:34:47Z,NISSAN,X-TRAIL,X-TRAIL,-0.0104763189070131,2.0,111041.0
nissan-x-trail,2024.0,2.5L I4 SV1 4WD 7 seater,124000.0,125000.0,124500.0,"AED 124,000 - 125,000",AED,https://www.drivearabia.com/carprices/uae/nissan/nissan-x-trail/2024/,2026-06-12T10:34:47Z,NISSAN,X-TRAIL,X-TRAIL,-0.0104763189070131,2.0,127122.0
nissan-x-trail,2024.0,2.5L I4 SV3 4WD 7 seater,133000.0,134000.0,133500.0,"AED 133,000 - 134,000",AED,https://www.drivearabia.com/carprices/uae/nissan/nissan-x-trail/2024/,2026-06-12T10:34:47Z,NISSAN,X-TRAIL,X-TRAIL,-0.0104763189070131,2.0,136312.0
nissan-x-trail,2024.0,2.5L I4 N-Trek 4WD 7 seater,139900.0,140000.0,139950.0,"AED 139,900 - 140,000",AED,https://www.drivearabia.com/carprices/uae/nissan/nissan-x-trail/2024/,2026-06-12T10:34:47Z,NISSAN,X-TRAIL,X-TRAIL,-0.0104763189070131,2.0,142898.0
nissan-x-trail,2024.0,2.5L I4 SL 4WD 7 seater,148000.0,149000.0,148500.0,"AED 148,000 - 149,000",AED,https://www.drivearabia.com/carprices/uae/nissan/nissan-x-trail/2024/,2026-06-12T10:34:47Z,NISSAN,X-TRAIL,X-TRAIL,-0.0104763189070131,2.0,151628.0
nissan-x-trail,2025.0,2.5L I4 S 2WD,101900.0,119000.0,110450.0,"AED 101,900 - 119,000",AED,https://www.drivearabia.com/carprices/uae/nissan/nissan-x-trail/2025/,2026-06-12T10:34:49Z,NISSAN,X-TRAIL,X-TRAIL,-0.0104763189070131,1.0,111607.0
nissan-x-trail,2025.0,2.5L I4 S 4WD,110500.0,120500.0,115500.0,"AED 110,500 - 120,500",AED,https://www.drivearabia.com/carprices/uae/nissan/nissan-x-trail/2025/,2026-06-12T10:34:49Z,NISSAN,X-TRAIL,X-TRAIL,-0.0104763189070131,1.0,116710.0
nissan-x-trail,2025.0,2.5L I4 SV 4WD,126000.0,127000.0,126500.0,"AED 126,000 - 127,000",AED,https://www.drivearabia.com/carprices/uae/nissan/nissan-x-trail/2025/,2026-06-12T10:34:49Z,NISSAN,X-TRAIL,X-TRAIL,-0.0104763189070131,1.0,127825.0
nissan-x-trail,2025.0,2.5L I4 SV+ OPT 4WD,136000.0,137000.0,136500.0,"AED 136,000 - 137,000",AED,https://www.drivearabia.com/carprices/uae/nissan/nissan-x-trail/2025/,2026-06-12T10:34:49Z,NISSAN,X-TRAIL,X-TRAIL,-0.0104763189070131,1.0,137930.0
nissan-x-trail,2025.0,2.5L I4 N-Trek 4WD,145900.0,146000.0,145950.0,"AED 145,900 - 146,000",AED,https://www.drivearabia.com/carprices/uae/nissan/nissan-x-trail/2025/,2026-06-12T10:34:49Z,NISSAN,X-TRAIL,X-TRAIL,-0.0104763189070131,1.0,147479.0
nissan-x-trail,2025.0,2.5L I4 SL 4WD,153000.0,154000.0,153500.0,"AED 153,000 - 154,000",AED,https://www.drivearabia.com/carprices/uae/nissan/nissan-x-trail/2025/,2026-06-12T10:34:49Z,NISSAN,X-TRAIL,X-TRAIL,-0.0104763189070131,1.0,155108.0
nissan-x-trail,2026.0,S 2WD,101900.0,102000.0,101950.0,"AED 101,900 - 102,000",AED,https://www.drivearabia.com/carprices/uae/nissan/nissan-x-trail/2026/,2026-06-12T10:34:51Z,NISSAN,X-TRAIL,X-TRAIL,-0.0104763189070131,0.0,101950.0
nissan-x-trail,2026.0,SV 4WD,126000.0,127000.0,126500.0,"AED 126,000 - 127,000",AED,https://www.drivearabia.com/carprices/uae/nissan/nissan-x-trail/2026/,2026-06-12T10:34:51Z,NISSAN,X-TRAIL,X-TRAIL,-0.0104763189070131,0.0,126500.0
nissan-x-trail,2026.0,SV+ 4WD,136000.0,137000.0,136500.0,"AED 136,000 - 137,000",AED,https://www.drivearabia.com/carprices/uae/nissan/nissan-x-trail/2026/,2026-06-12T10:34:51Z,NISSAN,X-TRAIL,X-TRAIL,-0.0104763189070131,0.0,136500.0
nissan-x-trail,2026.0,N-Trek 4WD,145900.0,146000.0,145950.0,"AED 145,900 - 146,000",AED,https://www.drivearabia.com/carprices/uae/nissan/nissan-x-trail/2026/,2026-06-12T10:34:51Z,NISSAN,X-TRAIL,X-TRAIL,-0.0104763189070131,0.0,145950.0
nissan-x-trail,2026.0,SL 4WD,153000.0,154000.0,153500.0,"AED 153,000 - 154,000",AED,https://www.drivearabia.com/carprices/uae/nissan/nissan-x-trail/2026/,2026-06-12T10:34:51Z,NISSAN,X-TRAIL,X-TRAIL,-0.0104763189070131,0.0,153500.0
nissan-xterra,2021.0,X-Terra SE 2WD,99900.0,100000.0,99950.0,"AED 99,900 - 100,000",AED,https://www.drivearabia.com/carprices/uae/nissan/nissan-xterra/2021/,2026-06-12T10:35:32Z,NISSAN,XTERRA,XTERRA,0.0741647858416939,5.0,67991.0
nissan-xterra,2021.0,X-Terra Titanium 2WD,108800.0,109000.0,108900.0,"AED 108,800 - 109,000",AED,https://www.drivearabia.com/carprices/uae/nissan/nissan-xterra/2021/,2026-06-12T10:35:32Z,NISSAN,XTERRA,XTERRA,0.0741647858416939,5.0,74079.0
nissan-xterra,2021.0,X-Terra Titanium 4WD,119800.0,120000.0,119900.0,"AED 119,800 - 120,000",AED,https://www.drivearabia.com/carprices/uae/nissan/nissan-xterra/2021/,2026-06-12T10:35:32Z,NISSAN,XTERRA,XTERRA,0.0741647858416939,5.0,81562.0
nissan-xterra,2021.0,X-Terra Platinum 4WD,133800.0,134000.0,133900.0,"AED 133,800 - 134,000",AED,https://www.drivearabia.com/carprices/uae/nissan/nissan-xterra/2021/,2026-06-12T10:35:32Z,NISSAN,XTERRA,XTERRA,0.0741647858416939,5.0,91085.0
nissan-xterra,2022.0,X-Terra SE 2WD,99900.0,100000.0,99950.0,"AED 99,900 - 100,000",AED,https://www.drivearabia.com/carprices/uae/nissan/nissan-xterra/2022/,2026-06-12T10:35:34Z,NISSAN,XTERRA,XTERRA,0.0741647858416939,4.0,73437.0
nissan-xterra,2022.0,X-Terra Titanium 2WD,108800.0,109000.0,108900.0,"AED 108,800 - 109,000",AED,https://www.drivearabia.com/carprices/uae/nissan/nissan-xterra/2022/,2026-06-12T10:35:34Z,NISSAN,XTERRA,XTERRA,0.0741647858416939,4.0,80013.0
nissan-xterra,2022.0,X-Terra Titanium 4WD,119800.0,120000.0,119900.0,"AED 119,800 - 120,000",AED,https://www.drivearabia.com/carprices/uae/nissan/nissan-xterra/2022/,2026-06-12T10:35:34Z,NISSAN,XTERRA,XTERRA,0.0741647858416939,4.0,88096.0
nissan-xterra,2022.0,X-Terra Platinum 4WD,133800.0,134000.0,133900.0,"AED 133,800 - 134,000",AED,https://www.drivearabia.com/carprices/uae/nissan/nissan-xterra/2022/,2026-06-12T10:35:34Z,NISSAN,XTERRA,XTERRA,0.0741647858416939,4.0,98382.0
nissan-xterra,2023.0,2.5L I4 SE 2WD,104000.0,105000.0,104500.0,"AED 104,000 - 105,000",AED,https://www.drivearabia.com/carprices/uae/nissan/nissan-xterra/2023/,2026-06-12T10:35:36Z,NISSAN,XTERRA,XTERRA,0.0741647858416939,3.0,82931.0
nissan-xterra,2023.0,2.5L I4 Titanium 2WD,113500.0,114000.0,113750.0,"AED 113,500 - 114,000",AED,https://www.drivearabia.com/carprices/uae/nissan/nissan-xterra/2023/,2026-06-12T10:35:36Z,NISSAN,XTERRA,XTERRA,0.0741647858416939,3.0,90272.0
nissan-xterra,2023.0,2.5L I4 Titanium 4WD,123000.0,124000.0,123500.0,"AED 123,000 - 124,000",AED,https://www.drivearabia.com/carprices/uae/nissan/nissan-xterra/2023/,2026-06-12T10:35:36Z,NISSAN,XTERRA,XTERRA,0.0741647858416939,3.0,98009.0
nissan-xterra,2023.0,2.5L I4 Platinum 4WD,143000.0,144000.0,143500.0,"AED 143,000 - 144,000",AED,https://www.drivearabia.com/carprices/uae/nissan/nissan-xterra/2023/,2026-06-12T10:35:36Z,NISSAN,XTERRA,XTERRA,0.0741647858416939,3.0,113881.0
nissan-xterra,2024.0,2.5L I4 SE 2WD,104000.0,105000.0,104500.0,"AED 104,000 - 105,000",AED,https://www.drivearabia.com/carprices/uae/nissan/nissan-xterra/2024/,2026-06-12T10:35:38Z,NISSAN,XTERRA,XTERRA,0.0741647858416939,2.0,89574.0
nissan-xterra,2024.0,2.5L I4 Titanium 2WD,113500.0,114000.0,113750.0,"AED 113,500 - 114,000",AED,https://www.drivearabia.com/carprices/uae/nissan/nissan-xterra/2024/,2026-06-12T10:35:38Z,NISSAN,XTERRA,XTERRA,0.0741647858416939,2.0,97503.0
nissan-xterra,2024.0,2.5L I4 Titanium 4WD,123000.0,124000.0,123500.0,"AED 123,000 - 124,000",AED,https://www.drivearabia.com/carprices/uae/nissan/nissan-xterra/2024/,2026-06-12T10:35:38Z,NISSAN,XTERRA,XTERRA,0.0741647858416939,2.0,105861.0
nissan-xterra,2024.0,2.5L I4 Platinum 4WD,143000.0,144000.0,143500.0,"AED 143,000 - 144,000",AED,https://www.drivearabia.com/carprices/uae/nissan/nissan-xterra/2024/,2026-06-12T10:35:38Z,NISSAN,XTERRA,XTERRA,0.0741647858416939,2.0,123004.0
nissan-xterra,2025.0,2.5L I4 SE 2WD,104000.0,105000.0,104500.0,"AED 104,000 - 105,000",AED,https://www.drivearabia.com/carprices/uae/nissan/nissan-xterra/2025/,2026-06-12T10:35:40Z,NISSAN,XTERRA,XTERRA,0.0741647858416939,1.0,96750.0
nissan-xterra,2025.0,2.5L I4 Titanium 2WD,113500.0,114000.0,113750.0,"AED 113,500 - 114,000",AED,https://www.drivearabia.com/carprices/uae/nissan/nissan-xterra/2025/,2026-06-12T10:35:40Z,NISSAN,XTERRA,XTERRA,0.0741647858416939,1.0,105314.0
nissan-xterra,2025.0,2.5L I4 SE 4WD,114500.0,115000.0,114750.0,"AED 114,500 - 115,000",AED,https://www.drivearabia.com/carprices/uae/nissan/nissan-xterra/2025/,2026-06-12T10:35:40Z,NISSAN,XTERRA,XTERRA,0.0741647858416939,1.0,106240.0
nissan-xterra,2025.0,2.5L I4 Titanium 4WD,123000.0,124000.0,123500.0,"AED 123,000 - 124,000",AED,https://www.drivearabia.com/carprices/uae/nissan/nissan-xterra/2025/,2026-06-12T10:35:40Z,NISSAN,XTERRA,XTERRA,0.0741647858416939,1.0,114341.0
nissan-xterra,2025.0,2.5L I4 Platinum 4WD,143000.0,144000.0,143500.0,"AED 143,000 - 144,000",AED,https://www.drivearabia.com/carprices/uae/nissan/nissan-xterra/2025/,2026-06-12T10:35:40Z,NISSAN,XTERRA,XTERRA,0.0741647858416939,1.0,132857.0
nissan-xterra,2026.0,2.5L I4 SE 2WD,104000.0,105000.0,104500.0,"AED 104,000 - 105,000",AED,https://www.drivearabia.com/carprices/uae/nissan/nissan-xterra/2026/,2026-06-12T10:35:42Z,NISSAN,XTERRA,XTERRA,0.0741647858416939,0.0,104500.0
nissan-xterra,2026.0,2.5L I4 Titanium 2WD,113500.0,114000.0,113750.0,"AED 113,500 - 114,000",AED,https://www.drivearabia.com/carprices/uae/nissan/nissan-xterra/2026/,2026-06-12T10:35:42Z,NISSAN,XTERRA,XTERRA,0.0741647858416939,0.0,113750.0
nissan-xterra,2026.0,2.5L I4 Platinum 4WD,143000.0,144000.0,143500.0,"AED 143,000 - 144,000",AED,https://www.drivearabia.com/carprices/uae/nissan/nissan-xterra/2026/,2026-06-12T10:35:42Z,NISSAN,XTERRA,XTERRA,0.0741647858416939,0.0,143500.0
nissan-z,2023.0,3.0T I6 manual RWD,205000.0,207000.0,206000.0,"AED 205,000 - 207,000",AED,https://www.drivearabia.com/carprices/uae/nissan/nissan-z/2023/,2026-06-12T10:36:20Z,NISSAN,Z,Z,0.1254380265817335,3.0,137797.0
nissan-z,2023.0,3.0T I6 auto RWD,205000.0,206000.0,205500.0,"AED 205,000 - 206,000",AED,https://www.drivearabia.com/carprices/uae/nissan/nissan-z/2023/,2026-06-12T10:36:20Z,NISSAN,Z,Z,0.1254380265817335,3.0,137462.0
nissan-z,2024.0,3.0T I6 manual RWD,205000.0,207000.0,206000.0,"AED 205,000 - 207,000",AED,https://www.drivearabia.com/carprices/uae/nissan/nissan-z/2024/,2026-06-12T10:36:22Z,NISSAN,Z,Z,0.1254380265817335,2.0,157561.0
nissan-z,2024.0,3.0T I6 auto RWD,205000.0,206000.0,205500.0,"AED 205,000 - 206,000",AED,https://www.drivearabia.com/carprices/uae/nissan/nissan-z/2024/,2026-06-12T10:36:22Z,NISSAN,Z,Z,0.1254380265817335,2.0,157178.0
nissan-z,2025.0,3.0T I6 manual RWD,215900.0,216000.0,215950.0,"AED 215,900 - 216,000",AED,https://www.drivearabia.com/carprices/uae/nissan/nissan-z/2025/,2026-06-12T10:36:24Z,NISSAN,Z,Z,0.1254380265817335,1.0,188862.0
nissan-z,2025.0,3.0T I6 auto RWD,221900.0,222000.0,221950.0,"AED 221,900 - 222,000",AED,https://www.drivearabia.com/carprices/uae/nissan/nissan-z/2025/,2026-06-12T10:36:24Z,NISSAN,Z,Z,0.1254380265817335,1.0,194109.0
nissan-z,2026.0,manual,215900.0,216000.0,215950.0,"AED 215,900 - 216,000",AED,https://www.drivearabia.com/carprices/uae/nissan/nissan-z/2026/,2026-06-12T10:36:26Z,NISSAN,Z,Z,0.1254380265817335,0.0,215950.0
nissan-z,2026.0,auto,221900.0,222000.0,221950.0,"AED 221,900 - 222,000",AED,https://www.drivearabia.com/carprices/uae/nissan/nissan-z/2026/,2026-06-12T10:36:26Z,NISSAN,Z,Z,0.1254380265817335,0.0,221950.0
