model_slug,year,trim_name,price_min_aed,price_max_aed,price_avg_aed,price_raw,currency,url,scraped_at,make,model_name,model,annual_dep_rate,car_age,depreciated_value
toyota-86,2014,GT/GTX MT,94900,104900,99900,"AED 94,900 - 104,900",AED,https://www.drivearabia.com/carprices/uae/toyota/toyota-86/2014/,2026-06-12T08:13:36Z,TOYOTA,86,86,0.0855240591948931,12,34169.0
toyota-86,2014,VT/VTX AT,114900,124900,119900,"AED 114,900 - 124,900",AED,https://www.drivearabia.com/carprices/uae/toyota/toyota-86/2014/,2026-06-12T08:13:36Z,TOYOTA,86,86,0.0855240591948931,12,41010.0
toyota-86,2014,TRD,149000,150000,149500,"AED 149,000 - 150,000",AED,https://www.drivearabia.com/carprices/uae/toyota/toyota-86/2014/,2026-06-12T08:13:36Z,TOYOTA,86,86,0.0855240591948931,12,51134.0
toyota-86,2015,GT/GTX MT,94900,104900,99900,"AED 94,900 - 104,900",AED,https://www.drivearabia.com/carprices/uae/toyota/toyota-86/2015/,2026-06-12T08:13:38Z,TOYOTA,86,86,0.0855240591948931,11,37365.0
toyota-86,2015,VT/VTX AT,114900,124900,119900,"AED 114,900 - 124,900",AED,https://www.drivearabia.com/carprices/uae/toyota/toyota-86/2015/,2026-06-12T08:13:38Z,TOYOTA,86,86,0.0855240591948931,11,44845.0
toyota-86,2015,TRD,149000,150000,149500,"AED 149,000 - 150,000",AED,https://www.drivearabia.com/carprices/uae/toyota/toyota-86/2015/,2026-06-12T08:13:38Z,TOYOTA,86,86,0.0855240591948931,11,55916.0
toyota-86,2016,GTX MT,104900,105000,104950,"AED 104,900 - 105,000",AED,https://www.drivearabia.com/carprices/uae/toyota/toyota-86/2016/,2026-06-12T08:13:39Z,TOYOTA,86,86,0.0855240591948931,10,42925.0
toyota-86,2016,VT/VTX AT,114900,124900,119900,"AED 114,900 - 124,900",AED,https://www.drivearabia.com/carprices/uae/toyota/toyota-86/2016/,2026-06-12T08:13:39Z,TOYOTA,86,86,0.0855240591948931,10,49039.0
toyota-86,2017,GTX MT,104900,105000,104950,"AED 104,900 - 105,000",AED,https://www.drivearabia.com/carprices/uae/toyota/toyota-86/2017/,2026-06-12T08:13:41Z,TOYOTA,86,86,0.0855240591948931,9,46939.0
toyota-86,2017,VT/VTX AT,114900,124900,119900,"AED 114,900 - 124,900",AED,https://www.drivearabia.com/carprices/uae/toyota/toyota-86/2017/,2026-06-12T08:13:41Z,TOYOTA,86,86,0.0855240591948931,9,53625.0
toyota-86,2018,GTX MT,104900,105000,104950,"AED 104,900 - 105,000",AED,https://www.drivearabia.com/carprices/uae/toyota/toyota-86/2018/,2026-06-12T08:13:43Z,TOYOTA,86,86,0.0855240591948931,8,51329.0
toyota-86,2018,VT/VTX AT,114900,124900,119900,"AED 114,900 - 124,900",AED,https://www.drivearabia.com/carprices/uae/toyota/toyota-86/2018/,2026-06-12T08:13:43Z,TOYOTA,86,86,0.0855240591948931,8,58640.0
toyota-86,2019,VTX AT,116500,117000,116750,"AED 116,500 - 117,000",AED,https://www.drivearabia.com/carprices/uae/toyota/toyota-86/2019/,2026-06-12T08:13:45Z,TOYOTA,86,86,0.0855240591948931,7,62440.0
toyota-aurion,2015,Sport,114000,115000,114500,"AED 114,000 - 115,000",AED,https://www.drivearabia.com/carprices/uae/toyota/toyota-aurion/2015/,2026-06-12T08:14:22Z,TOYOTA,AURION,AURION,0.1238282453360377,11,26748.0
toyota-aurion,2015,Limited,117000,118000,117500,"AED 117,000 - 118,000",AED,https://www.drivearabia.com/carprices/uae/toyota/toyota-aurion/2015/,2026-06-12T08:14:22Z,TOYOTA,AURION,AURION,0.1238282453360377,11,27449.0
toyota-aurion,2015,TRD,125725,126000,125862,"AED 125,725 - 126,000",AED,https://www.drivearabia.com/carprices/uae/toyota/toyota-aurion/2015/,2026-06-12T08:14:22Z,TOYOTA,AURION,AURION,0.1238282453360377,11,29402.0
toyota-aurion,2016,Sport,114000,115000,114500,"AED 114,000 - 115,000",AED,https://www.drivearabia.com/carprices/uae/toyota/toyota-aurion/2016/,2026-06-12T08:14:24Z,TOYOTA,AURION,AURION,0.1238282453360377,10,30528.0
toyota-aurion,2016,Limited,117000,118000,117500,"AED 117,000 - 118,000",AED,https://www.drivearabia.com/carprices/uae/toyota/toyota-aurion/2016/,2026-06-12T08:14:24Z,TOYOTA,AURION,AURION,0.1238282453360377,10,31328.0
toyota-aurion,2016,TRD,125725,126000,125862,"AED 125,725 - 126,000",AED,https://www.drivearabia.com/carprices/uae/toyota/toyota-aurion/2016/,2026-06-12T08:14:24Z,TOYOTA,AURION,AURION,0.1238282453360377,10,33557.0
toyota-avalon,2013,S/SE,128000,134000,131000,"AED 128,000 - 134,000",AED,https://www.drivearabia.com/carprices/uae/toyota/toyota-avalon/2013/,2026-06-12T08:15:02Z,TOYOTA,AVALON,AVALON,0.16249445007892904,13,13065.0
toyota-avalon,2013,SE Plus/Limited,149000,154000,151500,"AED 149,000 - 154,000",AED,https://www.drivearabia.com/carprices/uae/toyota/toyota-avalon/2013/,2026-06-12T08:15:02Z,TOYOTA,AVALON,AVALON,0.16249445007892904,13,15110.0
toyota-avalon,2014,S/SE,128000,134000,131000,"AED 128,000 - 134,000",AED,https://www.drivearabia.com/carprices/uae/toyota/toyota-avalon/2014/,2026-06-12T08:15:04Z,TOYOTA,AVALON,AVALON,0.16249445007892904,12,15600.0
toyota-avalon,2014,SE Plus/Limited,149000,154000,151500,"AED 149,000 - 154,000",AED,https://www.drivearabia.com/carprices/uae/toyota/toyota-avalon/2014/,2026-06-12T08:15:04Z,TOYOTA,AVALON,AVALON,0.16249445007892904,12,18041.0
toyota-avalon,2015,S,119000,120000,119500,"AED 119,000 - 120,000",AED,https://www.drivearabia.com/carprices/uae/toyota/toyota-avalon/2015/,2026-06-12T08:15:06Z,TOYOTA,AVALON,AVALON,0.16249445007892904,11,16992.0
toyota-avalon,2015,SE,134000,135000,134500,"AED 134,000 - 135,000",AED,https://www.drivearabia.com/carprices/uae/toyota/toyota-avalon/2015/,2026-06-12T08:15:06Z,TOYOTA,AVALON,AVALON,0.16249445007892904,11,19124.0
toyota-avalon,2015,SE Plus,149000,150000,149500,"AED 149,000 - 150,000",AED,https://www.drivearabia.com/carprices/uae/toyota/toyota-avalon/2015/,2026-06-12T08:15:06Z,TOYOTA,AVALON,AVALON,0.16249445007892904,11,21257.0
toyota-avalon,2015,Grande,154000,155000,154500,"AED 154,000 - 155,000",AED,https://www.drivearabia.com/carprices/uae/toyota/toyota-avalon/2015/,2026-06-12T08:15:06Z,TOYOTA,AVALON,AVALON,0.16249445007892904,11,21968.0
toyota-avalon,2016,S,119000,120000,119500,"AED 119,000 - 120,000",AED,https://www.drivearabia.com/carprices/uae/toyota/toyota-avalon/2016/,2026-06-12T08:15:08Z,TOYOTA,AVALON,AVALON,0.16249445007892904,10,20288.0
toyota-avalon,2016,SE,134000,135000,134500,"AED 134,000 - 135,000",AED,https://www.drivearabia.com/carprices/uae/toyota/toyota-avalon/2016/,2026-06-12T08:15:08Z,TOYOTA,AVALON,AVALON,0.16249445007892904,10,22835.0
toyota-avalon,2016,SE Plus,149000,150000,149500,"AED 149,000 - 150,000",AED,https://www.drivearabia.com/carprices/uae/toyota/toyota-avalon/2016/,2026-06-12T08:15:08Z,TOYOTA,AVALON,AVALON,0.16249445007892904,10,25382.0
toyota-avalon,2016,Grande,154000,155000,154500,"AED 154,000 - 155,000",AED,https://www.drivearabia.com/carprices/uae/toyota/toyota-avalon/2016/,2026-06-12T08:15:08Z,TOYOTA,AVALON,AVALON,0.16249445007892904,10,26230.0
toyota-avalon,2017,S,119000,120000,119500,"AED 119,000 - 120,000",AED,https://www.drivearabia.com/carprices/uae/toyota/toyota-avalon/2017/,2026-06-12T08:15:10Z,TOYOTA,AVALON,AVALON,0.16249445007892904,9,24225.0
toyota-avalon,2017,SE,134000,135000,134500,"AED 134,000 - 135,000",AED,https://www.drivearabia.com/carprices/uae/toyota/toyota-avalon/2017/,2026-06-12T08:15:10Z,TOYOTA,AVALON,AVALON,0.16249445007892904,9,27265.0
toyota-avalon,2017,SE Plus,149000,150000,149500,"AED 149,000 - 150,000",AED,https://www.drivearabia.com/carprices/uae/toyota/toyota-avalon/2017/,2026-06-12T08:15:10Z,TOYOTA,AVALON,AVALON,0.16249445007892904,9,30306.0
toyota-avalon,2017,Grande,154000,155000,154500,"AED 154,000 - 155,000",AED,https://www.drivearabia.com/carprices/uae/toyota/toyota-avalon/2017/,2026-06-12T08:15:10Z,TOYOTA,AVALON,AVALON,0.16249445007892904,9,31320.0
toyota-avalon,2018,S,119000,120000,119500,"AED 119,000 - 120,000",AED,https://www.drivearabia.com/carprices/uae/toyota/toyota-avalon/2018/,2026-06-12T08:15:12Z,TOYOTA,AVALON,AVALON,0.16249445007892904,8,28925.0
toyota-avalon,2018,SE,134000,135000,134500,"AED 134,000 - 135,000",AED,https://www.drivearabia.com/carprices/uae/toyota/toyota-avalon/2018/,2026-06-12T08:15:12Z,TOYOTA,AVALON,AVALON,0.16249445007892904,8,32555.0
toyota-avalon,2018,SE Plus,149000,150000,149500,"AED 149,000 - 150,000",AED,https://www.drivearabia.com/carprices/uae/toyota/toyota-avalon/2018/,2026-06-12T08:15:12Z,TOYOTA,AVALON,AVALON,0.16249445007892904,8,36186.0
toyota-avalon,2018,Grande,154000,155000,154500,"AED 154,000 - 155,000",AED,https://www.drivearabia.com/carprices/uae/toyota/toyota-avalon/2018/,2026-06-12T08:15:12Z,TOYOTA,AVALON,AVALON,0.16249445007892904,8,37396.0
toyota-avalon,2019,SE Plus,144900,145000,144950,"AED 144,900 - 145,000",AED,https://www.drivearabia.com/carprices/uae/toyota/toyota-avalon/2019/,2026-06-12T08:15:13Z,TOYOTA,AVALON,AVALON,0.16249445007892904,7,41892.0
toyota-avalon,2019,Limited,164900,165000,164950,"AED 164,900 - 165,000",AED,https://www.drivearabia.com/carprices/uae/toyota/toyota-avalon/2019/,2026-06-12T08:15:13Z,TOYOTA,AVALON,AVALON,0.16249445007892904,7,47672.0
toyota-avalon,2020,SE Plus,144900,145000,144950,"AED 144,900 - 145,000",AED,https://www.drivearabia.com/carprices/uae/toyota/toyota-avalon/2020/,2026-06-12T08:15:15Z,TOYOTA,AVALON,AVALON,0.16249445007892904,6,50020.0
toyota-avalon,2020,Limited,164900,165000,164950,"AED 164,900 - 165,000",AED,https://www.drivearabia.com/carprices/uae/toyota/toyota-avalon/2020/,2026-06-12T08:15:15Z,TOYOTA,AVALON,AVALON,0.16249445007892904,6,56922.0
toyota-avalon,2021,SE Plus,144900,145000,144950,"AED 144,900 - 145,000",AED,https://www.drivearabia.com/carprices/uae/toyota/toyota-avalon/2021/,2026-06-12T08:15:17Z,TOYOTA,AVALON,AVALON,0.16249445007892904,5,59725.0
toyota-avalon,2021,Limited,164900,165000,164950,"AED 164,900 - 165,000",AED,https://www.drivearabia.com/carprices/uae/toyota/toyota-avalon/2021/,2026-06-12T08:15:17Z,TOYOTA,AVALON,AVALON,0.16249445007892904,5,67966.0
toyota-avalon,2022,SE Plus,144900,145000,144950,"AED 144,900 - 145,000",AED,https://www.drivearabia.com/carprices/uae/toyota/toyota-avalon/2022/,2026-06-12T08:15:19Z,TOYOTA,AVALON,AVALON,0.16249445007892904,4,71313.0
toyota-avalon,2022,Limited,164900,165000,164950,"AED 164,900 - 165,000",AED,https://www.drivearabia.com/carprices/uae/toyota/toyota-avalon/2022/,2026-06-12T08:15:19Z,TOYOTA,AVALON,AVALON,0.16249445007892904,4,81153.0
toyota-avanza,2015,SE,54900,56000,55450,"AED 54,900 - 56,000",AED,https://www.drivearabia.com/carprices/uae/toyota/toyota-avanza/2015/,2026-06-12T08:15:47Z,TOYOTA,AVANZA,AVANZA,0.0831278107591769,11,21345.0
toyota-avanza,2016,SE,54900,56000,55450,"AED 54,900 - 56,000",AED,https://www.drivearabia.com/carprices/uae/toyota/toyota-avanza/2016/,2026-06-12T08:15:49Z,TOYOTA,AVANZA,AVANZA,0.0831278107591769,10,23280.0
toyota-avanza,2017,SE,54900,56000,55450,"AED 54,900 - 56,000",AED,https://www.drivearabia.com/carprices/uae/toyota/toyota-avanza/2017/,2026-06-12T08:15:51Z,TOYOTA,AVANZA,AVANZA,0.0831278107591769,9,25391.0
toyota-avanza,2018,SE,54900,56000,55450,"AED 54,900 - 56,000",AED,https://www.drivearabia.com/carprices/uae/toyota/toyota-avanza/2018/,2026-06-12T08:15:53Z,TOYOTA,AVANZA,AVANZA,0.0831278107591769,8,27693.0
toyota-avanza,2019,SE,54900,56000,55450,"AED 54,900 - 56,000",AED,https://www.drivearabia.com/carprices/uae/toyota/toyota-avanza/2019/,2026-06-12T08:15:54Z,TOYOTA,AVANZA,AVANZA,0.0831278107591769,7,30204.0
toyota-avanza,2020,SE,54900,56000,55450,"AED 54,900 - 56,000",AED,https://www.drivearabia.com/carprices/uae/toyota/toyota-avanza/2020/,2026-06-12T08:15:56Z,TOYOTA,AVANZA,AVANZA,0.0831278107591769,6,32942.0
toyota-avanza,2021,SE,54900,56000,55450,"AED 54,900 - 56,000",AED,https://www.drivearabia.com/carprices/uae/toyota/toyota-avanza/2021/,2026-06-12T08:15:58Z,TOYOTA,AVANZA,AVANZA,0.0831278107591769,5,35929.0
toyota-c-hr,2020,1.8L GX Hybrid,86900,87000,86950,"AED 86,900 - 87,000",AED,https://www.drivearabia.com/carprices/uae/toyota/toyota-c-hr/2020/,2026-06-12T08:16:32Z,TOYOTA,C-HR,C-HR,0.12629779825151954,6,38677.0
toyota-c-hr,2020,1.8L VX Hybrid,93900,94000,93950,"AED 93,900 - 94,000",AED,https://www.drivearabia.com/carprices/uae/toyota/toyota-c-hr/2020/,2026-06-12T08:16:32Z,TOYOTA,C-HR,C-HR,0.12629779825151954,6,41790.0
toyota-c-hr,2021,1.8L GX Hybrid,86900,87000,86950,"AED 86,900 - 87,000",AED,https://www.drivearabia.com/carprices/uae/toyota/toyota-c-hr/2021/,2026-06-12T08:16:34Z,TOYOTA,C-HR,C-HR,0.12629779825151954,5,44268.0
toyota-c-hr,2021,1.8L VX Hybrid,93900,94000,93950,"AED 93,900 - 94,000",AED,https://www.drivearabia.com/carprices/uae/toyota/toyota-c-hr/2021/,2026-06-12T08:16:34Z,TOYOTA,C-HR,C-HR,0.12629779825151954,5,47831.0
toyota-c-hr,2022,1.8L GX Hybrid,86900,87000,86950,"AED 86,900 - 87,000",AED,https://www.drivearabia.com/carprices/uae/toyota/toyota-c-hr/2022/,2026-06-12T08:16:36Z,TOYOTA,C-HR,C-HR,0.12629779825151954,4,50667.0
toyota-c-hr,2022,1.8L VX Hybrid,93900,94000,93950,"AED 93,900 - 94,000",AED,https://www.drivearabia.com/carprices/uae/toyota/toyota-c-hr/2022/,2026-06-12T08:16:36Z,TOYOTA,C-HR,C-HR,0.12629779825151954,4,54746.0
toyota-c-hr,2023,1.8L GX,92900,93000,92950,"AED 92,900 - 93,000",AED,https://www.drivearabia.com/carprices/uae/toyota/toyota-c-hr/2023/,2026-06-12T08:16:38Z,TOYOTA,C-HR,C-HR,0.12629779825151954,3,61993.0
toyota-c-hr,2023,1.8L VX,99900,100000,99950,"AED 99,900 - 100,000",AED,https://www.drivearabia.com/carprices/uae/toyota/toyota-c-hr/2023/,2026-06-12T08:16:38Z,TOYOTA,C-HR,C-HR,0.12629779825151954,3,66661.0
toyota-camry,2012,S,86000,88000,87000,"AED 86,000 - 88,000",AED,https://www.drivearabia.com/carprices/uae/toyota/toyota-camry/2012/,2026-06-12T08:17:08Z,TOYOTA,CAMRY,CAMRY,0.10791818842799095,14,17587.0
toyota-camry,2012,SE/Plus/Sport,95000,102000,98500,"AED 95,000 - 102,000",AED,https://www.drivearabia.com/carprices/uae/toyota/toyota-camry/2012/,2026-06-12T08:17:08Z,TOYOTA,CAMRY,CAMRY,0.10791818842799095,14,19911.0
toyota-camry,2013,S,86000,88000,87000,"AED 86,000 - 88,000",AED,https://www.drivearabia.com/carprices/uae/toyota/toyota-camry/2013/,2026-06-12T08:17:10Z,TOYOTA,CAMRY,CAMRY,0.10791818842799095,13,19714.0
toyota-camry,2013,SE/Plus/Sport,95000,102000,98500,"AED 95,000 - 102,000",AED,https://www.drivearabia.com/carprices/uae/toyota/toyota-camry/2013/,2026-06-12T08:17:10Z,TOYOTA,CAMRY,CAMRY,0.10791818842799095,13,22320.0
toyota-camry,2014,S,86900,88000,87450,"AED 86,900 - 88,000",AED,https://www.drivearabia.com/carprices/uae/toyota/toyota-camry/2014/,2026-06-12T08:17:12Z,TOYOTA,CAMRY,CAMRY,0.10791818842799095,12,22213.0
toyota-camry,2014,SE/Plus,93900,98500,96200,"AED 93,900 - 98,500",AED,https://www.drivearabia.com/carprices/uae/toyota/toyota-camry/2014/,2026-06-12T08:17:12Z,TOYOTA,CAMRY,CAMRY,0.10791818842799095,12,24436.0
toyota-camry,2014,RZ,105000,106000,105500,"AED 105,000 - 106,000",AED,https://www.drivearabia.com/carprices/uae/toyota/toyota-camry/2014/,2026-06-12T08:17:12Z,TOYOTA,CAMRY,CAMRY,0.10791818842799095,12,26798.0
toyota-camry,2014,Sport/Limited,106000,107000,106500,"AED 106,000 - 107,000",AED,https://www.drivearabia.com/carprices/uae/toyota/toyota-camry/2014/,2026-06-12T08:17:12Z,TOYOTA,CAMRY,CAMRY,0.10791818842799095,12,27052.0
toyota-camry,2015,S,86900,88000,87450,"AED 86,900 - 88,000",AED,https://www.drivearabia.com/carprices/uae/toyota/toyota-camry/2015/,2026-06-12T08:17:14Z,TOYOTA,CAMRY,CAMRY,0.10791818842799095,11,24901.0
toyota-camry,2015,SE/Plus,93900,98500,96200,"AED 93,900 - 98,500",AED,https://www.drivearabia.com/carprices/uae/toyota/toyota-camry/2015/,2026-06-12T08:17:14Z,TOYOTA,CAMRY,CAMRY,0.10791818842799095,11,27392.0
toyota-camry,2015,RZ,105000,106000,105500,"AED 105,000 - 106,000",AED,https://www.drivearabia.com/carprices/uae/toyota/toyota-camry/2015/,2026-06-12T08:17:14Z,TOYOTA,CAMRY,CAMRY,0.10791818842799095,11,30040.0
toyota-camry,2015,Sport/Limited,106000,107000,106500,"AED 106,000 - 107,000",AED,https://www.drivearabia.com/carprices/uae/toyota/toyota-camry/2015/,2026-06-12T08:17:14Z,TOYOTA,CAMRY,CAMRY,0.10791818842799095,11,30325.0
toyota-camry,2016,S,83900,84500,84200,"AED 83,900 - 84,500",AED,https://www.drivearabia.com/carprices/uae/toyota/toyota-camry/2016/,2026-06-12T08:17:16Z,TOYOTA,CAMRY,CAMRY,0.10791818842799095,10,26876.0
toyota-camry,2016,SE,87900,88500,88200,"AED 87,900 - 88,500",AED,https://www.drivearabia.com/carprices/uae/toyota/toyota-camry/2016/,2026-06-12T08:17:16Z,TOYOTA,CAMRY,CAMRY,0.10791818842799095,10,28152.0
toyota-camry,2016,SE Plus,95900,96500,96200,"AED 95,900 - 96,500",AED,https://www.drivearabia.com/carprices/uae/toyota/toyota-camry/2016/,2026-06-12T08:17:16Z,TOYOTA,CAMRY,CAMRY,0.10791818842799095,10,30706.0
toyota-camry,2016,Limited,105900,106500,106200,"AED 105,900 - 106,500",AED,https://www.drivearabia.com/carprices/uae/toyota/toyota-camry/2016/,2026-06-12T08:17:16Z,TOYOTA,CAMRY,CAMRY,0.10791818842799095,10,33898.0
toyota-camry,2017,S,83900,84500,84200,"AED 83,900 - 84,500",AED,https://www.drivearabia.com/carprices/uae/toyota/toyota-camry/2017/,2026-06-12T08:17:17Z,TOYOTA,CAMRY,CAMRY,0.10791818842799095,9,30127.0
toyota-camry,2017,SE,87900,88500,88200,"AED 87,900 - 88,500",AED,https://www.drivearabia.com/carprices/uae/toyota/toyota-camry/2017/,2026-06-12T08:17:17Z,TOYOTA,CAMRY,CAMRY,0.10791818842799095,9,31558.0
toyota-camry,2017,SE Plus,95900,96500,96200,"AED 95,900 - 96,500",AED,https://www.drivearabia.com/carprices/uae/toyota/toyota-camry/2017/,2026-06-12T08:17:17Z,TOYOTA,CAMRY,CAMRY,0.10791818842799095,9,34421.0
toyota-camry,2017,Limited,105900,106500,106200,"AED 105,900 - 106,500",AED,https://www.drivearabia.com/carprices/uae/toyota/toyota-camry/2017/,2026-06-12T08:17:17Z,TOYOTA,CAMRY,CAMRY,0.10791818842799095,9,37999.0
toyota-camry,2018,2.5 S,91000,92000,91500,"AED 91,000 - 92,000",AED,https://www.drivearabia.com/carprices/uae/toyota/toyota-camry/2018/,2026-06-12T08:17:19Z,TOYOTA,CAMRY,CAMRY,0.10791818842799095,8,36699.0
toyota-camry,2018,2.5 SE,91900,100000,95950,"AED 91,900 - 100,000",AED,https://www.drivearabia.com/carprices/uae/toyota/toyota-camry/2018/,2026-06-12T08:17:19Z,TOYOTA,CAMRY,CAMRY,0.10791818842799095,8,38484.0
toyota-camry,2018,3.5 SE,114000,115000,114500,"AED 114,000 - 115,000",AED,https://www.drivearabia.com/carprices/uae/toyota/toyota-camry/2018/,2026-06-12T08:17:19Z,TOYOTA,CAMRY,CAMRY,0.10791818842799095,8,45924.0
toyota-camry,2018,3.5 Sport,122500,123000,122750,"AED 122,500 - 123,000",AED,https://www.drivearabia.com/carprices/uae/toyota/toyota-camry/2018/,2026-06-12T08:17:19Z,TOYOTA,CAMRY,CAMRY,0.10791818842799095,8,49233.0
toyota-camry,2018,3.5 Limited,124500,125000,124750,"AED 124,500 - 125,000",AED,https://www.drivearabia.com/carprices/uae/toyota/toyota-camry/2018/,2026-06-12T08:17:19Z,TOYOTA,CAMRY,CAMRY,0.10791818842799095,8,50035.0
toyota-camry,2018,Hybrid,133500,133600,133550,"AED 133,500 - 133,600",AED,https://www.drivearabia.com/carprices/uae/toyota/toyota-camry/2018/,2026-06-12T08:17:19Z,TOYOTA,CAMRY,CAMRY,0.10791818842799095,8,53565.0
toyota-camry,2019,2.5 S,91000,92000,91500,"AED 91,000 - 92,000",AED,https://www.drivearabia.com/carprices/uae/toyota/toyota-camry/2019/,2026-06-12T08:17:21Z,TOYOTA,CAMRY,CAMRY,0.10791818842799095,7,41139.0
toyota-camry,2019,2.5 SE,91900,100000,95950,"AED 91,900 - 100,000",AED,https://www.drivearabia.com/carprices/uae/toyota/toyota-camry/2019/,2026-06-12T08:17:21Z,TOYOTA,CAMRY,CAMRY,0.10791818842799095,7,43140.0
toyota-camry,2019,3.5 SE,114000,115000,114500,"AED 114,000 - 115,000",AED,https://www.drivearabia.com/carprices/uae/toyota/toyota-camry/2019/,2026-06-12T08:17:21Z,TOYOTA,CAMRY,CAMRY,0.10791818842799095,7,51480.0
toyota-camry,2019,3.5 Sport,122500,123000,122750,"AED 122,500 - 123,000",AED,https://www.drivearabia.com/carprices/uae/toyota/toyota-camry/2019/,2026-06-12T08:17:21Z,TOYOTA,CAMRY,CAMRY,0.10791818842799095,7,55189.0
toyota-camry,2019,3.5 Limited,124500,125000,124750,"AED 124,500 - 125,000",AED,https://www.drivearabia.com/carprices/uae/toyota/toyota-camry/2019/,2026-06-12T08:17:21Z,TOYOTA,CAMRY,CAMRY,0.10791818842799095,7,56088.0
toyota-camry,2019,Hybrid,133500,133600,133550,"AED 133,500 - 133,600",AED,https://www.drivearabia.com/carprices/uae/toyota/toyota-camry/2019/,2026-06-12T08:17:21Z,TOYOTA,CAMRY,CAMRY,0.10791818842799095,7,60045.0
toyota-camry,2020,2.5 S,91000,92000,91500,"AED 91,000 - 92,000",AED,https://www.drivearabia.com/carprices/uae/toyota/toyota-camry/2020/,2026-06-12T08:17:23Z,TOYOTA,CAMRY,CAMRY,0.10791818842799095,6,46116.0
toyota-camry,2020,2.5 SE,91900,100000,95950,"AED 91,900 - 100,000",AED,https://www.drivearabia.com/carprices/uae/toyota/toyota-camry/2020/,2026-06-12T08:17:23Z,TOYOTA,CAMRY,CAMRY,0.10791818842799095,6,48359.0
toyota-camry,2020,3.5 SE,114000,115000,114500,"AED 114,000 - 115,000",AED,https://www.drivearabia.com/carprices/uae/toyota/toyota-camry/2020/,2026-06-12T08:17:23Z,TOYOTA,CAMRY,CAMRY,0.10791818842799095,6,57708.0
toyota-camry,2020,3.5 Sport,122500,123000,122750,"AED 122,500 - 123,000",AED,https://www.drivearabia.com/carprices/uae/toyota/toyota-camry/2020/,2026-06-12T08:17:23Z,TOYOTA,CAMRY,CAMRY,0.10791818842799095,6,61866.0
toyota-camry,2020,3.5 Limited,124500,125000,124750,"AED 124,500 - 125,000",AED,https://www.drivearabia.com/carprices/uae/toyota/toyota-camry/2020/,2026-06-12T08:17:23Z,TOYOTA,CAMRY,CAMRY,0.10791818842799095,6,62874.0
toyota-camry,2020,Hybrid,133500,133600,133550,"AED 133,500 - 133,600",AED,https://www.drivearabia.com/carprices/uae/toyota/toyota-camry/2020/,2026-06-12T08:17:23Z,TOYOTA,CAMRY,CAMRY,0.10791818842799095,6,67309.0
toyota-camry,2021,2.5 S,95500,96000,95750,"AED 95,500 - 96,000",AED,https://www.drivearabia.com/carprices/uae/toyota/toyota-camry/2021/,2026-06-12T08:17:25Z,TOYOTA,CAMRY,CAMRY,0.10791818842799095,5,54096.0
toyota-camry,2021,2.5 S,98900,99000,98950,"AED 98,900 - 99,000",AED,https://www.drivearabia.com/carprices/uae/toyota/toyota-camry/2021/,2026-06-12T08:17:25Z,TOYOTA,CAMRY,CAMRY,0.10791818842799095,5,55904.0
toyota-camry,2021,2.5 SE,103900,104000,103950,"AED 103,900 - 104,000",AED,https://www.drivearabia.com/carprices/uae/toyota/toyota-camry/2021/,2026-06-12T08:17:25Z,TOYOTA,CAMRY,CAMRY,0.10791818842799095,5,58728.0
toyota-camry,2021,Hybrid,121275,123000,122138,"AED 121,275 - 123,000",AED,https://www.drivearabia.com/carprices/uae/toyota/toyota-camry/2021/,2026-06-12T08:17:25Z,TOYOTA,CAMRY,CAMRY,0.10791818842799095,5,69004.0
toyota-camry,2021,3.5 SE,122900,123000,122950,"AED 122,900 - 123,000",AED,https://www.drivearabia.com/carprices/uae/toyota/toyota-camry/2021/,2026-06-12T08:17:25Z,TOYOTA,CAMRY,CAMRY,0.10791818842799095,5,69463.0
toyota-camry,2021,3.5 Sport,128900,129000,128950,"AED 128,900 - 129,000",AED,https://www.drivearabia.com/carprices/uae/toyota/toyota-camry/2021/,2026-06-12T08:17:25Z,TOYOTA,CAMRY,CAMRY,0.10791818842799095,5,72853.0
toyota-camry,2022,2.5 S,98900,99000,98950,"AED 98,900 - 99,000",AED,https://www.drivearabia.com/carprices/uae/toyota/toyota-camry/2022/,2026-06-12T08:17:27Z,TOYOTA,CAMRY,CAMRY,0.10791818842799095,4,62666.0
toyota-camry,2022,2.5 SE,106900,107000,106950,"AED 106,900 - 107,000",AED,https://www.drivearabia.com/carprices/uae/toyota/toyota-camry/2022/,2026-06-12T08:17:27Z,TOYOTA,CAMRY,CAMRY,0.10791818842799095,4,67733.0
toyota-camry,2022,3.5 SE,126900,127000,126950,"AED 126,900 - 127,000",AED,https://www.drivearabia.com/carprices/uae/toyota/toyota-camry/2022/,2026-06-12T08:17:27Z,TOYOTA,CAMRY,CAMRY,0.10791818842799095,4,80399.0
toyota-camry,2022,3.5 Sport,132900,133000,132950,"AED 132,900 - 133,000",AED,https://www.drivearabia.com/carprices/uae/toyota/toyota-camry/2022/,2026-06-12T08:17:27Z,TOYOTA,CAMRY,CAMRY,0.10791818842799095,4,84199.0
toyota-camry,2022,Hybrid,137900,138000,137950,"AED 137,900 - 138,000",AED,https://www.drivearabia.com/carprices/uae/toyota/toyota-camry/2022/,2026-06-12T08:17:27Z,TOYOTA,CAMRY,CAMRY,0.10791818842799095,4,87366.0
toyota-camry,2023,2.5 S,98900,99000,98950,"AED 98,900 - 99,000",AED,https://www.drivearabia.com/carprices/uae/toyota/toyota-camry/2023/,2026-06-12T08:17:28Z,TOYOTA,CAMRY,CAMRY,0.10791818842799095,3,70247.0
toyota-camry,2023,2.5 SE,107900,108000,107950,"AED 107,900 - 108,000",AED,https://www.drivearabia.com/carprices/uae/toyota/toyota-camry/2023/,2026-06-12T08:17:28Z,TOYOTA,CAMRY,CAMRY,0.10791818842799095,3,76637.0
toyota-camry,2023,3.5 SE,126900,127000,126950,"AED 126,900 - 127,000",AED,https://www.drivearabia.com/carprices/uae/toyota/toyota-camry/2023/,2026-06-12T08:17:28Z,TOYOTA,CAMRY,CAMRY,0.10791818842799095,3,90125.0
toyota-camry,2023,3.5 Sport,132900,133000,132950,"AED 132,900 - 133,000",AED,https://www.drivearabia.com/carprices/uae/toyota/toyota-camry/2023/,2026-06-12T08:17:28Z,TOYOTA,CAMRY,CAMRY,0.10791818842799095,3,94385.0
toyota-camry,2023,Hybrid,139900,140000,139950,"AED 139,900 - 140,000",AED,https://www.drivearabia.com/carprices/uae/toyota/toyota-camry/2023/,2026-06-12T08:17:28Z,TOYOTA,CAMRY,CAMRY,0.10791818842799095,3,99354.0
toyota-camry,2024,2.5L I4 SE FWD,111900,112000,111950,"AED 111,900 - 112,000",AED,https://www.drivearabia.com/carprices/uae/toyota/toyota-camry/2024/,2026-06-12T08:17:30Z,TOYOTA,CAMRY,CAMRY,0.10791818842799095,2,89091.0
toyota-camry,2024,3.5L V6 40th Anniversary FWD,133900,134000,133950,"AED 133,900 - 134,000",AED,https://www.drivearabia.com/carprices/uae/toyota/toyota-camry/2024/,2026-06-12T08:17:30Z,TOYOTA,CAMRY,CAMRY,0.10791818842799095,2,106599.0
toyota-camry,2024,3.5L V6 Sport FWD,130000,138900,134450,"AED 138,900 - 130,000",AED,https://www.drivearabia.com/carprices/uae/toyota/toyota-camry/2024/,2026-06-12T08:17:30Z,TOYOTA,CAMRY,CAMRY,0.10791818842799095,2,106997.0
toyota-camry,2024,2.5H I4 Limited FWD,142900,143000,142950,"AED 142,900 - 143,000",AED,https://www.drivearabia.com/carprices/uae/toyota/toyota-camry/2024/,2026-06-12T08:17:30Z,TOYOTA,CAMRY,CAMRY,0.10791818842799095,2,113761.0
toyota-camry,2025,2.5L I4 E FWD,109900,110000,109950,"AED 109,900 - 110,000",AED,https://www.drivearabia.com/carprices/uae/toyota/toyota-camry/2025/,2026-06-12T08:17:32Z,TOYOTA,CAMRY,CAMRY,0.10791818842799095,1,98084.0
toyota-camry,2025,2.5L I4 XLE FWD,119900,120000,119950,"AED 119,900 - 120,000",AED,https://www.drivearabia.com/carprices/uae/toyota/toyota-camry/2025/,2026-06-12T08:17:32Z,TOYOTA,CAMRY,CAMRY,0.10791818842799095,1,107005.0
toyota-camry,2025,2.5H I4 XLE FWD,123900,124000,123950,"AED 123,900 - 124,000",AED,https://www.drivearabia.com/carprices/uae/toyota/toyota-camry/2025/,2026-06-12T08:17:32Z,TOYOTA,CAMRY,CAMRY,0.10791818842799095,1,110574.0
toyota-camry,2025,2.5L I4 GLE FWD,136900,137000,136950,"AED 136,900 - 137,000",AED,https://www.drivearabia.com/carprices/uae/toyota/toyota-camry/2025/,2026-06-12T08:17:32Z,TOYOTA,CAMRY,CAMRY,0.10791818842799095,1,122171.0
toyota-camry,2025,2.5H I4 GLE FWD,139900,140000,139950,"AED 139,900 - 140,000",AED,https://www.drivearabia.com/carprices/uae/toyota/toyota-camry/2025/,2026-06-12T08:17:32Z,TOYOTA,CAMRY,CAMRY,0.10791818842799095,1,124847.0
toyota-camry,2026,XLE,122900,124000,123450,"AED 122,900 - 124,000",AED,https://www.drivearabia.com/carprices/uae/toyota/toyota-camry/2026/,2026-06-12T08:17:34Z,TOYOTA,CAMRY,CAMRY,0.10791818842799095,0,123450.0
toyota-camry,2026,XLE Hybrid,125900,127000,126450,"AED 125,900 - 127,000",AED,https://www.drivearabia.com/carprices/uae/toyota/toyota-camry/2026/,2026-06-12T08:17:34Z,TOYOTA,CAMRY,CAMRY,0.10791818842799095,0,126450.0
toyota-camry,2026,GLE,139900,140000,139950,"AED 139,900 - 140,000",AED,https://www.drivearabia.com/carprices/uae/toyota/toyota-camry/2026/,2026-06-12T08:17:34Z,TOYOTA,CAMRY,CAMRY,0.10791818842799095,0,139950.0
toyota-camry,2026,Sport,141900,142000,141950,"AED 141,900 - 142,000",AED,https://www.drivearabia.com/carprices/uae/toyota/toyota-camry/2026/,2026-06-12T08:17:34Z,TOYOTA,CAMRY,CAMRY,0.10791818842799095,0,141950.0
toyota-camry,2026,GLE Hybrid,141900,143000,142450,"AED 141,900 - 143,000",AED,https://www.drivearabia.com/carprices/uae/toyota/toyota-camry/2026/,2026-06-12T08:17:34Z,TOYOTA,CAMRY,CAMRY,0.10791818842799095,0,142450.0
toyota-camry,2026,Sport Hybrid,143900,144000,143950,"AED 143,900 - 144,000",AED,https://www.drivearabia.com/carprices/uae/toyota/toyota-camry/2026/,2026-06-12T08:17:34Z,TOYOTA,CAMRY,CAMRY,0.10791818842799095,0,143950.0
toyota-camry,2026,Limited Hybrid,151900,152000,151950,"AED 151,900 - 152,000",AED,https://www.drivearabia.com/carprices/uae/toyota/toyota-camry/2026/,2026-06-12T08:17:34Z,TOYOTA,CAMRY,CAMRY,0.10791818842799095,0,151950.0
toyota-corolla,2014,1.6 S,59500,60000,59750,"AED 59,500 - 60,000",AED,https://www.drivearabia.com/carprices/uae/toyota/toyota-corolla/2014/,2026-06-12T08:18:06Z,TOYOTA,COROLLA,COROLLA,0.09848474485243236,12,17219.0
toyota-corolla,2014,1.6 SE,63500,64000,63750,"AED 63,500 - 64,000",AED,https://www.drivearabia.com/carprices/uae/toyota/toyota-corolla/2014/,2026-06-12T08:18:06Z,TOYOTA,COROLLA,COROLLA,0.09848474485243236,12,18372.0
toyota-corolla,2014,2.0 SE,66900,67000,66950,"AED 66,900 - 67,000",AED,https://www.drivearabia.com/carprices/uae/toyota/toyota-corolla/2014/,2026-06-12T08:18:06Z,TOYOTA,COROLLA,COROLLA,0.09848474485243236,12,19294.0
toyota-corolla,2014,1.6 SE,68500,69000,68750,"AED 68,500 - 69,000",AED,https://www.drivearabia.com/carprices/uae/toyota/toyota-corolla/2014/,2026-06-12T08:18:06Z,TOYOTA,COROLLA,COROLLA,0.09848474485243236,12,19813.0
toyota-corolla,2014,2.0 SE,69900,70000,69950,"AED 69,900 - 70,000",AED,https://www.drivearabia.com/carprices/uae/toyota/toyota-corolla/2014/,2026-06-12T08:18:06Z,TOYOTA,COROLLA,COROLLA,0.09848474485243236,12,20159.0
toyota-corolla,2014,2.0 Limited,73900,74000,73950,"AED 73,900 - 74,000",AED,https://www.drivearabia.com/carprices/uae/toyota/toyota-corolla/2014/,2026-06-12T08:18:06Z,TOYOTA,COROLLA,COROLLA,0.09848474485243236,12,21312.0
toyota-corolla,2015,1.6 S,59500,60000,59750,"AED 59,500 - 60,000",AED,https://www.drivearabia.com/carprices/uae/toyota/toyota-corolla/2015/,2026-06-12T08:18:08Z,TOYOTA,COROLLA,COROLLA,0.09848474485243236,11,19100.0
toyota-corolla,2015,1.6 SE,63500,64000,63750,"AED 63,500 - 64,000",AED,https://www.drivearabia.com/carprices/uae/toyota/toyota-corolla/2015/,2026-06-12T08:18:08Z,TOYOTA,COROLLA,COROLLA,0.09848474485243236,11,20379.0
toyota-corolla,2015,2.0 SE,66900,67000,66950,"AED 66,900 - 67,000",AED,https://www.drivearabia.com/carprices/uae/toyota/toyota-corolla/2015/,2026-06-12T08:18:08Z,TOYOTA,COROLLA,COROLLA,0.09848474485243236,11,21402.0
toyota-corolla,2015,1.6 SE,68500,69000,68750,"AED 68,500 - 69,000",AED,https://www.drivearabia.com/carprices/uae/toyota/toyota-corolla/2015/,2026-06-12T08:18:08Z,TOYOTA,COROLLA,COROLLA,0.09848474485243236,11,21977.0
toyota-corolla,2015,2.0 SE,69900,70000,69950,"AED 69,900 - 70,000",AED,https://www.drivearabia.com/carprices/uae/toyota/toyota-corolla/2015/,2026-06-12T08:18:08Z,TOYOTA,COROLLA,COROLLA,0.09848474485243236,11,22361.0
toyota-corolla,2015,2.0 Limited,73900,74000,73950,"AED 73,900 - 74,000",AED,https://www.drivearabia.com/carprices/uae/toyota/toyota-corolla/2015/,2026-06-12T08:18:08Z,TOYOTA,COROLLA,COROLLA,0.09848474485243236,11,23640.0
toyota-corolla,2016,1.6 S,60500,61000,60750,"AED 60,500 - 61,000",AED,https://www.drivearabia.com/carprices/uae/toyota/toyota-corolla/2016/,2026-06-12T08:18:10Z,TOYOTA,COROLLA,COROLLA,0.09848474485243236,10,21542.0
toyota-corolla,2016,1.6 SE,64000,64500,64250,"AED 64,500 - 64,000",AED,https://www.drivearabia.com/carprices/uae/toyota/toyota-corolla/2016/,2026-06-12T08:18:10Z,TOYOTA,COROLLA,COROLLA,0.09848474485243236,10,22783.0
toyota-corolla,2016,2.0 SE,67000,68900,67950,"AED 68,900 - 67,000",AED,https://www.drivearabia.com/carprices/uae/toyota/toyota-corolla/2016/,2026-06-12T08:18:10Z,TOYOTA,COROLLA,COROLLA,0.09848474485243236,10,24095.0
toyota-corolla,2016,1.6 SE,69000,70500,69750,"AED 70,500 - 69,000",AED,https://www.drivearabia.com/carprices/uae/toyota/toyota-corolla/2016/,2026-06-12T08:18:10Z,TOYOTA,COROLLA,COROLLA,0.09848474485243236,10,24733.0
toyota-corolla,2016,2.0 SE,70000,72500,71250,"AED 72,500 - 70,000",AED,https://www.drivearabia.com/carprices/uae/toyota/toyota-corolla/2016/,2026-06-12T08:18:10Z,TOYOTA,COROLLA,COROLLA,0.09848474485243236,10,25265.0
toyota-corolla,2016,2.0 Limited,74000,75500,74750,"AED 75,500 - 74,000",AED,https://www.drivearabia.com/carprices/uae/toyota/toyota-corolla/2016/,2026-06-12T08:18:10Z,TOYOTA,COROLLA,COROLLA,0.09848474485243236,10,26506.0
toyota-corolla,2017,1.6 S,60500,61000,60750,"AED 60,500 - 61,000",AED,https://www.drivearabia.com/carprices/uae/toyota/toyota-corolla/2017/,2026-06-12T08:18:12Z,TOYOTA,COROLLA,COROLLA,0.09848474485243236,9,23895.0
toyota-corolla,2017,1.6 SE,64500,65000,64750,"AED 64,500 - 65,000",AED,https://www.drivearabia.com/carprices/uae/toyota/toyota-corolla/2017/,2026-06-12T08:18:12Z,TOYOTA,COROLLA,COROLLA,0.09848474485243236,9,25468.0
toyota-corolla,2017,2.0 SE,68900,69000,68950,"AED 68,900 - 69,000",AED,https://www.drivearabia.com/carprices/uae/toyota/toyota-corolla/2017/,2026-06-12T08:18:12Z,TOYOTA,COROLLA,COROLLA,0.09848474485243236,9,27120.0
toyota-corolla,2017,1.6 SE,70500,71000,70750,"AED 70,500 - 71,000",AED,https://www.drivearabia.com/carprices/uae/toyota/toyota-corolla/2017/,2026-06-12T08:18:12Z,TOYOTA,COROLLA,COROLLA,0.09848474485243236,9,27828.0
toyota-corolla,2017,2.0 SE,72500,73000,72750,"AED 72,500 - 73,000",AED,https://www.drivearabia.com/carprices/uae/toyota/toyota-corolla/2017/,2026-06-12T08:18:12Z,TOYOTA,COROLLA,COROLLA,0.09848474485243236,9,28615.0
toyota-corolla,2017,2.0 Limited,75500,76000,75750,"AED 75,500 - 76,000",AED,https://www.drivearabia.com/carprices/uae/toyota/toyota-corolla/2017/,2026-06-12T08:18:12Z,TOYOTA,COROLLA,COROLLA,0.09848474485243236,9,29795.0
toyota-corolla,2018,1.6 SE,70900,71000,70950,"AED 70,900 - 71,000",AED,https://www.drivearabia.com/carprices/uae/toyota/toyota-corolla/2018/,2026-06-12T08:18:14Z,TOYOTA,COROLLA,COROLLA,0.09848474485243236,8,30955.0
toyota-corolla,2018,1.6 SE,73400,74000,73700,"AED 73,400 - 74,000",AED,https://www.drivearabia.com/carprices/uae/toyota/toyota-corolla/2018/,2026-06-12T08:18:14Z,TOYOTA,COROLLA,COROLLA,0.09848474485243236,8,32155.0
toyota-corolla,2018,2.0 SE,75100,76000,75550,"AED 75,100 - 76,000",AED,https://www.drivearabia.com/carprices/uae/toyota/toyota-corolla/2018/,2026-06-12T08:18:14Z,TOYOTA,COROLLA,COROLLA,0.09848474485243236,8,32962.0
toyota-corolla,2018,1.6 Limited,77600,78000,77800,"AED 77,600 - 78,000",AED,https://www.drivearabia.com/carprices/uae/toyota/toyota-corolla/2018/,2026-06-12T08:18:14Z,TOYOTA,COROLLA,COROLLA,0.09848474485243236,8,33944.0
toyota-corolla,2018,2.0 SE,78650,79000,78825,"AED 78,650 - 79,000",AED,https://www.drivearabia.com/carprices/uae/toyota/toyota-corolla/2018/,2026-06-12T08:18:14Z,TOYOTA,COROLLA,COROLLA,0.09848474485243236,8,34391.0
toyota-corolla,2018,2.0 Limited,82850,83000,82925,"AED 82,850 - 83,000",AED,https://www.drivearabia.com/carprices/uae/toyota/toyota-corolla/2018/,2026-06-12T08:18:14Z,TOYOTA,COROLLA,COROLLA,0.09848474485243236,8,36180.0
toyota-corolla,2018,1.6 Sport,96600,97000,96800,"AED 96,600 - 97,000",AED,https://www.drivearabia.com/carprices/uae/toyota/toyota-corolla/2018/,2026-06-12T08:18:14Z,TOYOTA,COROLLA,COROLLA,0.09848474485243236,8,42234.0
toyota-corolla,2018,2.0 Sport,100800,101000,100900,"AED 100,800 - 101,000",AED,https://www.drivearabia.com/carprices/uae/toyota/toyota-corolla/2018/,2026-06-12T08:18:14Z,TOYOTA,COROLLA,COROLLA,0.09848474485243236,8,44023.0
toyota-corolla,2019,1.6 SE,70900,71000,70950,"AED 70,900 - 71,000",AED,https://www.drivearabia.com/carprices/uae/toyota/toyota-corolla/2019/,2026-06-12T08:18:15Z,TOYOTA,COROLLA,COROLLA,0.09848474485243236,7,34337.0
toyota-corolla,2019,1.6 SE,73400,74000,73700,"AED 73,400 - 74,000",AED,https://www.drivearabia.com/carprices/uae/toyota/toyota-corolla/2019/,2026-06-12T08:18:15Z,TOYOTA,COROLLA,COROLLA,0.09848474485243236,7,35668.0
toyota-corolla,2019,2.0 SE,75100,76000,75550,"AED 75,100 - 76,000",AED,https://www.drivearabia.com/carprices/uae/toyota/toyota-corolla/2019/,2026-06-12T08:18:15Z,TOYOTA,COROLLA,COROLLA,0.09848474485243236,7,36563.0
toyota-corolla,2019,1.6 Limited,77600,78000,77800,"AED 77,600 - 78,000",AED,https://www.drivearabia.com/carprices/uae/toyota/toyota-corolla/2019/,2026-06-12T08:18:15Z,TOYOTA,COROLLA,COROLLA,0.09848474485243236,7,37652.0
toyota-corolla,2019,2.0 SE,78650,79000,78825,"AED 78,650 - 79,000",AED,https://www.drivearabia.com/carprices/uae/toyota/toyota-corolla/2019/,2026-06-12T08:18:15Z,TOYOTA,COROLLA,COROLLA,0.09848474485243236,7,38148.0
toyota-corolla,2019,2.0 Limited,82850,83000,82925,"AED 82,850 - 83,000",AED,https://www.drivearabia.com/carprices/uae/toyota/toyota-corolla/2019/,2026-06-12T08:18:15Z,TOYOTA,COROLLA,COROLLA,0.09848474485243236,7,40133.0
toyota-corolla,2019,1.6 Sport,96600,97000,96800,"AED 96,600 - 97,000",AED,https://www.drivearabia.com/carprices/uae/toyota/toyota-corolla/2019/,2026-06-12T08:18:15Z,TOYOTA,COROLLA,COROLLA,0.09848474485243236,7,46848.0
toyota-corolla,2019,2.0 Sport,100800,101000,100900,"AED 100,800 - 101,000",AED,https://www.drivearabia.com/carprices/uae/toyota/toyota-corolla/2019/,2026-06-12T08:18:15Z,TOYOTA,COROLLA,COROLLA,0.09848474485243236,7,48832.0
toyota-corolla,2020,1.6 XLi,71900,72000,71950,"AED 71,900 - 72,000",AED,https://www.drivearabia.com/carprices/uae/toyota/toyota-corolla/2020/,2026-06-12T08:18:17Z,TOYOTA,COROLLA,COROLLA,0.09848474485243236,6,38625.0
toyota-corolla,2020,2.0 XLi,77900,78000,77950,"AED 77,900 - 78,000",AED,https://www.drivearabia.com/carprices/uae/toyota/toyota-corolla/2020/,2026-06-12T08:18:17Z,TOYOTA,COROLLA,COROLLA,0.09848474485243236,6,41846.0
toyota-corolla,2020,1.6 GLi,78900,79000,78950,"AED 78,900 - 79,000",AED,https://www.drivearabia.com/carprices/uae/toyota/toyota-corolla/2020/,2026-06-12T08:18:17Z,TOYOTA,COROLLA,COROLLA,0.09848474485243236,6,42383.0
toyota-corolla,2020,1.8 hybrid,83900,95900,89900,"AED 83,900 - 95,900",AED,https://www.drivearabia.com/carprices/uae/toyota/toyota-corolla/2020/,2026-06-12T08:18:17Z,TOYOTA,COROLLA,COROLLA,0.09848474485243236,6,48261.0
toyota-corolla,2021,1.6 XLi,71900,72000,71950,"AED 71,900 - 72,000",AED,https://www.drivearabia.com/carprices/uae/toyota/toyota-corolla/2021/,2026-06-12T08:18:19Z,TOYOTA,COROLLA,COROLLA,0.09848474485243236,5,42845.0
toyota-corolla,2021,2.0 XLi,77900,78000,77950,"AED 77,900 - 78,000",AED,https://www.drivearabia.com/carprices/uae/toyota/toyota-corolla/2021/,2026-06-12T08:18:19Z,TOYOTA,COROLLA,COROLLA,0.09848474485243236,5,46417.0
toyota-corolla,2021,1.6 GLi,78900,79000,78950,"AED 78,900 - 79,000",AED,https://www.drivearabia.com/carprices/uae/toyota/toyota-corolla/2021/,2026-06-12T08:18:19Z,TOYOTA,COROLLA,COROLLA,0.09848474485243236,5,47013.0
toyota-corolla,2021,1.8 hybrid,83900,95900,89900,"AED 83,900 - 95,900",AED,https://www.drivearabia.com/carprices/uae/toyota/toyota-corolla/2021/,2026-06-12T08:18:19Z,TOYOTA,COROLLA,COROLLA,0.09848474485243236,5,53533.0
toyota-corolla,2022,1.6 XLi,71900,72000,71950,"AED 71,900 - 72,000",AED,https://www.drivearabia.com/carprices/uae/toyota/toyota-corolla/2022/,2026-06-12T08:18:21Z,TOYOTA,COROLLA,COROLLA,0.09848474485243236,4,47525.0
toyota-corolla,2022,2.0 XLi,77900,78000,77950,"AED 77,900 - 78,000",AED,https://www.drivearabia.com/carprices/uae/toyota/toyota-corolla/2022/,2026-06-12T08:18:21Z,TOYOTA,COROLLA,COROLLA,0.09848474485243236,4,51488.0
toyota-corolla,2022,1.6 GLi,78900,79000,78950,"AED 78,900 - 79,000",AED,https://www.drivearabia.com/carprices/uae/toyota/toyota-corolla/2022/,2026-06-12T08:18:21Z,TOYOTA,COROLLA,COROLLA,0.09848474485243236,4,52149.0
toyota-corolla,2022,1.8 hybrid,83900,95900,89900,"AED 83,900 - 95,900",AED,https://www.drivearabia.com/carprices/uae/toyota/toyota-corolla/2022/,2026-06-12T08:18:21Z,TOYOTA,COROLLA,COROLLA,0.09848474485243236,4,59382.0
toyota-corolla,2023,1.6 XLi,73900,75900,74900,"AED 73,900 - 75,900",AED,https://www.drivearabia.com/carprices/uae/toyota/toyota-corolla/2023/,2026-06-12T08:18:23Z,TOYOTA,COROLLA,COROLLA,0.09848474485243236,3,54878.0
toyota-corolla,2023,2.0 XLi,77900,78000,77950,"AED 77,900 - 78,000",AED,https://www.drivearabia.com/carprices/uae/toyota/toyota-corolla/2023/,2026-06-12T08:18:23Z,TOYOTA,COROLLA,COROLLA,0.09848474485243236,3,57113.0
toyota-corolla,2023,1.6 GLi,80900,81000,80950,"AED 80,900 - 81,000",AED,https://www.drivearabia.com/carprices/uae/toyota/toyota-corolla/2023/,2026-06-12T08:18:23Z,TOYOTA,COROLLA,COROLLA,0.09848474485243236,3,59311.0
toyota-corolla,2023,1.8 hybrid,85900,86000,85950,"AED 85,900 - 86,000",AED,https://www.drivearabia.com/carprices/uae/toyota/toyota-corolla/2023/,2026-06-12T08:18:23Z,TOYOTA,COROLLA,COROLLA,0.09848474485243236,3,62975.0
toyota-corolla,2024,1.6 XLi,74900,75900,75400,"AED 74,900 - 75,900",AED,https://www.drivearabia.com/carprices/uae/toyota/toyota-corolla/2024/,2026-06-12T08:18:25Z,TOYOTA,COROLLA,COROLLA,0.09848474485243236,2,61280.0
toyota-corolla,2024,2.0 XLi,77900,78000,77950,"AED 77,900 - 78,000",AED,https://www.drivearabia.com/carprices/uae/toyota/toyota-corolla/2024/,2026-06-12T08:18:25Z,TOYOTA,COROLLA,COROLLA,0.09848474485243236,2,63352.0
toyota-corolla,2024,1.6 GLi,80900,81000,80950,"AED 80,900 - 81,000",AED,https://www.drivearabia.com/carprices/uae/toyota/toyota-corolla/2024/,2026-06-12T08:18:25Z,TOYOTA,COROLLA,COROLLA,0.09848474485243236,2,65790.0
toyota-corolla,2024,1.8 hybrid,85900,86000,85950,"AED 85,900 - 86,000",AED,https://www.drivearabia.com/carprices/uae/toyota/toyota-corolla/2024/,2026-06-12T08:18:25Z,TOYOTA,COROLLA,COROLLA,0.09848474485243236,2,69854.0
toyota-corolla,2025,1.6 I4 XLi FWD,76900,77900,77400,"AED 76,900 - 77,900",AED,https://www.drivearabia.com/carprices/uae/toyota/toyota-corolla/2025/,2026-06-12T08:18:26Z,TOYOTA,COROLLA,COROLLA,0.09848474485243236,1,69777.0
toyota-corolla,2025,1.6 I4 GLi FWD,82900,83000,82950,"AED 82,900 - 83,000",AED,https://www.drivearabia.com/carprices/uae/toyota/toyota-corolla/2025/,2026-06-12T08:18:26Z,TOYOTA,COROLLA,COROLLA,0.09848474485243236,1,74781.0
toyota-corolla,2025,2.0 I4 XLi FWD,83900,84000,83950,"AED 83,900 - 84,000",AED,https://www.drivearabia.com/carprices/uae/toyota/toyota-corolla/2025/,2026-06-12T08:18:26Z,TOYOTA,COROLLA,COROLLA,0.09848474485243236,1,75682.0
toyota-corolla,2025,1.8H I4 Hybrid FWD,87900,88000,87950,"AED 87,900 - 88,000",AED,https://www.drivearabia.com/carprices/uae/toyota/toyota-corolla/2025/,2026-06-12T08:18:26Z,TOYOTA,COROLLA,COROLLA,0.09848474485243236,1,79288.0
toyota-corolla,2026,1.6 I4 XLi FWD,76900,77900,77400,"AED 76,900 - 77,900",AED,https://www.drivearabia.com/carprices/uae/toyota/toyota-corolla/2026/,2026-06-12T08:18:28Z,TOYOTA,COROLLA,COROLLA,0.09848474485243236,0,77400.0
toyota-corolla,2026,1.6 I4 GLi FWD,82900,83000,82950,"AED 82,900 - 83,000",AED,https://www.drivearabia.com/carprices/uae/toyota/toyota-corolla/2026/,2026-06-12T08:18:28Z,TOYOTA,COROLLA,COROLLA,0.09848474485243236,0,82950.0
toyota-corolla,2026,2.0 I4 XLi FWD,83900,84000,83950,"AED 83,900 - 84,000",AED,https://www.drivearabia.com/carprices/uae/toyota/toyota-corolla/2026/,2026-06-12T08:18:28Z,TOYOTA,COROLLA,COROLLA,0.09848474485243236,0,83950.0
toyota-corolla,2026,1.8H I4 Hybrid FWD,87900,88000,87950,"AED 87,900 - 88,000",AED,https://www.drivearabia.com/carprices/uae/toyota/toyota-corolla/2026/,2026-06-12T08:18:28Z,TOYOTA,COROLLA,COROLLA,0.09848474485243236,0,87950.0
toyota-corolla-cross,2021,XL,89900,90000,89950,"AED 89,900 - 90,000",AED,https://www.drivearabia.com/carprices/uae/toyota/toyota-corolla-cross/2021/,2026-06-12T08:18:59Z,TOYOTA,COROLLA CROSS,COROLLA CROSS,-0.0101187040903422,5,94594.0
toyota-corolla-cross,2021,GL,100900,101000,100950,"AED 100,900 - 101,000",AED,https://www.drivearabia.com/carprices/uae/toyota/toyota-corolla-cross/2021/,2026-06-12T08:18:59Z,TOYOTA,COROLLA CROSS,COROLLA CROSS,-0.0101187040903422,5,106162.0
toyota-corolla-cross,2022,XL,89900,90000,89950,"AED 89,900 - 90,000",AED,https://www.drivearabia.com/carprices/uae/toyota/toyota-corolla-cross/2022/,2026-06-12T08:19:01Z,TOYOTA,COROLLA CROSS,COROLLA CROSS,-0.0101187040903422,4,93646.0
toyota-corolla-cross,2022,GL,100900,101000,100950,"AED 100,900 - 101,000",AED,https://www.drivearabia.com/carprices/uae/toyota/toyota-corolla-cross/2022/,2026-06-12T08:19:01Z,TOYOTA,COROLLA CROSS,COROLLA CROSS,-0.0101187040903422,4,105098.0
toyota-corolla-cross,2023,XL,91900,92000,91950,"AED 91,900 - 92,000",AED,https://www.drivearabia.com/carprices/uae/toyota/toyota-corolla-cross/2023/,2026-06-12T08:19:03Z,TOYOTA,COROLLA CROSS,COROLLA CROSS,-0.0101187040903422,3,94770.0
toyota-corolla-cross,2023,GL,106900,107000,106950,"AED 106,900 - 107,000",AED,https://www.drivearabia.com/carprices/uae/toyota/toyota-corolla-cross/2023/,2026-06-12T08:19:03Z,TOYOTA,COROLLA CROSS,COROLLA CROSS,-0.0101187040903422,3,110230.0
toyota-corolla-cross,2024,1.8H I4 XL FWD,92000,94900,93450,"AED 94,900 - 92,000",AED,https://www.drivearabia.com/carprices/uae/toyota/toyota-corolla-cross/2024/,2026-06-12T08:19:05Z,TOYOTA,COROLLA CROSS,COROLLA CROSS,-0.0101187040903422,2,95351.0
toyota-corolla-cross,2024,1.8H I4 GL FWD,109900,110000,109950,"AED 109,900 - 110,000",AED,https://www.drivearabia.com/carprices/uae/toyota/toyota-corolla-cross/2024/,2026-06-12T08:19:05Z,TOYOTA,COROLLA CROSS,COROLLA CROSS,-0.0101187040903422,2,112186.0
toyota-corolla-cross,2025,1.8H I4 XL FWD,96900,97000,96950,"AED 96,900 - 97,000",AED,https://www.drivearabia.com/carprices/uae/toyota/toyota-corolla-cross/2025/,2026-06-12T08:19:06Z,TOYOTA,COROLLA CROSS,COROLLA CROSS,-0.0101187040903422,1,97931.0
toyota-corolla-cross,2025,1.8H I4 GLI FWD,111900,112000,111950,"AED 111,900 - 112,000",AED,https://www.drivearabia.com/carprices/uae/toyota/toyota-corolla-cross/2025/,2026-06-12T08:19:06Z,TOYOTA,COROLLA CROSS,COROLLA CROSS,-0.0101187040903422,1,113083.0
toyota-corolla-cross,2026,1.8H I4 XL FWD,96900,97000,96950,"AED 96,900 - 97,000",AED,https://www.drivearabia.com/carprices/uae/toyota/toyota-corolla-cross/2026/,2026-06-12T08:19:08Z,TOYOTA,COROLLA CROSS,COROLLA CROSS,-0.0101187040903422,0,96950.0
toyota-corolla-cross,2026,1.8H I4 GLI FWD,111900,112000,111950,"AED 111,900 - 112,000",AED,https://www.drivearabia.com/carprices/uae/toyota/toyota-corolla-cross/2026/,2026-06-12T08:19:08Z,TOYOTA,COROLLA CROSS,COROLLA CROSS,-0.0101187040903422,0,111950.0
toyota-crown,2023,2.4H I4 XLE,199900,200000,199950,"AED 199,900 - 200,000",AED,https://www.drivearabia.com/carprices/uae/toyota/toyota-crown/2023/,2026-06-12T08:19:48Z,TOYOTA,CROWN,CROWN,0.07399980214003145,3,158765.0
toyota-crown,2023,2.4H I4 Platinum,229900,230000,229950,"AED 229,900 - 230,000",AED,https://www.drivearabia.com/carprices/uae/toyota/toyota-crown/2023/,2026-06-12T08:19:48Z,TOYOTA,CROWN,CROWN,0.07399980214003145,3,182586.0
toyota-crown,2024,2.4H I4 XLE,199900,200000,199950,"AED 199,900 - 200,000",AED,https://www.drivearabia.com/carprices/uae/toyota/toyota-crown/2024/,2026-06-12T08:19:51Z,TOYOTA,CROWN,CROWN,0.07399980214003145,2,171452.0
toyota-crown,2024,2.4H I4 Platinum,229900,230000,229950,"AED 229,900 - 230,000",AED,https://www.drivearabia.com/carprices/uae/toyota/toyota-crown/2024/,2026-06-12T08:19:51Z,TOYOTA,CROWN,CROWN,0.07399980214003145,2,197177.0
toyota-crown,2025,2.4H I4 XLE,199900,200000,199950,"AED 199,900 - 200,000",AED,https://www.drivearabia.com/carprices/uae/toyota/toyota-crown/2025/,2026-06-12T08:19:53Z,TOYOTA,CROWN,CROWN,0.07399980214003145,1,185154.0
toyota-crown,2025,2.4H I4 Platinum,229900,230000,229950,"AED 229,900 - 230,000",AED,https://www.drivearabia.com/carprices/uae/toyota/toyota-crown/2025/,2026-06-12T08:19:53Z,TOYOTA,CROWN,CROWN,0.07399980214003145,1,212934.0
toyota-crown,2026,2.4H I4 Platinum,199900,200000,199950,"AED 199,900 - 200,000",AED,https://www.drivearabia.com/carprices/uae/toyota/toyota-crown/2026/,2026-06-12T08:19:55Z,TOYOTA,CROWN,CROWN,0.07399980214003145,0,199950.0
toyota-fj-cruiser,2015,EXR,119500,120000,119750,"AED 119,500 - 120,000",AED,https://www.drivearabia.com/carprices/uae/toyota/toyota-fj-cruiser/2015/,2026-06-12T08:20:45Z,TOYOTA,FJ CRUISER,FJ CRUISER,0.1035433913916652,11,35983.0
toyota-fj-cruiser,2015,GXR,132500,133000,132750,"AED 132,500 - 133,000",AED,https://www.drivearabia.com/carprices/uae/toyota/toyota-fj-cruiser/2015/,2026-06-12T08:20:45Z,TOYOTA,FJ CRUISER,FJ CRUISER,0.1035433913916652,11,39889.0
toyota-fj-cruiser,2015,TRD,155000,156000,155500,"AED 155,000 - 156,000",AED,https://www.drivearabia.com/carprices/uae/toyota/toyota-fj-cruiser/2015/,2026-06-12T08:20:45Z,TOYOTA,FJ CRUISER,FJ CRUISER,0.1035433913916652,11,46725.0
toyota-fj-cruiser,2015,VXR,157500,158000,157750,"AED 157,500 - 158,000",AED,https://www.drivearabia.com/carprices/uae/toyota/toyota-fj-cruiser/2015/,2026-06-12T08:20:45Z,TOYOTA,FJ CRUISER,FJ CRUISER,0.1035433913916652,11,47401.0
toyota-fj-cruiser,2016,GXR,132500,133000,132750,"AED 132,500 - 133,000",AED,https://www.drivearabia.com/carprices/uae/toyota/toyota-fj-cruiser/2016/,2026-06-12T08:20:47Z,TOYOTA,FJ CRUISER,FJ CRUISER,0.1035433913916652,10,44497.0
toyota-fj-cruiser,2016,VXR,150900,152000,151450,"AED 150,900 - 152,000",AED,https://www.drivearabia.com/carprices/uae/toyota/toyota-fj-cruiser/2016/,2026-06-12T08:20:47Z,TOYOTA,FJ CRUISER,FJ CRUISER,0.1035433913916652,10,50765.0
toyota-fj-cruiser,2016,Xtreme,158900,160000,159450,"AED 158,900 - 160,000",AED,https://www.drivearabia.com/carprices/uae/toyota/toyota-fj-cruiser/2016/,2026-06-12T08:20:47Z,TOYOTA,FJ CRUISER,FJ CRUISER,0.1035433913916652,10,53446.0
toyota-fj-cruiser,2017,GXR,140000,141000,140500,"AED 140,000 - 141,000",AED,https://www.drivearabia.com/carprices/uae/toyota/toyota-fj-cruiser/2017/,2026-06-12T08:20:49Z,TOYOTA,FJ CRUISER,FJ CRUISER,0.1035433913916652,9,52534.0
toyota-fj-cruiser,2018,GXR,140000,141000,140500,"AED 140,000 - 141,000",AED,https://www.drivearabia.com/carprices/uae/toyota/toyota-fj-cruiser/2018/,2026-06-12T08:20:51Z,TOYOTA,FJ CRUISER,FJ CRUISER,0.1035433913916652,8,58602.0
toyota-fj-cruiser,2019,GXR,147000,148000,147500,"AED 147,000 - 148,000",AED,https://www.drivearabia.com/carprices/uae/toyota/toyota-fj-cruiser/2019/,2026-06-12T08:20:53Z,TOYOTA,FJ CRUISER,FJ CRUISER,0.1035433913916652,7,68627.0
toyota-fj-cruiser,2020,GXR,147000,148000,147500,"AED 147,000 - 148,000",AED,https://www.drivearabia.com/carprices/uae/toyota/toyota-fj-cruiser/2020/,2026-06-12T08:20:55Z,TOYOTA,FJ CRUISER,FJ CRUISER,0.1035433913916652,6,76554.0
toyota-fj-cruiser,2021,GXR,175500,176000,175750,"AED 175,500 - 176,000",AED,https://www.drivearabia.com/carprices/uae/toyota/toyota-fj-cruiser/2021/,2026-06-12T08:20:56Z,TOYOTA,FJ CRUISER,FJ CRUISER,0.1035433913916652,5,101752.0
toyota-fj-cruiser,2021,Adventure X,200300,201000,200650,"AED 200,300 - 201,000",AED,https://www.drivearabia.com/carprices/uae/toyota/toyota-fj-cruiser/2021/,2026-06-12T08:20:56Z,TOYOTA,FJ CRUISER,FJ CRUISER,0.1035433913916652,5,116168.0
toyota-fj-cruiser,2022,GXR,150000,151000,150500,"AED 150,000 - 151,000",AED,https://www.drivearabia.com/carprices/uae/toyota/toyota-fj-cruiser/2022/,2026-06-12T08:20:58Z,TOYOTA,FJ CRUISER,FJ CRUISER,0.1035433913916652,4,97197.0
toyota-fj-cruiser,2022,Adventure X,175000,176000,175500,"AED 175,000 - 176,000",AED,https://www.drivearabia.com/carprices/uae/toyota/toyota-fj-cruiser/2022/,2026-06-12T08:20:58Z,TOYOTA,FJ CRUISER,FJ CRUISER,0.1035433913916652,4,113343.0
toyota-fj-cruiser,2023,GXR,156900,157000,156950,"AED 156,900 - 157,000",AED,https://www.drivearabia.com/carprices/uae/toyota/toyota-fj-cruiser/2023/,2026-06-12T08:21:00Z,TOYOTA,FJ CRUISER,FJ CRUISER,0.1035433913916652,3,113070.0
toyota-fj-cruiser,2023,Adventure X,187900,188000,187950,"AED 187,900 - 188,000",AED,https://www.drivearabia.com/carprices/uae/toyota/toyota-fj-cruiser/2023/,2026-06-12T08:21:00Z,TOYOTA,FJ CRUISER,FJ CRUISER,0.1035433913916652,3,135404.0
toyota-fj-cruiser,2026,FJ 4WD,125000,150000,137500,"AED 125,000 - 150,000",AED,https://www.drivearabia.com/carprices/uae/toyota/toyota-fj-cruiser/2026/,2026-06-12T08:21:04Z,TOYOTA,FJ CRUISER,FJ CRUISER,0.1035433913916652,0,137500.0
toyota-fortuner,2014,2.7L EXR,102000,103000,102500,"AED 102,000 - 103,000",AED,https://www.drivearabia.com/carprices/uae/toyota/toyota-fortuner/2014/,2026-06-12T08:21:45Z,TOYOTA,FORTUNER,FORTUNER,0.07664588353200749,12,39368.0
toyota-fortuner,2014,2.7L TRD,115000,116000,115500,"AED 115,000 - 116,000",AED,https://www.drivearabia.com/carprices/uae/toyota/toyota-fortuner/2014/,2026-06-12T08:21:45Z,TOYOTA,FORTUNER,FORTUNER,0.07664588353200749,12,44361.0
toyota-fortuner,2014,4.0L GXR,122000,123000,122500,"AED 122,000 - 123,000",AED,https://www.drivearabia.com/carprices/uae/toyota/toyota-fortuner/2014/,2026-06-12T08:21:45Z,TOYOTA,FORTUNER,FORTUNER,0.07664588353200749,12,47050.0
toyota-fortuner,2014,4.0L TRD,135000,136000,135500,"AED 135,000 - 136,000",AED,https://www.drivearabia.com/carprices/uae/toyota/toyota-fortuner/2014/,2026-06-12T08:21:45Z,TOYOTA,FORTUNER,FORTUNER,0.07664588353200749,12,52043.0
toyota-fortuner,2015,2.7L EXR,102000,103000,102500,"AED 102,000 - 103,000",AED,https://www.drivearabia.com/carprices/uae/toyota/toyota-fortuner/2015/,2026-06-12T08:21:47Z,TOYOTA,FORTUNER,FORTUNER,0.07664588353200749,11,42636.0
toyota-fortuner,2015,2.7L TRD,115000,116000,115500,"AED 115,000 - 116,000",AED,https://www.drivearabia.com/carprices/uae/toyota/toyota-fortuner/2015/,2026-06-12T08:21:47Z,TOYOTA,FORTUNER,FORTUNER,0.07664588353200749,11,48043.0
toyota-fortuner,2015,4.0L GXR,122000,123000,122500,"AED 122,000 - 123,000",AED,https://www.drivearabia.com/carprices/uae/toyota/toyota-fortuner/2015/,2026-06-12T08:21:47Z,TOYOTA,FORTUNER,FORTUNER,0.07664588353200749,11,50955.0
toyota-fortuner,2015,4.0L TRD,135000,136000,135500,"AED 135,000 - 136,000",AED,https://www.drivearabia.com/carprices/uae/toyota/toyota-fortuner/2015/,2026-06-12T08:21:47Z,TOYOTA,FORTUNER,FORTUNER,0.07664588353200749,11,56363.0
toyota-fortuner,2018,2.7 EXR,114900,115000,114950,"AED 114,900 - 115,000",AED,https://www.drivearabia.com/carprices/uae/toyota/toyota-fortuner/2018/,2026-06-12T08:21:53Z,TOYOTA,FORTUNER,FORTUNER,0.07664588353200749,8,60737.0
toyota-fortuner,2018,4.0 GXR,134900,135000,134950,"AED 134,900 - 135,000",AED,https://www.drivearabia.com/carprices/uae/toyota/toyota-fortuner/2018/,2026-06-12T08:21:53Z,TOYOTA,FORTUNER,FORTUNER,0.07664588353200749,8,71305.0
toyota-fortuner,2018,4.0 VXR,149900,150000,149950,"AED 149,900 - 150,000",AED,https://www.drivearabia.com/carprices/uae/toyota/toyota-fortuner/2018/,2026-06-12T08:21:53Z,TOYOTA,FORTUNER,FORTUNER,0.07664588353200749,8,79231.0
toyota-fortuner,2019,2.7 EXR,114900,115000,114950,"AED 114,900 - 115,000",AED,https://www.drivearabia.com/carprices/uae/toyota/toyota-fortuner/2019/,2026-06-12T08:21:54Z,TOYOTA,FORTUNER,FORTUNER,0.07664588353200749,7,65779.0
toyota-fortuner,2019,4.0 GXR,134900,135000,134950,"AED 134,900 - 135,000",AED,https://www.drivearabia.com/carprices/uae/toyota/toyota-fortuner/2019/,2026-06-12T08:21:54Z,TOYOTA,FORTUNER,FORTUNER,0.07664588353200749,7,77224.0
toyota-fortuner,2019,4.0 VXR,149900,150000,149950,"AED 149,900 - 150,000",AED,https://www.drivearabia.com/carprices/uae/toyota/toyota-fortuner/2019/,2026-06-12T08:21:54Z,TOYOTA,FORTUNER,FORTUNER,0.07664588353200749,7,85807.0
toyota-fortuner,2020,2.7L EXR,114900,115000,114950,"AED 114,900 - 115,000",AED,https://www.drivearabia.com/carprices/uae/toyota/toyota-fortuner/2020/,2026-06-12T08:21:56Z,TOYOTA,FORTUNER,FORTUNER,0.07664588353200749,6,71239.0
toyota-fortuner,2020,4.0L GXR,144900,145000,144950,"AED 144,900 - 145,000",AED,https://www.drivearabia.com/carprices/uae/toyota/toyota-fortuner/2020/,2026-06-12T08:21:56Z,TOYOTA,FORTUNER,FORTUNER,0.07664588353200749,6,89831.0
toyota-fortuner,2020,4.0L VXR,159900,160000,159950,"AED 159,900 - 160,000",AED,https://www.drivearabia.com/carprices/uae/toyota/toyota-fortuner/2020/,2026-06-12T08:21:56Z,TOYOTA,FORTUNER,FORTUNER,0.07664588353200749,6,99127.0
toyota-fortuner,2021,2.7L EXR,120000,120500,120250,"AED 120,000 - 120,500",AED,https://www.drivearabia.com/carprices/uae/toyota/toyota-fortuner/2021/,2026-06-12T08:21:58Z,TOYOTA,FORTUNER,FORTUNER,0.07664588353200749,5,80710.0
toyota-fortuner,2021,4.0L GXR,147000,147500,147250,"AED 147,000 - 147,500",AED,https://www.drivearabia.com/carprices/uae/toyota/toyota-fortuner/2021/,2026-06-12T08:21:58Z,TOYOTA,FORTUNER,FORTUNER,0.07664588353200749,5,98832.0
toyota-fortuner,2021,4.0L VXR,162000,162500,162250,"AED 162,000 - 162,500",AED,https://www.drivearabia.com/carprices/uae/toyota/toyota-fortuner/2021/,2026-06-12T08:21:58Z,TOYOTA,FORTUNER,FORTUNER,0.07664588353200749,5,108900.0
toyota-fortuner,2022,2.7L EXR,122900,123000,122950,"AED 122,900 - 123,000",AED,https://www.drivearabia.com/carprices/uae/toyota/toyota-fortuner/2022/,2026-06-12T08:22:00Z,TOYOTA,FORTUNER,FORTUNER,0.07664588353200749,4,89372.0
toyota-fortuner,2022,4.0L GXR,149900,150000,149950,"AED 149,900 - 150,000",AED,https://www.drivearabia.com/carprices/uae/toyota/toyota-fortuner/2022/,2026-06-12T08:22:00Z,TOYOTA,FORTUNER,FORTUNER,0.07664588353200749,4,108998.0
toyota-fortuner,2022,4.0L VXR,165900,166000,165950,"AED 165,900 - 166,000",AED,https://www.drivearabia.com/carprices/uae/toyota/toyota-fortuner/2022/,2026-06-12T08:22:00Z,TOYOTA,FORTUNER,FORTUNER,0.07664588353200749,4,120629.0
toyota-fortuner,2023,2.7L EXR,122900,123000,122950,"AED 122,900 - 123,000",AED,https://www.drivearabia.com/carprices/uae/toyota/toyota-fortuner/2023/,2026-06-12T08:22:02Z,TOYOTA,FORTUNER,FORTUNER,0.07664588353200749,3,96791.0
toyota-fortuner,2023,4.0L GXR,149900,150000,149950,"AED 149,900 - 150,000",AED,https://www.drivearabia.com/carprices/uae/toyota/toyota-fortuner/2023/,2026-06-12T08:22:02Z,TOYOTA,FORTUNER,FORTUNER,0.07664588353200749,3,118046.0
toyota-fortuner,2023,4.0L VXR,165900,166000,165950,"AED 165,900 - 166,000",AED,https://www.drivearabia.com/carprices/uae/toyota/toyota-fortuner/2023/,2026-06-12T08:22:02Z,TOYOTA,FORTUNER,FORTUNER,0.07664588353200749,3,130642.0
toyota-fortuner,2024,2.7L EXR,122900,123000,122950,"AED 122,900 - 123,000",AED,https://www.drivearabia.com/carprices/uae/toyota/toyota-fortuner/2024/,2026-06-12T08:22:04Z,TOYOTA,FORTUNER,FORTUNER,0.07664588353200749,2,104825.0
toyota-fortuner,2024,4.0L GXR,149900,150000,149950,"AED 149,900 - 150,000",AED,https://www.drivearabia.com/carprices/uae/toyota/toyota-fortuner/2024/,2026-06-12T08:22:04Z,TOYOTA,FORTUNER,FORTUNER,0.07664588353200749,2,127845.0
toyota-fortuner,2024,4.0L VXR,165900,166000,165950,"AED 165,900 - 166,000",AED,https://www.drivearabia.com/carprices/uae/toyota/toyota-fortuner/2024/,2026-06-12T08:22:04Z,TOYOTA,FORTUNER,FORTUNER,0.07664588353200749,2,141486.0
toyota-fortuner,2025,2.7L EXR 4WD,127900,128000,127950,"AED 127,900 - 128,000",AED,https://www.drivearabia.com/carprices/uae/toyota/toyota-fortuner/2025/,2026-06-12T08:22:05Z,TOYOTA,FORTUNER,FORTUNER,0.07664588353200749,1,118143.0
toyota-fortuner,2025,4.0L GXR 4WD,153900,154000,153950,"AED 153,900 - 154,000",AED,https://www.drivearabia.com/carprices/uae/toyota/toyota-fortuner/2025/,2026-06-12T08:22:05Z,TOYOTA,FORTUNER,FORTUNER,0.07664588353200749,1,142150.0
toyota-fortuner,2025,4.0L VXR 4WD,165900,166000,165950,"AED 165,900 - 166,000",AED,https://www.drivearabia.com/carprices/uae/toyota/toyota-fortuner/2025/,2026-06-12T08:22:05Z,TOYOTA,FORTUNER,FORTUNER,0.07664588353200749,1,153231.0
toyota-fortuner,2026,2.7L EXR 4WD,128900,129000,128950,"AED 128,900 - 129,000",AED,https://www.drivearabia.com/carprices/uae/toyota/toyota-fortuner/2026/,2026-06-12T08:22:07Z,TOYOTA,FORTUNER,FORTUNER,0.07664588353200749,0,128950.0
toyota-fortuner,2026,4.0L GXR 4WD,154900,155000,154950,"AED 154,900 - 155,000",AED,https://www.drivearabia.com/carprices/uae/toyota/toyota-fortuner/2026/,2026-06-12T08:22:07Z,TOYOTA,FORTUNER,FORTUNER,0.07664588353200749,0,154950.0
toyota-fortuner,2026,4.0L VXR 4WD,173900,174000,173950,"AED 173,900 - 174,000",AED,https://www.drivearabia.com/carprices/uae/toyota/toyota-fortuner/2026/,2026-06-12T08:22:07Z,TOYOTA,FORTUNER,FORTUNER,0.07664588353200749,0,173950.0
toyota-gr-corolla,2026,manual AWD,182900,183000,182950,"AED 182,900 - 183,000",AED,https://www.drivearabia.com/carprices/uae/toyota/toyota-gr-corolla/2026/,2026-06-12T08:22:44Z,TOYOTA,GR COROLLA,,,0,
toyota-gr-corolla,2026,automatic AWD,184900,185000,184950,"AED 184,900 - 185,000",AED,https://www.drivearabia.com/carprices/uae/toyota/toyota-gr-corolla/2026/,2026-06-12T08:22:44Z,TOYOTA,GR COROLLA,,,0,
toyota-gr-yaris,2026,GR86 MT,167900,168000,167950,"AED 167,900 - 168,000",AED,https://www.drivearabia.com/carprices/uae/toyota/toyota-gr-yaris/2026/,2026-06-12T08:23:21Z,TOYOTA,GR YARIS,,,0,
toyota-gr-yaris,2026,GR 86 AT,169900,170000,169950,"AED 169,900 - 170,000",AED,https://www.drivearabia.com/carprices/uae/toyota/toyota-gr-yaris/2026/,2026-06-12T08:23:21Z,TOYOTA,GR YARIS,,,0,
toyota-gr86,2024,2.4 I4 manual RWD,149900,150000,149950,"AED 149,900 - 150,000",AED,https://www.drivearabia.com/carprices/uae/toyota/toyota-gr86/2024/,2026-06-12T08:23:54Z,TOYOTA,GR86,GR86,0.1508922019748989,2,108112.0
toyota-gr86,2024,2.4 I4 auto RWD,159900,160000,159950,"AED 159,900 - 160,000",AED,https://www.drivearabia.com/carprices/uae/toyota/toyota-gr86/2024/,2026-06-12T08:23:54Z,TOYOTA,GR86,GR86,0.1508922019748989,2,115321.0
toyota-gr86,2024,2.4 I4 brembo RWD,169900,170000,169950,"AED 169,900 - 170,000",AED,https://www.drivearabia.com/carprices/uae/toyota/toyota-gr86/2024/,2026-06-12T08:23:54Z,TOYOTA,GR86,GR86,0.1508922019748989,2,122531.0
toyota-gr86,2025,2.4 I4 manual RWD,149900,150000,149950,"AED 149,900 - 150,000",AED,https://www.drivearabia.com/carprices/uae/toyota/toyota-gr86/2025/,2026-06-12T08:23:56Z,TOYOTA,GR86,GR86,0.1508922019748989,1,127324.0
toyota-gr86,2025,2.4 I4 auto RWD,162900,163000,162950,"AED 162,900 - 163,000",AED,https://www.drivearabia.com/carprices/uae/toyota/toyota-gr86/2025/,2026-06-12T08:23:56Z,TOYOTA,GR86,GR86,0.1508922019748989,1,138362.0
toyota-gr86,2025,2.4 I4 brembo RWD,172900,173000,172950,"AED 172,900 - 173,000",AED,https://www.drivearabia.com/carprices/uae/toyota/toyota-gr86/2025/,2026-06-12T08:23:56Z,TOYOTA,GR86,GR86,0.1508922019748989,1,146853.0
toyota-gr86,2026,AT,162900,164900,163900,"AED 162,900 - 164,900",AED,https://www.drivearabia.com/carprices/uae/toyota/toyota-gr86/2026/,2026-06-12T08:23:58Z,TOYOTA,GR86,GR86,0.1508922019748989,0,163900.0
toyota-granvia,2020,SE,177000,178000,177500,"AED 177,000 - 178,000",AED,https://www.drivearabia.com/carprices/uae/toyota/toyota-granvia/2020/,2026-06-12T08:24:28Z,TOYOTA,GRANVIA,GRANVIA,0.024637313660674398,6,152825.0
toyota-granvia,2020,Premium,199900,200000,199950,"AED 199,900 - 200,000",AED,https://www.drivearabia.com/carprices/uae/toyota/toyota-granvia/2020/,2026-06-12T08:24:28Z,TOYOTA,GRANVIA,GRANVIA,0.024637313660674398,6,172154.0
toyota-granvia,2021,SE,177000,178000,177500,"AED 177,000 - 178,000",AED,https://www.drivearabia.com/carprices/uae/toyota/toyota-granvia/2021/,2026-06-12T08:24:30Z,TOYOTA,GRANVIA,GRANVIA,0.024637313660674398,5,156686.0
toyota-granvia,2021,Premium,199900,200000,199950,"AED 199,900 - 200,000",AED,https://www.drivearabia.com/carprices/uae/toyota/toyota-granvia/2021/,2026-06-12T08:24:30Z,TOYOTA,GRANVIA,GRANVIA,0.024637313660674398,5,176503.0
toyota-granvia,2022,SE,177000,178000,177500,"AED 177,000 - 178,000",AED,https://www.drivearabia.com/carprices/uae/toyota/toyota-granvia/2022/,2026-06-12T08:24:32Z,TOYOTA,GRANVIA,GRANVIA,0.024637313660674398,4,160643.0
toyota-granvia,2022,Premium,199900,200000,199950,"AED 199,900 - 200,000",AED,https://www.drivearabia.com/carprices/uae/toyota/toyota-granvia/2022/,2026-06-12T08:24:32Z,TOYOTA,GRANVIA,GRANVIA,0.024637313660674398,4,180961.0
toyota-granvia,2023,SE,177000,178000,177500,"AED 177,000 - 178,000",AED,https://www.drivearabia.com/carprices/uae/toyota/toyota-granvia/2023/,2026-06-12T08:24:34Z,TOYOTA,GRANVIA,GRANVIA,0.024637313660674398,3,164701.0
toyota-granvia,2023,Premium,199900,200000,199950,"AED 199,900 - 200,000",AED,https://www.drivearabia.com/carprices/uae/toyota/toyota-granvia/2023/,2026-06-12T08:24:34Z,TOYOTA,GRANVIA,GRANVIA,0.024637313660674398,3,185532.0
toyota-granvia,2024,SE,177000,178000,177500,"AED 177,000 - 178,000",AED,https://www.drivearabia.com/carprices/uae/toyota/toyota-granvia/2024/,2026-06-12T08:24:35Z,TOYOTA,GRANVIA,GRANVIA,0.024637313660674398,2,168861.0
toyota-granvia,2024,Premium,199900,200000,199950,"AED 199,900 - 200,000",AED,https://www.drivearabia.com/carprices/uae/toyota/toyota-granvia/2024/,2026-06-12T08:24:35Z,TOYOTA,GRANVIA,GRANVIA,0.024637313660674398,2,190219.0
toyota-granvia,2025,3.5L V6 Premium RWD,211900,212000,211950,"AED 211,900 - 212,000",AED,https://www.drivearabia.com/carprices/uae/toyota/toyota-granvia/2025/,2026-06-12T08:24:37Z,TOYOTA,GRANVIA,GRANVIA,0.024637313660674398,1,206728.0
toyota-granvia,2026,Premium RWD,215900,216000,215950,"AED 215,900 - 216,000",AED,https://www.drivearabia.com/carprices/uae/toyota/toyota-granvia/2026/,2026-06-12T08:24:39Z,TOYOTA,GRANVIA,GRANVIA,0.024637313660674398,0,215950.0
toyota-hiace,2005,Panel Van,84000,87000,85500,"AED 84,000 - 87,000",AED,https://www.drivearabia.com/carprices/uae/toyota/toyota-hiace/2005/,2026-06-12T08:24:52Z,TOYOTA,HIACE,HIACE,0.10584096989696426,21,8160.0
toyota-hiace,2005,Mid Roof Panel Van Super LWB,98000,99000,98500,"AED 98,000 - 99,000",AED,https://www.drivearabia.com/carprices/uae/toyota/toyota-hiace/2005/,2026-06-12T08:24:52Z,TOYOTA,HIACE,HIACE,0.10584096989696426,21,9400.0
toyota-hiace,2005,Commuter,98000,107000,102500,"AED 98,000 - 107,000",AED,https://www.drivearabia.com/carprices/uae/toyota/toyota-hiace/2005/,2026-06-12T08:24:52Z,TOYOTA,HIACE,HIACE,0.10584096989696426,21,9782.0
toyota-hiace,2005,Mid Roof Commuter LWB,110000,112000,111000,"AED 110,000 - 112,000",AED,https://www.drivearabia.com/carprices/uae/toyota/toyota-hiace/2005/,2026-06-12T08:24:52Z,TOYOTA,HIACE,HIACE,0.10584096989696426,21,10593.0
toyota-hiace,2005,High Roof Commuter Super LWB,114000,125000,119500,"AED 114,000 - 125,000",AED,https://www.drivearabia.com/carprices/uae/toyota/toyota-hiace/2005/,2026-06-12T08:24:52Z,TOYOTA,HIACE,HIACE,0.10584096989696426,21,11405.0
toyota-hiace,2006,Panel Van,84000,87000,85500,"AED 84,000 - 87,000",AED,https://www.drivearabia.com/carprices/uae/toyota/toyota-hiace/2006/,2026-06-12T08:24:54Z,TOYOTA,HIACE,HIACE,0.10584096989696426,20,9126.0
toyota-hiace,2006,Mid Roof Panel Van Super LWB,98000,99000,98500,"AED 98,000 - 99,000",AED,https://www.drivearabia.com/carprices/uae/toyota/toyota-hiace/2006/,2026-06-12T08:24:54Z,TOYOTA,HIACE,HIACE,0.10584096989696426,20,10513.0
toyota-hiace,2006,Commuter,98000,107000,102500,"AED 98,000 - 107,000",AED,https://www.drivearabia.com/carprices/uae/toyota/toyota-hiace/2006/,2026-06-12T08:24:54Z,TOYOTA,HIACE,HIACE,0.10584096989696426,20,10940.0
toyota-hiace,2006,Mid Roof Commuter LWB,110000,112000,111000,"AED 110,000 - 112,000",AED,https://www.drivearabia.com/carprices/uae/toyota/toyota-hiace/2006/,2026-06-12T08:24:54Z,TOYOTA,HIACE,HIACE,0.10584096989696426,20,11847.0
toyota-hiace,2006,High Roof Commuter Super LWB,114000,125000,119500,"AED 114,000 - 125,000",AED,https://www.drivearabia.com/carprices/uae/toyota/toyota-hiace/2006/,2026-06-12T08:24:54Z,TOYOTA,HIACE,HIACE,0.10584096989696426,20,12754.0
toyota-hiace,2007,Panel Van,84000,87000,85500,"AED 84,000 - 87,000",AED,https://www.drivearabia.com/carprices/uae/toyota/toyota-hiace/2007/,2026-06-12T08:24:56Z,TOYOTA,HIACE,HIACE,0.10584096989696426,19,10206.0
toyota-hiace,2007,Mid Roof Panel Van Super LWB,98000,99000,98500,"AED 98,000 - 99,000",AED,https://www.drivearabia.com/carprices/uae/toyota/toyota-hiace/2007/,2026-06-12T08:24:56Z,TOYOTA,HIACE,HIACE,0.10584096989696426,19,11758.0
toyota-hiace,2007,Commuter,98000,107000,102500,"AED 98,000 - 107,000",AED,https://www.drivearabia.com/carprices/uae/toyota/toyota-hiace/2007/,2026-06-12T08:24:56Z,TOYOTA,HIACE,HIACE,0.10584096989696426,19,12235.0
toyota-hiace,2007,Mid Roof Commuter LWB,110000,112000,111000,"AED 110,000 - 112,000",AED,https://www.drivearabia.com/carprices/uae/toyota/toyota-hiace/2007/,2026-06-12T08:24:56Z,TOYOTA,HIACE,HIACE,0.10584096989696426,19,13250.0
toyota-hiace,2007,High Roof Commuter Super LWB,114000,125000,119500,"AED 114,000 - 125,000",AED,https://www.drivearabia.com/carprices/uae/toyota/toyota-hiace/2007/,2026-06-12T08:24:56Z,TOYOTA,HIACE,HIACE,0.10584096989696426,19,14264.0
toyota-hiace,2008,Panel Van,84000,87000,85500,"AED 84,000 - 87,000",AED,https://www.drivearabia.com/carprices/uae/toyota/toyota-hiace/2008/,2026-06-12T08:24:58Z,TOYOTA,HIACE,HIACE,0.10584096989696426,18,11414.0
toyota-hiace,2008,Mid Roof Panel Van Super LWB,98000,99000,98500,"AED 98,000 - 99,000",AED,https://www.drivearabia.com/carprices/uae/toyota/toyota-hiace/2008/,2026-06-12T08:24:58Z,TOYOTA,HIACE,HIACE,0.10584096989696426,18,13149.0
toyota-hiace,2008,Commuter,98000,107000,102500,"AED 98,000 - 107,000",AED,https://www.drivearabia.com/carprices/uae/toyota/toyota-hiace/2008/,2026-06-12T08:24:58Z,TOYOTA,HIACE,HIACE,0.10584096989696426,18,13683.0
toyota-hiace,2008,Mid Roof Commuter LWB,110000,112000,111000,"AED 110,000 - 112,000",AED,https://www.drivearabia.com/carprices/uae/toyota/toyota-hiace/2008/,2026-06-12T08:24:58Z,TOYOTA,HIACE,HIACE,0.10584096989696426,18,14818.0
toyota-hiace,2008,High Roof Commuter Super LWB,114000,125000,119500,"AED 114,000 - 125,000",AED,https://www.drivearabia.com/carprices/uae/toyota/toyota-hiace/2008/,2026-06-12T08:24:58Z,TOYOTA,HIACE,HIACE,0.10584096989696426,18,15953.0
toyota-hiace,2009,Panel Van,84000,87000,85500,"AED 84,000 - 87,000",AED,https://www.drivearabia.com/carprices/uae/toyota/toyota-hiace/2009/,2026-06-12T08:25:00Z,TOYOTA,HIACE,HIACE,0.10584096989696426,17,12765.0
toyota-hiace,2009,Mid Roof Panel Van Super LWB,98000,99000,98500,"AED 98,000 - 99,000",AED,https://www.drivearabia.com/carprices/uae/toyota/toyota-hiace/2009/,2026-06-12T08:25:00Z,TOYOTA,HIACE,HIACE,0.10584096989696426,17,14706.0
toyota-hiace,2009,Commuter,98000,107000,102500,"AED 98,000 - 107,000",AED,https://www.drivearabia.com/carprices/uae/toyota/toyota-hiace/2009/,2026-06-12T08:25:00Z,TOYOTA,HIACE,HIACE,0.10584096989696426,17,15303.0
toyota-hiace,2009,Mid Roof Commuter LWB,110000,112000,111000,"AED 110,000 - 112,000",AED,https://www.drivearabia.com/carprices/uae/toyota/toyota-hiace/2009/,2026-06-12T08:25:00Z,TOYOTA,HIACE,HIACE,0.10584096989696426,17,16572.0
toyota-hiace,2009,High Roof Commuter Super LWB,114000,125000,119500,"AED 114,000 - 125,000",AED,https://www.drivearabia.com/carprices/uae/toyota/toyota-hiace/2009/,2026-06-12T08:25:00Z,TOYOTA,HIACE,HIACE,0.10584096989696426,17,17841.0
toyota-hiace,2010,Panel Van,84000,87000,85500,"AED 84,000 - 87,000",AED,https://www.drivearabia.com/carprices/uae/toyota/toyota-hiace/2010/,2026-06-12T08:25:02Z,TOYOTA,HIACE,HIACE,0.10584096989696426,16,14276.0
toyota-hiace,2010,Mid Roof Panel Van Super LWB,98000,99000,98500,"AED 98,000 - 99,000",AED,https://www.drivearabia.com/carprices/uae/toyota/toyota-hiace/2010/,2026-06-12T08:25:02Z,TOYOTA,HIACE,HIACE,0.10584096989696426,16,16446.0
toyota-hiace,2010,Commuter,98000,107000,102500,"AED 98,000 - 107,000",AED,https://www.drivearabia.com/carprices/uae/toyota/toyota-hiace/2010/,2026-06-12T08:25:02Z,TOYOTA,HIACE,HIACE,0.10584096989696426,16,17114.0
toyota-hiace,2010,Mid Roof Commuter LWB,110000,112000,111000,"AED 110,000 - 112,000",AED,https://www.drivearabia.com/carprices/uae/toyota/toyota-hiace/2010/,2026-06-12T08:25:02Z,TOYOTA,HIACE,HIACE,0.10584096989696426,16,18534.0
toyota-hiace,2010,High Roof Commuter Super LWB,114000,125000,119500,"AED 114,000 - 125,000",AED,https://www.drivearabia.com/carprices/uae/toyota/toyota-hiace/2010/,2026-06-12T08:25:02Z,TOYOTA,HIACE,HIACE,0.10584096989696426,16,19953.0
toyota-hiace,2011,Panel Van,84000,87000,85500,"AED 84,000 - 87,000",AED,https://www.drivearabia.com/carprices/uae/toyota/toyota-hiace/2011/,2026-06-12T08:25:04Z,TOYOTA,HIACE,HIACE,0.10584096989696426,15,15966.0
toyota-hiace,2011,Mid Roof Panel Van Super LWB,98000,99000,98500,"AED 98,000 - 99,000",AED,https://www.drivearabia.com/carprices/uae/toyota/toyota-hiace/2011/,2026-06-12T08:25:04Z,TOYOTA,HIACE,HIACE,0.10584096989696426,15,18393.0
toyota-hiace,2011,Commuter,98000,107000,102500,"AED 98,000 - 107,000",AED,https://www.drivearabia.com/carprices/uae/toyota/toyota-hiace/2011/,2026-06-12T08:25:04Z,TOYOTA,HIACE,HIACE,0.10584096989696426,15,19140.0
toyota-hiace,2011,Mid Roof Commuter LWB,110000,112000,111000,"AED 110,000 - 112,000",AED,https://www.drivearabia.com/carprices/uae/toyota/toyota-hiace/2011/,2026-06-12T08:25:04Z,TOYOTA,HIACE,HIACE,0.10584096989696426,15,20727.0
toyota-hiace,2011,High Roof Commuter Super LWB,114000,125000,119500,"AED 114,000 - 125,000",AED,https://www.drivearabia.com/carprices/uae/toyota/toyota-hiace/2011/,2026-06-12T08:25:04Z,TOYOTA,HIACE,HIACE,0.10584096989696426,15,22315.0
toyota-hiace,2012,Panel Van,84000,87000,85500,"AED 84,000 - 87,000",AED,https://www.drivearabia.com/carprices/uae/toyota/toyota-hiace/2012/,2026-06-12T08:25:05Z,TOYOTA,HIACE,HIACE,0.10584096989696426,14,17856.0
toyota-hiace,2012,Mid Roof Panel Van Super LWB,98000,99000,98500,"AED 98,000 - 99,000",AED,https://www.drivearabia.com/carprices/uae/toyota/toyota-hiace/2012/,2026-06-12T08:25:05Z,TOYOTA,HIACE,HIACE,0.10584096989696426,14,20570.0
toyota-hiace,2012,Commuter,98000,107000,102500,"AED 98,000 - 107,000",AED,https://www.drivearabia.com/carprices/uae/toyota/toyota-hiace/2012/,2026-06-12T08:25:05Z,TOYOTA,HIACE,HIACE,0.10584096989696426,14,21406.0
toyota-hiace,2012,Mid Roof Commuter LWB,110000,112000,111000,"AED 110,000 - 112,000",AED,https://www.drivearabia.com/carprices/uae/toyota/toyota-hiace/2012/,2026-06-12T08:25:05Z,TOYOTA,HIACE,HIACE,0.10584096989696426,14,23181.0
toyota-hiace,2012,High Roof Commuter Super LWB,114000,125000,119500,"AED 114,000 - 125,000",AED,https://www.drivearabia.com/carprices/uae/toyota/toyota-hiace/2012/,2026-06-12T08:25:05Z,TOYOTA,HIACE,HIACE,0.10584096989696426,14,24956.0
toyota-hiace,2013,Panel Van,84000,87000,85500,"AED 84,000 - 87,000",AED,https://www.drivearabia.com/carprices/uae/toyota/toyota-hiace/2013/,2026-06-12T08:25:07Z,TOYOTA,HIACE,HIACE,0.10584096989696426,13,19969.0
toyota-hiace,2013,Mid Roof Panel Van Super LWB,98000,99000,98500,"AED 98,000 - 99,000",AED,https://www.drivearabia.com/carprices/uae/toyota/toyota-hiace/2013/,2026-06-12T08:25:07Z,TOYOTA,HIACE,HIACE,0.10584096989696426,13,23005.0
toyota-hiace,2013,Commuter,98000,107000,102500,"AED 98,000 - 107,000",AED,https://www.drivearabia.com/carprices/uae/toyota/toyota-hiace/2013/,2026-06-12T08:25:07Z,TOYOTA,HIACE,HIACE,0.10584096989696426,13,23940.0
toyota-hiace,2013,Mid Roof Commuter LWB,110000,112000,111000,"AED 110,000 - 112,000",AED,https://www.drivearabia.com/carprices/uae/toyota/toyota-hiace/2013/,2026-06-12T08:25:07Z,TOYOTA,HIACE,HIACE,0.10584096989696426,13,25925.0
toyota-hiace,2013,High Roof Commuter Super LWB,114000,125000,119500,"AED 114,000 - 125,000",AED,https://www.drivearabia.com/carprices/uae/toyota/toyota-hiace/2013/,2026-06-12T08:25:07Z,TOYOTA,HIACE,HIACE,0.10584096989696426,13,27910.0
toyota-hiace,2014,Panel Van,84000,87000,85500,"AED 84,000 - 87,000",AED,https://www.drivearabia.com/carprices/uae/toyota/toyota-hiace/2014/,2026-06-12T08:25:09Z,TOYOTA,HIACE,HIACE,0.10584096989696426,12,22333.0
toyota-hiace,2014,Mid Roof Panel Van Super LWB,98000,99000,98500,"AED 98,000 - 99,000",AED,https://www.drivearabia.com/carprices/uae/toyota/toyota-hiace/2014/,2026-06-12T08:25:09Z,TOYOTA,HIACE,HIACE,0.10584096989696426,12,25728.0
toyota-hiace,2014,Commuter,98000,107000,102500,"AED 98,000 - 107,000",AED,https://www.drivearabia.com/carprices/uae/toyota/toyota-hiace/2014/,2026-06-12T08:25:09Z,TOYOTA,HIACE,HIACE,0.10584096989696426,12,26773.0
toyota-hiace,2014,Mid Roof Commuter LWB,110000,112000,111000,"AED 110,000 - 112,000",AED,https://www.drivearabia.com/carprices/uae/toyota/toyota-hiace/2014/,2026-06-12T08:25:09Z,TOYOTA,HIACE,HIACE,0.10584096989696426,12,28993.0
toyota-hiace,2014,High Roof Commuter Super LWB,114000,125000,119500,"AED 114,000 - 125,000",AED,https://www.drivearabia.com/carprices/uae/toyota/toyota-hiace/2014/,2026-06-12T08:25:09Z,TOYOTA,HIACE,HIACE,0.10584096989696426,12,31214.0
toyota-hiace,2015,Panel Van,84000,87000,85500,"AED 84,000 - 87,000",AED,https://www.drivearabia.com/carprices/uae/toyota/toyota-hiace/2015/,2026-06-12T08:25:11Z,TOYOTA,HIACE,HIACE,0.10584096989696426,11,24976.0
toyota-hiace,2015,Mid Roof Panel Van Super LWB,98000,99000,98500,"AED 98,000 - 99,000",AED,https://www.drivearabia.com/carprices/uae/toyota/toyota-hiace/2015/,2026-06-12T08:25:11Z,TOYOTA,HIACE,HIACE,0.10584096989696426,11,28774.0
toyota-hiace,2015,Commuter,98000,107000,102500,"AED 98,000 - 107,000",AED,https://www.drivearabia.com/carprices/uae/toyota/toyota-hiace/2015/,2026-06-12T08:25:11Z,TOYOTA,HIACE,HIACE,0.10584096989696426,11,29942.0
toyota-hiace,2015,Mid Roof Commuter LWB,110000,112000,111000,"AED 110,000 - 112,000",AED,https://www.drivearabia.com/carprices/uae/toyota/toyota-hiace/2015/,2026-06-12T08:25:11Z,TOYOTA,HIACE,HIACE,0.10584096989696426,11,32425.0
toyota-hiace,2015,High Roof Commuter Super LWB,114000,125000,119500,"AED 114,000 - 125,000",AED,https://www.drivearabia.com/carprices/uae/toyota/toyota-hiace/2015/,2026-06-12T08:25:11Z,TOYOTA,HIACE,HIACE,0.10584096989696426,11,34908.0
toyota-hiace,2016,Panel Van,84000,87000,85500,"AED 84,000 - 87,000",AED,https://www.drivearabia.com/carprices/uae/toyota/toyota-hiace/2016/,2026-06-12T08:25:13Z,TOYOTA,HIACE,HIACE,0.10584096989696426,10,27933.0
toyota-hiace,2016,Mid Roof Panel Van Super LWB,98000,99000,98500,"AED 98,000 - 99,000",AED,https://www.drivearabia.com/carprices/uae/toyota/toyota-hiace/2016/,2026-06-12T08:25:13Z,TOYOTA,HIACE,HIACE,0.10584096989696426,10,32180.0
toyota-hiace,2016,Commuter,98000,107000,102500,"AED 98,000 - 107,000",AED,https://www.drivearabia.com/carprices/uae/toyota/toyota-hiace/2016/,2026-06-12T08:25:13Z,TOYOTA,HIACE,HIACE,0.10584096989696426,10,33487.0
toyota-hiace,2016,Mid Roof Commuter LWB,110000,112000,111000,"AED 110,000 - 112,000",AED,https://www.drivearabia.com/carprices/uae/toyota/toyota-hiace/2016/,2026-06-12T08:25:13Z,TOYOTA,HIACE,HIACE,0.10584096989696426,10,36264.0
toyota-hiace,2016,High Roof Commuter Super LWB,114000,125000,119500,"AED 114,000 - 125,000",AED,https://www.drivearabia.com/carprices/uae/toyota/toyota-hiace/2016/,2026-06-12T08:25:13Z,TOYOTA,HIACE,HIACE,0.10584096989696426,10,39041.0
toyota-hiace,2017,Panel Van,84000,87000,85500,"AED 84,000 - 87,000",AED,https://www.drivearabia.com/carprices/uae/toyota/toyota-hiace/2017/,2026-06-12T08:25:15Z,TOYOTA,HIACE,HIACE,0.10584096989696426,9,31239.0
toyota-hiace,2017,Mid Roof Panel Van Super LWB,98000,99000,98500,"AED 98,000 - 99,000",AED,https://www.drivearabia.com/carprices/uae/toyota/toyota-hiace/2017/,2026-06-12T08:25:15Z,TOYOTA,HIACE,HIACE,0.10584096989696426,9,35989.0
toyota-hiace,2017,Commuter,98000,107000,102500,"AED 98,000 - 107,000",AED,https://www.drivearabia.com/carprices/uae/toyota/toyota-hiace/2017/,2026-06-12T08:25:15Z,TOYOTA,HIACE,HIACE,0.10584096989696426,9,37450.0
toyota-hiace,2017,Mid Roof Commuter LWB,110000,112000,111000,"AED 110,000 - 112,000",AED,https://www.drivearabia.com/carprices/uae/toyota/toyota-hiace/2017/,2026-06-12T08:25:15Z,TOYOTA,HIACE,HIACE,0.10584096989696426,9,40556.0
toyota-hiace,2017,High Roof Commuter Super LWB,114000,125000,119500,"AED 114,000 - 125,000",AED,https://www.drivearabia.com/carprices/uae/toyota/toyota-hiace/2017/,2026-06-12T08:25:15Z,TOYOTA,HIACE,HIACE,0.10584096989696426,9,43662.0
toyota-hiace,2018,Panel Van,84000,87000,85500,"AED 84,000 - 87,000",AED,https://www.drivearabia.com/carprices/uae/toyota/toyota-hiace/2018/,2026-06-12T08:25:17Z,TOYOTA,HIACE,HIACE,0.10584096989696426,8,34937.0
toyota-hiace,2018,Mid Roof Panel Van Super LWB,98000,99000,98500,"AED 98,000 - 99,000",AED,https://www.drivearabia.com/carprices/uae/toyota/toyota-hiace/2018/,2026-06-12T08:25:17Z,TOYOTA,HIACE,HIACE,0.10584096989696426,8,40249.0
toyota-hiace,2018,Commuter,98000,107000,102500,"AED 98,000 - 107,000",AED,https://www.drivearabia.com/carprices/uae/toyota/toyota-hiace/2018/,2026-06-12T08:25:17Z,TOYOTA,HIACE,HIACE,0.10584096989696426,8,41883.0
toyota-hiace,2018,Mid Roof Commuter LWB,110000,112000,111000,"AED 110,000 - 112,000",AED,https://www.drivearabia.com/carprices/uae/toyota/toyota-hiace/2018/,2026-06-12T08:25:17Z,TOYOTA,HIACE,HIACE,0.10584096989696426,8,45357.0
toyota-hiace,2018,High Roof Commuter Super LWB,114000,125000,119500,"AED 114,000 - 125,000",AED,https://www.drivearabia.com/carprices/uae/toyota/toyota-hiace/2018/,2026-06-12T08:25:17Z,TOYOTA,HIACE,HIACE,0.10584096989696426,8,48830.0
toyota-hiace,2019,3.5L panel van,103900,105000,104450,"AED 103,900 - 105,000",AED,https://www.drivearabia.com/carprices/uae/toyota/toyota-hiace/2019/,2026-06-12T08:25:19Z,TOYOTA,HIACE,HIACE,0.10584096989696426,7,47732.0
toyota-hiace,2019,3.5L high roof panel van,123900,125000,124450,"AED 123,900 - 125,000",AED,https://www.drivearabia.com/carprices/uae/toyota/toyota-hiace/2019/,2026-06-12T08:25:19Z,TOYOTA,HIACE,HIACE,0.10584096989696426,7,56872.0
toyota-hiace,2019,3.5L commuter van,136900,138000,137450,"AED 136,900 - 138,000",AED,https://www.drivearabia.com/carprices/uae/toyota/toyota-hiace/2019/,2026-06-12T08:25:19Z,TOYOTA,HIACE,HIACE,0.10584096989696426,7,62813.0
toyota-hiace,2020,3.5L panel van,103900,105000,104450,"AED 103,900 - 105,000",AED,https://www.drivearabia.com/carprices/uae/toyota/toyota-hiace/2020/,2026-06-12T08:25:20Z,TOYOTA,HIACE,HIACE,0.10584096989696426,6,53382.0
toyota-hiace,2020,3.5L high roof panel van,123900,125000,124450,"AED 123,900 - 125,000",AED,https://www.drivearabia.com/carprices/uae/toyota/toyota-hiace/2020/,2026-06-12T08:25:20Z,TOYOTA,HIACE,HIACE,0.10584096989696426,6,63604.0
toyota-hiace,2020,3.5L commuter van,136900,138000,137450,"AED 136,900 - 138,000",AED,https://www.drivearabia.com/carprices/uae/toyota/toyota-hiace/2020/,2026-06-12T08:25:20Z,TOYOTA,HIACE,HIACE,0.10584096989696426,6,70248.0
toyota-hiace,2021,3.5L panel van,103900,105000,104450,"AED 103,900 - 105,000",AED,https://www.drivearabia.com/carprices/uae/toyota/toyota-hiace/2021/,2026-06-12T08:25:22Z,TOYOTA,HIACE,HIACE,0.10584096989696426,5,59701.0
toyota-hiace,2021,3.5L high roof panel van,123900,125000,124450,"AED 123,900 - 125,000",AED,https://www.drivearabia.com/carprices/uae/toyota/toyota-hiace/2021/,2026-06-12T08:25:22Z,TOYOTA,HIACE,HIACE,0.10584096989696426,5,71133.0
toyota-hiace,2021,3.5L commuter van,136900,138000,137450,"AED 136,900 - 138,000",AED,https://www.drivearabia.com/carprices/uae/toyota/toyota-hiace/2021/,2026-06-12T08:25:22Z,TOYOTA,HIACE,HIACE,0.10584096989696426,5,78563.0
toyota-hiace,2022,3.5L panel van,103900,105000,104450,"AED 103,900 - 105,000",AED,https://www.drivearabia.com/carprices/uae/toyota/toyota-hiace/2022/,2026-06-12T08:25:24Z,TOYOTA,HIACE,HIACE,0.10584096989696426,4,66768.0
toyota-hiace,2022,3.5L high roof panel van,123900,125000,124450,"AED 123,900 - 125,000",AED,https://www.drivearabia.com/carprices/uae/toyota/toyota-hiace/2022/,2026-06-12T08:25:24Z,TOYOTA,HIACE,HIACE,0.10584096989696426,4,79553.0
toyota-hiace,2022,3.5L commuter van,136900,138000,137450,"AED 136,900 - 138,000",AED,https://www.drivearabia.com/carprices/uae/toyota/toyota-hiace/2022/,2026-06-12T08:25:24Z,TOYOTA,HIACE,HIACE,0.10584096989696426,4,87863.0
toyota-hiace,2023,3.5L panel van,103900,105000,104450,"AED 103,900 - 105,000",AED,https://www.drivearabia.com/carprices/uae/toyota/toyota-hiace/2023/,2026-06-12T08:25:26Z,TOYOTA,HIACE,HIACE,0.10584096989696426,3,74671.0
toyota-hiace,2023,3.5L high roof panel van,123900,125000,124450,"AED 123,900 - 125,000",AED,https://www.drivearabia.com/carprices/uae/toyota/toyota-hiace/2023/,2026-06-12T08:25:26Z,TOYOTA,HIACE,HIACE,0.10584096989696426,3,88969.0
toyota-hiace,2023,3.5L commuter van,136900,138000,137450,"AED 136,900 - 138,000",AED,https://www.drivearabia.com/carprices/uae/toyota/toyota-hiace/2023/,2026-06-12T08:25:26Z,TOYOTA,HIACE,HIACE,0.10584096989696426,3,98263.0
toyota-hiace,2024,3.5L panel van,103900,105000,104450,"AED 103,900 - 105,000",AED,https://www.drivearabia.com/carprices/uae/toyota/toyota-hiace/2024/,2026-06-12T08:25:28Z,TOYOTA,HIACE,HIACE,0.10584096989696426,2,83510.0
toyota-hiace,2024,3.5L high roof panel van,123900,125000,124450,"AED 123,900 - 125,000",AED,https://www.drivearabia.com/carprices/uae/toyota/toyota-hiace/2024/,2026-06-12T08:25:28Z,TOYOTA,HIACE,HIACE,0.10584096989696426,2,99500.0
toyota-hiace,2024,3.5L commuter van,136900,138000,137450,"AED 136,900 - 138,000",AED,https://www.drivearabia.com/carprices/uae/toyota/toyota-hiace/2024/,2026-06-12T08:25:28Z,TOYOTA,HIACE,HIACE,0.10584096989696426,2,109894.0
toyota-hiace,2025,3.5L V6 commuter MT RWD,142900,143000,142950,"AED 142,900 - 143,000",AED,https://www.drivearabia.com/carprices/uae/toyota/toyota-hiace/2025/,2026-06-12T08:25:29Z,TOYOTA,HIACE,HIACE,0.10584096989696426,1,127820.0
toyota-hiace,2025,3.5L V6 commuter AT RWD,148900,150000,149450,"AED 148,900 - 150,000",AED,https://www.drivearabia.com/carprices/uae/toyota/toyota-hiace/2025/,2026-06-12T08:25:29Z,TOYOTA,HIACE,HIACE,0.10584096989696426,1,133632.0
toyota-hiace,2026,3.5L V6 Panel Van MT RWD,131900,135900,133900,"AED 131,900 - 135,900",AED,https://www.drivearabia.com/carprices/uae/toyota/toyota-hiace/2026/,2026-06-12T08:25:31Z,TOYOTA,HIACE,HIACE,0.10584096989696426,0,133900.0
toyota-hiace,2026,3.5L V6 commuter MT RWD,144900,145000,144950,"AED 144,900 - 145,000",AED,https://www.drivearabia.com/carprices/uae/toyota/toyota-hiace/2026/,2026-06-12T08:25:31Z,TOYOTA,HIACE,HIACE,0.10584096989696426,0,144950.0
toyota-hiace,2026,3.5L V6 commuter AT RWD,150900,151000,150950,"AED 150,900 - 151,000",AED,https://www.drivearabia.com/carprices/uae/toyota/toyota-hiace/2026/,2026-06-12T08:25:31Z,TOYOTA,HIACE,HIACE,0.10584096989696426,0,150950.0
toyota-highlander,2020,GXR 4WD,154900,155000,154950,"AED 154,900 - 155,000",AED,https://www.drivearabia.com/carprices/uae/toyota/toyota-highlander/2020/,2026-06-12T08:26:01Z,TOYOTA,HIGHLANDER,HIGHLANDER,0.06021937829111255,6,106746.0
toyota-highlander,2020,VXR 4WD,179900,180000,179950,"AED 179,900 - 180,000",AED,https://www.drivearabia.com/carprices/uae/toyota/toyota-highlander/2020/,2026-06-12T08:26:01Z,TOYOTA,HIGHLANDER,HIGHLANDER,0.06021937829111255,6,123968.0
toyota-highlander,2021,GXR 4WD,154900,155000,154950,"AED 154,900 - 155,000",AED,https://www.drivearabia.com/carprices/uae/toyota/toyota-highlander/2021/,2026-06-12T08:26:03Z,TOYOTA,HIGHLANDER,HIGHLANDER,0.06021937829111255,5,113586.0
toyota-highlander,2021,VXR 4WD,179900,180000,179950,"AED 179,900 - 180,000",AED,https://www.drivearabia.com/carprices/uae/toyota/toyota-highlander/2021/,2026-06-12T08:26:03Z,TOYOTA,HIGHLANDER,HIGHLANDER,0.06021937829111255,5,131912.0
toyota-highlander,2022,GXR 4WD,154900,155000,154950,"AED 154,900 - 155,000",AED,https://www.drivearabia.com/carprices/uae/toyota/toyota-highlander/2022/,2026-06-12T08:26:05Z,TOYOTA,HIGHLANDER,HIGHLANDER,0.06021937829111255,4,120864.0
toyota-highlander,2022,VXR 4WD,179900,180000,179950,"AED 179,900 - 180,000",AED,https://www.drivearabia.com/carprices/uae/toyota/toyota-highlander/2022/,2026-06-12T08:26:05Z,TOYOTA,HIGHLANDER,HIGHLANDER,0.06021937829111255,4,140365.0
toyota-highlander,2023,2.5H I4 GXR 4WD,169900,170000,169950,"AED 169,900 - 170,000",AED,https://www.drivearabia.com/carprices/uae/toyota/toyota-highlander/2023/,2026-06-12T08:26:06Z,TOYOTA,HIGHLANDER,HIGHLANDER,0.06021937829111255,3,141059.0
toyota-highlander,2023,2.5H I4 VXR 4WD,199900,200000,199950,"AED 199,900 - 200,000",AED,https://www.drivearabia.com/carprices/uae/toyota/toyota-highlander/2023/,2026-06-12T08:26:06Z,TOYOTA,HIGHLANDER,HIGHLANDER,0.06021937829111255,3,165959.0
toyota-highlander,2024,2.5H I4 GXR 4WD,169900,170000,169950,"AED 169,900 - 170,000",AED,https://www.drivearabia.com/carprices/uae/toyota/toyota-highlander/2024/,2026-06-12T08:26:08Z,TOYOTA,HIGHLANDER,HIGHLANDER,0.06021937829111255,2,150098.0
toyota-highlander,2024,2.5H I4 VXR 4WD,199900,200000,199950,"AED 199,900 - 200,000",AED,https://www.drivearabia.com/carprices/uae/toyota/toyota-highlander/2024/,2026-06-12T08:26:08Z,TOYOTA,HIGHLANDER,HIGHLANDER,0.06021937829111255,2,176593.0
toyota-highlander,2025,2.5H I4 GXR 4WD,169900,170000,169950,"AED 169,900 - 170,000",AED,https://www.drivearabia.com/carprices/uae/toyota/toyota-highlander/2025/,2026-06-12T08:26:10Z,TOYOTA,HIGHLANDER,HIGHLANDER,0.06021937829111255,1,159716.0
toyota-highlander,2025,2.5H I4 VXR 4WD,199900,200000,199950,"AED 199,900 - 200,000",AED,https://www.drivearabia.com/carprices/uae/toyota/toyota-highlander/2025/,2026-06-12T08:26:10Z,TOYOTA,HIGHLANDER,HIGHLANDER,0.06021937829111255,1,187909.0
toyota-hilux,2012,2.0L Single Cab,65000,80500,72750,"AED 65,000 - 80,500",AED,https://www.drivearabia.com/carprices/uae/toyota/toyota-hilux/2012/,2026-06-12T08:26:37Z,TOYOTA,HILUX,HILUX,0.0892185040338139,14,19662.0
toyota-hilux,2012,2.0L Double Cab,67500,80500,74000,"AED 67,500 - 80,500",AED,https://www.drivearabia.com/carprices/uae/toyota/toyota-hilux/2012/,2026-06-12T08:26:37Z,TOYOTA,HILUX,HILUX,0.0892185040338139,14,20000.0
toyota-hilux,2012,2.7L Single Cab,70000,86000,78000,"AED 70,000 - 86,000",AED,https://www.drivearabia.com/carprices/uae/toyota/toyota-hilux/2012/,2026-06-12T08:26:37Z,TOYOTA,HILUX,HILUX,0.0892185040338139,14,21081.0
toyota-hilux,2012,2.7L Double Cab,86000,98000,92000,"AED 86,000 - 98,000",AED,https://www.drivearabia.com/carprices/uae/toyota/toyota-hilux/2012/,2026-06-12T08:26:37Z,TOYOTA,HILUX,HILUX,0.0892185040338139,14,24865.0
toyota-hilux,2012,2.5L Double Cab,88000,92000,90000,"AED 88,000 - 92,000",AED,https://www.drivearabia.com/carprices/uae/toyota/toyota-hilux/2012/,2026-06-12T08:26:37Z,TOYOTA,HILUX,HILUX,0.0892185040338139,14,24324.0
toyota-hilux,2013,2.0L Single Cab,65000,80500,72750,"AED 65,000 - 80,500",AED,https://www.drivearabia.com/carprices/uae/toyota/toyota-hilux/2013/,2026-06-12T08:26:38Z,TOYOTA,HILUX,HILUX,0.0892185040338139,13,21588.0
toyota-hilux,2013,2.0L Double Cab,67500,80500,74000,"AED 67,500 - 80,500",AED,https://www.drivearabia.com/carprices/uae/toyota/toyota-hilux/2013/,2026-06-12T08:26:38Z,TOYOTA,HILUX,HILUX,0.0892185040338139,13,21959.0
toyota-hilux,2013,2.7L Single Cab,70000,86000,78000,"AED 70,000 - 86,000",AED,https://www.drivearabia.com/carprices/uae/toyota/toyota-hilux/2013/,2026-06-12T08:26:38Z,TOYOTA,HILUX,HILUX,0.0892185040338139,13,23146.0
toyota-hilux,2013,2.7L Double Cab,86000,98000,92000,"AED 86,000 - 98,000",AED,https://www.drivearabia.com/carprices/uae/toyota/toyota-hilux/2013/,2026-06-12T08:26:38Z,TOYOTA,HILUX,HILUX,0.0892185040338139,13,27301.0
toyota-hilux,2013,2.5L Double Cab,88000,92000,90000,"AED 88,000 - 92,000",AED,https://www.drivearabia.com/carprices/uae/toyota/toyota-hilux/2013/,2026-06-12T08:26:38Z,TOYOTA,HILUX,HILUX,0.0892185040338139,13,26707.0
toyota-hilux,2014,2.0L Single Cab,65000,80500,72750,"AED 65,000 - 80,500",AED,https://www.drivearabia.com/carprices/uae/toyota/toyota-hilux/2014/,2026-06-12T08:26:40Z,TOYOTA,HILUX,HILUX,0.0892185040338139,12,23703.0
toyota-hilux,2014,2.0L Double Cab,67500,80500,74000,"AED 67,500 - 80,500",AED,https://www.drivearabia.com/carprices/uae/toyota/toyota-hilux/2014/,2026-06-12T08:26:40Z,TOYOTA,HILUX,HILUX,0.0892185040338139,12,24110.0
toyota-hilux,2014,2.7L Single Cab,70000,86000,78000,"AED 70,000 - 86,000",AED,https://www.drivearabia.com/carprices/uae/toyota/toyota-hilux/2014/,2026-06-12T08:26:40Z,TOYOTA,HILUX,HILUX,0.0892185040338139,12,25414.0
toyota-hilux,2014,2.7L Double Cab,86000,98000,92000,"AED 86,000 - 98,000",AED,https://www.drivearabia.com/carprices/uae/toyota/toyota-hilux/2014/,2026-06-12T08:26:40Z,TOYOTA,HILUX,HILUX,0.0892185040338139,12,29975.0
toyota-hilux,2014,2.5L Double Cab,88000,92000,90000,"AED 88,000 - 92,000",AED,https://www.drivearabia.com/carprices/uae/toyota/toyota-hilux/2014/,2026-06-12T08:26:40Z,TOYOTA,HILUX,HILUX,0.0892185040338139,12,29323.0
toyota-hilux,2015,2.0L Single Cab,65000,80500,72750,"AED 65,000 - 80,500",AED,https://www.drivearabia.com/carprices/uae/toyota/toyota-hilux/2015/,2026-06-12T08:26:42Z,TOYOTA,HILUX,HILUX,0.0892185040338139,11,26025.0
toyota-hilux,2015,2.0L Double Cab,67500,80500,74000,"AED 67,500 - 80,500",AED,https://www.drivearabia.com/carprices/uae/toyota/toyota-hilux/2015/,2026-06-12T08:26:42Z,TOYOTA,HILUX,HILUX,0.0892185040338139,11,26472.0
toyota-hilux,2015,2.7L Single Cab,70000,86000,78000,"AED 70,000 - 86,000",AED,https://www.drivearabia.com/carprices/uae/toyota/toyota-hilux/2015/,2026-06-12T08:26:42Z,TOYOTA,HILUX,HILUX,0.0892185040338139,11,27903.0
toyota-hilux,2015,2.7L Double Cab,86000,98000,92000,"AED 86,000 - 98,000",AED,https://www.drivearabia.com/carprices/uae/toyota/toyota-hilux/2015/,2026-06-12T08:26:42Z,TOYOTA,HILUX,HILUX,0.0892185040338139,11,32911.0
toyota-hilux,2015,2.5L Double Cab,88000,92000,90000,"AED 88,000 - 92,000",AED,https://www.drivearabia.com/carprices/uae/toyota/toyota-hilux/2015/,2026-06-12T08:26:42Z,TOYOTA,HILUX,HILUX,0.0892185040338139,11,32196.0
toyota-hilux,2016,2.0L Single Cab,68500,80500,74500,"AED 68,500 - 80,500",AED,https://www.drivearabia.com/carprices/uae/toyota/toyota-hilux/2016/,2026-06-12T08:26:44Z,TOYOTA,HILUX,HILUX,0.0892185040338139,10,29262.0
toyota-hilux,2016,2.0L Double Cab,70500,80500,75500,"AED 70,500 - 80,500",AED,https://www.drivearabia.com/carprices/uae/toyota/toyota-hilux/2016/,2026-06-12T08:26:44Z,TOYOTA,HILUX,HILUX,0.0892185040338139,10,29654.0
toyota-hilux,2016,2.7L Single Cab,73000,86000,79500,"AED 73,000 - 86,000",AED,https://www.drivearabia.com/carprices/uae/toyota/toyota-hilux/2016/,2026-06-12T08:26:44Z,TOYOTA,HILUX,HILUX,0.0892185040338139,10,31225.0
toyota-hilux,2016,2.7L Double Cab,89000,98000,93500,"AED 89,000 - 98,000",AED,https://www.drivearabia.com/carprices/uae/toyota/toyota-hilux/2016/,2026-06-12T08:26:44Z,TOYOTA,HILUX,HILUX,0.0892185040338139,10,36724.0
toyota-hilux,2016,2.4L Double Cab,91000,92000,91500,"AED 91,000 - 92,000",AED,https://www.drivearabia.com/carprices/uae/toyota/toyota-hilux/2016/,2026-06-12T08:26:44Z,TOYOTA,HILUX,HILUX,0.0892185040338139,10,35939.0
toyota-hilux,2017,2.0L Single Cab,68500,80500,74500,"AED 68,500 - 80,500",AED,https://www.drivearabia.com/carprices/uae/toyota/toyota-hilux/2017/,2026-06-12T08:26:46Z,TOYOTA,HILUX,HILUX,0.0892185040338139,9,32128.0
toyota-hilux,2017,2.0L Double Cab,70500,80500,75500,"AED 70,500 - 80,500",AED,https://www.drivearabia.com/carprices/uae/toyota/toyota-hilux/2017/,2026-06-12T08:26:46Z,TOYOTA,HILUX,HILUX,0.0892185040338139,9,32559.0
toyota-hilux,2017,2.7L Single Cab,73000,86000,79500,"AED 73,000 - 86,000",AED,https://www.drivearabia.com/carprices/uae/toyota/toyota-hilux/2017/,2026-06-12T08:26:46Z,TOYOTA,HILUX,HILUX,0.0892185040338139,9,34284.0
toyota-hilux,2017,2.7L Double Cab,89000,98000,93500,"AED 89,000 - 98,000",AED,https://www.drivearabia.com/carprices/uae/toyota/toyota-hilux/2017/,2026-06-12T08:26:46Z,TOYOTA,HILUX,HILUX,0.0892185040338139,9,40322.0
toyota-hilux,2017,2.4L Double Cab,91000,92000,91500,"AED 91,000 - 92,000",AED,https://www.drivearabia.com/carprices/uae/toyota/toyota-hilux/2017/,2026-06-12T08:26:46Z,TOYOTA,HILUX,HILUX,0.0892185040338139,9,39459.0
toyota-hilux,2018,2.7L Single Cab 4x2 MT,77000,80000,78500,"AED 77,000 - 80,000",AED,https://www.drivearabia.com/carprices/uae/toyota/toyota-hilux/2018/,2026-06-12T08:26:47Z,TOYOTA,HILUX,HILUX,0.0892185040338139,8,37169.0
toyota-hilux,2018,2.7L Double Cab 4x2 MT,85050,86000,85525,"AED 85,050 - 86,000",AED,https://www.drivearabia.com/carprices/uae/toyota/toyota-hilux/2018/,2026-06-12T08:26:47Z,TOYOTA,HILUX,HILUX,0.0892185040338139,8,40495.0
toyota-hilux,2018,2.7L Single Cab 4x4 MT,99250,100000,99625,"AED 99,250 - 100,000",AED,https://www.drivearabia.com/carprices/uae/toyota/toyota-hilux/2018/,2026-06-12T08:26:47Z,TOYOTA,HILUX,HILUX,0.0892185040338139,8,47172.0
toyota-hilux,2018,2.7L Double Cab 4x2 AT,99750,100000,99875,"AED 99,750 - 100,000",AED,https://www.drivearabia.com/carprices/uae/toyota/toyota-hilux/2018/,2026-06-12T08:26:47Z,TOYOTA,HILUX,HILUX,0.0892185040338139,8,47290.0
toyota-hilux,2018,2.7L Double Cab 4x4 AT,107650,121000,114325,"AED 107,650 - 121,000",AED,https://www.drivearabia.com/carprices/uae/toyota/toyota-hilux/2018/,2026-06-12T08:26:47Z,TOYOTA,HILUX,HILUX,0.0892185040338139,8,54132.0
toyota-hilux,2019,2.7L Single Cab 4x2 MT,77000,80000,78500,"AED 77,000 - 80,000",AED,https://www.drivearabia.com/carprices/uae/toyota/toyota-hilux/2019/,2026-06-12T08:26:49Z,TOYOTA,HILUX,HILUX,0.0892185040338139,7,40810.0
toyota-hilux,2019,2.7L Double Cab 4x2 MT,85050,86000,85525,"AED 85,050 - 86,000",AED,https://www.drivearabia.com/carprices/uae/toyota/toyota-hilux/2019/,2026-06-12T08:26:49Z,TOYOTA,HILUX,HILUX,0.0892185040338139,7,44462.0
toyota-hilux,2019,2.7L Single Cab 4x4 MT,99250,100000,99625,"AED 99,250 - 100,000",AED,https://www.drivearabia.com/carprices/uae/toyota/toyota-hilux/2019/,2026-06-12T08:26:49Z,TOYOTA,HILUX,HILUX,0.0892185040338139,7,51793.0
toyota-hilux,2019,2.7L Double Cab 4x2 AT,99750,100000,99875,"AED 99,750 - 100,000",AED,https://www.drivearabia.com/carprices/uae/toyota/toyota-hilux/2019/,2026-06-12T08:26:49Z,TOYOTA,HILUX,HILUX,0.0892185040338139,7,51923.0
toyota-hilux,2019,2.7L Double Cab 4x4 AT,107650,121000,114325,"AED 107,650 - 121,000",AED,https://www.drivearabia.com/carprices/uae/toyota/toyota-hilux/2019/,2026-06-12T08:26:49Z,TOYOTA,HILUX,HILUX,0.0892185040338139,7,59435.0
toyota-hilux,2020,2.7L Single Cab 4x2 MT,77000,80000,78500,"AED 77,000 - 80,000",AED,https://www.drivearabia.com/carprices/uae/toyota/toyota-hilux/2020/,2026-06-12T08:26:51Z,TOYOTA,HILUX,HILUX,0.0892185040338139,6,44808.0
toyota-hilux,2020,2.7L Double Cab 4x2 MT,85050,86000,85525,"AED 85,050 - 86,000",AED,https://www.drivearabia.com/carprices/uae/toyota/toyota-hilux/2020/,2026-06-12T08:26:51Z,TOYOTA,HILUX,HILUX,0.0892185040338139,6,48818.0
toyota-hilux,2020,2.7L Single Cab 4x4 MT,99250,100000,99625,"AED 99,250 - 100,000",AED,https://www.drivearabia.com/carprices/uae/toyota/toyota-hilux/2020/,2026-06-12T08:26:51Z,TOYOTA,HILUX,HILUX,0.0892185040338139,6,56866.0
toyota-hilux,2020,2.7L Double Cab 4x2 AT,99750,100000,99875,"AED 99,750 - 100,000",AED,https://www.drivearabia.com/carprices/uae/toyota/toyota-hilux/2020/,2026-06-12T08:26:51Z,TOYOTA,HILUX,HILUX,0.0892185040338139,6,57009.0
toyota-hilux,2020,2.7L Double Cab 4x4 AT,107650,121000,114325,"AED 107,650 - 121,000",AED,https://www.drivearabia.com/carprices/uae/toyota/toyota-hilux/2020/,2026-06-12T08:26:51Z,TOYOTA,HILUX,HILUX,0.0892185040338139,6,65257.0
toyota-hilux,2021,2.7 Single Cab 4x2,77700,78000,77850,"AED 77,700 - 78,000",AED,https://www.drivearabia.com/carprices/uae/toyota/toyota-hilux/2021/,2026-06-12T08:26:53Z,TOYOTA,HILUX,HILUX,0.0892185040338139,5,48790.0
toyota-hilux,2021,2.7 Double Cab 4x2,85000,86000,85500,"AED 85,000 - 86,000",AED,https://www.drivearabia.com/carprices/uae/toyota/toyota-hilux/2021/,2026-06-12T08:26:53Z,TOYOTA,HILUX,HILUX,0.0892185040338139,5,53584.0
toyota-hilux,2021,2.7 Single Cab 4x4,99250,100000,99625,"AED 99,250 - 100,000",AED,https://www.drivearabia.com/carprices/uae/toyota/toyota-hilux/2021/,2026-06-12T08:26:53Z,TOYOTA,HILUX,HILUX,0.0892185040338139,5,62437.0
toyota-hilux,2021,2.7 Double Cab 4x4,112000,115000,113500,"AED 112,000 - 115,000",AED,https://www.drivearabia.com/carprices/uae/toyota/toyota-hilux/2021/,2026-06-12T08:26:53Z,TOYOTA,HILUX,HILUX,0.0892185040338139,5,71132.0
toyota-hilux,2021,4.0 V6 Double Cab 4x4,143000,144000,143500,"AED 143,000 - 144,000",AED,https://www.drivearabia.com/carprices/uae/toyota/toyota-hilux/2021/,2026-06-12T08:26:53Z,TOYOTA,HILUX,HILUX,0.0892185040338139,5,89934.0
toyota-hilux,2022,2.7 Single Cab 4x2,77700,78000,77850,"AED 77,700 - 78,000",AED,https://www.drivearabia.com/carprices/uae/toyota/toyota-hilux/2022/,2026-06-12T08:26:55Z,TOYOTA,HILUX,HILUX,0.0892185040338139,4,53569.0
toyota-hilux,2022,2.7 Double Cab 4x2,89900,90000,89950,"AED 89,900 - 90,000",AED,https://www.drivearabia.com/carprices/uae/toyota/toyota-hilux/2022/,2026-06-12T08:26:55Z,TOYOTA,HILUX,HILUX,0.0892185040338139,4,61895.0
toyota-hilux,2022,2.7 Single Cab 4x4,99250,100000,99625,"AED 99,250 - 100,000",AED,https://www.drivearabia.com/carprices/uae/toyota/toyota-hilux/2022/,2026-06-12T08:26:55Z,TOYOTA,HILUX,HILUX,0.0892185040338139,4,68553.0
toyota-hilux,2022,2.7 Double Cab 4x4,115000,116000,115500,"AED 115,000 - 116,000",AED,https://www.drivearabia.com/carprices/uae/toyota/toyota-hilux/2022/,2026-06-12T08:26:55Z,TOYOTA,HILUX,HILUX,0.0892185040338139,4,79477.0
toyota-hilux,2022,4.0 V6 Hilux GR Sport,147900,148000,147950,"AED 147,900 - 148,000",AED,https://www.drivearabia.com/carprices/uae/toyota/toyota-hilux/2022/,2026-06-12T08:26:55Z,TOYOTA,HILUX,HILUX,0.0892185040338139,4,101806.0
toyota-hilux,2023,2.7 Single Cab 4x2,77700,78000,77850,"AED 77,700 - 78,000",AED,https://www.drivearabia.com/carprices/uae/toyota/toyota-hilux/2023/,2026-06-12T08:26:56Z,TOYOTA,HILUX,HILUX,0.0892185040338139,3,58817.0
toyota-hilux,2023,2.7 Double Cab 4x2,89900,90000,89950,"AED 89,900 - 90,000",AED,https://www.drivearabia.com/carprices/uae/toyota/toyota-hilux/2023/,2026-06-12T08:26:56Z,TOYOTA,HILUX,HILUX,0.0892185040338139,3,67958.0
toyota-hilux,2023,2.7 Single Cab 4x4,99250,100000,99625,"AED 99,250 - 100,000",AED,https://www.drivearabia.com/carprices/uae/toyota/toyota-hilux/2023/,2026-06-12T08:26:56Z,TOYOTA,HILUX,HILUX,0.0892185040338139,3,75268.0
toyota-hilux,2023,2.7 Double Cab 4x4,115000,116000,115500,"AED 115,000 - 116,000",AED,https://www.drivearabia.com/carprices/uae/toyota/toyota-hilux/2023/,2026-06-12T08:26:56Z,TOYOTA,HILUX,HILUX,0.0892185040338139,3,87262.0
toyota-hilux,2023,4.0 V6 Hilux GR Sport,147900,148000,147950,"AED 147,900 - 148,000",AED,https://www.drivearabia.com/carprices/uae/toyota/toyota-hilux/2023/,2026-06-12T08:26:56Z,TOYOTA,HILUX,HILUX,0.0892185040338139,3,111778.0
toyota-hilux,2024,2.7 Single Cab 4x2,77700,78000,77850,"AED 77,700 - 78,000",AED,https://www.drivearabia.com/carprices/uae/toyota/toyota-hilux/2024/,2026-06-12T08:26:58Z,TOYOTA,HILUX,HILUX,0.0892185040338139,2,64578.0
toyota-hilux,2024,2.7 Double Cab 4x2,89900,90000,89950,"AED 89,900 - 90,000",AED,https://www.drivearabia.com/carprices/uae/toyota/toyota-hilux/2024/,2026-06-12T08:26:58Z,TOYOTA,HILUX,HILUX,0.0892185040338139,2,74616.0
toyota-hilux,2024,2.7 Single Cab 4x4,99250,100000,99625,"AED 99,250 - 100,000",AED,https://www.drivearabia.com/carprices/uae/toyota/toyota-hilux/2024/,2026-06-12T08:26:58Z,TOYOTA,HILUX,HILUX,0.0892185040338139,2,82641.0
toyota-hilux,2024,2.7 Double Cab 4x4,115000,116000,115500,"AED 115,000 - 116,000",AED,https://www.drivearabia.com/carprices/uae/toyota/toyota-hilux/2024/,2026-06-12T08:26:58Z,TOYOTA,HILUX,HILUX,0.0892185040338139,2,95810.0
toyota-hilux,2024,4.0 V6 Hilux GR Sport,147900,148000,147950,"AED 147,900 - 148,000",AED,https://www.drivearabia.com/carprices/uae/toyota/toyota-hilux/2024/,2026-06-12T08:26:58Z,TOYOTA,HILUX,HILUX,0.0892185040338139,2,122728.0
toyota-hilux,2025,2.7 Single Cab 4x2,77700,78000,77850,"AED 77,700 - 78,000",AED,https://www.drivearabia.com/carprices/uae/toyota/toyota-hilux/2025/,2026-06-12T08:27:00Z,TOYOTA,HILUX,HILUX,0.0892185040338139,1,70904.0
toyota-hilux,2025,2.7 Double Cab 4x2,89900,90000,89950,"AED 89,900 - 90,000",AED,https://www.drivearabia.com/carprices/uae/toyota/toyota-hilux/2025/,2026-06-12T08:27:00Z,TOYOTA,HILUX,HILUX,0.0892185040338139,1,81925.0
toyota-hilux,2025,2.7 Single Cab 4x4,99250,100000,99625,"AED 99,250 - 100,000",AED,https://www.drivearabia.com/carprices/uae/toyota/toyota-hilux/2025/,2026-06-12T08:27:00Z,TOYOTA,HILUX,HILUX,0.0892185040338139,1,90737.0
toyota-hilux,2025,2.7 Double Cab 4x4,115000,116000,115500,"AED 115,000 - 116,000",AED,https://www.drivearabia.com/carprices/uae/toyota/toyota-hilux/2025/,2026-06-12T08:27:00Z,TOYOTA,HILUX,HILUX,0.0892185040338139,1,105195.0
toyota-hilux,2025,4.0 V6 Hilux GR Sport,147900,148000,147950,"AED 147,900 - 148,000",AED,https://www.drivearabia.com/carprices/uae/toyota/toyota-hilux/2025/,2026-06-12T08:27:00Z,TOYOTA,HILUX,HILUX,0.0892185040338139,1,134750.0
toyota-hilux,2026,2.7 Single Cab 4x2,77700,78000,77850,"AED 77,700 - 78,000",AED,https://www.drivearabia.com/carprices/uae/toyota/toyota-hilux/2026/,2026-06-12T08:27:02Z,TOYOTA,HILUX,HILUX,0.0892185040338139,0,77850.0
toyota-hilux,2026,2.7 Double Cab 4x2,89900,90000,89950,"AED 89,900 - 90,000",AED,https://www.drivearabia.com/carprices/uae/toyota/toyota-hilux/2026/,2026-06-12T08:27:02Z,TOYOTA,HILUX,HILUX,0.0892185040338139,0,89950.0
toyota-hilux,2026,2.7 Single Cab 4x4,99250,100000,99625,"AED 99,250 - 100,000",AED,https://www.drivearabia.com/carprices/uae/toyota/toyota-hilux/2026/,2026-06-12T08:27:02Z,TOYOTA,HILUX,HILUX,0.0892185040338139,0,99625.0
toyota-hilux,2026,2.7 Double Cab 4x4,115000,116000,115500,"AED 115,000 - 116,000",AED,https://www.drivearabia.com/carprices/uae/toyota/toyota-hilux/2026/,2026-06-12T08:27:02Z,TOYOTA,HILUX,HILUX,0.0892185040338139,0,115500.0
toyota-hilux,2026,4.0 V6 Hilux GR Sport,147900,148000,147950,"AED 147,900 - 148,000",AED,https://www.drivearabia.com/carprices/uae/toyota/toyota-hilux/2026/,2026-06-12T08:27:02Z,TOYOTA,HILUX,HILUX,0.0892185040338139,0,147950.0
toyota-innova,2012,manual,72000,77000,74500,"AED 72,000 - 77,000",AED,https://www.drivearabia.com/carprices/uae/toyota/toyota-innova/2012/,2026-06-12T08:27:27Z,TOYOTA,INNOVA,INNOVA,0.10105468054217126,14,16766.0
toyota-innova,2012,automatic,83000,87000,85000,"AED 83,000 - 87,000",AED,https://www.drivearabia.com/carprices/uae/toyota/toyota-innova/2012/,2026-06-12T08:27:27Z,TOYOTA,INNOVA,INNOVA,0.10105468054217126,14,19129.0
toyota-innova,2013,manual,72000,77000,74500,"AED 72,000 - 77,000",AED,https://www.drivearabia.com/carprices/uae/toyota/toyota-innova/2013/,2026-06-12T08:27:28Z,TOYOTA,INNOVA,INNOVA,0.10105468054217126,13,18650.0
toyota-innova,2013,automatic,83000,87000,85000,"AED 83,000 - 87,000",AED,https://www.drivearabia.com/carprices/uae/toyota/toyota-innova/2013/,2026-06-12T08:27:28Z,TOYOTA,INNOVA,INNOVA,0.10105468054217126,13,21279.0
toyota-innova,2014,manual,72000,77000,74500,"AED 72,000 - 77,000",AED,https://www.drivearabia.com/carprices/uae/toyota/toyota-innova/2014/,2026-06-12T08:27:30Z,TOYOTA,INNOVA,INNOVA,0.10105468054217126,12,20747.0
toyota-innova,2014,automatic,83000,87000,85000,"AED 83,000 - 87,000",AED,https://www.drivearabia.com/carprices/uae/toyota/toyota-innova/2014/,2026-06-12T08:27:30Z,TOYOTA,INNOVA,INNOVA,0.10105468054217126,12,23671.0
toyota-innova,2018,SE,99650,100000,99825,"AED 99,650 - 100,000",AED,https://www.drivearabia.com/carprices/uae/toyota/toyota-innova/2018/,2026-06-12T08:27:38Z,TOYOTA,INNOVA,INNOVA,0.10105468054217126,8,42570.0
toyota-innova,2018,SE,105550,106000,105775,"AED 105,550 - 106,000",AED,https://www.drivearabia.com/carprices/uae/toyota/toyota-innova/2018/,2026-06-12T08:27:38Z,TOYOTA,INNOVA,INNOVA,0.10105468054217126,8,45108.0
toyota-innova,2019,SE,99650,100000,99825,"AED 99,650 - 100,000",AED,https://www.drivearabia.com/carprices/uae/toyota/toyota-innova/2019/,2026-06-12T08:27:40Z,TOYOTA,INNOVA,INNOVA,0.10105468054217126,7,47356.0
toyota-innova,2019,SE,105550,106000,105775,"AED 105,550 - 106,000",AED,https://www.drivearabia.com/carprices/uae/toyota/toyota-innova/2019/,2026-06-12T08:27:40Z,TOYOTA,INNOVA,INNOVA,0.10105468054217126,7,50178.0
toyota-innova,2020,SE,99650,100000,99825,"AED 99,650 - 100,000",AED,https://www.drivearabia.com/carprices/uae/toyota/toyota-innova/2020/,2026-06-12T08:27:42Z,TOYOTA,INNOVA,INNOVA,0.10105468054217126,6,52679.0
toyota-innova,2020,SE,105550,106000,105775,"AED 105,550 - 106,000",AED,https://www.drivearabia.com/carprices/uae/toyota/toyota-innova/2020/,2026-06-12T08:27:42Z,TOYOTA,INNOVA,INNOVA,0.10105468054217126,6,55819.0
toyota-innova,2021,SE,99650,100000,99825,"AED 99,650 - 100,000",AED,https://www.drivearabia.com/carprices/uae/toyota/toyota-innova/2021/,2026-06-12T08:27:43Z,TOYOTA,INNOVA,INNOVA,0.10105468054217126,5,58601.0
toyota-innova,2021,SE,105550,106000,105775,"AED 105,550 - 106,000",AED,https://www.drivearabia.com/carprices/uae/toyota/toyota-innova/2021/,2026-06-12T08:27:43Z,TOYOTA,INNOVA,INNOVA,0.10105468054217126,5,62094.0
toyota-innova,2022,SE,99650,100000,99825,"AED 99,650 - 100,000",AED,https://www.drivearabia.com/carprices/uae/toyota/toyota-innova/2022/,2026-06-12T08:27:45Z,TOYOTA,INNOVA,INNOVA,0.10105468054217126,4,65189.0
toyota-innova,2022,SE,105550,106000,105775,"AED 105,550 - 106,000",AED,https://www.drivearabia.com/carprices/uae/toyota/toyota-innova/2022/,2026-06-12T08:27:45Z,TOYOTA,INNOVA,INNOVA,0.10105468054217126,4,69074.0
toyota-innova,2023,2.0H I4 HEV FWD,137900,138900,138400,"AED 137,900 - 138,900",AED,https://www.drivearabia.com/carprices/uae/toyota/toyota-innova/2023/,2026-06-12T08:27:47Z,TOYOTA,INNOVA,INNOVA,0.10105468054217126,3,100539.0
toyota-innova,2025,2.0H I4 HEV FWD,126900,138900,132900,"AED 126,900 - 138,900",AED,https://www.drivearabia.com/carprices/uae/toyota/toyota-innova/2025/,2026-06-12T08:27:50Z,TOYOTA,INNOVA,INNOVA,0.10105468054217126,1,119470.0
toyota-innova,2026,2.0H I4 HEV FWD,126900,138900,132900,"AED 126,900 - 138,900",AED,https://www.drivearabia.com/carprices/uae/toyota/toyota-innova/2026/,2026-06-12T08:27:52Z,TOYOTA,INNOVA,INNOVA,0.10105468054217126,0,132900.0
toyota-land-cruiser,2010,4.5L Diesel,167000,204000,185500,"AED 167,000 - 204,000",AED,https://www.drivearabia.com/carprices/uae/toyota/toyota-land-cruiser/2010/,2026-06-12T08:28:19Z,TOYOTA,LAND CRUISER,LAND CRUISER,0.0864178287411793,16,43682.0
toyota-land-cruiser,2010,4.0L Xtreme,247000,262000,254500,"AED 247,000 - 262,000",AED,https://www.drivearabia.com/carprices/uae/toyota/toyota-land-cruiser/2010/,2026-06-12T08:28:19Z,TOYOTA,LAND CRUISER,LAND CRUISER,0.0864178287411793,16,59931.0
toyota-land-cruiser,2010,4.7L Xtreme,306000,315000,310500,"AED 306,000 - 315,000",AED,https://www.drivearabia.com/carprices/uae/toyota/toyota-land-cruiser/2010/,2026-06-12T08:28:19Z,TOYOTA,LAND CRUISER,LAND CRUISER,0.0864178287411793,16,73118.0
toyota-land-cruiser,2010,5.7L Xtreme,338000,340000,339000,"AED 338,000 - 340,000",AED,https://www.drivearabia.com/carprices/uae/toyota/toyota-land-cruiser/2010/,2026-06-12T08:28:19Z,TOYOTA,LAND CRUISER,LAND CRUISER,0.0864178287411793,16,79829.0
toyota-land-cruiser,2011,4.5L Diesel,167000,204000,185500,"AED 167,000 - 204,000",AED,https://www.drivearabia.com/carprices/uae/toyota/toyota-land-cruiser/2011/,2026-06-12T08:28:21Z,TOYOTA,LAND CRUISER,LAND CRUISER,0.0864178287411793,15,47814.0
toyota-land-cruiser,2011,4.0L Xtreme,247000,262000,254500,"AED 247,000 - 262,000",AED,https://www.drivearabia.com/carprices/uae/toyota/toyota-land-cruiser/2011/,2026-06-12T08:28:21Z,TOYOTA,LAND CRUISER,LAND CRUISER,0.0864178287411793,15,65600.0
toyota-land-cruiser,2011,4.7L Xtreme,306000,315000,310500,"AED 306,000 - 315,000",AED,https://www.drivearabia.com/carprices/uae/toyota/toyota-land-cruiser/2011/,2026-06-12T08:28:21Z,TOYOTA,LAND CRUISER,LAND CRUISER,0.0864178287411793,15,80034.0
toyota-land-cruiser,2011,5.7L Xtreme,338000,340000,339000,"AED 338,000 - 340,000",AED,https://www.drivearabia.com/carprices/uae/toyota/toyota-land-cruiser/2011/,2026-06-12T08:28:21Z,TOYOTA,LAND CRUISER,LAND CRUISER,0.0864178287411793,15,87380.0
toyota-land-cruiser,2014,4.0L Safari,185000,186000,185500,"AED 185,000 - 186,000",AED,https://www.drivearabia.com/carprices/uae/toyota/toyota-land-cruiser/2014/,2026-06-12T08:28:26Z,TOYOTA,LAND CRUISER,LAND CRUISER,0.0864178287411793,12,62707.0
toyota-land-cruiser,2014,4.0L EXR/GXR,199900,226000,212950,"AED 199,900 - 226,000",AED,https://www.drivearabia.com/carprices/uae/toyota/toyota-land-cruiser/2014/,2026-06-12T08:28:26Z,TOYOTA,LAND CRUISER,LAND CRUISER,0.0864178287411793,12,71986.0
toyota-land-cruiser,2014,4.6L EXR/GXR,216000,243000,229500,"AED 216,000 - 243,000",AED,https://www.drivearabia.com/carprices/uae/toyota/toyota-land-cruiser/2014/,2026-06-12T08:28:26Z,TOYOTA,LAND CRUISER,LAND CRUISER,0.0864178287411793,12,77581.0
toyota-land-cruiser,2014,4.6L VXR,287000,288000,287500,"AED 287,000 - 288,000",AED,https://www.drivearabia.com/carprices/uae/toyota/toyota-land-cruiser/2014/,2026-06-12T08:28:26Z,TOYOTA,LAND CRUISER,LAND CRUISER,0.0864178287411793,12,97187.0
toyota-land-cruiser,2014,5.7L VXR,307000,308000,307500,"AED 307,000 - 308,000",AED,https://www.drivearabia.com/carprices/uae/toyota/toyota-land-cruiser/2014/,2026-06-12T08:28:26Z,TOYOTA,LAND CRUISER,LAND CRUISER,0.0864178287411793,12,103948.0
toyota-land-cruiser,2015,4.0L Safari,186000,187000,186500,"AED 186,000 - 187,000",AED,https://www.drivearabia.com/carprices/uae/toyota/toyota-land-cruiser/2015/,2026-06-12T08:28:28Z,TOYOTA,LAND CRUISER,LAND CRUISER,0.0864178287411793,11,69009.0
toyota-land-cruiser,2015,4.0L EXR/GXR,204000,233000,218500,"AED 204,000 - 233,000",AED,https://www.drivearabia.com/carprices/uae/toyota/toyota-land-cruiser/2015/,2026-06-12T08:28:28Z,TOYOTA,LAND CRUISER,LAND CRUISER,0.0864178287411793,11,80849.0
toyota-land-cruiser,2015,4.6L EXR/GXR,224000,253000,238500,"AED 224,000 - 253,000",AED,https://www.drivearabia.com/carprices/uae/toyota/toyota-land-cruiser/2015/,2026-06-12T08:28:28Z,TOYOTA,LAND CRUISER,LAND CRUISER,0.0864178287411793,11,88249.0
toyota-land-cruiser,2015,5.7L EXR/GXR,244000,273000,258500,"AED 244,000 - 273,000",AED,https://www.drivearabia.com/carprices/uae/toyota/toyota-land-cruiser/2015/,2026-06-12T08:28:28Z,TOYOTA,LAND CRUISER,LAND CRUISER,0.0864178287411793,11,95650.0
toyota-land-cruiser,2015,4.6L VXR,290000,291000,290500,"AED 290,000 - 291,000",AED,https://www.drivearabia.com/carprices/uae/toyota/toyota-land-cruiser/2015/,2026-06-12T08:28:28Z,TOYOTA,LAND CRUISER,LAND CRUISER,0.0864178287411793,11,107490.0
toyota-land-cruiser,2015,5.7L VXR,315000,316000,315500,"AED 315,000 - 316,000",AED,https://www.drivearabia.com/carprices/uae/toyota/toyota-land-cruiser/2015/,2026-06-12T08:28:28Z,TOYOTA,LAND CRUISER,LAND CRUISER,0.0864178287411793,11,116741.0
toyota-land-cruiser,2016,4.0L EXR,209000,213000,211000,"AED 209,000 - 213,000",AED,https://www.drivearabia.com/carprices/uae/toyota/toyota-land-cruiser/2016/,2026-06-12T08:28:30Z,TOYOTA,LAND CRUISER,LAND CRUISER,0.0864178287411793,10,85459.0
toyota-land-cruiser,2016,4.6L EXR,229000,234000,231500,"AED 229,000 - 234,000",AED,https://www.drivearabia.com/carprices/uae/toyota/toyota-land-cruiser/2016/,2026-06-12T08:28:30Z,TOYOTA,LAND CRUISER,LAND CRUISER,0.0864178287411793,10,93762.0
toyota-land-cruiser,2016,4.0L GXR,238000,242000,240000,"AED 238,000 - 242,000",AED,https://www.drivearabia.com/carprices/uae/toyota/toyota-land-cruiser/2016/,2026-06-12T08:28:30Z,TOYOTA,LAND CRUISER,LAND CRUISER,0.0864178287411793,10,97205.0
toyota-land-cruiser,2016,5.7L EXR,249000,253000,251000,"AED 249,000 - 253,000",AED,https://www.drivearabia.com/carprices/uae/toyota/toyota-land-cruiser/2016/,2026-06-12T08:28:30Z,TOYOTA,LAND CRUISER,LAND CRUISER,0.0864178287411793,10,101660.0
toyota-land-cruiser,2016,4.6L GXR,258000,263000,260500,"AED 258,000 - 263,000",AED,https://www.drivearabia.com/carprices/uae/toyota/toyota-land-cruiser/2016/,2026-06-12T08:28:30Z,TOYOTA,LAND CRUISER,LAND CRUISER,0.0864178287411793,10,105508.0
toyota-land-cruiser,2016,5.7L GXR,278000,282000,280000,"AED 278,000 - 282,000",AED,https://www.drivearabia.com/carprices/uae/toyota/toyota-land-cruiser/2016/,2026-06-12T08:28:30Z,TOYOTA,LAND CRUISER,LAND CRUISER,0.0864178287411793,10,113406.0
toyota-land-cruiser,2016,4.6L VXR,295000,300000,297500,"AED 295,000 - 300,000",AED,https://www.drivearabia.com/carprices/uae/toyota/toyota-land-cruiser/2016/,2026-06-12T08:28:30Z,TOYOTA,LAND CRUISER,LAND CRUISER,0.0864178287411793,10,120493.0
toyota-land-cruiser,2016,5.7L VXR,325000,329000,327000,"AED 325,000 - 329,000",AED,https://www.drivearabia.com/carprices/uae/toyota/toyota-land-cruiser/2016/,2026-06-12T08:28:30Z,TOYOTA,LAND CRUISER,LAND CRUISER,0.0864178287411793,10,132441.0
toyota-land-cruiser,2017,4.0L EXR,199000,213000,206000,"AED 199,000 - 213,000",AED,https://www.drivearabia.com/carprices/uae/toyota/toyota-land-cruiser/2017/,2026-06-12T08:28:32Z,TOYOTA,LAND CRUISER,LAND CRUISER,0.0864178287411793,9,91326.0
toyota-land-cruiser,2017,4.6L EXR,229000,234000,231500,"AED 229,000 - 234,000",AED,https://www.drivearabia.com/carprices/uae/toyota/toyota-land-cruiser/2017/,2026-06-12T08:28:32Z,TOYOTA,LAND CRUISER,LAND CRUISER,0.0864178287411793,9,102631.0
toyota-land-cruiser,2017,4.0L GXR,238000,242000,240000,"AED 238,000 - 242,000",AED,https://www.drivearabia.com/carprices/uae/toyota/toyota-land-cruiser/2017/,2026-06-12T08:28:32Z,TOYOTA,LAND CRUISER,LAND CRUISER,0.0864178287411793,9,106400.0
toyota-land-cruiser,2017,5.7L EXR,249000,253000,251000,"AED 249,000 - 253,000",AED,https://www.drivearabia.com/carprices/uae/toyota/toyota-land-cruiser/2017/,2026-06-12T08:28:32Z,TOYOTA,LAND CRUISER,LAND CRUISER,0.0864178287411793,9,111276.0
toyota-land-cruiser,2017,4.6L GXR,258000,263000,260500,"AED 258,000 - 263,000",AED,https://www.drivearabia.com/carprices/uae/toyota/toyota-land-cruiser/2017/,2026-06-12T08:28:32Z,TOYOTA,LAND CRUISER,LAND CRUISER,0.0864178287411793,9,115488.0
toyota-land-cruiser,2017,5.7L GXR,278000,282000,280000,"AED 278,000 - 282,000",AED,https://www.drivearabia.com/carprices/uae/toyota/toyota-land-cruiser/2017/,2026-06-12T08:28:32Z,TOYOTA,LAND CRUISER,LAND CRUISER,0.0864178287411793,9,124133.0
toyota-land-cruiser,2017,4.6L VXR,295000,300000,297500,"AED 295,000 - 300,000",AED,https://www.drivearabia.com/carprices/uae/toyota/toyota-land-cruiser/2017/,2026-06-12T08:28:32Z,TOYOTA,LAND CRUISER,LAND CRUISER,0.0864178287411793,9,131891.0
toyota-land-cruiser,2017,5.7L VXR,325000,329000,327000,"AED 325,000 - 329,000",AED,https://www.drivearabia.com/carprices/uae/toyota/toyota-land-cruiser/2017/,2026-06-12T08:28:32Z,TOYOTA,LAND CRUISER,LAND CRUISER,0.0864178287411793,9,144969.0
toyota-land-cruiser,2018,4.0L EXR,199000,213000,206000,"AED 199,000 - 213,000",AED,https://www.drivearabia.com/carprices/uae/toyota/toyota-land-cruiser/2018/,2026-06-12T08:28:33Z,TOYOTA,LAND CRUISER,LAND CRUISER,0.0864178287411793,8,99965.0
toyota-land-cruiser,2018,4.0L GXR,238000,242000,240000,"AED 238,000 - 242,000",AED,https://www.drivearabia.com/carprices/uae/toyota/toyota-land-cruiser/2018/,2026-06-12T08:28:33Z,TOYOTA,LAND CRUISER,LAND CRUISER,0.0864178287411793,8,116464.0
toyota-land-cruiser,2018,4.6L EXR,239900,240000,239950,"AED 239,900 - 240,000",AED,https://www.drivearabia.com/carprices/uae/toyota/toyota-land-cruiser/2018/,2026-06-12T08:28:33Z,TOYOTA,LAND CRUISER,LAND CRUISER,0.0864178287411793,8,116440.0
toyota-land-cruiser,2018,5.7L EXR,262900,263000,262950,"AED 262,900 - 263,000",AED,https://www.drivearabia.com/carprices/uae/toyota/toyota-land-cruiser/2018/,2026-06-12T08:28:33Z,TOYOTA,LAND CRUISER,LAND CRUISER,0.0864178287411793,8,127601.0
toyota-land-cruiser,2018,4.6L GXR,283900,284000,283950,"AED 283,900 - 284,000",AED,https://www.drivearabia.com/carprices/uae/toyota/toyota-land-cruiser/2018/,2026-06-12T08:28:33Z,TOYOTA,LAND CRUISER,LAND CRUISER,0.0864178287411793,8,137792.0
toyota-land-cruiser,2018,5.7L GXR,306900,307000,306950,"AED 306,900 - 307,000",AED,https://www.drivearabia.com/carprices/uae/toyota/toyota-land-cruiser/2018/,2026-06-12T08:28:33Z,TOYOTA,LAND CRUISER,LAND CRUISER,0.0864178287411793,8,148953.0
toyota-land-cruiser,2018,4.6L VXR,315900,316000,315950,"AED 315,900 - 316,000",AED,https://www.drivearabia.com/carprices/uae/toyota/toyota-land-cruiser/2018/,2026-06-12T08:28:33Z,TOYOTA,LAND CRUISER,LAND CRUISER,0.0864178287411793,8,153320.0
toyota-land-cruiser,2018,5.7L VXR,349000,350000,349500,"AED 349,000 - 350,000",AED,https://www.drivearabia.com/carprices/uae/toyota/toyota-land-cruiser/2018/,2026-06-12T08:28:33Z,TOYOTA,LAND CRUISER,LAND CRUISER,0.0864178287411793,8,169601.0
toyota-land-cruiser,2019,4.0L EXR,215900,216000,215950,"AED 215,900 - 216,000",AED,https://www.drivearabia.com/carprices/uae/toyota/toyota-land-cruiser/2019/,2026-06-12T08:28:35Z,TOYOTA,LAND CRUISER,LAND CRUISER,0.0864178287411793,7,114706.0
toyota-land-cruiser,2019,4.6L EXR,239900,240000,239950,"AED 239,900 - 240,000",AED,https://www.drivearabia.com/carprices/uae/toyota/toyota-land-cruiser/2019/,2026-06-12T08:28:35Z,TOYOTA,LAND CRUISER,LAND CRUISER,0.0864178287411793,7,127454.0
toyota-land-cruiser,2019,4.0L GXR,249900,250000,249950,"AED 249,900 - 250,000",AED,https://www.drivearabia.com/carprices/uae/toyota/toyota-land-cruiser/2019/,2026-06-12T08:28:35Z,TOYOTA,LAND CRUISER,LAND CRUISER,0.0864178287411793,7,132766.0
toyota-land-cruiser,2019,5.7L EXR,259900,260000,259950,"AED 259,900 - 260,000",AED,https://www.drivearabia.com/carprices/uae/toyota/toyota-land-cruiser/2019/,2026-06-12T08:28:35Z,TOYOTA,LAND CRUISER,LAND CRUISER,0.0864178287411793,7,138078.0
toyota-land-cruiser,2019,4.6L GXR GT,275900,276000,275950,"AED 275,900 - 276,000",AED,https://www.drivearabia.com/carprices/uae/toyota/toyota-land-cruiser/2019/,2026-06-12T08:28:35Z,TOYOTA,LAND CRUISER,LAND CRUISER,0.0864178287411793,7,146576.0
toyota-land-cruiser,2019,5.7L GXR,299900,300000,299950,"AED 299,900 - 300,000",AED,https://www.drivearabia.com/carprices/uae/toyota/toyota-land-cruiser/2019/,2026-06-12T08:28:35Z,TOYOTA,LAND CRUISER,LAND CRUISER,0.0864178287411793,7,159324.0
toyota-land-cruiser,2019,5.7L VXR,329000,330000,329500,"AED 329,000 - 330,000",AED,https://www.drivearabia.com/carprices/uae/toyota/toyota-land-cruiser/2019/,2026-06-12T08:28:35Z,TOYOTA,LAND CRUISER,LAND CRUISER,0.0864178287411793,7,175020.0
toyota-land-cruiser,2020,4.0L V6 Heritage Edition,170000,171000,170500,"AED 170,000 - 171,000",AED,https://www.drivearabia.com/carprices/uae/toyota/toyota-land-cruiser/2020/,2026-06-12T08:28:37Z,TOYOTA,LAND CRUISER,LAND CRUISER,0.0864178287411793,6,99131.0
toyota-land-cruiser,2020,4.0L EXR,215900,216000,215950,"AED 215,900 - 216,000",AED,https://www.drivearabia.com/carprices/uae/toyota/toyota-land-cruiser/2020/,2026-06-12T08:28:37Z,TOYOTA,LAND CRUISER,LAND CRUISER,0.0864178287411793,6,125556.0
toyota-land-cruiser,2020,4.6L V8 Heritage Edition,225000,226000,225500,"AED 225,000 - 226,000",AED,https://www.drivearabia.com/carprices/uae/toyota/toyota-land-cruiser/2020/,2026-06-12T08:28:37Z,TOYOTA,LAND CRUISER,LAND CRUISER,0.0864178287411793,6,131109.0
toyota-land-cruiser,2020,4.6L EXR,239900,240000,239950,"AED 239,900 - 240,000",AED,https://www.drivearabia.com/carprices/uae/toyota/toyota-land-cruiser/2020/,2026-06-12T08:28:37Z,TOYOTA,LAND CRUISER,LAND CRUISER,0.0864178287411793,6,139510.0
toyota-land-cruiser,2020,4.0L GXR,249900,250000,249950,"AED 249,900 - 250,000",AED,https://www.drivearabia.com/carprices/uae/toyota/toyota-land-cruiser/2020/,2026-06-12T08:28:37Z,TOYOTA,LAND CRUISER,LAND CRUISER,0.0864178287411793,6,145324.0
toyota-land-cruiser,2020,5.7L EXR,259900,260000,259950,"AED 259,900 - 260,000",AED,https://www.drivearabia.com/carprices/uae/toyota/toyota-land-cruiser/2020/,2026-06-12T08:28:37Z,TOYOTA,LAND CRUISER,LAND CRUISER,0.0864178287411793,6,151139.0
toyota-land-cruiser,2020,4.6L GXR GT,275900,276000,275950,"AED 275,900 - 276,000",AED,https://www.drivearabia.com/carprices/uae/toyota/toyota-land-cruiser/2020/,2026-06-12T08:28:37Z,TOYOTA,LAND CRUISER,LAND CRUISER,0.0864178287411793,6,160441.0
toyota-land-cruiser,2020,5.7L GXR,299900,300000,299950,"AED 299,900 - 300,000",AED,https://www.drivearabia.com/carprices/uae/toyota/toyota-land-cruiser/2020/,2026-06-12T08:28:37Z,TOYOTA,LAND CRUISER,LAND CRUISER,0.0864178287411793,6,174395.0
toyota-land-cruiser,2020,5.7L VXR,329000,330000,329500,"AED 329,000 - 330,000",AED,https://www.drivearabia.com/carprices/uae/toyota/toyota-land-cruiser/2020/,2026-06-12T08:28:37Z,TOYOTA,LAND CRUISER,LAND CRUISER,0.0864178287411793,6,191576.0
toyota-land-cruiser,2021,4.0L EXR,215900,216000,215950,"AED 215,900 - 216,000",AED,https://www.drivearabia.com/carprices/uae/toyota/toyota-land-cruiser/2021/,2026-06-12T08:28:39Z,TOYOTA,LAND CRUISER,LAND CRUISER,0.0864178287411793,5,137433.0
toyota-land-cruiser,2021,4.6L EXR,239900,240000,239950,"AED 239,900 - 240,000",AED,https://www.drivearabia.com/carprices/uae/toyota/toyota-land-cruiser/2021/,2026-06-12T08:28:39Z,TOYOTA,LAND CRUISER,LAND CRUISER,0.0864178287411793,5,152707.0
toyota-land-cruiser,2021,4.0L GXR,249900,250000,249950,"AED 249,900 - 250,000",AED,https://www.drivearabia.com/carprices/uae/toyota/toyota-land-cruiser/2021/,2026-06-12T08:28:39Z,TOYOTA,LAND CRUISER,LAND CRUISER,0.0864178287411793,5,159071.0
toyota-land-cruiser,2021,5.7L EXR,259900,260000,259950,"AED 259,900 - 260,000",AED,https://www.drivearabia.com/carprices/uae/toyota/toyota-land-cruiser/2021/,2026-06-12T08:28:39Z,TOYOTA,LAND CRUISER,LAND CRUISER,0.0864178287411793,5,165435.0
toyota-land-cruiser,2021,4.6L GXR GT,275900,276000,275950,"AED 275,900 - 276,000",AED,https://www.drivearabia.com/carprices/uae/toyota/toyota-land-cruiser/2021/,2026-06-12T08:28:39Z,TOYOTA,LAND CRUISER,LAND CRUISER,0.0864178287411793,5,175618.0
toyota-land-cruiser,2021,5.7L GXR,299900,300000,299950,"AED 299,900 - 300,000",AED,https://www.drivearabia.com/carprices/uae/toyota/toyota-land-cruiser/2021/,2026-06-12T08:28:39Z,TOYOTA,LAND CRUISER,LAND CRUISER,0.0864178287411793,5,190892.0
toyota-land-cruiser,2021,5.7L VXR,329000,330000,329500,"AED 329,000 - 330,000",AED,https://www.drivearabia.com/carprices/uae/toyota/toyota-land-cruiser/2021/,2026-06-12T08:28:39Z,TOYOTA,LAND CRUISER,LAND CRUISER,0.0864178287411793,5,209698.0
toyota-land-cruiser,2022,4.0 V6 EXR,229900,230000,229950,"AED 229,900 - 230,000",AED,https://www.drivearabia.com/carprices/uae/toyota/toyota-land-cruiser/2022/,2026-06-12T08:28:41Z,TOYOTA,LAND CRUISER,LAND CRUISER,0.0864178287411793,4,160186.0
toyota-land-cruiser,2022,4.0 V6 GXR,259900,260000,259950,"AED 259,900 - 260,000",AED,https://www.drivearabia.com/carprices/uae/toyota/toyota-land-cruiser/2022/,2026-06-12T08:28:41Z,TOYOTA,LAND CRUISER,LAND CRUISER,0.0864178287411793,4,181084.0
toyota-land-cruiser,2022,4.0 V6 VXR,289900,290000,289950,"AED 289,900 - 290,000",AED,https://www.drivearabia.com/carprices/uae/toyota/toyota-land-cruiser/2022/,2026-06-12T08:28:41Z,TOYOTA,LAND CRUISER,LAND CRUISER,0.0864178287411793,4,201982.0
toyota-land-cruiser,2022,3.5T V6 EXR,297900,298000,297950,"AED 297,900 - 298,000",AED,https://www.drivearabia.com/carprices/uae/toyota/toyota-land-cruiser/2022/,2026-06-12T08:28:41Z,TOYOTA,LAND CRUISER,LAND CRUISER,0.0864178287411793,4,207555.0
toyota-land-cruiser,2022,3.5T V6 GXR,319900,320000,319950,"AED 319,900 - 320,000",AED,https://www.drivearabia.com/carprices/uae/toyota/toyota-land-cruiser/2022/,2026-06-12T08:28:41Z,TOYOTA,LAND CRUISER,LAND CRUISER,0.0864178287411793,4,222881.0
toyota-land-cruiser,2022,3.5T V6 VXR,354900,355000,354950,"AED 354,900 - 355,000",AED,https://www.drivearabia.com/carprices/uae/toyota/toyota-land-cruiser/2022/,2026-06-12T08:28:41Z,TOYOTA,LAND CRUISER,LAND CRUISER,0.0864178287411793,4,247262.0
toyota-land-cruiser,2023,4.0 V6 EXR 4WD,238900,239000,238950,"AED 238,900 - 239,000",AED,https://www.drivearabia.com/carprices/uae/toyota/toyota-land-cruiser/2023/,2026-06-12T08:28:43Z,TOYOTA,LAND CRUISER,LAND CRUISER,0.0864178287411793,3,182201.0
toyota-land-cruiser,2023,4.0 V6 GXR 4WD,269900,270000,269950,"AED 269,900 - 270,000",AED,https://www.drivearabia.com/carprices/uae/toyota/toyota-land-cruiser/2023/,2026-06-12T08:28:43Z,TOYOTA,LAND CRUISER,LAND CRUISER,0.0864178287411793,3,205838.0
toyota-land-cruiser,2023,3.5TC V6 EXR 4WD,307900,308000,307950,"AED 307,900 - 308,000",AED,https://www.drivearabia.com/carprices/uae/toyota/toyota-land-cruiser/2023/,2026-06-12T08:28:43Z,TOYOTA,LAND CRUISER,LAND CRUISER,0.0864178287411793,3,234813.0
toyota-land-cruiser,2023,3.5TC V6 Black Edition 4WD,307900,308000,307950,"AED 307,900 - 308,000",AED,https://www.drivearabia.com/carprices/uae/toyota/toyota-land-cruiser/2023/,2026-06-12T08:28:43Z,TOYOTA,LAND CRUISER,LAND CRUISER,0.0864178287411793,3,234813.0
toyota-land-cruiser,2023,4.0 V6 VXR 4WD,308900,309000,308950,"AED 308,900 - 309,000",AED,https://www.drivearabia.com/carprices/uae/toyota/toyota-land-cruiser/2023/,2026-06-12T08:28:43Z,TOYOTA,LAND CRUISER,LAND CRUISER,0.0864178287411793,3,235576.0
toyota-land-cruiser,2023,3.5TC V6 GXR 4WD,329900,330000,329950,"AED 329,900 - 330,000",AED,https://www.drivearabia.com/carprices/uae/toyota/toyota-land-cruiser/2023/,2026-06-12T08:28:43Z,TOYOTA,LAND CRUISER,LAND CRUISER,0.0864178287411793,3,251589.0
toyota-land-cruiser,2023,3.5TC V6 VXR 4WD,377900,378000,377950,"AED 377,900 - 378,000",AED,https://www.drivearabia.com/carprices/uae/toyota/toyota-land-cruiser/2023/,2026-06-12T08:28:43Z,TOYOTA,LAND CRUISER,LAND CRUISER,0.0864178287411793,3,288189.0
toyota-land-cruiser,2024,4.0 V6 EXR 4WD,238900,239000,238950,"AED 238,900 - 239,000",AED,https://www.drivearabia.com/carprices/uae/toyota/toyota-land-cruiser/2024/,2026-06-12T08:28:44Z,TOYOTA,LAND CRUISER,LAND CRUISER,0.0864178287411793,2,199435.0
toyota-land-cruiser,2024,4.0 V6 GXR 4WD,269900,270000,269950,"AED 269,900 - 270,000",AED,https://www.drivearabia.com/carprices/uae/toyota/toyota-land-cruiser/2024/,2026-06-12T08:28:44Z,TOYOTA,LAND CRUISER,LAND CRUISER,0.0864178287411793,2,225309.0
toyota-land-cruiser,2024,3.5TC V6 EXR 4WD,307900,308000,307950,"AED 307,900 - 308,000",AED,https://www.drivearabia.com/carprices/uae/toyota/toyota-land-cruiser/2024/,2026-06-12T08:28:44Z,TOYOTA,LAND CRUISER,LAND CRUISER,0.0864178287411793,2,257025.0
toyota-land-cruiser,2024,3.5TC V6 Black Edition 4WD,307900,308000,307950,"AED 307,900 - 308,000",AED,https://www.drivearabia.com/carprices/uae/toyota/toyota-land-cruiser/2024/,2026-06-12T08:28:44Z,TOYOTA,LAND CRUISER,LAND CRUISER,0.0864178287411793,2,257025.0
toyota-land-cruiser,2024,4.0 V6 VXR 4WD,308900,309000,308950,"AED 308,900 - 309,000",AED,https://www.drivearabia.com/carprices/uae/toyota/toyota-land-cruiser/2024/,2026-06-12T08:28:44Z,TOYOTA,LAND CRUISER,LAND CRUISER,0.0864178287411793,2,257860.0
toyota-land-cruiser,2024,3.5TC V6 GXR 4WD,329900,330000,329950,"AED 329,900 - 330,000",AED,https://www.drivearabia.com/carprices/uae/toyota/toyota-land-cruiser/2024/,2026-06-12T08:28:44Z,TOYOTA,LAND CRUISER,LAND CRUISER,0.0864178287411793,2,275387.0
toyota-land-cruiser,2024,3.5TC V6 VXR 4WD,377900,378000,377950,"AED 377,900 - 378,000",AED,https://www.drivearabia.com/carprices/uae/toyota/toyota-land-cruiser/2024/,2026-06-12T08:28:44Z,TOYOTA,LAND CRUISER,LAND CRUISER,0.0864178287411793,2,315449.0
toyota-land-cruiser,2025,4.0 V6 EXR 4WD,238900,239000,238950,"AED 238,900 - 239,000",AED,https://www.drivearabia.com/carprices/uae/toyota/toyota-land-cruiser/2025/,2026-06-12T08:28:46Z,TOYOTA,LAND CRUISER,LAND CRUISER,0.0864178287411793,1,218300.0
toyota-land-cruiser,2025,4.0 V6 GXR 4WD,269900,270000,269950,"AED 269,900 - 270,000",AED,https://www.drivearabia.com/carprices/uae/toyota/toyota-land-cruiser/2025/,2026-06-12T08:28:46Z,TOYOTA,LAND CRUISER,LAND CRUISER,0.0864178287411793,1,246622.0
toyota-land-cruiser,2025,3.5TC V6 EXR 4WD,307900,308000,307950,"AED 307,900 - 308,000",AED,https://www.drivearabia.com/carprices/uae/toyota/toyota-land-cruiser/2025/,2026-06-12T08:28:46Z,TOYOTA,LAND CRUISER,LAND CRUISER,0.0864178287411793,1,281338.0
toyota-land-cruiser,2025,3.5TC V6 Black Edition 4WD,307900,308000,307950,"AED 307,900 - 308,000",AED,https://www.drivearabia.com/carprices/uae/toyota/toyota-land-cruiser/2025/,2026-06-12T08:28:46Z,TOYOTA,LAND CRUISER,LAND CRUISER,0.0864178287411793,1,281338.0
toyota-land-cruiser,2025,4.0 V6 VXR 4WD,308900,309000,308950,"AED 308,900 - 309,000",AED,https://www.drivearabia.com/carprices/uae/toyota/toyota-land-cruiser/2025/,2026-06-12T08:28:46Z,TOYOTA,LAND CRUISER,LAND CRUISER,0.0864178287411793,1,282251.0
toyota-land-cruiser,2025,3.5TC V6 GXR 4WD,329900,330000,329950,"AED 329,900 - 330,000",AED,https://www.drivearabia.com/carprices/uae/toyota/toyota-land-cruiser/2025/,2026-06-12T08:28:46Z,TOYOTA,LAND CRUISER,LAND CRUISER,0.0864178287411793,1,301436.0
toyota-land-cruiser,2025,3.5TC V6 VXR 4WD,377900,378000,377950,"AED 377,900 - 378,000",AED,https://www.drivearabia.com/carprices/uae/toyota/toyota-land-cruiser/2025/,2026-06-12T08:28:46Z,TOYOTA,LAND CRUISER,LAND CRUISER,0.0864178287411793,1,345288.0
toyota-land-cruiser,2025,3.5TC V6 VXR Hybrid 4WD,389900,390000,389950,"AED 389,900 - 390,000",AED,https://www.drivearabia.com/carprices/uae/toyota/toyota-land-cruiser/2025/,2026-06-12T08:28:46Z,TOYOTA,LAND CRUISER,LAND CRUISER,0.0864178287411793,1,356251.0
toyota-land-cruiser,2025,3.5TC V6 GR-S Hybrid 4WD,409900,410000,409950,"AED 409,900 - 410,000",AED,https://www.drivearabia.com/carprices/uae/toyota/toyota-land-cruiser/2025/,2026-06-12T08:28:46Z,TOYOTA,LAND CRUISER,LAND CRUISER,0.0864178287411793,1,374523.0
toyota-land-cruiser,2026,4.0 V6 EXR 4WD,239900,240000,239950,"AED 239,900 - 240,000",AED,https://www.drivearabia.com/carprices/uae/toyota/toyota-land-cruiser/2026/,2026-06-12T08:28:48Z,TOYOTA,LAND CRUISER,LAND CRUISER,0.0864178287411793,0,239950.0
toyota-land-cruiser,2026,4.0 V6 GXR 4WD,274900,275000,274950,"AED 274,900 - 275,000",AED,https://www.drivearabia.com/carprices/uae/toyota/toyota-land-cruiser/2026/,2026-06-12T08:28:48Z,TOYOTA,LAND CRUISER,LAND CRUISER,0.0864178287411793,0,274950.0
toyota-land-cruiser,2026,3.5TC V6 Black Edition 4WD,307900,308000,307950,"AED 307,900 - 308,000",AED,https://www.drivearabia.com/carprices/uae/toyota/toyota-land-cruiser/2026/,2026-06-12T08:28:48Z,TOYOTA,LAND CRUISER,LAND CRUISER,0.0864178287411793,0,307950.0
toyota-land-cruiser,2026,4.0 V6 VXR 4WD,316900,317000,316950,"AED 316,900 - 317,000",AED,https://www.drivearabia.com/carprices/uae/toyota/toyota-land-cruiser/2026/,2026-06-12T08:28:48Z,TOYOTA,LAND CRUISER,LAND CRUISER,0.0864178287411793,0,316950.0
toyota-land-cruiser,2026,3.5TC V6 GXR 4WD,335900,336000,335950,"AED 335,900 - 336,000",AED,https://www.drivearabia.com/carprices/uae/toyota/toyota-land-cruiser/2026/,2026-06-12T08:28:48Z,TOYOTA,LAND CRUISER,LAND CRUISER,0.0864178287411793,0,335950.0
toyota-land-cruiser,2026,3.5TC V6 VXR 4WD,379900,380000,379950,"AED 379,900 - 380,000",AED,https://www.drivearabia.com/carprices/uae/toyota/toyota-land-cruiser/2026/,2026-06-12T08:28:48Z,TOYOTA,LAND CRUISER,LAND CRUISER,0.0864178287411793,0,379950.0
toyota-land-cruiser,2026,3.5TC V6 VXR Hybrid 4WD,389900,390000,389950,"AED 389,900 - 390,000",AED,https://www.drivearabia.com/carprices/uae/toyota/toyota-land-cruiser/2026/,2026-06-12T08:28:48Z,TOYOTA,LAND CRUISER,LAND CRUISER,0.0864178287411793,0,389950.0
toyota-land-cruiser,2026,3.5TC V6 GR-S Hybrid 4WD,409900,410000,409950,"AED 409,900 - 410,000",AED,https://www.drivearabia.com/carprices/uae/toyota/toyota-land-cruiser/2026/,2026-06-12T08:28:48Z,TOYOTA,LAND CRUISER,LAND CRUISER,0.0864178287411793,0,409950.0
toyota-land-cruiser-70,2011,3-door 7-seater,117400,119000,118200,"AED 117,400 - 119,000",AED,https://www.drivearabia.com/carprices/uae/toyota/toyota-land-cruiser-70/2011/,2026-06-12T08:29:10Z,TOYOTA,LAND CRUISER 70,LAND CRUISER 70,0.0778329047847892,15,35056.0
toyota-land-cruiser-70,2011,3-door 5 seater,120250,125000,122625,"AED 120,250 - 125,000",AED,https://www.drivearabia.com/carprices/uae/toyota/toyota-land-cruiser-70/2011/,2026-06-12T08:29:10Z,TOYOTA,LAND CRUISER 70,LAND CRUISER 70,0.0778329047847892,15,36368.0
toyota-land-cruiser-70,2011,5-door 10 seater,125900,127000,126450,"AED 125,900 - 127,000",AED,https://www.drivearabia.com/carprices/uae/toyota/toyota-land-cruiser-70/2011/,2026-06-12T08:29:10Z,TOYOTA,LAND CRUISER 70,LAND CRUISER 70,0.0778329047847892,15,37503.0
toyota-land-cruiser-70,2015,3-door,135000,136000,135500,"AED 135,000 - 136,000",AED,https://www.drivearabia.com/carprices/uae/toyota/toyota-land-cruiser-70/2015/,2026-06-12T08:29:18Z,TOYOTA,LAND CRUISER 70,LAND CRUISER 70,0.0778329047847892,11,55571.0
toyota-land-cruiser-70,2016,3-door,135000,136000,135500,"AED 135,000 - 136,000",AED,https://www.drivearabia.com/carprices/uae/toyota/toyota-land-cruiser-70/2016/,2026-06-12T08:29:20Z,TOYOTA,LAND CRUISER 70,LAND CRUISER 70,0.0778329047847892,10,60261.0
toyota-land-cruiser-70,2021,3-door,150700,151000,150850,"AED 150,700 - 151,000",AED,https://www.drivearabia.com/carprices/uae/toyota/toyota-land-cruiser-70/2021/,2026-06-12T08:29:26Z,TOYOTA,LAND CRUISER 70,LAND CRUISER 70,0.0778329047847892,5,100599.0
toyota-land-cruiser-70,2021,LC70 Overlander 5-door,190000,190500,190250,"AED 190,000 - 190,500",AED,https://www.drivearabia.com/carprices/uae/toyota/toyota-land-cruiser-70/2021/,2026-06-12T08:29:26Z,TOYOTA,LAND CRUISER 70,LAND CRUISER 70,0.0778329047847892,5,126874.0
toyota-land-cruiser-70,2022,3-door,150700,151000,150850,"AED 150,700 - 151,000",AED,https://www.drivearabia.com/carprices/uae/toyota/toyota-land-cruiser-70/2022/,2026-06-12T08:29:28Z,TOYOTA,LAND CRUISER 70,LAND CRUISER 70,0.0778329047847892,4,109090.0
toyota-land-cruiser-70,2022,LC70 Overlander 5-door,190000,190500,190250,"AED 190,000 - 190,500",AED,https://www.drivearabia.com/carprices/uae/toyota/toyota-land-cruiser-70/2022/,2026-06-12T08:29:28Z,TOYOTA,LAND CRUISER 70,LAND CRUISER 70,0.0778329047847892,4,137582.0
toyota-land-cruiser-70,2024,4.0L V6 3-door 4WD,169900,171000,170450,"AED 169,900 - 171,000",AED,https://www.drivearabia.com/carprices/uae/toyota/toyota-land-cruiser-70/2024/,2026-06-12T08:29:30Z,TOYOTA,LAND CRUISER 70,LAND CRUISER 70,0.0778329047847892,2,144949.0
toyota-land-cruiser-70,2024,4.0L V6 5-door 4WD,179900,181000,180450,"AED 179,900 - 181,000",AED,https://www.drivearabia.com/carprices/uae/toyota/toyota-land-cruiser-70/2024/,2026-06-12T08:29:30Z,TOYOTA,LAND CRUISER 70,LAND CRUISER 70,0.0778329047847892,2,153453.0
toyota-land-cruiser-70,2025,4.0L V6 3-door 4WD,172900,173000,172950,"AED 172,900 - 173,000",AED,https://www.drivearabia.com/carprices/uae/toyota/toyota-land-cruiser-70/2025/,2026-06-12T08:29:32Z,TOYOTA,LAND CRUISER 70,LAND CRUISER 70,0.0778329047847892,1,159489.0
toyota-land-cruiser-70,2025,4.0L V6 5-door 4WD,182900,183000,182950,"AED 182,900 - 183,000",AED,https://www.drivearabia.com/carprices/uae/toyota/toyota-land-cruiser-70/2025/,2026-06-12T08:29:32Z,TOYOTA,LAND CRUISER 70,LAND CRUISER 70,0.0778329047847892,1,168710.0
toyota-land-cruiser-70,2026,4.0L V6 3-door 4WD,177900,178000,177950,"AED 177,900 - 178,000",AED,https://www.drivearabia.com/carprices/uae/toyota/toyota-land-cruiser-70/2026/,2026-06-12T08:29:34Z,TOYOTA,LAND CRUISER 70,LAND CRUISER 70,0.0778329047847892,0,177950.0
toyota-land-cruiser-70,2026,4.0L V6 5-door 4WD,187900,188000,187950,"AED 187,900 - 188,000",AED,https://www.drivearabia.com/carprices/uae/toyota/toyota-land-cruiser-70/2026/,2026-06-12T08:29:34Z,TOYOTA,LAND CRUISER 70,LAND CRUISER 70,0.0778329047847892,0,187950.0
toyota-land-cruiser-gr-sport,2023,3.5TC V6 GR 4WD,412900,413000,412950,"AED 412,900 - 413,000",AED,https://www.drivearabia.com/carprices/uae/toyota/toyota-land-cruiser-gr-sport/2023/,2026-06-12T08:30:08Z,TOYOTA,LAND CRUISER GR SPORT,,,3,
toyota-land-cruiser-gr-sport,2024,3.5TC V6 GR 4WD,412900,413000,412950,"AED 412,900 - 413,000",AED,https://www.drivearabia.com/carprices/uae/toyota/toyota-land-cruiser-gr-sport/2024/,2026-06-12T08:30:09Z,TOYOTA,LAND CRUISER GR SPORT,,,2,
toyota-land-cruiser-gr-sport,2025,3.5TC V6 GR 4WD,399900,412900,406400,"AED 399,900 - 412,900",AED,https://www.drivearabia.com/carprices/uae/toyota/toyota-land-cruiser-gr-sport/2025/,2026-06-12T08:30:11Z,TOYOTA,LAND CRUISER GR SPORT,,,1,
toyota-land-cruiser-gr-sport,2025,3.5TC+E V6 GR 4WD,409900,410000,409950,"AED 409,900 - 410,000",AED,https://www.drivearabia.com/carprices/uae/toyota/toyota-land-cruiser-gr-sport/2025/,2026-06-12T08:30:11Z,TOYOTA,LAND CRUISER GR SPORT,,,1,
toyota-land-cruiser-gr-sport,2026,3.5TC V6 GR 4WD,399900,412900,406400,"AED 399,900 - 412,900",AED,https://www.drivearabia.com/carprices/uae/toyota/toyota-land-cruiser-gr-sport/2026/,2026-06-12T08:30:13Z,TOYOTA,LAND CRUISER GR SPORT,,,0,
toyota-land-cruiser-gr-sport,2026,3.5TC+E V6 GR 4WD,409900,410000,409950,"AED 409,900 - 410,000",AED,https://www.drivearabia.com/carprices/uae/toyota/toyota-land-cruiser-gr-sport/2026/,2026-06-12T08:30:13Z,TOYOTA,LAND CRUISER GR SPORT,,,0,
toyota-land-cruiser-pickup,2021,4-door,141750,142000,141875,"AED 141,750 - 142,000",AED,https://www.drivearabia.com/carprices/uae/toyota/toyota-land-cruiser-pickup/2021/,2026-06-12T08:31:00Z,TOYOTA,LAND CRUISER PICKUP,,,5,
toyota-land-cruiser-pickup,2021,2-door,151200,152000,151600,"AED 151,200 - 152,000",AED,https://www.drivearabia.com/carprices/uae/toyota/toyota-land-cruiser-pickup/2021/,2026-06-12T08:31:00Z,TOYOTA,LAND CRUISER PICKUP,,,5,
toyota-land-cruiser-pickup,2021,Overlander 4-door,195000,196000,195500,"AED 195,000 - 196,000",AED,https://www.drivearabia.com/carprices/uae/toyota/toyota-land-cruiser-pickup/2021/,2026-06-12T08:31:00Z,TOYOTA,LAND CRUISER PICKUP,,,5,
toyota-land-cruiser-pickup,2022,4-door,141750,142000,141875,"AED 141,750 - 142,000",AED,https://www.drivearabia.com/carprices/uae/toyota/toyota-land-cruiser-pickup/2022/,2026-06-12T08:31:01Z,TOYOTA,LAND CRUISER PICKUP,,,4,
toyota-land-cruiser-pickup,2022,2-door,151200,152000,151600,"AED 151,200 - 152,000",AED,https://www.drivearabia.com/carprices/uae/toyota/toyota-land-cruiser-pickup/2022/,2026-06-12T08:31:01Z,TOYOTA,LAND CRUISER PICKUP,,,4,
toyota-land-cruiser-pickup,2022,Overlander 4-door,195000,196000,195500,"AED 195,000 - 196,000",AED,https://www.drivearabia.com/carprices/uae/toyota/toyota-land-cruiser-pickup/2022/,2026-06-12T08:31:01Z,TOYOTA,LAND CRUISER PICKUP,,,4,
toyota-land-cruiser-pickup,2023,4-door,141750,142000,141875,"AED 141,750 - 142,000",AED,https://www.drivearabia.com/carprices/uae/toyota/toyota-land-cruiser-pickup/2023/,2026-06-12T08:31:03Z,TOYOTA,LAND CRUISER PICKUP,,,3,
toyota-land-cruiser-pickup,2023,2-door,151200,152000,151600,"AED 151,200 - 152,000",AED,https://www.drivearabia.com/carprices/uae/toyota/toyota-land-cruiser-pickup/2023/,2026-06-12T08:31:03Z,TOYOTA,LAND CRUISER PICKUP,,,3,
toyota-land-cruiser-pickup,2023,Overlander 4-door,195000,196000,195500,"AED 195,000 - 196,000",AED,https://www.drivearabia.com/carprices/uae/toyota/toyota-land-cruiser-pickup/2023/,2026-06-12T08:31:03Z,TOYOTA,LAND CRUISER PICKUP,,,3,
toyota-land-cruiser-pickup,2024,4-door,141750,142000,141875,"AED 141,750 - 142,000",AED,https://www.drivearabia.com/carprices/uae/toyota/toyota-land-cruiser-pickup/2024/,2026-06-12T08:31:05Z,TOYOTA,LAND CRUISER PICKUP,,,2,
toyota-land-cruiser-pickup,2024,2-door,151200,152000,151600,"AED 151,200 - 152,000",AED,https://www.drivearabia.com/carprices/uae/toyota/toyota-land-cruiser-pickup/2024/,2026-06-12T08:31:05Z,TOYOTA,LAND CRUISER PICKUP,,,2,
toyota-land-cruiser-pickup,2024,Overlander 4-door,195000,196000,195500,"AED 195,000 - 196,000",AED,https://www.drivearabia.com/carprices/uae/toyota/toyota-land-cruiser-pickup/2024/,2026-06-12T08:31:05Z,TOYOTA,LAND CRUISER PICKUP,,,2,
toyota-land-cruiser-prado,2010,2.7L 5-door,124000,147000,135500,"AED 124,000 - 147,000",AED,https://www.drivearabia.com/carprices/uae/toyota/toyota-land-cruiser-prado/2010/,2026-06-12T08:31:31Z,TOYOTA,LAND CRUISER PRADO,LAND CRUISER PRADO,0.09329062101276736,16,28277.0
toyota-land-cruiser-prado,2010,3.0L 5-door diesel,126000,218000,172000,"AED 126,000 - 218,000",AED,https://www.drivearabia.com/carprices/uae/toyota/toyota-land-cruiser-prado/2010/,2026-06-12T08:31:31Z,TOYOTA,LAND CRUISER PRADO,LAND CRUISER PRADO,0.09329062101276736,16,35894.0
toyota-land-cruiser-prado,2010,4.0L 5-door,145500,217000,181250,"AED 145,500 - 217,000",AED,https://www.drivearabia.com/carprices/uae/toyota/toyota-land-cruiser-prado/2010/,2026-06-12T08:31:31Z,TOYOTA,LAND CRUISER PRADO,LAND CRUISER PRADO,0.09329062101276736,16,37824.0
toyota-land-cruiser-prado,2011,2.7L 5-door,124000,147000,135500,"AED 124,000 - 147,000",AED,https://www.drivearabia.com/carprices/uae/toyota/toyota-land-cruiser-prado/2011/,2026-06-12T08:31:33Z,TOYOTA,LAND CRUISER PRADO,LAND CRUISER PRADO,0.09329062101276736,15,31186.0
toyota-land-cruiser-prado,2011,3.0L 5-door diesel,126000,218000,172000,"AED 126,000 - 218,000",AED,https://www.drivearabia.com/carprices/uae/toyota/toyota-land-cruiser-prado/2011/,2026-06-12T08:31:33Z,TOYOTA,LAND CRUISER PRADO,LAND CRUISER PRADO,0.09329062101276736,15,39587.0
toyota-land-cruiser-prado,2011,4.0L 5-door,145500,217000,181250,"AED 145,500 - 217,000",AED,https://www.drivearabia.com/carprices/uae/toyota/toyota-land-cruiser-prado/2011/,2026-06-12T08:31:33Z,TOYOTA,LAND CRUISER PRADO,LAND CRUISER PRADO,0.09329062101276736,15,41716.0
toyota-land-cruiser-prado,2012,2.7L 5-door,124000,147000,135500,"AED 124,000 - 147,000",AED,https://www.drivearabia.com/carprices/uae/toyota/toyota-land-cruiser-prado/2012/,2026-06-12T08:31:35Z,TOYOTA,LAND CRUISER PRADO,LAND CRUISER PRADO,0.09329062101276736,14,34395.0
toyota-land-cruiser-prado,2012,3.0L 5-door diesel,126000,218000,172000,"AED 126,000 - 218,000",AED,https://www.drivearabia.com/carprices/uae/toyota/toyota-land-cruiser-prado/2012/,2026-06-12T08:31:35Z,TOYOTA,LAND CRUISER PRADO,LAND CRUISER PRADO,0.09329062101276736,14,43660.0
toyota-land-cruiser-prado,2012,4.0L 5-door,145500,217000,181250,"AED 145,500 - 217,000",AED,https://www.drivearabia.com/carprices/uae/toyota/toyota-land-cruiser-prado/2012/,2026-06-12T08:31:35Z,TOYOTA,LAND CRUISER PRADO,LAND CRUISER PRADO,0.09329062101276736,14,46008.0
toyota-land-cruiser-prado,2013,2.7L TX/TXL auto,132000,152000,142000,"AED 132,000 - 152,000",AED,https://www.drivearabia.com/carprices/uae/toyota/toyota-land-cruiser-prado/2013/,2026-06-12T08:31:37Z,TOYOTA,LAND CRUISER PRADO,LAND CRUISER PRADO,0.09329062101276736,13,39753.0
toyota-land-cruiser-prado,2013,4.0L TX/TXL auto,145000,173000,159000,"AED 145,000 - 173,000",AED,https://www.drivearabia.com/carprices/uae/toyota/toyota-land-cruiser-prado/2013/,2026-06-12T08:31:37Z,TOYOTA,LAND CRUISER PRADO,LAND CRUISER PRADO,0.09329062101276736,13,44513.0
toyota-land-cruiser-prado,2013,4.0L VXL auto,210000,212000,211000,"AED 210,000 - 212,000",AED,https://www.drivearabia.com/carprices/uae/toyota/toyota-land-cruiser-prado/2013/,2026-06-12T08:31:37Z,TOYOTA,LAND CRUISER PRADO,LAND CRUISER PRADO,0.09329062101276736,13,59070.0
toyota-land-cruiser-prado,2014,2.7 EXR,124900,126000,125450,"AED 124,900 - 126,000",AED,https://www.drivearabia.com/carprices/uae/toyota/toyota-land-cruiser-prado/2014/,2026-06-12T08:31:39Z,TOYOTA,LAND CRUISER PRADO,LAND CRUISER PRADO,0.09329062101276736,12,38734.0
toyota-land-cruiser-prado,2014,4.0 EXR,144900,146000,145450,"AED 144,900 - 146,000",AED,https://www.drivearabia.com/carprices/uae/toyota/toyota-land-cruiser-prado/2014/,2026-06-12T08:31:39Z,TOYOTA,LAND CRUISER PRADO,LAND CRUISER PRADO,0.09329062101276736,12,44909.0
toyota-land-cruiser-prado,2014,2.7 GXR,144900,146000,145450,"AED 144,900 - 146,000",AED,https://www.drivearabia.com/carprices/uae/toyota/toyota-land-cruiser-prado/2014/,2026-06-12T08:31:39Z,TOYOTA,LAND CRUISER PRADO,LAND CRUISER PRADO,0.09329062101276736,12,44909.0
toyota-land-cruiser-prado,2014,2.7 VXR,151900,153000,152450,"AED 151,900 - 153,000",AED,https://www.drivearabia.com/carprices/uae/toyota/toyota-land-cruiser-prado/2014/,2026-06-12T08:31:39Z,TOYOTA,LAND CRUISER PRADO,LAND CRUISER PRADO,0.09329062101276736,12,47070.0
toyota-land-cruiser-prado,2014,4.0 GXR,164900,166000,165450,"AED 164,900 - 166,000",AED,https://www.drivearabia.com/carprices/uae/toyota/toyota-land-cruiser-prado/2014/,2026-06-12T08:31:39Z,TOYOTA,LAND CRUISER PRADO,LAND CRUISER PRADO,0.09329062101276736,12,51084.0
toyota-land-cruiser-prado,2014,4.0 VXR,175900,177000,176450,"AED 175,900 - 177,000",AED,https://www.drivearabia.com/carprices/uae/toyota/toyota-land-cruiser-prado/2014/,2026-06-12T08:31:39Z,TOYOTA,LAND CRUISER PRADO,LAND CRUISER PRADO,0.09329062101276736,12,54480.0
toyota-land-cruiser-prado,2014,4.0 VXL,189900,191000,190450,"AED 189,900 - 191,000",AED,https://www.drivearabia.com/carprices/uae/toyota/toyota-land-cruiser-prado/2014/,2026-06-12T08:31:39Z,TOYOTA,LAND CRUISER PRADO,LAND CRUISER PRADO,0.09329062101276736,12,58803.0
toyota-land-cruiser-prado,2015,2.7 EXR,124900,126000,125450,"AED 124,900 - 126,000",AED,https://www.drivearabia.com/carprices/uae/toyota/toyota-land-cruiser-prado/2015/,2026-06-12T08:31:40Z,TOYOTA,LAND CRUISER PRADO,LAND CRUISER PRADO,0.09329062101276736,11,42719.0
toyota-land-cruiser-prado,2015,4.0 EXR,144900,146000,145450,"AED 144,900 - 146,000",AED,https://www.drivearabia.com/carprices/uae/toyota/toyota-land-cruiser-prado/2015/,2026-06-12T08:31:40Z,TOYOTA,LAND CRUISER PRADO,LAND CRUISER PRADO,0.09329062101276736,11,49529.0
toyota-land-cruiser-prado,2015,2.7 GXR,144900,146000,145450,"AED 144,900 - 146,000",AED,https://www.drivearabia.com/carprices/uae/toyota/toyota-land-cruiser-prado/2015/,2026-06-12T08:31:40Z,TOYOTA,LAND CRUISER PRADO,LAND CRUISER PRADO,0.09329062101276736,11,49529.0
toyota-land-cruiser-prado,2015,2.7 VXR,151900,153000,152450,"AED 151,900 - 153,000",AED,https://www.drivearabia.com/carprices/uae/toyota/toyota-land-cruiser-prado/2015/,2026-06-12T08:31:40Z,TOYOTA,LAND CRUISER PRADO,LAND CRUISER PRADO,0.09329062101276736,11,51913.0
toyota-land-cruiser-prado,2015,4.0 GXR,164900,166000,165450,"AED 164,900 - 166,000",AED,https://www.drivearabia.com/carprices/uae/toyota/toyota-land-cruiser-prado/2015/,2026-06-12T08:31:40Z,TOYOTA,LAND CRUISER PRADO,LAND CRUISER PRADO,0.09329062101276736,11,56340.0
toyota-land-cruiser-prado,2015,4.0 VXR,175900,177000,176450,"AED 175,900 - 177,000",AED,https://www.drivearabia.com/carprices/uae/toyota/toyota-land-cruiser-prado/2015/,2026-06-12T08:31:40Z,TOYOTA,LAND CRUISER PRADO,LAND CRUISER PRADO,0.09329062101276736,11,60086.0
toyota-land-cruiser-prado,2015,4.0 VXL,189900,191000,190450,"AED 189,900 - 191,000",AED,https://www.drivearabia.com/carprices/uae/toyota/toyota-land-cruiser-prado/2015/,2026-06-12T08:31:40Z,TOYOTA,LAND CRUISER PRADO,LAND CRUISER PRADO,0.09329062101276736,11,64853.0
toyota-land-cruiser-prado,2016,2.7 I4 EXR,124900,126000,125450,"AED 124,900 - 126,000",AED,https://www.drivearabia.com/carprices/uae/toyota/toyota-land-cruiser-prado/2016/,2026-06-12T08:31:42Z,TOYOTA,LAND CRUISER PRADO,LAND CRUISER PRADO,0.09329062101276736,10,47114.0
toyota-land-cruiser-prado,2016,4.0 V6 EXR,144900,146000,145450,"AED 144,900 - 146,000",AED,https://www.drivearabia.com/carprices/uae/toyota/toyota-land-cruiser-prado/2016/,2026-06-12T08:31:42Z,TOYOTA,LAND CRUISER PRADO,LAND CRUISER PRADO,0.09329062101276736,10,54625.0
toyota-land-cruiser-prado,2016,2.7 I4 GXR,144900,146000,145450,"AED 144,900 - 146,000",AED,https://www.drivearabia.com/carprices/uae/toyota/toyota-land-cruiser-prado/2016/,2026-06-12T08:31:42Z,TOYOTA,LAND CRUISER PRADO,LAND CRUISER PRADO,0.09329062101276736,10,54625.0
toyota-land-cruiser-prado,2016,2.7 I4 VXR,151900,153000,152450,"AED 151,900 - 153,000",AED,https://www.drivearabia.com/carprices/uae/toyota/toyota-land-cruiser-prado/2016/,2026-06-12T08:31:42Z,TOYOTA,LAND CRUISER PRADO,LAND CRUISER PRADO,0.09329062101276736,10,57254.0
toyota-land-cruiser-prado,2016,4.0 V6 GXR,164900,166000,165450,"AED 164,900 - 166,000",AED,https://www.drivearabia.com/carprices/uae/toyota/toyota-land-cruiser-prado/2016/,2026-06-12T08:31:42Z,TOYOTA,LAND CRUISER PRADO,LAND CRUISER PRADO,0.09329062101276736,10,62137.0
toyota-land-cruiser-prado,2016,4.0 V6 VXR,175900,177000,176450,"AED 175,900 - 177,000",AED,https://www.drivearabia.com/carprices/uae/toyota/toyota-land-cruiser-prado/2016/,2026-06-12T08:31:42Z,TOYOTA,LAND CRUISER PRADO,LAND CRUISER PRADO,0.09329062101276736,10,66268.0
toyota-land-cruiser-prado,2016,4.0 V6 VXL,189900,191000,190450,"AED 189,900 - 191,000",AED,https://www.drivearabia.com/carprices/uae/toyota/toyota-land-cruiser-prado/2016/,2026-06-12T08:31:42Z,TOYOTA,LAND CRUISER PRADO,LAND CRUISER PRADO,0.09329062101276736,10,71526.0
toyota-land-cruiser-prado,2017,2.7 I4 EXR,124500,126000,125250,"AED 124,500 - 126,000",AED,https://www.drivearabia.com/carprices/uae/toyota/toyota-land-cruiser-prado/2017/,2026-06-12T08:31:44Z,TOYOTA,LAND CRUISER PRADO,LAND CRUISER PRADO,0.09329062101276736,9,51879.0
toyota-land-cruiser-prado,2017,4.0 V6 EXR,144900,146000,145450,"AED 144,900 - 146,000",AED,https://www.drivearabia.com/carprices/uae/toyota/toyota-land-cruiser-prado/2017/,2026-06-12T08:31:44Z,TOYOTA,LAND CRUISER PRADO,LAND CRUISER PRADO,0.09329062101276736,9,60246.0
toyota-land-cruiser-prado,2017,2.7 I4 GXR,144900,146000,145450,"AED 144,900 - 146,000",AED,https://www.drivearabia.com/carprices/uae/toyota/toyota-land-cruiser-prado/2017/,2026-06-12T08:31:44Z,TOYOTA,LAND CRUISER PRADO,LAND CRUISER PRADO,0.09329062101276736,9,60246.0
toyota-land-cruiser-prado,2017,2.7 I4 VXR,151900,153000,152450,"AED 151,900 - 153,000",AED,https://www.drivearabia.com/carprices/uae/toyota/toyota-land-cruiser-prado/2017/,2026-06-12T08:31:44Z,TOYOTA,LAND CRUISER PRADO,LAND CRUISER PRADO,0.09329062101276736,9,63145.0
toyota-land-cruiser-prado,2017,4.0 V6 GXR,164900,166000,165450,"AED 164,900 - 166,000",AED,https://www.drivearabia.com/carprices/uae/toyota/toyota-land-cruiser-prado/2017/,2026-06-12T08:31:44Z,TOYOTA,LAND CRUISER PRADO,LAND CRUISER PRADO,0.09329062101276736,9,68530.0
toyota-land-cruiser-prado,2017,4.0 V6 VXR,175900,177000,176450,"AED 175,900 - 177,000",AED,https://www.drivearabia.com/carprices/uae/toyota/toyota-land-cruiser-prado/2017/,2026-06-12T08:31:44Z,TOYOTA,LAND CRUISER PRADO,LAND CRUISER PRADO,0.09329062101276736,9,73086.0
toyota-land-cruiser-prado,2017,4.0 V6 VXL,189900,191000,190450,"AED 189,900 - 191,000",AED,https://www.drivearabia.com/carprices/uae/toyota/toyota-land-cruiser-prado/2017/,2026-06-12T08:31:44Z,TOYOTA,LAND CRUISER PRADO,LAND CRUISER PRADO,0.09329062101276736,9,78885.0
toyota-land-cruiser-prado,2018,2.7 EXR,129900,130000,129950,"AED 129,900 - 130,000",AED,https://www.drivearabia.com/carprices/uae/toyota/toyota-land-cruiser-prado/2018/,2026-06-12T08:31:46Z,TOYOTA,LAND CRUISER PRADO,LAND CRUISER PRADO,0.09329062101276736,8,59364.0
toyota-land-cruiser-prado,2018,2.7 GXR,144900,145000,144950,"AED 144,900 - 145,000",AED,https://www.drivearabia.com/carprices/uae/toyota/toyota-land-cruiser-prado/2018/,2026-06-12T08:31:46Z,TOYOTA,LAND CRUISER PRADO,LAND CRUISER PRADO,0.09329062101276736,8,66216.0
toyota-land-cruiser-prado,2018,4.0 EXR,159000,160000,159500,"AED 159,000 - 160,000",AED,https://www.drivearabia.com/carprices/uae/toyota/toyota-land-cruiser-prado/2018/,2026-06-12T08:31:46Z,TOYOTA,LAND CRUISER PRADO,LAND CRUISER PRADO,0.09329062101276736,8,72863.0
toyota-land-cruiser-prado,2018,2.7 VXR,159900,160000,159950,"AED 159,900 - 160,000",AED,https://www.drivearabia.com/carprices/uae/toyota/toyota-land-cruiser-prado/2018/,2026-06-12T08:31:46Z,TOYOTA,LAND CRUISER PRADO,LAND CRUISER PRADO,0.09329062101276736,8,73068.0
toyota-land-cruiser-prado,2018,4.0 GXR,179900,180000,179950,"AED 179,900 - 180,000",AED,https://www.drivearabia.com/carprices/uae/toyota/toyota-land-cruiser-prado/2018/,2026-06-12T08:31:46Z,TOYOTA,LAND CRUISER PRADO,LAND CRUISER PRADO,0.09329062101276736,8,82205.0
toyota-land-cruiser-prado,2018,4.0 VXR,194900,195000,194950,"AED 194,900 - 195,000",AED,https://www.drivearabia.com/carprices/uae/toyota/toyota-land-cruiser-prado/2018/,2026-06-12T08:31:46Z,TOYOTA,LAND CRUISER PRADO,LAND CRUISER PRADO,0.09329062101276736,8,89057.0
toyota-land-cruiser-prado,2018,4.0 Limited,204900,205000,204950,"AED 204,900 - 205,000",AED,https://www.drivearabia.com/carprices/uae/toyota/toyota-land-cruiser-prado/2018/,2026-06-12T08:31:46Z,TOYOTA,LAND CRUISER PRADO,LAND CRUISER PRADO,0.09329062101276736,8,93625.0
toyota-land-cruiser-prado,2019,2.7 I4 EXR,129900,130000,129950,"AED 129,900 - 130,000",AED,https://www.drivearabia.com/carprices/uae/toyota/toyota-land-cruiser-prado/2019/,2026-06-12T08:31:48Z,TOYOTA,LAND CRUISER PRADO,LAND CRUISER PRADO,0.09329062101276736,7,65472.0
toyota-land-cruiser-prado,2019,2.7 I4 GXR,144900,145000,144950,"AED 144,900 - 145,000",AED,https://www.drivearabia.com/carprices/uae/toyota/toyota-land-cruiser-prado/2019/,2026-06-12T08:31:48Z,TOYOTA,LAND CRUISER PRADO,LAND CRUISER PRADO,0.09329062101276736,7,73029.0
toyota-land-cruiser-prado,2019,4.0 V6 EXR,159900,160000,159950,"AED 159,900 - 160,000",AED,https://www.drivearabia.com/carprices/uae/toyota/toyota-land-cruiser-prado/2019/,2026-06-12T08:31:48Z,TOYOTA,LAND CRUISER PRADO,LAND CRUISER PRADO,0.09329062101276736,7,80586.0
toyota-land-cruiser-prado,2019,2.7 I4 VXR,159900,160000,159950,"AED 159,900 - 160,000",AED,https://www.drivearabia.com/carprices/uae/toyota/toyota-land-cruiser-prado/2019/,2026-06-12T08:31:48Z,TOYOTA,LAND CRUISER PRADO,LAND CRUISER PRADO,0.09329062101276736,7,80586.0
toyota-land-cruiser-prado,2019,4.0 V6 GXR,174900,175000,174950,"AED 174,900 - 175,000",AED,https://www.drivearabia.com/carprices/uae/toyota/toyota-land-cruiser-prado/2019/,2026-06-12T08:31:48Z,TOYOTA,LAND CRUISER PRADO,LAND CRUISER PRADO,0.09329062101276736,7,88144.0
toyota-land-cruiser-prado,2019,4.0 V6 VXR,189900,190000,189950,"AED 189,900 - 190,000",AED,https://www.drivearabia.com/carprices/uae/toyota/toyota-land-cruiser-prado/2019/,2026-06-12T08:31:48Z,TOYOTA,LAND CRUISER PRADO,LAND CRUISER PRADO,0.09329062101276736,7,95701.0
toyota-land-cruiser-prado,2020,2.7 I4 EXR,129900,130000,129950,"AED 129,900 - 130,000",AED,https://www.drivearabia.com/carprices/uae/toyota/toyota-land-cruiser-prado/2020/,2026-06-12T08:31:49Z,TOYOTA,LAND CRUISER PRADO,LAND CRUISER PRADO,0.09329062101276736,6,72208.0
toyota-land-cruiser-prado,2020,2.7 I4 GXR,144900,145000,144950,"AED 144,900 - 145,000",AED,https://www.drivearabia.com/carprices/uae/toyota/toyota-land-cruiser-prado/2020/,2026-06-12T08:31:49Z,TOYOTA,LAND CRUISER PRADO,LAND CRUISER PRADO,0.09329062101276736,6,80543.0
toyota-land-cruiser-prado,2020,4.0 V6 EXR,159900,160000,159950,"AED 159,900 - 160,000",AED,https://www.drivearabia.com/carprices/uae/toyota/toyota-land-cruiser-prado/2020/,2026-06-12T08:31:49Z,TOYOTA,LAND CRUISER PRADO,LAND CRUISER PRADO,0.09329062101276736,6,88878.0
toyota-land-cruiser-prado,2020,2.7 I4 VXR,159900,160000,159950,"AED 159,900 - 160,000",AED,https://www.drivearabia.com/carprices/uae/toyota/toyota-land-cruiser-prado/2020/,2026-06-12T08:31:49Z,TOYOTA,LAND CRUISER PRADO,LAND CRUISER PRADO,0.09329062101276736,6,88878.0
toyota-land-cruiser-prado,2020,4.0 V6 GXR,174900,175000,174950,"AED 174,900 - 175,000",AED,https://www.drivearabia.com/carprices/uae/toyota/toyota-land-cruiser-prado/2020/,2026-06-12T08:31:49Z,TOYOTA,LAND CRUISER PRADO,LAND CRUISER PRADO,0.09329062101276736,6,97213.0
toyota-land-cruiser-prado,2020,4.0 V6 VXR,189900,190000,189950,"AED 189,900 - 190,000",AED,https://www.drivearabia.com/carprices/uae/toyota/toyota-land-cruiser-prado/2020/,2026-06-12T08:31:49Z,TOYOTA,LAND CRUISER PRADO,LAND CRUISER PRADO,0.09329062101276736,6,105547.0
toyota-land-cruiser-prado,2021,2.7 I4 EXR,129900,130000,129950,"AED 129,900 - 130,000",AED,https://www.drivearabia.com/carprices/uae/toyota/toyota-land-cruiser-prado/2021/,2026-06-12T08:31:51Z,TOYOTA,LAND CRUISER PRADO,LAND CRUISER PRADO,0.09329062101276736,5,79637.0
toyota-land-cruiser-prado,2021,2.7 I4 GXR,144900,145000,144950,"AED 144,900 - 145,000",AED,https://www.drivearabia.com/carprices/uae/toyota/toyota-land-cruiser-prado/2021/,2026-06-12T08:31:51Z,TOYOTA,LAND CRUISER PRADO,LAND CRUISER PRADO,0.09329062101276736,5,88830.0
toyota-land-cruiser-prado,2021,4.0 V6 EXR,159900,160000,159950,"AED 159,900 - 160,000",AED,https://www.drivearabia.com/carprices/uae/toyota/toyota-land-cruiser-prado/2021/,2026-06-12T08:31:51Z,TOYOTA,LAND CRUISER PRADO,LAND CRUISER PRADO,0.09329062101276736,5,98022.0
toyota-land-cruiser-prado,2021,2.7 I4 VXR,159900,160000,159950,"AED 159,900 - 160,000",AED,https://www.drivearabia.com/carprices/uae/toyota/toyota-land-cruiser-prado/2021/,2026-06-12T08:31:51Z,TOYOTA,LAND CRUISER PRADO,LAND CRUISER PRADO,0.09329062101276736,5,98022.0
toyota-land-cruiser-prado,2021,4.0 V6 GXR,174900,175000,174950,"AED 174,900 - 175,000",AED,https://www.drivearabia.com/carprices/uae/toyota/toyota-land-cruiser-prado/2021/,2026-06-12T08:31:51Z,TOYOTA,LAND CRUISER PRADO,LAND CRUISER PRADO,0.09329062101276736,5,107215.0
toyota-land-cruiser-prado,2021,4.0 V6 VXR,189900,190000,189950,"AED 189,900 - 190,000",AED,https://www.drivearabia.com/carprices/uae/toyota/toyota-land-cruiser-prado/2021/,2026-06-12T08:31:51Z,TOYOTA,LAND CRUISER PRADO,LAND CRUISER PRADO,0.09329062101276736,5,116407.0
toyota-land-cruiser-prado,2022,4.0 V6 EXR,165900,166000,165950,"AED 165,900 - 166,000",AED,https://www.drivearabia.com/carprices/uae/toyota/toyota-land-cruiser-prado/2022/,2026-06-12T08:31:53Z,TOYOTA,LAND CRUISER PRADO,LAND CRUISER PRADO,0.09329062101276736,4,112163.0
toyota-land-cruiser-prado,2022,4.0 V6 GXR,183900,184000,183950,"AED 183,900 - 184,000",AED,https://www.drivearabia.com/carprices/uae/toyota/toyota-land-cruiser-prado/2022/,2026-06-12T08:31:53Z,TOYOTA,LAND CRUISER PRADO,LAND CRUISER PRADO,0.09329062101276736,4,124329.0
toyota-land-cruiser-prado,2022,4.0 V6 VXR,198900,199000,198950,"AED 198,900 - 199,000",AED,https://www.drivearabia.com/carprices/uae/toyota/toyota-land-cruiser-prado/2022/,2026-06-12T08:31:53Z,TOYOTA,LAND CRUISER PRADO,LAND CRUISER PRADO,0.09329062101276736,4,134467.0
toyota-land-cruiser-prado,2023,4.0 V6 EXR,167900,168000,167950,"AED 167,900 - 168,000",AED,https://www.drivearabia.com/carprices/uae/toyota/toyota-land-cruiser-prado/2023/,2026-06-12T08:31:55Z,TOYOTA,LAND CRUISER PRADO,LAND CRUISER PRADO,0.09329062101276736,3,125194.0
toyota-land-cruiser-prado,2023,4.0 V6 GXR,183900,184000,183950,"AED 183,900 - 184,000",AED,https://www.drivearabia.com/carprices/uae/toyota/toyota-land-cruiser-prado/2023/,2026-06-12T08:31:55Z,TOYOTA,LAND CRUISER PRADO,LAND CRUISER PRADO,0.09329062101276736,3,137121.0
toyota-land-cruiser-prado,2023,4.0 V6 VXR,200900,201000,200950,"AED 200,900 - 201,000",AED,https://www.drivearabia.com/carprices/uae/toyota/toyota-land-cruiser-prado/2023/,2026-06-12T08:31:55Z,TOYOTA,LAND CRUISER PRADO,LAND CRUISER PRADO,0.09329062101276736,3,149793.0
toyota-land-cruiser-prado,2023,4.0 V6 Limited,229900,230000,229950,"AED 229,900 - 230,000",AED,https://www.drivearabia.com/carprices/uae/toyota/toyota-land-cruiser-prado/2023/,2026-06-12T08:31:55Z,TOYOTA,LAND CRUISER PRADO,LAND CRUISER PRADO,0.09329062101276736,3,171411.0
toyota-land-cruiser-prado,2024,2.4TC I4 TXR 4WD,199900,200000,199950,"AED 199,900 - 200,000",AED,https://www.drivearabia.com/carprices/uae/toyota/toyota-land-cruiser-prado/2024/,2026-06-12T08:31:57Z,TOYOTA,LAND CRUISER PRADO,LAND CRUISER PRADO,0.09329062101276736,2,164383.0
toyota-land-cruiser-prado,2024,2.4TC I4 GXR 4WD,219900,220000,219950,"AED 219,900 - 220,000",AED,https://www.drivearabia.com/carprices/uae/toyota/toyota-land-cruiser-prado/2024/,2026-06-12T08:31:57Z,TOYOTA,LAND CRUISER PRADO,LAND CRUISER PRADO,0.09329062101276736,2,180826.0
toyota-land-cruiser-prado,2024,2.4TC I4 GXL 4WD,229900,230000,229950,"AED 229,900 - 230,000",AED,https://www.drivearabia.com/carprices/uae/toyota/toyota-land-cruiser-prado/2024/,2026-06-12T08:31:57Z,TOYOTA,LAND CRUISER PRADO,LAND CRUISER PRADO,0.09329062101276736,2,189047.0
toyota-land-cruiser-prado,2024,2.4TC I4 Adventure 4WD,254900,255000,254950,"AED 254,900 - 255,000",AED,https://www.drivearabia.com/carprices/uae/toyota/toyota-land-cruiser-prado/2024/,2026-06-12T08:31:57Z,TOYOTA,LAND CRUISER PRADO,LAND CRUISER PRADO,0.09329062101276736,2,209600.0
toyota-land-cruiser-prado,2024,2.4 TC I4 Adventure First Edition 4WD,264900,265000,264950,"AED 264,900 - 265,000",AED,https://www.drivearabia.com/carprices/uae/toyota/toyota-land-cruiser-prado/2024/,2026-06-12T08:31:57Z,TOYOTA,LAND CRUISER PRADO,LAND CRUISER PRADO,0.09329062101276736,2,217821.0
toyota-land-cruiser-prado,2025,2.4TC I4 TXR 4WD,199900,200000,199950,"AED 199,900 - 200,000",AED,https://www.drivearabia.com/carprices/uae/toyota/toyota-land-cruiser-prado/2025/,2026-06-12T08:31:59Z,TOYOTA,LAND CRUISER PRADO,LAND CRUISER PRADO,0.09329062101276736,1,181297.0
toyota-land-cruiser-prado,2025,2.4TC I4 GXR 4WD,219900,220000,219950,"AED 219,900 - 220,000",AED,https://www.drivearabia.com/carprices/uae/toyota/toyota-land-cruiser-prado/2025/,2026-06-12T08:31:59Z,TOYOTA,LAND CRUISER PRADO,LAND CRUISER PRADO,0.09329062101276736,1,199431.0
toyota-land-cruiser-prado,2025,2.4TC I4 GXL 4WD,229900,230000,229950,"AED 229,900 - 230,000",AED,https://www.drivearabia.com/carprices/uae/toyota/toyota-land-cruiser-prado/2025/,2026-06-12T08:31:59Z,TOYOTA,LAND CRUISER PRADO,LAND CRUISER PRADO,0.09329062101276736,1,208498.0
toyota-land-cruiser-prado,2025,2.4TC I4 Adventure 4WD,254900,255000,254950,"AED 254,900 - 255,000",AED,https://www.drivearabia.com/carprices/uae/toyota/toyota-land-cruiser-prado/2025/,2026-06-12T08:31:59Z,TOYOTA,LAND CRUISER PRADO,LAND CRUISER PRADO,0.09329062101276736,1,231166.0
toyota-land-cruiser-prado,2025,2.4 TC I4 VXR 4WD,264900,265000,264950,"AED 264,900 - 265,000",AED,https://www.drivearabia.com/carprices/uae/toyota/toyota-land-cruiser-prado/2025/,2026-06-12T08:31:59Z,TOYOTA,LAND CRUISER PRADO,LAND CRUISER PRADO,0.09329062101276736,1,240233.0
toyota-land-cruiser-prado,2026,2.4TC I4 TXR 4WD,199900,200000,199950,"AED 199,900 - 200,000",AED,https://www.drivearabia.com/carprices/uae/toyota/toyota-land-cruiser-prado/2026/,2026-06-12T08:32:00Z,TOYOTA,LAND CRUISER PRADO,LAND CRUISER PRADO,0.09329062101276736,0,199950.0
toyota-land-cruiser-prado,2026,2.4TC I4 GXR 4WD,219900,220000,219950,"AED 219,900 - 220,000",AED,https://www.drivearabia.com/carprices/uae/toyota/toyota-land-cruiser-prado/2026/,2026-06-12T08:32:00Z,TOYOTA,LAND CRUISER PRADO,LAND CRUISER PRADO,0.09329062101276736,0,219950.0
toyota-land-cruiser-prado,2026,2.4TC I4 GXL 4WD,229900,230000,229950,"AED 229,900 - 230,000",AED,https://www.drivearabia.com/carprices/uae/toyota/toyota-land-cruiser-prado/2026/,2026-06-12T08:32:00Z,TOYOTA,LAND CRUISER PRADO,LAND CRUISER PRADO,0.09329062101276736,0,229950.0
toyota-land-cruiser-prado,2026,2.4TC I4 Adventure 4WD,254900,255000,254950,"AED 254,900 - 255,000",AED,https://www.drivearabia.com/carprices/uae/toyota/toyota-land-cruiser-prado/2026/,2026-06-12T08:32:00Z,TOYOTA,LAND CRUISER PRADO,LAND CRUISER PRADO,0.09329062101276736,0,254950.0
toyota-land-cruiser-prado,2026,2.4 TC I4 VXR 4WD,264900,265000,264950,"AED 264,900 - 265,000",AED,https://www.drivearabia.com/carprices/uae/toyota/toyota-land-cruiser-prado/2026/,2026-06-12T08:32:00Z,TOYOTA,LAND CRUISER PRADO,LAND CRUISER PRADO,0.09329062101276736,0,264950.0
toyota-land-cruiser-prado-swb,2023,2.7 I4 SWB 4WD,160000,161000,160500,"AED 160,000 - 161,000",AED,https://www.drivearabia.com/carprices/uae/toyota/toyota-land-cruiser-prado-swb/2023/,2026-06-12T08:32:43Z,TOYOTA,LAND CRUISER PRADO,LAND CRUISER PRADO,0.09329062101276736,3,119641.0
toyota-liteace,2022,1.5 I4 GL FWD,68900,71000,69950,"AED 68,900 - 71,000",AED,https://www.drivearabia.com/carprices/uae/toyota/toyota-liteace/2022/,2026-06-12T08:33:18Z,TOYOTA,LITEACE,LITEACE,0.1060263378639949,4,44677.0
toyota-liteace,2023,1.5 I4 GL FWD,74900,75000,74950,"AED 74,900 - 75,000",AED,https://www.drivearabia.com/carprices/uae/toyota/toyota-liteace/2023/,2026-06-12T08:33:20Z,TOYOTA,LITEACE,LITEACE,0.1060263378639949,3,53548.0
toyota-liteace,2024,1.5 I4 GL FWD,74900,75000,74950,"AED 74,900 - 75,000",AED,https://www.drivearabia.com/carprices/uae/toyota/toyota-liteace/2024/,2026-06-12T08:33:22Z,TOYOTA,LITEACE,LITEACE,0.1060263378639949,2,59899.0
toyota-liteace,2025,1.5 I4 GL FWD,74900,75000,74950,"AED 74,900 - 75,000",AED,https://www.drivearabia.com/carprices/uae/toyota/toyota-liteace/2025/,2026-06-12T08:33:24Z,TOYOTA,LITEACE,LITEACE,0.1060263378639949,1,67003.0
toyota-previa,2018,S,132200,133000,132600,"AED 132,200 - 133,000",AED,https://www.drivearabia.com/carprices/uae/toyota/toyota-previa/2018/,2026-06-12T08:34:01Z,TOYOTA,PREVIA,PREVIA,0.113666846917615,8,50503.0
toyota-previa,2018,SE,144800,145000,144900,"AED 144,800 - 145,000",AED,https://www.drivearabia.com/carprices/uae/toyota/toyota-previa/2018/,2026-06-12T08:34:01Z,TOYOTA,PREVIA,PREVIA,0.113666846917615,8,55188.0
toyota-previa,2019,S,132200,133000,132600,"AED 132,200 - 133,000",AED,https://www.drivearabia.com/carprices/uae/toyota/toyota-previa/2019/,2026-06-12T08:34:03Z,TOYOTA,PREVIA,PREVIA,0.113666846917615,7,56980.0
toyota-previa,2019,SE,144800,145000,144900,"AED 144,800 - 145,000",AED,https://www.drivearabia.com/carprices/uae/toyota/toyota-previa/2019/,2026-06-12T08:34:03Z,TOYOTA,PREVIA,PREVIA,0.113666846917615,7,62265.0
toyota-previa,2020,S,132200,133000,132600,"AED 132,200 - 133,000",AED,https://www.drivearabia.com/carprices/uae/toyota/toyota-previa/2020/,2026-06-12T08:34:05Z,TOYOTA,PREVIA,PREVIA,0.113666846917615,6,64287.0
toyota-previa,2020,SE,144800,145000,144900,"AED 144,800 - 145,000",AED,https://www.drivearabia.com/carprices/uae/toyota/toyota-previa/2020/,2026-06-12T08:34:05Z,TOYOTA,PREVIA,PREVIA,0.113666846917615,6,70251.0
toyota-previa,2021,S,132200,133000,132600,"AED 132,200 - 133,000",AED,https://www.drivearabia.com/carprices/uae/toyota/toyota-previa/2021/,2026-06-12T08:34:07Z,TOYOTA,PREVIA,PREVIA,0.113666846917615,5,72532.0
toyota-previa,2021,SE,144800,145000,144900,"AED 144,800 - 145,000",AED,https://www.drivearabia.com/carprices/uae/toyota/toyota-previa/2021/,2026-06-12T08:34:07Z,TOYOTA,PREVIA,PREVIA,0.113666846917615,5,79260.0
toyota-raize,2022,1.2L E,57900,60000,58950,"AED 57,900 - 60,000",AED,https://www.drivearabia.com/carprices/uae/toyota/toyota-raize/2022/,2026-06-12T08:35:23Z,TOYOTA,RAIZE,RAIZE,0.0858165524974504,4,41173.0
toyota-raize,2022,1.0T E,61900,62000,61950,"AED 61,900 - 62,000",AED,https://www.drivearabia.com/carprices/uae/toyota/toyota-raize/2022/,2026-06-12T08:35:23Z,TOYOTA,RAIZE,RAIZE,0.0858165524974504,4,43269.0
toyota-raize,2022,1.0T G,63900,64000,63950,"AED 63,900 - 64,000",AED,https://www.drivearabia.com/carprices/uae/toyota/toyota-raize/2022/,2026-06-12T08:35:23Z,TOYOTA,RAIZE,RAIZE,0.0858165524974504,4,44666.0
toyota-raize,2023,1.2L I3 E 2WD,61900,62000,61950,"AED 61,900 - 62,000",AED,https://www.drivearabia.com/carprices/uae/toyota/toyota-raize/2023/,2026-06-12T08:35:25Z,TOYOTA,RAIZE,RAIZE,0.0858165524974504,3,47331.0
toyota-raize,2023,1.0TC I3 G 2WD,66900,67000,66950,"AED 66,900 - 67,000",AED,https://www.drivearabia.com/carprices/uae/toyota/toyota-raize/2023/,2026-06-12T08:35:25Z,TOYOTA,RAIZE,RAIZE,0.0858165524974504,3,51151.0
toyota-raize,2024,1.2L I3 E 2WD,61900,62000,61950,"AED 61,900 - 62,000",AED,https://www.drivearabia.com/carprices/uae/toyota/toyota-raize/2024/,2026-06-12T08:35:27Z,TOYOTA,RAIZE,RAIZE,0.0858165524974504,2,51774.0
toyota-raize,2024,1.0TC I3 G 2WD,66900,67000,66950,"AED 66,900 - 67,000",AED,https://www.drivearabia.com/carprices/uae/toyota/toyota-raize/2024/,2026-06-12T08:35:27Z,TOYOTA,RAIZE,RAIZE,0.0858165524974504,2,55952.0
toyota-raize,2025,1.2L I3 E 2WD,61900,62000,61950,"AED 61,900 - 62,000",AED,https://www.drivearabia.com/carprices/uae/toyota/toyota-raize/2025/,2026-06-12T08:35:29Z,TOYOTA,RAIZE,RAIZE,0.0858165524974504,1,56634.0
toyota-raize,2025,1.0TC I3 G 2WD,66900,67000,66950,"AED 66,900 - 67,000",AED,https://www.drivearabia.com/carprices/uae/toyota/toyota-raize/2025/,2026-06-12T08:35:29Z,TOYOTA,RAIZE,RAIZE,0.0858165524974504,1,61205.0
toyota-raize,2026,1.2L I3 E 2WD,63900,64000,63950,"AED 63,900 - 64,000",AED,https://www.drivearabia.com/carprices/uae/toyota/toyota-raize/2026/,2026-06-12T08:35:30Z,TOYOTA,RAIZE,RAIZE,0.0858165524974504,0,63950.0
toyota-raize,2026,1.0TC I3 G 2WD,66900,67000,66950,"AED 66,900 - 67,000",AED,https://www.drivearabia.com/carprices/uae/toyota/toyota-raize/2026/,2026-06-12T08:35:30Z,TOYOTA,RAIZE,RAIZE,0.0858165524974504,0,66950.0
toyota-rav-4,2013,2WD,89900,95900,92900,"AED 89,900 - 95,900",AED,https://www.drivearabia.com/carprices/uae/toyota/toyota-rav-4/2013/,2026-06-12T08:36:02Z,TOYOTA,RAV4,RAV4,0.10829614908289226,13,20936.0
toyota-rav-4,2013,4WD,109900,124900,117400,"AED 109,900 - 124,900",AED,https://www.drivearabia.com/carprices/uae/toyota/toyota-rav-4/2013/,2026-06-12T08:36:02Z,TOYOTA,RAV4,RAV4,0.10829614908289226,13,26457.0
toyota-rav-4,2014,EX 2WD,79900,80000,79950,"AED 79,900 - 80,000",AED,https://www.drivearabia.com/carprices/uae/toyota/toyota-rav-4/2014/,2026-06-12T08:36:03Z,TOYOTA,RAV4,RAV4,0.10829614908289226,12,20205.0
toyota-rav-4,2014,EXR 4WD,99900,100000,99950,"AED 99,900 - 100,000",AED,https://www.drivearabia.com/carprices/uae/toyota/toyota-rav-4/2014/,2026-06-12T08:36:03Z,TOYOTA,RAV4,RAV4,0.10829614908289226,12,25260.0
toyota-rav-4,2014,GXR 4WD,109900,110000,109950,"AED 109,900 - 110,000",AED,https://www.drivearabia.com/carprices/uae/toyota/toyota-rav-4/2014/,2026-06-12T08:36:03Z,TOYOTA,RAV4,RAV4,0.10829614908289226,12,27787.0
toyota-rav-4,2014,VXR 4WD,119900,120000,119950,"AED 119,900 - 120,000",AED,https://www.drivearabia.com/carprices/uae/toyota/toyota-rav-4/2014/,2026-06-12T08:36:03Z,TOYOTA,RAV4,RAV4,0.10829614908289226,12,30314.0
toyota-rav-4,2015,EX 2WD,79900,80000,79950,"AED 79,900 - 80,000",AED,https://www.drivearabia.com/carprices/uae/toyota/toyota-rav-4/2015/,2026-06-12T08:36:05Z,TOYOTA,RAV4,RAV4,0.10829614908289226,11,22659.0
toyota-rav-4,2015,EXR 4WD,99900,100000,99950,"AED 99,900 - 100,000",AED,https://www.drivearabia.com/carprices/uae/toyota/toyota-rav-4/2015/,2026-06-12T08:36:05Z,TOYOTA,RAV4,RAV4,0.10829614908289226,11,28328.0
toyota-rav-4,2015,GXR 4WD,109900,110000,109950,"AED 109,900 - 110,000",AED,https://www.drivearabia.com/carprices/uae/toyota/toyota-rav-4/2015/,2026-06-12T08:36:05Z,TOYOTA,RAV4,RAV4,0.10829614908289226,11,31162.0
toyota-rav-4,2015,VXR 4WD,119900,120000,119950,"AED 119,900 - 120,000",AED,https://www.drivearabia.com/carprices/uae/toyota/toyota-rav-4/2015/,2026-06-12T08:36:05Z,TOYOTA,RAV4,RAV4,0.10829614908289226,11,33996.0
toyota-rav-4,2016,EX 2WD,84900,86000,85450,"AED 84,900 - 86,000",AED,https://www.drivearabia.com/carprices/uae/toyota/toyota-rav-4/2016/,2026-06-12T08:36:07Z,TOYOTA,RAV4,RAV4,0.10829614908289226,10,27159.0
toyota-rav-4,2016,VX 2WD,99900,101000,100450,"AED 99,900 - 101,000",AED,https://www.drivearabia.com/carprices/uae/toyota/toyota-rav-4/2016/,2026-06-12T08:36:07Z,TOYOTA,RAV4,RAV4,0.10829614908289226,10,31927.0
toyota-rav-4,2016,GXR 4WD,114900,116000,115450,"AED 114,900 - 116,000",AED,https://www.drivearabia.com/carprices/uae/toyota/toyota-rav-4/2016/,2026-06-12T08:36:07Z,TOYOTA,RAV4,RAV4,0.10829614908289226,10,36694.0
toyota-rav-4,2016,VXR 4WD,124900,126000,125450,"AED 124,900 - 126,000",AED,https://www.drivearabia.com/carprices/uae/toyota/toyota-rav-4/2016/,2026-06-12T08:36:07Z,TOYOTA,RAV4,RAV4,0.10829614908289226,10,39873.0
toyota-rav-4,2017,EX 2WD,84900,86000,85450,"AED 84,900 - 86,000",AED,https://www.drivearabia.com/carprices/uae/toyota/toyota-rav-4/2017/,2026-06-12T08:36:09Z,TOYOTA,RAV4,RAV4,0.10829614908289226,9,30458.0
toyota-rav-4,2017,VX 2WD,99900,101000,100450,"AED 99,900 - 101,000",AED,https://www.drivearabia.com/carprices/uae/toyota/toyota-rav-4/2017/,2026-06-12T08:36:09Z,TOYOTA,RAV4,RAV4,0.10829614908289226,9,35804.0
toyota-rav-4,2017,GXR 4WD,114900,116000,115450,"AED 114,900 - 116,000",AED,https://www.drivearabia.com/carprices/uae/toyota/toyota-rav-4/2017/,2026-06-12T08:36:09Z,TOYOTA,RAV4,RAV4,0.10829614908289226,9,41151.0
toyota-rav-4,2017,VXR 4WD,124900,126000,125450,"AED 124,900 - 126,000",AED,https://www.drivearabia.com/carprices/uae/toyota/toyota-rav-4/2017/,2026-06-12T08:36:09Z,TOYOTA,RAV4,RAV4,0.10829614908289226,9,44715.0
toyota-rav-4,2018,EX 2WD,89900,90000,89950,"AED 89,900 - 90,000",AED,https://www.drivearabia.com/carprices/uae/toyota/toyota-rav-4/2018/,2026-06-12T08:36:11Z,TOYOTA,RAV4,RAV4,0.10829614908289226,8,35956.0
toyota-rav-4,2018,EXR 4WD,104900,105000,104950,"AED 104,900 - 105,000",AED,https://www.drivearabia.com/carprices/uae/toyota/toyota-rav-4/2018/,2026-06-12T08:36:11Z,TOYOTA,RAV4,RAV4,0.10829614908289226,8,41952.0
toyota-rav-4,2018,VX 2WD,112900,113000,112950,"AED 112,900 - 113,000",AED,https://www.drivearabia.com/carprices/uae/toyota/toyota-rav-4/2018/,2026-06-12T08:36:11Z,TOYOTA,RAV4,RAV4,0.10829614908289226,8,45149.0
toyota-rav-4,2018,VXR 4WD,129900,130000,129950,"AED 129,900 - 130,000",AED,https://www.drivearabia.com/carprices/uae/toyota/toyota-rav-4/2018/,2026-06-12T08:36:11Z,TOYOTA,RAV4,RAV4,0.10829614908289226,8,51945.0
toyota-rav-4,2019,2.5 GX FWD,99000,99100,99050,"AED 99,000 - 99,100",AED,https://www.drivearabia.com/carprices/uae/toyota/toyota-rav-4/2019/,2026-06-12T08:36:12Z,TOYOTA,RAV4,RAV4,0.10829614908289226,7,44402.0
toyota-rav-4,2019,2.5 GXR AWD,119900,120000,119950,"AED 119,900 - 120,000",AED,https://www.drivearabia.com/carprices/uae/toyota/toyota-rav-4/2019/,2026-06-12T08:36:12Z,TOYOTA,RAV4,RAV4,0.10829614908289226,7,53771.0
toyota-rav-4,2019,2.5 ADV AWD,129900,130000,129950,"AED 129,900 - 130,000",AED,https://www.drivearabia.com/carprices/uae/toyota/toyota-rav-4/2019/,2026-06-12T08:36:12Z,TOYOTA,RAV4,RAV4,0.10829614908289226,7,58253.0
toyota-rav-4,2019,2.5H VXR HEV,139900,140000,139950,"AED 139,900 - 140,000",AED,https://www.drivearabia.com/carprices/uae/toyota/toyota-rav-4/2019/,2026-06-12T08:36:12Z,TOYOTA,RAV4,RAV4,0.10829614908289226,7,62736.0
toyota-rav-4,2020,2.5L EX,89900,90000,89950,"AED 89,900 - 90,000",AED,https://www.drivearabia.com/carprices/uae/toyota/toyota-rav-4/2020/,2026-06-12T08:36:14Z,TOYOTA,RAV4,RAV4,0.10829614908289226,6,45219.0
toyota-rav-4,2020,2.5L EXR,102900,103000,102950,"AED 102,900 - 103,000",AED,https://www.drivearabia.com/carprices/uae/toyota/toyota-rav-4/2020/,2026-06-12T08:36:14Z,TOYOTA,RAV4,RAV4,0.10829614908289226,6,51755.0
toyota-rav-4,2020,2.5L Adventure,129900,130000,129950,"AED 129,900 - 130,000",AED,https://www.drivearabia.com/carprices/uae/toyota/toyota-rav-4/2020/,2026-06-12T08:36:14Z,TOYOTA,RAV4,RAV4,0.10829614908289226,6,65328.0
toyota-rav-4,2020,2.5 Hybrid,139900,140000,139950,"AED 139,900 - 140,000",AED,https://www.drivearabia.com/carprices/uae/toyota/toyota-rav-4/2020/,2026-06-12T08:36:14Z,TOYOTA,RAV4,RAV4,0.10829614908289226,6,70355.0
toyota-rav-4,2021,2.5L EX,89900,90000,89950,"AED 89,900 - 90,000",AED,https://www.drivearabia.com/carprices/uae/toyota/toyota-rav-4/2021/,2026-06-12T08:36:16Z,TOYOTA,RAV4,RAV4,0.10829614908289226,5,50711.0
toyota-rav-4,2021,2.5L EXR,102900,103000,102950,"AED 102,900 - 103,000",AED,https://www.drivearabia.com/carprices/uae/toyota/toyota-rav-4/2021/,2026-06-12T08:36:16Z,TOYOTA,RAV4,RAV4,0.10829614908289226,5,58040.0
toyota-rav-4,2021,2.5L Adventure,129900,130000,129950,"AED 129,900 - 130,000",AED,https://www.drivearabia.com/carprices/uae/toyota/toyota-rav-4/2021/,2026-06-12T08:36:16Z,TOYOTA,RAV4,RAV4,0.10829614908289226,5,73262.0
toyota-rav-4,2021,2.5 Hybrid,139900,140000,139950,"AED 139,900 - 140,000",AED,https://www.drivearabia.com/carprices/uae/toyota/toyota-rav-4/2021/,2026-06-12T08:36:16Z,TOYOTA,RAV4,RAV4,0.10829614908289226,5,78900.0
toyota-rav-4,2022,2.5L EX,89900,90000,89950,"AED 89,900 - 90,000",AED,https://www.drivearabia.com/carprices/uae/toyota/toyota-rav-4/2022/,2026-06-12T08:36:18Z,TOYOTA,RAV4,RAV4,0.10829614908289226,4,56870.0
toyota-rav-4,2022,2.5L EXR,102900,103000,102950,"AED 102,900 - 103,000",AED,https://www.drivearabia.com/carprices/uae/toyota/toyota-rav-4/2022/,2026-06-12T08:36:18Z,TOYOTA,RAV4,RAV4,0.10829614908289226,4,65089.0
toyota-rav-4,2022,2.5L Adventure,129900,130000,129950,"AED 129,900 - 130,000",AED,https://www.drivearabia.com/carprices/uae/toyota/toyota-rav-4/2022/,2026-06-12T08:36:18Z,TOYOTA,RAV4,RAV4,0.10829614908289226,4,82160.0
toyota-rav-4,2022,2.5 Hybrid,139900,140000,139950,"AED 139,900 - 140,000",AED,https://www.drivearabia.com/carprices/uae/toyota/toyota-rav-4/2022/,2026-06-12T08:36:18Z,TOYOTA,RAV4,RAV4,0.10829614908289226,4,88482.0
toyota-rav-4,2023,2.5L I4 EX 2WD,99900,100000,99950,"AED 99,900 - 100,000",AED,https://www.drivearabia.com/carprices/uae/toyota/toyota-rav-4/2023/,2026-06-12T08:36:20Z,TOYOTA,RAV4,RAV4,0.10829614908289226,3,70867.0
toyota-rav-4,2023,2.5L I4 EXR 2WD,112900,113000,112950,"AED 112,900 - 113,000",AED,https://www.drivearabia.com/carprices/uae/toyota/toyota-rav-4/2023/,2026-06-12T08:36:20Z,TOYOTA,RAV4,RAV4,0.10829614908289226,3,80084.0
toyota-rav-4,2023,2.5H I4 EXR Hybrid 4WD,120900,121000,120950,"AED 120,900 - 121,000",AED,https://www.drivearabia.com/carprices/uae/toyota/toyota-rav-4/2023/,2026-06-12T08:36:20Z,TOYOTA,RAV4,RAV4,0.10829614908289226,3,85757.0
toyota-rav-4,2023,2.5L I4 VX 2WD,123900,124000,123950,"AED 123,900 - 124,000",AED,https://www.drivearabia.com/carprices/uae/toyota/toyota-rav-4/2023/,2026-06-12T08:36:20Z,TOYOTA,RAV4,RAV4,0.10829614908289226,3,87884.0
toyota-rav-4,2023,2.5L I4 Adventure 4WD,139900,140000,139950,"AED 139,900 - 140,000",AED,https://www.drivearabia.com/carprices/uae/toyota/toyota-rav-4/2023/,2026-06-12T08:36:20Z,TOYOTA,RAV4,RAV4,0.10829614908289226,3,99228.0
toyota-rav-4,2023,2.5H I4 VXR Hybrid 4WD,152900,153000,152950,"AED 152,900 - 153,000",AED,https://www.drivearabia.com/carprices/uae/toyota/toyota-rav-4/2023/,2026-06-12T08:36:20Z,TOYOTA,RAV4,RAV4,0.10829614908289226,3,108445.0
toyota-rav-4,2024,2.5L I4 EX 2WD,99900,100000,99950,"AED 99,900 - 100,000",AED,https://www.drivearabia.com/carprices/uae/toyota/toyota-rav-4/2024/,2026-06-12T08:36:22Z,TOYOTA,RAV4,RAV4,0.10829614908289226,2,79474.0
toyota-rav-4,2024,2.5L I4 EXR 2WD,112900,113000,112950,"AED 112,900 - 113,000",AED,https://www.drivearabia.com/carprices/uae/toyota/toyota-rav-4/2024/,2026-06-12T08:36:22Z,TOYOTA,RAV4,RAV4,0.10829614908289226,2,89811.0
toyota-rav-4,2024,2.5H I4 EXR Hybrid 4WD,120900,121000,120950,"AED 120,900 - 121,000",AED,https://www.drivearabia.com/carprices/uae/toyota/toyota-rav-4/2024/,2026-06-12T08:36:22Z,TOYOTA,RAV4,RAV4,0.10829614908289226,2,96172.0
toyota-rav-4,2024,2.5L I4 VX 2WD,123900,124000,123950,"AED 123,900 - 124,000",AED,https://www.drivearabia.com/carprices/uae/toyota/toyota-rav-4/2024/,2026-06-12T08:36:22Z,TOYOTA,RAV4,RAV4,0.10829614908289226,2,98557.0
toyota-rav-4,2024,2.5L I4 Adventure 4WD,139900,140000,139950,"AED 139,900 - 140,000",AED,https://www.drivearabia.com/carprices/uae/toyota/toyota-rav-4/2024/,2026-06-12T08:36:22Z,TOYOTA,RAV4,RAV4,0.10829614908289226,2,111279.0
toyota-rav-4,2024,2.5H I4 VXR Hybrid 4WD,152900,153000,152950,"AED 152,900 - 153,000",AED,https://www.drivearabia.com/carprices/uae/toyota/toyota-rav-4/2024/,2026-06-12T08:36:22Z,TOYOTA,RAV4,RAV4,0.10829614908289226,2,121616.0
toyota-rav-4,2025,2.5L I4 EX 2WD,99900,100000,99950,"AED 99,900 - 100,000",AED,https://www.drivearabia.com/carprices/uae/toyota/toyota-rav-4/2025/,2026-06-12T08:36:23Z,TOYOTA,RAV4,RAV4,0.10829614908289226,1,89126.0
toyota-rav-4,2025,2.5L I4 EXR 2WD,112900,113000,112950,"AED 112,900 - 113,000",AED,https://www.drivearabia.com/carprices/uae/toyota/toyota-rav-4/2025/,2026-06-12T08:36:23Z,TOYOTA,RAV4,RAV4,0.10829614908289226,1,100718.0
toyota-rav-4,2025,2.5H I4 EXR Hybrid 4WD,120900,121000,120950,"AED 120,900 - 121,000",AED,https://www.drivearabia.com/carprices/uae/toyota/toyota-rav-4/2025/,2026-06-12T08:36:23Z,TOYOTA,RAV4,RAV4,0.10829614908289226,1,107852.0
toyota-rav-4,2025,2.5L I4 VX 2WD,123900,124000,123950,"AED 123,900 - 124,000",AED,https://www.drivearabia.com/carprices/uae/toyota/toyota-rav-4/2025/,2026-06-12T08:36:23Z,TOYOTA,RAV4,RAV4,0.10829614908289226,1,110527.0
toyota-rav-4,2025,2.5L I4 Adventure 4WD,139900,140000,139950,"AED 139,900 - 140,000",AED,https://www.drivearabia.com/carprices/uae/toyota/toyota-rav-4/2025/,2026-06-12T08:36:23Z,TOYOTA,RAV4,RAV4,0.10829614908289226,1,124794.0
toyota-rav-4,2025,2.5H I4 VXR Hybrid 4WD,152900,153000,152950,"AED 152,900 - 153,000",AED,https://www.drivearabia.com/carprices/uae/toyota/toyota-rav-4/2025/,2026-06-12T08:36:23Z,TOYOTA,RAV4,RAV4,0.10829614908289226,1,136386.0
toyota-rav-4,2026,2.0 EX FWD,105900,106000,105950,"AED 105,900 - 106,000",AED,https://www.drivearabia.com/carprices/uae/toyota/toyota-rav-4/2026/,2026-06-12T08:36:25Z,TOYOTA,RAV4,RAV4,0.10829614908289226,0,105950.0
toyota-rav-4,2026,2.0 EXR FWD,113900,114000,113950,"AED 113,900 - 114,000",AED,https://www.drivearabia.com/carprices/uae/toyota/toyota-rav-4/2026/,2026-06-12T08:36:25Z,TOYOTA,RAV4,RAV4,0.10829614908289226,0,113950.0
toyota-rav-4,2026,2.5H HEV EX 2WD,114900,115000,114950,"AED 114,900 - 115,000",AED,https://www.drivearabia.com/carprices/uae/toyota/toyota-rav-4/2026/,2026-06-12T08:36:25Z,TOYOTA,RAV4,RAV4,0.10829614908289226,0,114950.0
toyota-rav-4,2026,2.5 HEV EXR AWD,122900,123000,122950,"AED 122,900 - 123,000",AED,https://www.drivearabia.com/carprices/uae/toyota/toyota-rav-4/2026/,2026-06-12T08:36:25Z,TOYOTA,RAV4,RAV4,0.10829614908289226,0,122950.0
toyota-rav-4,2026,2.5H Adventure AWD,142900,143000,142950,"AED 142,900 - 143,000",AED,https://www.drivearabia.com/carprices/uae/toyota/toyota-rav-4/2026/,2026-06-12T08:36:25Z,TOYOTA,RAV4,RAV4,0.10829614908289226,0,142950.0
toyota-rush,2021,EX,68500,69000,68750,"AED 68,500 - 69,000",AED,https://www.drivearabia.com/carprices/uae/toyota/toyota-rush/2021/,2026-06-12T08:36:58Z,TOYOTA,RUSH,RUSH,0.06959577036551935,5,47933.0
toyota-rush,2021,GX,73000,74000,73500,"AED 73,000 - 74,000",AED,https://www.drivearabia.com/carprices/uae/toyota/toyota-rush/2021/,2026-06-12T08:36:58Z,TOYOTA,RUSH,RUSH,0.06959577036551935,5,51244.0
toyota-rush,2022,EX,68500,69000,68750,"AED 68,500 - 69,000",AED,https://www.drivearabia.com/carprices/uae/toyota/toyota-rush/2022/,2026-06-12T08:37:00Z,TOYOTA,RUSH,RUSH,0.06959577036551935,4,51518.0
toyota-rush,2022,GX,73000,74000,73500,"AED 73,000 - 74,000",AED,https://www.drivearabia.com/carprices/uae/toyota/toyota-rush/2022/,2026-06-12T08:37:00Z,TOYOTA,RUSH,RUSH,0.06959577036551935,4,55077.0
toyota-rush,2023,EX,69900,70000,69950,"AED 69,900 - 70,000",AED,https://www.drivearabia.com/carprices/uae/toyota/toyota-rush/2023/,2026-06-12T08:37:02Z,TOYOTA,RUSH,RUSH,0.06959577036551935,3,56338.0
toyota-rush,2023,GX,74900,75000,74950,"AED 74,900 - 75,000",AED,https://www.drivearabia.com/carprices/uae/toyota/toyota-rush/2023/,2026-06-12T08:37:02Z,TOYOTA,RUSH,RUSH,0.06959577036551935,3,60365.0
toyota-sequoia,2009,2WD,149000,215000,182000,"AED 149,000 - 215,000",AED,https://www.drivearabia.com/carprices/uae/toyota/toyota-sequoia/2009/,2026-06-12T08:37:24Z,TOYOTA,SEQUOIA,SEQUOIA,0.0952415685702795,17,33199.0
toyota-sequoia,2009,4WD,159000,225000,192000,"AED 159,000 - 225,000",AED,https://www.drivearabia.com/carprices/uae/toyota/toyota-sequoia/2009/,2026-06-12T08:37:24Z,TOYOTA,SEQUOIA,SEQUOIA,0.0952415685702795,17,35023.0
toyota-sequoia,2010,2WD,149000,215000,182000,"AED 149,000 - 215,000",AED,https://www.drivearabia.com/carprices/uae/toyota/toyota-sequoia/2010/,2026-06-12T08:37:26Z,TOYOTA,SEQUOIA,SEQUOIA,0.0952415685702795,16,36694.0
toyota-sequoia,2010,4WD,159000,225000,192000,"AED 159,000 - 225,000",AED,https://www.drivearabia.com/carprices/uae/toyota/toyota-sequoia/2010/,2026-06-12T08:37:26Z,TOYOTA,SEQUOIA,SEQUOIA,0.0952415685702795,16,38710.0
toyota-sequoia,2011,2WD,149000,215000,182000,"AED 149,000 - 215,000",AED,https://www.drivearabia.com/carprices/uae/toyota/toyota-sequoia/2011/,2026-06-12T08:37:28Z,TOYOTA,SEQUOIA,SEQUOIA,0.0952415685702795,15,40557.0
toyota-sequoia,2011,4WD,159000,225000,192000,"AED 159,000 - 225,000",AED,https://www.drivearabia.com/carprices/uae/toyota/toyota-sequoia/2011/,2026-06-12T08:37:28Z,TOYOTA,SEQUOIA,SEQUOIA,0.0952415685702795,15,42785.0
toyota-sequoia,2012,2WD,149000,215000,182000,"AED 149,000 - 215,000",AED,https://www.drivearabia.com/carprices/uae/toyota/toyota-sequoia/2012/,2026-06-12T08:37:29Z,TOYOTA,SEQUOIA,SEQUOIA,0.0952415685702795,14,44826.0
toyota-sequoia,2012,4WD,159000,225000,192000,"AED 159,000 - 225,000",AED,https://www.drivearabia.com/carprices/uae/toyota/toyota-sequoia/2012/,2026-06-12T08:37:29Z,TOYOTA,SEQUOIA,SEQUOIA,0.0952415685702795,14,47289.0
toyota-sequoia,2013,Limited 4x4,193000,206000,199500,"AED 193,000 - 206,000",AED,https://www.drivearabia.com/carprices/uae/toyota/toyota-sequoia/2013/,2026-06-12T08:37:31Z,TOYOTA,SEQUOIA,SEQUOIA,0.0952415685702795,13,54308.0
toyota-sequoia,2014,Limited 4x4,193000,206000,199500,"AED 193,000 - 206,000",AED,https://www.drivearabia.com/carprices/uae/toyota/toyota-sequoia/2014/,2026-06-12T08:37:33Z,TOYOTA,SEQUOIA,SEQUOIA,0.0952415685702795,12,60025.0
toyota-sequoia,2015,EXR,149900,150000,149950,"AED 149,900 - 150,000",AED,https://www.drivearabia.com/carprices/uae/toyota/toyota-sequoia/2015/,2026-06-12T08:37:35Z,TOYOTA,SEQUOIA,SEQUOIA,0.0952415685702795,11,49866.0
toyota-sequoia,2015,GXR,169000,170000,169500,"AED 169,000 - 170,000",AED,https://www.drivearabia.com/carprices/uae/toyota/toyota-sequoia/2015/,2026-06-12T08:37:35Z,TOYOTA,SEQUOIA,SEQUOIA,0.0952415685702795,11,56367.0
toyota-sequoia,2015,VXR,194900,195000,194950,"AED 194,900 - 195,000",AED,https://www.drivearabia.com/carprices/uae/toyota/toyota-sequoia/2015/,2026-06-12T08:37:35Z,TOYOTA,SEQUOIA,SEQUOIA,0.0952415685702795,11,64831.0
toyota-sequoia,2016,EXR,149900,150000,149950,"AED 149,900 - 150,000",AED,https://www.drivearabia.com/carprices/uae/toyota/toyota-sequoia/2016/,2026-06-12T08:37:37Z,TOYOTA,SEQUOIA,SEQUOIA,0.0952415685702795,10,55115.0
toyota-sequoia,2016,GXR,169000,170000,169500,"AED 169,000 - 170,000",AED,https://www.drivearabia.com/carprices/uae/toyota/toyota-sequoia/2016/,2026-06-12T08:37:37Z,TOYOTA,SEQUOIA,SEQUOIA,0.0952415685702795,10,62301.0
toyota-sequoia,2016,VXR,194900,195000,194950,"AED 194,900 - 195,000",AED,https://www.drivearabia.com/carprices/uae/toyota/toyota-sequoia/2016/,2026-06-12T08:37:37Z,TOYOTA,SEQUOIA,SEQUOIA,0.0952415685702795,10,71656.0
toyota-supra,2021,2.0T GR,179900,180000,179950,"AED 179,900 - 180,000",AED,https://www.drivearabia.com/carprices/uae/toyota/toyota-supra/2021/,2026-06-12T08:38:20Z,TOYOTA,SUPRA,SUPRA,0.0937534321000379,5,109998.0
toyota-supra,2021,3.0T GR,199000,200000,199500,"AED 199,000 - 200,000",AED,https://www.drivearabia.com/carprices/uae/toyota/toyota-supra/2021/,2026-06-12T08:38:20Z,TOYOTA,SUPRA,SUPRA,0.0937534321000379,5,121948.0
toyota-supra,2021,3.0T GR Blue Edition,204900,205000,204950,"AED 204,900 - 205,000",AED,https://www.drivearabia.com/carprices/uae/toyota/toyota-supra/2021/,2026-06-12T08:38:20Z,TOYOTA,SUPRA,SUPRA,0.0937534321000379,5,125279.0
toyota-supra,2022,2.0T GR,179900,180000,179950,"AED 179,900 - 180,000",AED,https://www.drivearabia.com/carprices/uae/toyota/toyota-supra/2022/,2026-06-12T08:38:21Z,TOYOTA,SUPRA,SUPRA,0.0937534321000379,4,121377.0
toyota-supra,2022,3.0T GR,199000,200000,199500,"AED 199,000 - 200,000",AED,https://www.drivearabia.com/carprices/uae/toyota/toyota-supra/2022/,2026-06-12T08:38:21Z,TOYOTA,SUPRA,SUPRA,0.0937534321000379,4,134564.0
toyota-supra,2022,3.0T GR Blue Edition,204900,205000,204950,"AED 204,900 - 205,000",AED,https://www.drivearabia.com/carprices/uae/toyota/toyota-supra/2022/,2026-06-12T08:38:21Z,TOYOTA,SUPRA,SUPRA,0.0937534321000379,4,138240.0
toyota-supra,2023,2.0T GR,179900,180000,179950,"AED 179,900 - 180,000",AED,https://www.drivearabia.com/carprices/uae/toyota/toyota-supra/2023/,2026-06-12T08:38:23Z,TOYOTA,SUPRA,SUPRA,0.0937534321000379,3,133934.0
toyota-supra,2023,3.0T GR auto,207000,213000,210000,"AED 207,000 - 213,000",AED,https://www.drivearabia.com/carprices/uae/toyota/toyota-supra/2023/,2026-06-12T08:38:23Z,TOYOTA,SUPRA,SUPRA,0.0937534321000379,3,156300.0
toyota-supra,2023,3.0T GR manual,207900,213000,210450,"AED 207,900 - 213,000",AED,https://www.drivearabia.com/carprices/uae/toyota/toyota-supra/2023/,2026-06-12T08:38:23Z,TOYOTA,SUPRA,SUPRA,0.0937534321000379,3,156635.0
toyota-supra,2024,3.0TC V6 GR RWD auto,216000,218000,217000,"AED 216,000 - 218,000",AED,https://www.drivearabia.com/carprices/uae/toyota/toyota-supra/2024/,2026-06-12T08:38:25Z,TOYOTA,SUPRA,SUPRA,0.0937534321000379,2,178218.0
toyota-supra,2024,3.0T GR RWD manual,216000,218000,217000,"AED 216,000 - 218,000",AED,https://www.drivearabia.com/carprices/uae/toyota/toyota-supra/2024/,2026-06-12T08:38:25Z,TOYOTA,SUPRA,SUPRA,0.0937534321000379,2,178218.0
toyota-supra,2025,3.0TC V6 GR RWD auto,216000,218000,217000,"AED 216,000 - 218,000",AED,https://www.drivearabia.com/carprices/uae/toyota/toyota-supra/2025/,2026-06-12T08:38:27Z,TOYOTA,SUPRA,SUPRA,0.0937534321000379,1,196656.0
toyota-supra,2025,3.0T GR RWD manual,216000,218000,217000,"AED 216,000 - 218,000",AED,https://www.drivearabia.com/carprices/uae/toyota/toyota-supra/2025/,2026-06-12T08:38:27Z,TOYOTA,SUPRA,SUPRA,0.0937534321000379,1,196656.0
toyota-supra,2026,3.0TC V6 GR RWD auto,238900,259900,249400,"AED 238,900 - 259,900",AED,https://www.drivearabia.com/carprices/uae/toyota/toyota-supra/2026/,2026-06-12T08:38:29Z,TOYOTA,SUPRA,SUPRA,0.0937534321000379,0,249400.0
toyota-urban-cruiser,2023,1.5 I4 GL,76900,77000,76950,"AED 76,900 - 77,000",AED,https://www.drivearabia.com/carprices/uae/toyota/toyota-urban-cruiser/2023/,2026-06-12T08:39:02Z,TOYOTA,URBAN CRUISER,URBAN CRUISER,0.07593782057209986,3,60717.0
toyota-urban-cruiser,2023,1.5 I4 GLX,82900,83000,82950,"AED 82,900 - 83,000",AED,https://www.drivearabia.com/carprices/uae/toyota/toyota-urban-cruiser/2023/,2026-06-12T08:39:02Z,TOYOTA,URBAN CRUISER,URBAN CRUISER,0.07593782057209986,3,65452.0
toyota-urban-cruiser,2024,1.5 I4 GL,76900,77000,76950,"AED 76,900 - 77,000",AED,https://www.drivearabia.com/carprices/uae/toyota/toyota-urban-cruiser/2024/,2026-06-12T08:39:04Z,TOYOTA,URBAN CRUISER,URBAN CRUISER,0.07593782057209986,2,65707.0
toyota-urban-cruiser,2024,1.5 I4 GLX,82900,83000,82950,"AED 82,900 - 83,000",AED,https://www.drivearabia.com/carprices/uae/toyota/toyota-urban-cruiser/2024/,2026-06-12T08:39:04Z,TOYOTA,URBAN CRUISER,URBAN CRUISER,0.07593782057209986,2,70830.0
toyota-urban-cruiser,2025,1.5 I4 GL FWD,79900,80000,79950,"AED 79,900 - 80,000",AED,https://www.drivearabia.com/carprices/uae/toyota/toyota-urban-cruiser/2025/,2026-06-12T08:39:06Z,TOYOTA,URBAN CRUISER,URBAN CRUISER,0.07593782057209986,1,73879.0
toyota-urban-cruiser,2025,1.5 I4 GLX FWD,85900,86000,85950,"AED 85,900 - 86,000",AED,https://www.drivearabia.com/carprices/uae/toyota/toyota-urban-cruiser/2025/,2026-06-12T08:39:06Z,TOYOTA,URBAN CRUISER,URBAN CRUISER,0.07593782057209986,1,79423.0
toyota-urban-cruiser,2026,1.5 I4 GL FWD,79900,80000,79950,"AED 79,900 - 80,000",AED,https://www.drivearabia.com/carprices/uae/toyota/toyota-urban-cruiser/2026/,2026-06-12T08:39:08Z,TOYOTA,URBAN CRUISER,URBAN CRUISER,0.07593782057209986,0,79950.0
toyota-urban-cruiser,2026,1.5 I4 GLX FWD,85900,86000,85950,"AED 85,900 - 86,000",AED,https://www.drivearabia.com/carprices/uae/toyota/toyota-urban-cruiser/2026/,2026-06-12T08:39:08Z,TOYOTA,URBAN CRUISER,URBAN CRUISER,0.07593782057209986,0,85950.0
toyota-veloz,2023,1.5 I4 GX,79900,80000,79950,"AED 79,900 - 80,000",AED,https://www.drivearabia.com/carprices/uae/toyota/toyota-veloz/2023/,2026-06-12T08:39:42Z,TOYOTA,VELOZ,VELOZ,0.0478166701294942,3,69021.0
toyota-veloz,2024,1.5 I4 GX,79900,80000,79950,"AED 79,900 - 80,000",AED,https://www.drivearabia.com/carprices/uae/toyota/toyota-veloz/2024/,2026-06-12T08:39:43Z,TOYOTA,VELOZ,VELOZ,0.0478166701294942,2,72487.0
toyota-veloz,2025,1.5 I4 GX FWD,80900,81000,80950,"AED 80,900 - 81,000",AED,https://www.drivearabia.com/carprices/uae/toyota/toyota-veloz/2025/,2026-06-12T08:39:45Z,TOYOTA,VELOZ,VELOZ,0.0478166701294942,1,77079.0
toyota-veloz,2026,1.5 I4 GX FWD,80900,81000,80950,"AED 80,900 - 81,000",AED,https://www.drivearabia.com/carprices/uae/toyota/toyota-veloz/2026/,2026-06-12T08:39:47Z,TOYOTA,VELOZ,VELOZ,0.0478166701294942,0,80950.0
toyota-yaris,2015,1.3 S,51000,52000,51500,"AED 51,000 - 52,000",AED,https://www.drivearabia.com/carprices/uae/toyota/toyota-yaris/2015/,2026-06-12T08:40:57Z,TOYOTA,YARIS,YARIS,0.10596482188558505,11,15021.0
toyota-yaris,2015,1.5L SE,54900,55500,55200,"AED 54,900 - 55,500",AED,https://www.drivearabia.com/carprices/uae/toyota/toyota-yaris/2015/,2026-06-12T08:40:57Z,TOYOTA,YARIS,YARIS,0.10596482188558505,11,16101.0
toyota-yaris,2015,1.5L SE Plus,57500,58000,57750,"AED 57,500 - 58,000",AED,https://www.drivearabia.com/carprices/uae/toyota/toyota-yaris/2015/,2026-06-12T08:40:57Z,TOYOTA,YARIS,YARIS,0.10596482188558505,11,16844.0
toyota-yaris,2016,1.3 S,51000,52000,51500,"AED 51,000 - 52,000",AED,https://www.drivearabia.com/carprices/uae/toyota/toyota-yaris/2016/,2026-06-12T08:40:58Z,TOYOTA,YARIS,YARIS,0.10596482188558505,10,16802.0
toyota-yaris,2016,1.5L SE,54900,55500,55200,"AED 54,900 - 55,500",AED,https://www.drivearabia.com/carprices/uae/toyota/toyota-yaris/2016/,2026-06-12T08:40:58Z,TOYOTA,YARIS,YARIS,0.10596482188558505,10,18009.0
toyota-yaris,2016,1.5L SE Plus,57500,58000,57750,"AED 57,500 - 58,000",AED,https://www.drivearabia.com/carprices/uae/toyota/toyota-yaris/2016/,2026-06-12T08:40:58Z,TOYOTA,YARIS,YARIS,0.10596482188558505,10,18841.0
toyota-yaris,2017,1.3 SE,53900,54000,53950,"AED 53,900 - 54,000",AED,https://www.drivearabia.com/carprices/uae/toyota/toyota-yaris/2017/,2026-06-12T08:41:00Z,TOYOTA,YARIS,YARIS,0.10596482188558505,9,19687.0
toyota-yaris,2017,1.5L SE Plus,61900,62000,61950,"AED 61,900 - 62,000",AED,https://www.drivearabia.com/carprices/uae/toyota/toyota-yaris/2017/,2026-06-12T08:41:00Z,TOYOTA,YARIS,YARIS,0.10596482188558505,9,22606.0
toyota-yaris,2018,1.3 SE,58700,59000,58850,"AED 58,700 - 59,000",AED,https://www.drivearabia.com/carprices/uae/toyota/toyota-yaris/2018/,2026-06-12T08:41:02Z,TOYOTA,YARIS,YARIS,0.10596482188558505,8,24021.0
toyota-yaris,2018,1.5L SE Plus,68200,69000,68600,"AED 68,200 - 69,000",AED,https://www.drivearabia.com/carprices/uae/toyota/toyota-yaris/2018/,2026-06-12T08:41:02Z,TOYOTA,YARIS,YARIS,0.10596482188558505,8,28000.0
toyota-yaris,2019,SE,58700,59000,58850,"AED 58,700 - 59,000",AED,https://www.drivearabia.com/carprices/uae/toyota/toyota-yaris/2019/,2026-06-12T08:41:04Z,TOYOTA,YARIS,YARIS,0.10596482188558505,7,26868.0
toyota-yaris,2019,SE Plus,68500,69000,68750,"AED 68,500 - 69,000",AED,https://www.drivearabia.com/carprices/uae/toyota/toyota-yaris/2019/,2026-06-12T08:41:04Z,TOYOTA,YARIS,YARIS,0.10596482188558505,7,31387.0
toyota-yaris,2020,SE,58700,59000,58850,"AED 58,700 - 59,000",AED,https://www.drivearabia.com/carprices/uae/toyota/toyota-yaris/2020/,2026-06-12T08:41:06Z,TOYOTA,YARIS,YARIS,0.10596482188558505,6,30052.0
toyota-yaris,2020,SE Plus,68500,69000,68750,"AED 68,500 - 69,000",AED,https://www.drivearabia.com/carprices/uae/toyota/toyota-yaris/2020/,2026-06-12T08:41:06Z,TOYOTA,YARIS,YARIS,0.10596482188558505,6,35108.0
toyota-yaris-sedan,2014,1.3L S,48500,49000,48750,"AED 48,500 - 49,000",AED,https://www.drivearabia.com/carprices/uae/toyota/toyota-yaris-sedan/2014/,2026-06-12T08:41:41Z,TOYOTA,YARIS,YARIS,0.10596482188558505,12,12712.0
toyota-yaris-sedan,2014,1.3L SE,51900,52000,51950,"AED 51,900 - 52,000",AED,https://www.drivearabia.com/carprices/uae/toyota/toyota-yaris-sedan/2014/,2026-06-12T08:41:41Z,TOYOTA,YARIS,YARIS,0.10596482188558505,12,13547.0
toyota-yaris-sedan,2014,1.5L SE,53500,54000,53750,"AED 53,500 - 54,000",AED,https://www.drivearabia.com/carprices/uae/toyota/toyota-yaris-sedan/2014/,2026-06-12T08:41:41Z,TOYOTA,YARIS,YARIS,0.10596482188558505,12,14016.0
toyota-yaris-sedan,2014,1.5L Sport,56900,57000,56950,"AED 56,900 - 57,000",AED,https://www.drivearabia.com/carprices/uae/toyota/toyota-yaris-sedan/2014/,2026-06-12T08:41:41Z,TOYOTA,YARIS,YARIS,0.10596482188558505,12,14851.0
toyota-yaris-sedan,2014,1.5L SE,57900,58000,57950,"AED 57,900 - 58,000",AED,https://www.drivearabia.com/carprices/uae/toyota/toyota-yaris-sedan/2014/,2026-06-12T08:41:41Z,TOYOTA,YARIS,YARIS,0.10596482188558505,12,15112.0
toyota-yaris-sedan,2015,1.3L S,48500,49000,48750,"AED 48,500 - 49,000",AED,https://www.drivearabia.com/carprices/uae/toyota/toyota-yaris-sedan/2015/,2026-06-12T08:41:43Z,TOYOTA,YARIS,YARIS,0.10596482188558505,11,14219.0
toyota-yaris-sedan,2015,1.3L SE,51900,52000,51950,"AED 51,900 - 52,000",AED,https://www.drivearabia.com/carprices/uae/toyota/toyota-yaris-sedan/2015/,2026-06-12T08:41:43Z,TOYOTA,YARIS,YARIS,0.10596482188558505,11,15153.0
toyota-yaris-sedan,2015,1.5L SE,53500,54000,53750,"AED 53,500 - 54,000",AED,https://www.drivearabia.com/carprices/uae/toyota/toyota-yaris-sedan/2015/,2026-06-12T08:41:43Z,TOYOTA,YARIS,YARIS,0.10596482188558505,11,15678.0
toyota-yaris-sedan,2015,1.5L Sport,56900,57000,56950,"AED 56,900 - 57,000",AED,https://www.drivearabia.com/carprices/uae/toyota/toyota-yaris-sedan/2015/,2026-06-12T08:41:43Z,TOYOTA,YARIS,YARIS,0.10596482188558505,11,16611.0
toyota-yaris-sedan,2015,1.5L SE,57900,58000,57950,"AED 57,900 - 58,000",AED,https://www.drivearabia.com/carprices/uae/toyota/toyota-yaris-sedan/2015/,2026-06-12T08:41:43Z,TOYOTA,YARIS,YARIS,0.10596482188558505,11,16903.0
toyota-yaris-sedan,2016,1.5L SE,53900,54000,53950,"AED 53,900 - 54,000",AED,https://www.drivearabia.com/carprices/uae/toyota/toyota-yaris-sedan/2016/,2026-06-12T08:41:45Z,TOYOTA,YARIS,YARIS,0.10596482188558505,10,17601.0
toyota-yaris-sedan,2016,1.5L Sport,57000,58500,57750,"AED 58,500 - 57,000",AED,https://www.drivearabia.com/carprices/uae/toyota/toyota-yaris-sedan/2016/,2026-06-12T08:41:45Z,TOYOTA,YARIS,YARIS,0.10596482188558505,10,18841.0
toyota-yaris-sedan,2016,1.5L SE,58000,59500,58750,"AED 59,500 - 58,000",AED,https://www.drivearabia.com/carprices/uae/toyota/toyota-yaris-sedan/2016/,2026-06-12T08:41:45Z,TOYOTA,YARIS,YARIS,0.10596482188558505,10,19167.0
toyota-yaris-sedan,2017,1.5L SE,58695,59000,58848,"AED 58,695 - 59,000",AED,https://www.drivearabia.com/carprices/uae/toyota/toyota-yaris-sedan/2017/,2026-06-12T08:41:47Z,TOYOTA,YARIS,YARIS,0.10596482188558505,9,21475.0
toyota-yaris-sedan,2017,1.5L SE,66045,67000,66522,"AED 66,045 - 67,000",AED,https://www.drivearabia.com/carprices/uae/toyota/toyota-yaris-sedan/2017/,2026-06-12T08:41:47Z,TOYOTA,YARIS,YARIS,0.10596482188558505,9,24275.0
toyota-yaris-sedan,2019,1.5L CVT,59900,60000,59950,"AED 59,900 - 60,000",AED,https://www.drivearabia.com/carprices/uae/toyota/toyota-yaris-sedan/2019/,2026-06-12T08:41:50Z,TOYOTA,YARIS,YARIS,0.10596482188558505,7,27370.0
toyota-yaris-sedan,2020,1.5L CVT,59900,60000,59950,"AED 59,900 - 60,000",AED,https://www.drivearabia.com/carprices/uae/toyota/toyota-yaris-sedan/2020/,2026-06-12T08:41:52Z,TOYOTA,YARIS,YARIS,0.10596482188558505,6,30614.0
toyota-yaris-sedan,2021,1.5L CVT,59900,60000,59950,"AED 59,900 - 60,000",AED,https://www.drivearabia.com/carprices/uae/toyota/toyota-yaris-sedan/2021/,2026-06-12T08:41:54Z,TOYOTA,YARIS,YARIS,0.10596482188558505,5,34242.0
toyota-yaris-sedan,2022,1.5L CVT,59900,60000,59950,"AED 59,900 - 60,000",AED,https://www.drivearabia.com/carprices/uae/toyota/toyota-yaris-sedan/2022/,2026-06-12T08:41:56Z,TOYOTA,YARIS,YARIS,0.10596482188558505,4,38301.0
toyota-yaris-sedan,2023,1.5L I4 E FWD,63900,64000,63950,"AED 63,900 - 64,000",AED,https://www.drivearabia.com/carprices/uae/toyota/toyota-yaris-sedan/2023/,2026-06-12T08:41:58Z,TOYOTA,YARIS,YARIS,0.10596482188558505,3,45699.0
toyota-yaris-sedan,2023,1.5 I4 G FWD,73900,74000,73950,"AED 73,900 - 74,000",AED,https://www.drivearabia.com/carprices/uae/toyota/toyota-yaris-sedan/2023/,2026-06-12T08:41:58Z,TOYOTA,YARIS,YARIS,0.10596482188558505,3,52845.0
toyota-yaris-sedan,2025,1.5L I4 E FWD,63900,64000,63950,"AED 63,900 - 64,000",AED,https://www.drivearabia.com/carprices/uae/toyota/toyota-yaris-sedan/2025/,2026-06-12T08:42:01Z,TOYOTA,YARIS,YARIS,0.10596482188558505,1,57174.0
toyota-yaris-sedan,2025,1.5 I4 G FWD,73900,74000,73950,"AED 73,900 - 74,000",AED,https://www.drivearabia.com/carprices/uae/toyota/toyota-yaris-sedan/2025/,2026-06-12T08:42:01Z,TOYOTA,YARIS,YARIS,0.10596482188558505,1,66114.0
toyota-yaris-sedan,2026,E,64900,65000,64950,"AED 64,900 - 65,000",AED,https://www.drivearabia.com/carprices/uae/toyota/toyota-yaris-sedan/2026/,2026-06-12T08:42:03Z,TOYOTA,YARIS,YARIS,0.10596482188558505,0,64950.0
toyota-yaris-sedan,2026,G,74900,75000,74950,"AED 74,900 - 75,000",AED,https://www.drivearabia.com/carprices/uae/toyota/toyota-yaris-sedan/2026/,2026-06-12T08:42:03Z,TOYOTA,YARIS,YARIS,0.10596482188558505,0,74950.0
