model_slug,year,trim_name,price_min_aed,price_max_aed,price_avg_aed,price_raw,currency,url,scraped_at,car_age,depreciated_value
toyota-86,2014,GT/GTX MT,94900,104900,99900,"AED 94,900 - 104,900",AED,https://www.drivearabia.com/carprices/uae/toyota/toyota-86/2014/,2026-06-12T08:13:36Z,12,21546
toyota-86,2014,VT/VTX AT,114900,124900,119900,"AED 114,900 - 124,900",AED,https://www.drivearabia.com/carprices/uae/toyota/toyota-86/2014/,2026-06-12T08:13:36Z,12,25859
toyota-86,2014,TRD,149000,150000,149500,"AED 149,000 - 150,000",AED,https://www.drivearabia.com/carprices/uae/toyota/toyota-86/2014/,2026-06-12T08:13:36Z,12,32243
toyota-86,2015,GT/GTX MT,94900,104900,99900,"AED 94,900 - 104,900",AED,https://www.drivearabia.com/carprices/uae/toyota/toyota-86/2015/,2026-06-12T08:13:38Z,11,24484
toyota-86,2015,VT/VTX AT,114900,124900,119900,"AED 114,900 - 124,900",AED,https://www.drivearabia.com/carprices/uae/toyota/toyota-86/2015/,2026-06-12T08:13:38Z,11,29385
toyota-86,2015,TRD,149000,150000,149500,"AED 149,000 - 150,000",AED,https://www.drivearabia.com/carprices/uae/toyota/toyota-86/2015/,2026-06-12T08:13:38Z,11,36640
toyota-86,2016,GTX MT,104900,105000,104950,"AED 104,900 - 105,000",AED,https://www.drivearabia.com/carprices/uae/toyota/toyota-86/2016/,2026-06-12T08:13:39Z,10,29229
toyota-86,2016,VT/VTX AT,114900,124900,119900,"AED 114,900 - 124,900",AED,https://www.drivearabia.com/carprices/uae/toyota/toyota-86/2016/,2026-06-12T08:13:39Z,10,33392
toyota-86,2017,GTX MT,104900,105000,104950,"AED 104,900 - 105,000",AED,https://www.drivearabia.com/carprices/uae/toyota/toyota-86/2017/,2026-06-12T08:13:41Z,9,33214
toyota-86,2017,VT/VTX AT,114900,124900,119900,"AED 114,900 - 124,900",AED,https://www.drivearabia.com/carprices/uae/toyota/toyota-86/2017/,2026-06-12T08:13:41Z,9,37946
toyota-86,2018,GTX MT,104900,105000,104950,"AED 104,900 - 105,000",AED,https://www.drivearabia.com/carprices/uae/toyota/toyota-86/2018/,2026-06-12T08:13:43Z,8,37744
toyota-86,2018,VT/VTX AT,114900,124900,119900,"AED 114,900 - 124,900",AED,https://www.drivearabia.com/carprices/uae/toyota/toyota-86/2018/,2026-06-12T08:13:43Z,8,43120
toyota-86,2019,VTX AT,116500,117000,116750,"AED 116,500 - 117,000",AED,https://www.drivearabia.com/carprices/uae/toyota/toyota-86/2019/,2026-06-12T08:13:45Z,7,47713
toyota-aurion,2015,Sport,114000,115000,114500,"AED 114,000 - 115,000",AED,https://www.drivearabia.com/carprices/uae/toyota/toyota-aurion/2015/,2026-06-12T08:14:22Z,11,28062
toyota-aurion,2015,Limited,117000,118000,117500,"AED 117,000 - 118,000",AED,https://www.drivearabia.com/carprices/uae/toyota/toyota-aurion/2015/,2026-06-12T08:14:22Z,11,28797
toyota-aurion,2015,TRD,125725,126000,125862,"AED 125,725 - 126,000",AED,https://www.drivearabia.com/carprices/uae/toyota/toyota-aurion/2015/,2026-06-12T08:14:22Z,11,30846
toyota-aurion,2016,Sport,114000,115000,114500,"AED 114,000 - 115,000",AED,https://www.drivearabia.com/carprices/uae/toyota/toyota-aurion/2016/,2026-06-12T08:14:24Z,10,31888
toyota-aurion,2016,Limited,117000,118000,117500,"AED 117,000 - 118,000",AED,https://www.drivearabia.com/carprices/uae/toyota/toyota-aurion/2016/,2026-06-12T08:14:24Z,10,32724
toyota-aurion,2016,TRD,125725,126000,125862,"AED 125,725 - 126,000",AED,https://www.drivearabia.com/carprices/uae/toyota/toyota-aurion/2016/,2026-06-12T08:14:24Z,10,35053
toyota-avalon,2013,S/SE,128000,134000,131000,"AED 128,000 - 134,000",AED,https://www.drivearabia.com/carprices/uae/toyota/toyota-avalon/2013/,2026-06-12T08:15:02Z,13,24863
toyota-avalon,2013,SE Plus/Limited,149000,154000,151500,"AED 149,000 - 154,000",AED,https://www.drivearabia.com/carprices/uae/toyota/toyota-avalon/2013/,2026-06-12T08:15:02Z,13,28753
toyota-avalon,2014,S/SE,128000,134000,131000,"AED 128,000 - 134,000",AED,https://www.drivearabia.com/carprices/uae/toyota/toyota-avalon/2014/,2026-06-12T08:15:04Z,12,28253
toyota-avalon,2014,SE Plus/Limited,149000,154000,151500,"AED 149,000 - 154,000",AED,https://www.drivearabia.com/carprices/uae/toyota/toyota-avalon/2014/,2026-06-12T08:15:04Z,12,32674
toyota-avalon,2015,S,119000,120000,119500,"AED 119,000 - 120,000",AED,https://www.drivearabia.com/carprices/uae/toyota/toyota-avalon/2015/,2026-06-12T08:15:06Z,11,29287
toyota-avalon,2015,SE,134000,135000,134500,"AED 134,000 - 135,000",AED,https://www.drivearabia.com/carprices/uae/toyota/toyota-avalon/2015/,2026-06-12T08:15:06Z,11,32963
toyota-avalon,2015,SE Plus,149000,150000,149500,"AED 149,000 - 150,000",AED,https://www.drivearabia.com/carprices/uae/toyota/toyota-avalon/2015/,2026-06-12T08:15:06Z,11,36640
toyota-avalon,2015,Grande,154000,155000,154500,"AED 154,000 - 155,000",AED,https://www.drivearabia.com/carprices/uae/toyota/toyota-avalon/2015/,2026-06-12T08:15:06Z,11,37865
toyota-avalon,2016,S,119000,120000,119500,"AED 119,000 - 120,000",AED,https://www.drivearabia.com/carprices/uae/toyota/toyota-avalon/2016/,2026-06-12T08:15:08Z,10,33281
toyota-avalon,2016,SE,134000,135000,134500,"AED 134,000 - 135,000",AED,https://www.drivearabia.com/carprices/uae/toyota/toyota-avalon/2016/,2026-06-12T08:15:08Z,10,37458
toyota-avalon,2016,SE Plus,149000,150000,149500,"AED 149,000 - 150,000",AED,https://www.drivearabia.com/carprices/uae/toyota/toyota-avalon/2016/,2026-06-12T08:15:08Z,10,41636
toyota-avalon,2016,Grande,154000,155000,154500,"AED 154,000 - 155,000",AED,https://www.drivearabia.com/carprices/uae/toyota/toyota-avalon/2016/,2026-06-12T08:15:08Z,10,43028
toyota-avalon,2017,S,119000,120000,119500,"AED 119,000 - 120,000",AED,https://www.drivearabia.com/carprices/uae/toyota/toyota-avalon/2017/,2026-06-12T08:15:10Z,9,37819
toyota-avalon,2017,SE,134000,135000,134500,"AED 134,000 - 135,000",AED,https://www.drivearabia.com/carprices/uae/toyota/toyota-avalon/2017/,2026-06-12T08:15:10Z,9,42566
toyota-avalon,2017,SE Plus,149000,150000,149500,"AED 149,000 - 150,000",AED,https://www.drivearabia.com/carprices/uae/toyota/toyota-avalon/2017/,2026-06-12T08:15:10Z,9,47314
toyota-avalon,2017,Grande,154000,155000,154500,"AED 154,000 - 155,000",AED,https://www.drivearabia.com/carprices/uae/toyota/toyota-avalon/2017/,2026-06-12T08:15:10Z,9,48896
toyota-avalon,2018,S,119000,120000,119500,"AED 119,000 - 120,000",AED,https://www.drivearabia.com/carprices/uae/toyota/toyota-avalon/2018/,2026-06-12T08:15:12Z,8,42976
toyota-avalon,2018,SE,134000,135000,134500,"AED 134,000 - 135,000",AED,https://www.drivearabia.com/carprices/uae/toyota/toyota-avalon/2018/,2026-06-12T08:15:12Z,8,48371
toyota-avalon,2018,SE Plus,149000,150000,149500,"AED 149,000 - 150,000",AED,https://www.drivearabia.com/carprices/uae/toyota/toyota-avalon/2018/,2026-06-12T08:15:12Z,8,53765
toyota-avalon,2018,Grande,154000,155000,154500,"AED 154,000 - 155,000",AED,https://www.drivearabia.com/carprices/uae/toyota/toyota-avalon/2018/,2026-06-12T08:15:12Z,8,55564
toyota-avalon,2019,SE Plus,144900,145000,144950,"AED 144,900 - 145,000",AED,https://www.drivearabia.com/carprices/uae/toyota/toyota-avalon/2019/,2026-06-12T08:15:13Z,7,59238
toyota-avalon,2019,Limited,164900,165000,164950,"AED 164,900 - 165,000",AED,https://www.drivearabia.com/carprices/uae/toyota/toyota-avalon/2019/,2026-06-12T08:15:13Z,7,67411
toyota-avalon,2020,SE Plus,144900,145000,144950,"AED 144,900 - 145,000",AED,https://www.drivearabia.com/carprices/uae/toyota/toyota-avalon/2020/,2026-06-12T08:15:15Z,6,67315
toyota-avalon,2020,Limited,164900,165000,164950,"AED 164,900 - 165,000",AED,https://www.drivearabia.com/carprices/uae/toyota/toyota-avalon/2020/,2026-06-12T08:15:15Z,6,76603
toyota-avalon,2021,SE Plus,144900,145000,144950,"AED 144,900 - 145,000",AED,https://www.drivearabia.com/carprices/uae/toyota/toyota-avalon/2021/,2026-06-12T08:15:17Z,5,76495
toyota-avalon,2021,Limited,164900,165000,164950,"AED 164,900 - 165,000",AED,https://www.drivearabia.com/carprices/uae/toyota/toyota-avalon/2021/,2026-06-12T08:15:17Z,5,87049
toyota-avalon,2022,SE Plus,144900,145000,144950,"AED 144,900 - 145,000",AED,https://www.drivearabia.com/carprices/uae/toyota/toyota-avalon/2022/,2026-06-12T08:15:19Z,4,86926
toyota-avalon,2022,Limited,164900,165000,164950,"AED 164,900 - 165,000",AED,https://www.drivearabia.com/carprices/uae/toyota/toyota-avalon/2022/,2026-06-12T08:15:19Z,4,98920
toyota-avanza,2015,SE,54900,56000,55450,"AED 54,900 - 56,000",AED,https://www.drivearabia.com/carprices/uae/toyota/toyota-avanza/2015/,2026-06-12T08:15:47Z,11,15388
toyota-avanza,2016,SE,54900,56000,55450,"AED 54,900 - 56,000",AED,https://www.drivearabia.com/carprices/uae/toyota/toyota-avanza/2016/,2026-06-12T08:15:49Z,10,17290
toyota-avanza,2017,SE,54900,56000,55450,"AED 54,900 - 56,000",AED,https://www.drivearabia.com/carprices/uae/toyota/toyota-avanza/2017/,2026-06-12T08:15:51Z,9,19427
toyota-avanza,2018,SE,54900,56000,55450,"AED 54,900 - 56,000",AED,https://www.drivearabia.com/carprices/uae/toyota/toyota-avanza/2018/,2026-06-12T08:15:53Z,8,21828
toyota-avanza,2019,SE,54900,56000,55450,"AED 54,900 - 56,000",AED,https://www.drivearabia.com/carprices/uae/toyota/toyota-avanza/2019/,2026-06-12T08:15:54Z,7,24526
toyota-avanza,2020,SE,54900,56000,55450,"AED 54,900 - 56,000",AED,https://www.drivearabia.com/carprices/uae/toyota/toyota-avanza/2020/,2026-06-12T08:15:56Z,6,27558
toyota-avanza,2021,SE,54900,56000,55450,"AED 54,900 - 56,000",AED,https://www.drivearabia.com/carprices/uae/toyota/toyota-avanza/2021/,2026-06-12T08:15:58Z,5,30964
toyota-c-hr,2020,1.8L GX Hybrid,86900,87000,86950,"AED 86,900 - 87,000",AED,https://www.drivearabia.com/carprices/uae/toyota/toyota-c-hr/2020/,2026-06-12T08:16:32Z,6,43213
toyota-c-hr,2020,1.8L VX Hybrid,93900,94000,93950,"AED 93,900 - 94,000",AED,https://www.drivearabia.com/carprices/uae/toyota/toyota-c-hr/2020/,2026-06-12T08:16:32Z,6,46691
toyota-c-hr,2021,1.8L GX Hybrid,86900,87000,86950,"AED 86,900 - 87,000",AED,https://www.drivearabia.com/carprices/uae/toyota/toyota-c-hr/2021/,2026-06-12T08:16:34Z,5,48553
toyota-c-hr,2021,1.8L VX Hybrid,93900,94000,93950,"AED 93,900 - 94,000",AED,https://www.drivearabia.com/carprices/uae/toyota/toyota-c-hr/2021/,2026-06-12T08:16:34Z,5,52462
toyota-c-hr,2022,1.8L GX Hybrid,86900,87000,86950,"AED 86,900 - 87,000",AED,https://www.drivearabia.com/carprices/uae/toyota/toyota-c-hr/2022/,2026-06-12T08:16:36Z,4,54554
toyota-c-hr,2022,1.8L VX Hybrid,93900,94000,93950,"AED 93,900 - 94,000",AED,https://www.drivearabia.com/carprices/uae/toyota/toyota-c-hr/2022/,2026-06-12T08:16:36Z,4,58946
toyota-c-hr,2023,1.8L GX,92900,93000,92950,"AED 92,900 - 93,000",AED,https://www.drivearabia.com/carprices/uae/toyota/toyota-c-hr/2023/,2026-06-12T08:16:38Z,3,65527
toyota-c-hr,2023,1.8L VX,99900,100000,99950,"AED 99,900 - 100,000",AED,https://www.drivearabia.com/carprices/uae/toyota/toyota-c-hr/2023/,2026-06-12T08:16:38Z,3,70462
toyota-camry,2012,S,86000,88000,87000,"AED 86,000 - 88,000",AED,https://www.drivearabia.com/carprices/uae/toyota/toyota-camry/2012/,2026-06-12T08:17:08Z,14,14530
toyota-camry,2012,SE/Plus/Sport,95000,102000,98500,"AED 95,000 - 102,000",AED,https://www.drivearabia.com/carprices/uae/toyota/toyota-camry/2012/,2026-06-12T08:17:08Z,14,16451
toyota-camry,2013,S,86000,88000,87000,"AED 86,000 - 88,000",AED,https://www.drivearabia.com/carprices/uae/toyota/toyota-camry/2013/,2026-06-12T08:17:10Z,13,16512
toyota-camry,2013,SE/Plus/Sport,95000,102000,98500,"AED 95,000 - 102,000",AED,https://www.drivearabia.com/carprices/uae/toyota/toyota-camry/2013/,2026-06-12T08:17:10Z,13,18694
toyota-camry,2014,S,86900,88000,87450,"AED 86,900 - 88,000",AED,https://www.drivearabia.com/carprices/uae/toyota/toyota-camry/2014/,2026-06-12T08:17:12Z,12,18860
toyota-camry,2014,SE/Plus,93900,98500,96200,"AED 93,900 - 98,500",AED,https://www.drivearabia.com/carprices/uae/toyota/toyota-camry/2014/,2026-06-12T08:17:12Z,12,20748
toyota-camry,2014,RZ,105000,106000,105500,"AED 105,000 - 106,000",AED,https://www.drivearabia.com/carprices/uae/toyota/toyota-camry/2014/,2026-06-12T08:17:12Z,12,22753
toyota-camry,2014,Sport/Limited,106000,107000,106500,"AED 106,000 - 107,000",AED,https://www.drivearabia.com/carprices/uae/toyota/toyota-camry/2014/,2026-06-12T08:17:12Z,12,22969
toyota-camry,2015,S,86900,88000,87450,"AED 86,900 - 88,000",AED,https://www.drivearabia.com/carprices/uae/toyota/toyota-camry/2015/,2026-06-12T08:17:14Z,11,21432
toyota-camry,2015,SE/Plus,93900,98500,96200,"AED 93,900 - 98,500",AED,https://www.drivearabia.com/carprices/uae/toyota/toyota-camry/2015/,2026-06-12T08:17:14Z,11,23577
toyota-camry,2015,RZ,105000,106000,105500,"AED 105,000 - 106,000",AED,https://www.drivearabia.com/carprices/uae/toyota/toyota-camry/2015/,2026-06-12T08:17:14Z,11,25856
toyota-camry,2015,Sport/Limited,106000,107000,106500,"AED 106,000 - 107,000",AED,https://www.drivearabia.com/carprices/uae/toyota/toyota-camry/2015/,2026-06-12T08:17:14Z,11,26101
toyota-camry,2016,S,83900,84500,84200,"AED 83,900 - 84,500",AED,https://www.drivearabia.com/carprices/uae/toyota/toyota-camry/2016/,2026-06-12T08:17:16Z,10,23450
toyota-camry,2016,SE,87900,88500,88200,"AED 87,900 - 88,500",AED,https://www.drivearabia.com/carprices/uae/toyota/toyota-camry/2016/,2026-06-12T08:17:16Z,10,24564
toyota-camry,2016,SE Plus,95900,96500,96200,"AED 95,900 - 96,500",AED,https://www.drivearabia.com/carprices/uae/toyota/toyota-camry/2016/,2026-06-12T08:17:16Z,10,26792
toyota-camry,2016,Limited,105900,106500,106200,"AED 105,900 - 106,500",AED,https://www.drivearabia.com/carprices/uae/toyota/toyota-camry/2016/,2026-06-12T08:17:16Z,10,29577
toyota-camry,2017,S,83900,84500,84200,"AED 83,900 - 84,500",AED,https://www.drivearabia.com/carprices/uae/toyota/toyota-camry/2017/,2026-06-12T08:17:17Z,9,26647
toyota-camry,2017,SE,87900,88500,88200,"AED 87,900 - 88,500",AED,https://www.drivearabia.com/carprices/uae/toyota/toyota-camry/2017/,2026-06-12T08:17:17Z,9,27913
toyota-camry,2017,SE Plus,95900,96500,96200,"AED 95,900 - 96,500",AED,https://www.drivearabia.com/carprices/uae/toyota/toyota-camry/2017/,2026-06-12T08:17:17Z,9,30445
toyota-camry,2017,Limited,105900,106500,106200,"AED 105,900 - 106,500",AED,https://www.drivearabia.com/carprices/uae/toyota/toyota-camry/2017/,2026-06-12T08:17:17Z,9,33610
toyota-camry,2018,2.5 S,91000,92000,91500,"AED 91,000 - 92,000",AED,https://www.drivearabia.com/carprices/uae/toyota/toyota-camry/2018/,2026-06-12T08:17:19Z,8,32907
toyota-camry,2018,2.5 SE,91900,100000,95950,"AED 91,900 - 100,000",AED,https://www.drivearabia.com/carprices/uae/toyota/toyota-camry/2018/,2026-06-12T08:17:19Z,8,34507
toyota-camry,2018,3.5 SE,114000,115000,114500,"AED 114,000 - 115,000",AED,https://www.drivearabia.com/carprices/uae/toyota/toyota-camry/2018/,2026-06-12T08:17:19Z,8,41178
toyota-camry,2018,3.5 Sport,122500,123000,122750,"AED 122,500 - 123,000",AED,https://www.drivearabia.com/carprices/uae/toyota/toyota-camry/2018/,2026-06-12T08:17:19Z,8,44145
toyota-camry,2018,3.5 Limited,124500,125000,124750,"AED 124,500 - 125,000",AED,https://www.drivearabia.com/carprices/uae/toyota/toyota-camry/2018/,2026-06-12T08:17:19Z,8,44864
toyota-camry,2018,Hybrid,133500,133600,133550,"AED 133,500 - 133,600",AED,https://www.drivearabia.com/carprices/uae/toyota/toyota-camry/2018/,2026-06-12T08:17:19Z,8,48029
toyota-camry,2019,2.5 S,91000,92000,91500,"AED 91,000 - 92,000",AED,https://www.drivearabia.com/carprices/uae/toyota/toyota-camry/2019/,2026-06-12T08:17:21Z,7,37394
toyota-camry,2019,2.5 SE,91900,100000,95950,"AED 91,900 - 100,000",AED,https://www.drivearabia.com/carprices/uae/toyota/toyota-camry/2019/,2026-06-12T08:17:21Z,7,39212
toyota-camry,2019,3.5 SE,114000,115000,114500,"AED 114,000 - 115,000",AED,https://www.drivearabia.com/carprices/uae/toyota/toyota-camry/2019/,2026-06-12T08:17:21Z,7,46793
toyota-camry,2019,3.5 Sport,122500,123000,122750,"AED 122,500 - 123,000",AED,https://www.drivearabia.com/carprices/uae/toyota/toyota-camry/2019/,2026-06-12T08:17:21Z,7,50165
toyota-camry,2019,3.5 Limited,124500,125000,124750,"AED 124,500 - 125,000",AED,https://www.drivearabia.com/carprices/uae/toyota/toyota-camry/2019/,2026-06-12T08:17:21Z,7,50982
toyota-camry,2019,Hybrid,133500,133600,133550,"AED 133,500 - 133,600",AED,https://www.drivearabia.com/carprices/uae/toyota/toyota-camry/2019/,2026-06-12T08:17:21Z,7,54579
toyota-camry,2020,2.5 S,91000,92000,91500,"AED 91,000 - 92,000",AED,https://www.drivearabia.com/carprices/uae/toyota/toyota-camry/2020/,2026-06-12T08:17:23Z,6,42493
toyota-camry,2020,2.5 SE,91900,100000,95950,"AED 91,900 - 100,000",AED,https://www.drivearabia.com/carprices/uae/toyota/toyota-camry/2020/,2026-06-12T08:17:23Z,6,44560
toyota-camry,2020,3.5 SE,114000,115000,114500,"AED 114,000 - 115,000",AED,https://www.drivearabia.com/carprices/uae/toyota/toyota-camry/2020/,2026-06-12T08:17:23Z,6,53174
toyota-camry,2020,3.5 Sport,122500,123000,122750,"AED 122,500 - 123,000",AED,https://www.drivearabia.com/carprices/uae/toyota/toyota-camry/2020/,2026-06-12T08:17:23Z,6,57006
toyota-camry,2020,3.5 Limited,124500,125000,124750,"AED 124,500 - 125,000",AED,https://www.drivearabia.com/carprices/uae/toyota/toyota-camry/2020/,2026-06-12T08:17:23Z,6,57934
toyota-camry,2020,Hybrid,133500,133600,133550,"AED 133,500 - 133,600",AED,https://www.drivearabia.com/carprices/uae/toyota/toyota-camry/2020/,2026-06-12T08:17:23Z,6,62021
toyota-camry,2021,2.5 S,95500,96000,95750,"AED 95,500 - 96,000",AED,https://www.drivearabia.com/carprices/uae/toyota/toyota-camry/2021/,2026-06-12T08:17:25Z,5,50530
toyota-camry,2021,2.5 S,98900,99000,98950,"AED 98,900 - 99,000",AED,https://www.drivearabia.com/carprices/uae/toyota/toyota-camry/2021/,2026-06-12T08:17:25Z,5,52219
toyota-camry,2021,2.5 SE,103900,104000,103950,"AED 103,900 - 104,000",AED,https://www.drivearabia.com/carprices/uae/toyota/toyota-camry/2021/,2026-06-12T08:17:25Z,5,54858
toyota-camry,2021,Hybrid,121275,123000,122138,"AED 121,275 - 123,000",AED,https://www.drivearabia.com/carprices/uae/toyota/toyota-camry/2021/,2026-06-12T08:17:25Z,5,64456
toyota-camry,2021,3.5 SE,122900,123000,122950,"AED 122,900 - 123,000",AED,https://www.drivearabia.com/carprices/uae/toyota/toyota-camry/2021/,2026-06-12T08:17:25Z,5,64885
toyota-camry,2021,3.5 Sport,128900,129000,128950,"AED 128,900 - 129,000",AED,https://www.drivearabia.com/carprices/uae/toyota/toyota-camry/2021/,2026-06-12T08:17:25Z,5,68051
toyota-camry,2022,2.5 S,98900,99000,98950,"AED 98,900 - 99,000",AED,https://www.drivearabia.com/carprices/uae/toyota/toyota-camry/2022/,2026-06-12T08:17:27Z,4,59340
toyota-camry,2022,2.5 SE,106900,107000,106950,"AED 106,900 - 107,000",AED,https://www.drivearabia.com/carprices/uae/toyota/toyota-camry/2022/,2026-06-12T08:17:27Z,4,64137
toyota-camry,2022,3.5 SE,126900,127000,126950,"AED 126,900 - 127,000",AED,https://www.drivearabia.com/carprices/uae/toyota/toyota-camry/2022/,2026-06-12T08:17:27Z,4,76131
toyota-camry,2022,3.5 Sport,132900,133000,132950,"AED 132,900 - 133,000",AED,https://www.drivearabia.com/carprices/uae/toyota/toyota-camry/2022/,2026-06-12T08:17:27Z,4,79729
toyota-camry,2022,Hybrid,137900,138000,137950,"AED 137,900 - 138,000",AED,https://www.drivearabia.com/carprices/uae/toyota/toyota-camry/2022/,2026-06-12T08:17:27Z,4,82728
toyota-camry,2023,2.5 S,98900,99000,98950,"AED 98,900 - 99,000",AED,https://www.drivearabia.com/carprices/uae/toyota/toyota-camry/2023/,2026-06-12T08:17:28Z,3,67432
toyota-camry,2023,2.5 SE,107900,108000,107950,"AED 107,900 - 108,000",AED,https://www.drivearabia.com/carprices/uae/toyota/toyota-camry/2023/,2026-06-12T08:17:28Z,3,73565
toyota-camry,2023,3.5 SE,126900,127000,126950,"AED 126,900 - 127,000",AED,https://www.drivearabia.com/carprices/uae/toyota/toyota-camry/2023/,2026-06-12T08:17:28Z,3,86513
toyota-camry,2023,3.5 Sport,132900,133000,132950,"AED 132,900 - 133,000",AED,https://www.drivearabia.com/carprices/uae/toyota/toyota-camry/2023/,2026-06-12T08:17:28Z,3,90602
toyota-camry,2023,Hybrid,139900,140000,139950,"AED 139,900 - 140,000",AED,https://www.drivearabia.com/carprices/uae/toyota/toyota-camry/2023/,2026-06-12T08:17:28Z,3,95372
toyota-camry,2024,2.5L I4 SE FWD,111900,112000,111950,"AED 111,900 - 112,000",AED,https://www.drivearabia.com/carprices/uae/toyota/toyota-camry/2024/,2026-06-12T08:17:30Z,2,86694
toyota-camry,2024,3.5L V6 40th Anniversary FWD,133900,134000,133950,"AED 133,900 - 134,000",AED,https://www.drivearabia.com/carprices/uae/toyota/toyota-camry/2024/,2026-06-12T08:17:30Z,2,103731
toyota-camry,2024,3.5L V6 Sport FWD,130000,138900,134450,"AED 138,900 - 130,000",AED,https://www.drivearabia.com/carprices/uae/toyota/toyota-camry/2024/,2026-06-12T08:17:30Z,2,104118
toyota-camry,2024,2.5H I4 Limited FWD,142900,143000,142950,"AED 142,900 - 143,000",AED,https://www.drivearabia.com/carprices/uae/toyota/toyota-camry/2024/,2026-06-12T08:17:30Z,2,110700
toyota-camry,2025,2.5L I4 E FWD,109900,110000,109950,"AED 109,900 - 110,000",AED,https://www.drivearabia.com/carprices/uae/toyota/toyota-camry/2025/,2026-06-12T08:17:32Z,1,96756
toyota-camry,2025,2.5L I4 XLE FWD,119900,120000,119950,"AED 119,900 - 120,000",AED,https://www.drivearabia.com/carprices/uae/toyota/toyota-camry/2025/,2026-06-12T08:17:32Z,1,105556
toyota-camry,2025,2.5H I4 XLE FWD,123900,124000,123950,"AED 123,900 - 124,000",AED,https://www.drivearabia.com/carprices/uae/toyota/toyota-camry/2025/,2026-06-12T08:17:32Z,1,109076
toyota-camry,2025,2.5L I4 GLE FWD,136900,137000,136950,"AED 136,900 - 137,000",AED,https://www.drivearabia.com/carprices/uae/toyota/toyota-camry/2025/,2026-06-12T08:17:32Z,1,120516
toyota-camry,2025,2.5H I4 GLE FWD,139900,140000,139950,"AED 139,900 - 140,000",AED,https://www.drivearabia.com/carprices/uae/toyota/toyota-camry/2025/,2026-06-12T08:17:32Z,1,123156
toyota-camry,2026,XLE,122900,124000,123450,"AED 122,900 - 124,000",AED,https://www.drivearabia.com/carprices/uae/toyota/toyota-camry/2026/,2026-06-12T08:17:34Z,0,123450
toyota-camry,2026,XLE Hybrid,125900,127000,126450,"AED 125,900 - 127,000",AED,https://www.drivearabia.com/carprices/uae/toyota/toyota-camry/2026/,2026-06-12T08:17:34Z,0,126450
toyota-camry,2026,GLE,139900,140000,139950,"AED 139,900 - 140,000",AED,https://www.drivearabia.com/carprices/uae/toyota/toyota-camry/2026/,2026-06-12T08:17:34Z,0,139950
toyota-camry,2026,Sport,141900,142000,141950,"AED 141,900 - 142,000",AED,https://www.drivearabia.com/carprices/uae/toyota/toyota-camry/2026/,2026-06-12T08:17:34Z,0,141950
toyota-camry,2026,GLE Hybrid,141900,143000,142450,"AED 141,900 - 143,000",AED,https://www.drivearabia.com/carprices/uae/toyota/toyota-camry/2026/,2026-06-12T08:17:34Z,0,142450
toyota-camry,2026,Sport Hybrid,143900,144000,143950,"AED 143,900 - 144,000",AED,https://www.drivearabia.com/carprices/uae/toyota/toyota-camry/2026/,2026-06-12T08:17:34Z,0,143950
toyota-camry,2026,Limited Hybrid,151900,152000,151950,"AED 151,900 - 152,000",AED,https://www.drivearabia.com/carprices/uae/toyota/toyota-camry/2026/,2026-06-12T08:17:34Z,0,151950
toyota-corolla,2014,1.6 S,59500,60000,59750,"AED 59,500 - 60,000",AED,https://www.drivearabia.com/carprices/uae/toyota/toyota-corolla/2014/,2026-06-12T08:18:06Z,12,12886
toyota-corolla,2014,1.6 SE,63500,64000,63750,"AED 63,500 - 64,000",AED,https://www.drivearabia.com/carprices/uae/toyota/toyota-corolla/2014/,2026-06-12T08:18:06Z,12,13749
toyota-corolla,2014,2.0 SE,66900,67000,66950,"AED 66,900 - 67,000",AED,https://www.drivearabia.com/carprices/uae/toyota/toyota-corolla/2014/,2026-06-12T08:18:06Z,12,14439
toyota-corolla,2014,1.6 SE,68500,69000,68750,"AED 68,500 - 69,000",AED,https://www.drivearabia.com/carprices/uae/toyota/toyota-corolla/2014/,2026-06-12T08:18:06Z,12,14827
toyota-corolla,2014,2.0 SE,69900,70000,69950,"AED 69,900 - 70,000",AED,https://www.drivearabia.com/carprices/uae/toyota/toyota-corolla/2014/,2026-06-12T08:18:06Z,12,15086
toyota-corolla,2014,2.0 Limited,73900,74000,73950,"AED 73,900 - 74,000",AED,https://www.drivearabia.com/carprices/uae/toyota/toyota-corolla/2014/,2026-06-12T08:18:06Z,12,15949
toyota-corolla,2015,1.6 S,59500,60000,59750,"AED 59,500 - 60,000",AED,https://www.drivearabia.com/carprices/uae/toyota/toyota-corolla/2015/,2026-06-12T08:18:08Z,11,14644
toyota-corolla,2015,1.6 SE,63500,64000,63750,"AED 63,500 - 64,000",AED,https://www.drivearabia.com/carprices/uae/toyota/toyota-corolla/2015/,2026-06-12T08:18:08Z,11,15624
toyota-corolla,2015,2.0 SE,66900,67000,66950,"AED 66,900 - 67,000",AED,https://www.drivearabia.com/carprices/uae/toyota/toyota-corolla/2015/,2026-06-12T08:18:08Z,11,16408
toyota-corolla,2015,1.6 SE,68500,69000,68750,"AED 68,500 - 69,000",AED,https://www.drivearabia.com/carprices/uae/toyota/toyota-corolla/2015/,2026-06-12T08:18:08Z,11,16849
toyota-corolla,2015,2.0 SE,69900,70000,69950,"AED 69,900 - 70,000",AED,https://www.drivearabia.com/carprices/uae/toyota/toyota-corolla/2015/,2026-06-12T08:18:08Z,11,17143
toyota-corolla,2015,2.0 Limited,73900,74000,73950,"AED 73,900 - 74,000",AED,https://www.drivearabia.com/carprices/uae/toyota/toyota-corolla/2015/,2026-06-12T08:18:08Z,11,18124
toyota-corolla,2016,1.6 S,60500,61000,60750,"AED 60,500 - 61,000",AED,https://www.drivearabia.com/carprices/uae/toyota/toyota-corolla/2016/,2026-06-12T08:18:10Z,10,16919
toyota-corolla,2016,1.6 SE,64000,64500,64250,"AED 64,500 - 64,000",AED,https://www.drivearabia.com/carprices/uae/toyota/toyota-corolla/2016/,2026-06-12T08:18:10Z,10,17894
toyota-corolla,2016,2.0 SE,67000,68900,67950,"AED 68,900 - 67,000",AED,https://www.drivearabia.com/carprices/uae/toyota/toyota-corolla/2016/,2026-06-12T08:18:10Z,10,18924
toyota-corolla,2016,1.6 SE,69000,70500,69750,"AED 70,500 - 69,000",AED,https://www.drivearabia.com/carprices/uae/toyota/toyota-corolla/2016/,2026-06-12T08:18:10Z,10,19425
toyota-corolla,2016,2.0 SE,70000,72500,71250,"AED 72,500 - 70,000",AED,https://www.drivearabia.com/carprices/uae/toyota/toyota-corolla/2016/,2026-06-12T08:18:10Z,10,19843
toyota-corolla,2016,2.0 Limited,74000,75500,74750,"AED 75,500 - 74,000",AED,https://www.drivearabia.com/carprices/uae/toyota/toyota-corolla/2016/,2026-06-12T08:18:10Z,10,20818
toyota-corolla,2017,1.6 S,60500,61000,60750,"AED 60,500 - 61,000",AED,https://www.drivearabia.com/carprices/uae/toyota/toyota-corolla/2017/,2026-06-12T08:18:12Z,9,19226
toyota-corolla,2017,1.6 SE,64500,65000,64750,"AED 64,500 - 65,000",AED,https://www.drivearabia.com/carprices/uae/toyota/toyota-corolla/2017/,2026-06-12T08:18:12Z,9,20492
toyota-corolla,2017,2.0 SE,68900,69000,68950,"AED 68,900 - 69,000",AED,https://www.drivearabia.com/carprices/uae/toyota/toyota-corolla/2017/,2026-06-12T08:18:12Z,9,21821
toyota-corolla,2017,1.6 SE,70500,71000,70750,"AED 70,500 - 71,000",AED,https://www.drivearabia.com/carprices/uae/toyota/toyota-corolla/2017/,2026-06-12T08:18:12Z,9,22391
toyota-corolla,2017,2.0 SE,72500,73000,72750,"AED 72,500 - 73,000",AED,https://www.drivearabia.com/carprices/uae/toyota/toyota-corolla/2017/,2026-06-12T08:18:12Z,9,23024
toyota-corolla,2017,2.0 Limited,75500,76000,75750,"AED 75,500 - 76,000",AED,https://www.drivearabia.com/carprices/uae/toyota/toyota-corolla/2017/,2026-06-12T08:18:12Z,9,23973
toyota-corolla,2018,1.6 SE,70900,71000,70950,"AED 70,900 - 71,000",AED,https://www.drivearabia.com/carprices/uae/toyota/toyota-corolla/2018/,2026-06-12T08:18:14Z,8,25516
toyota-corolla,2018,1.6 SE,73400,74000,73700,"AED 73,400 - 74,000",AED,https://www.drivearabia.com/carprices/uae/toyota/toyota-corolla/2018/,2026-06-12T08:18:14Z,8,26505
toyota-corolla,2018,2.0 SE,75100,76000,75550,"AED 75,100 - 76,000",AED,https://www.drivearabia.com/carprices/uae/toyota/toyota-corolla/2018/,2026-06-12T08:18:14Z,8,27170
toyota-corolla,2018,1.6 Limited,77600,78000,77800,"AED 77,600 - 78,000",AED,https://www.drivearabia.com/carprices/uae/toyota/toyota-corolla/2018/,2026-06-12T08:18:14Z,8,27980
toyota-corolla,2018,2.0 SE,78650,79000,78825,"AED 78,650 - 79,000",AED,https://www.drivearabia.com/carprices/uae/toyota/toyota-corolla/2018/,2026-06-12T08:18:14Z,8,28348
toyota-corolla,2018,2.0 Limited,82850,83000,82925,"AED 82,850 - 83,000",AED,https://www.drivearabia.com/carprices/uae/toyota/toyota-corolla/2018/,2026-06-12T08:18:14Z,8,29823
toyota-corolla,2018,1.6 Sport,96600,97000,96800,"AED 96,600 - 97,000",AED,https://www.drivearabia.com/carprices/uae/toyota/toyota-corolla/2018/,2026-06-12T08:18:14Z,8,34813
toyota-corolla,2018,2.0 Sport,100800,101000,100900,"AED 100,800 - 101,000",AED,https://www.drivearabia.com/carprices/uae/toyota/toyota-corolla/2018/,2026-06-12T08:18:14Z,8,36287
toyota-corolla,2019,1.6 SE,70900,71000,70950,"AED 70,900 - 71,000",AED,https://www.drivearabia.com/carprices/uae/toyota/toyota-corolla/2019/,2026-06-12T08:18:15Z,7,28996
toyota-corolla,2019,1.6 SE,73400,74000,73700,"AED 73,400 - 74,000",AED,https://www.drivearabia.com/carprices/uae/toyota/toyota-corolla/2019/,2026-06-12T08:18:15Z,7,30119
toyota-corolla,2019,2.0 SE,75100,76000,75550,"AED 75,100 - 76,000",AED,https://www.drivearabia.com/carprices/uae/toyota/toyota-corolla/2019/,2026-06-12T08:18:15Z,7,30875
toyota-corolla,2019,1.6 Limited,77600,78000,77800,"AED 77,600 - 78,000",AED,https://www.drivearabia.com/carprices/uae/toyota/toyota-corolla/2019/,2026-06-12T08:18:15Z,7,31795
toyota-corolla,2019,2.0 SE,78650,79000,78825,"AED 78,650 - 79,000",AED,https://www.drivearabia.com/carprices/uae/toyota/toyota-corolla/2019/,2026-06-12T08:18:15Z,7,32214
toyota-corolla,2019,2.0 Limited,82850,83000,82925,"AED 82,850 - 83,000",AED,https://www.drivearabia.com/carprices/uae/toyota/toyota-corolla/2019/,2026-06-12T08:18:15Z,7,33889
toyota-corolla,2019,1.6 Sport,96600,97000,96800,"AED 96,600 - 97,000",AED,https://www.drivearabia.com/carprices/uae/toyota/toyota-corolla/2019/,2026-06-12T08:18:15Z,7,39560
toyota-corolla,2019,2.0 Sport,100800,101000,100900,"AED 100,800 - 101,000",AED,https://www.drivearabia.com/carprices/uae/toyota/toyota-corolla/2019/,2026-06-12T08:18:15Z,7,41235
toyota-corolla,2020,1.6 XLi,71900,72000,71950,"AED 71,900 - 72,000",AED,https://www.drivearabia.com/carprices/uae/toyota/toyota-corolla/2020/,2026-06-12T08:18:17Z,6,33414
toyota-corolla,2020,2.0 XLi,77900,78000,77950,"AED 77,900 - 78,000",AED,https://www.drivearabia.com/carprices/uae/toyota/toyota-corolla/2020/,2026-06-12T08:18:17Z,6,36200
toyota-corolla,2020,1.6 GLi,78900,79000,78950,"AED 78,900 - 79,000",AED,https://www.drivearabia.com/carprices/uae/toyota/toyota-corolla/2020/,2026-06-12T08:18:17Z,6,36665
toyota-corolla,2020,1.8 hybrid,83900,95900,89900,"AED 83,900 - 95,900",AED,https://www.drivearabia.com/carprices/uae/toyota/toyota-corolla/2020/,2026-06-12T08:18:17Z,6,41750
toyota-corolla,2021,1.6 XLi,71900,72000,71950,"AED 71,900 - 72,000",AED,https://www.drivearabia.com/carprices/uae/toyota/toyota-corolla/2021/,2026-06-12T08:18:19Z,5,37970
toyota-corolla,2021,2.0 XLi,77900,78000,77950,"AED 77,900 - 78,000",AED,https://www.drivearabia.com/carprices/uae/toyota/toyota-corolla/2021/,2026-06-12T08:18:19Z,5,41137
toyota-corolla,2021,1.6 GLi,78900,79000,78950,"AED 78,900 - 79,000",AED,https://www.drivearabia.com/carprices/uae/toyota/toyota-corolla/2021/,2026-06-12T08:18:19Z,5,41664
toyota-corolla,2021,1.8 hybrid,83900,95900,89900,"AED 83,900 - 95,900",AED,https://www.drivearabia.com/carprices/uae/toyota/toyota-corolla/2021/,2026-06-12T08:18:19Z,5,47443
toyota-corolla,2022,1.6 XLi,71900,72000,71950,"AED 71,900 - 72,000",AED,https://www.drivearabia.com/carprices/uae/toyota/toyota-corolla/2022/,2026-06-12T08:18:21Z,4,43148
toyota-corolla,2022,2.0 XLi,77900,78000,77950,"AED 77,900 - 78,000",AED,https://www.drivearabia.com/carprices/uae/toyota/toyota-corolla/2022/,2026-06-12T08:18:21Z,4,46746
toyota-corolla,2022,1.6 GLi,78900,79000,78950,"AED 78,900 - 79,000",AED,https://www.drivearabia.com/carprices/uae/toyota/toyota-corolla/2022/,2026-06-12T08:18:21Z,4,47346
toyota-corolla,2022,1.8 hybrid,83900,95900,89900,"AED 83,900 - 95,900",AED,https://www.drivearabia.com/carprices/uae/toyota/toyota-corolla/2022/,2026-06-12T08:18:21Z,4,53913
toyota-corolla,2023,1.6 XLi,73900,75900,74900,"AED 73,900 - 75,900",AED,https://www.drivearabia.com/carprices/uae/toyota/toyota-corolla/2023/,2026-06-12T08:18:23Z,3,51042
toyota-corolla,2023,2.0 XLi,77900,78000,77950,"AED 77,900 - 78,000",AED,https://www.drivearabia.com/carprices/uae/toyota/toyota-corolla/2023/,2026-06-12T08:18:23Z,3,53121
toyota-corolla,2023,1.6 GLi,80900,81000,80950,"AED 80,900 - 81,000",AED,https://www.drivearabia.com/carprices/uae/toyota/toyota-corolla/2023/,2026-06-12T08:18:23Z,3,55165
toyota-corolla,2023,1.8 hybrid,85900,86000,85950,"AED 85,900 - 86,000",AED,https://www.drivearabia.com/carprices/uae/toyota/toyota-corolla/2023/,2026-06-12T08:18:23Z,3,58573
toyota-corolla,2024,1.6 XLi,74900,75900,75400,"AED 74,900 - 75,900",AED,https://www.drivearabia.com/carprices/uae/toyota/toyota-corolla/2024/,2026-06-12T08:18:25Z,2,58390
toyota-corolla,2024,2.0 XLi,77900,78000,77950,"AED 77,900 - 78,000",AED,https://www.drivearabia.com/carprices/uae/toyota/toyota-corolla/2024/,2026-06-12T08:18:25Z,2,60364
toyota-corolla,2024,1.6 GLi,80900,81000,80950,"AED 80,900 - 81,000",AED,https://www.drivearabia.com/carprices/uae/toyota/toyota-corolla/2024/,2026-06-12T08:18:25Z,2,62688
toyota-corolla,2024,1.8 hybrid,85900,86000,85950,"AED 85,900 - 86,000",AED,https://www.drivearabia.com/carprices/uae/toyota/toyota-corolla/2024/,2026-06-12T08:18:25Z,2,66560
toyota-corolla,2025,1.6 I4 XLi FWD,76900,77900,77400,"AED 76,900 - 77,900",AED,https://www.drivearabia.com/carprices/uae/toyota/toyota-corolla/2025/,2026-06-12T08:18:26Z,1,68112
toyota-corolla,2025,1.6 I4 GLi FWD,82900,83000,82950,"AED 82,900 - 83,000",AED,https://www.drivearabia.com/carprices/uae/toyota/toyota-corolla/2025/,2026-06-12T08:18:26Z,1,72996
toyota-corolla,2025,2.0 I4 XLi FWD,83900,84000,83950,"AED 83,900 - 84,000",AED,https://www.drivearabia.com/carprices/uae/toyota/toyota-corolla/2025/,2026-06-12T08:18:26Z,1,73876
toyota-corolla,2025,1.8H I4 Hybrid FWD,87900,88000,87950,"AED 87,900 - 88,000",AED,https://www.drivearabia.com/carprices/uae/toyota/toyota-corolla/2025/,2026-06-12T08:18:26Z,1,77396
toyota-corolla,2026,1.6 I4 XLi FWD,76900,77900,77400,"AED 76,900 - 77,900",AED,https://www.drivearabia.com/carprices/uae/toyota/toyota-corolla/2026/,2026-06-12T08:18:28Z,0,77400
toyota-corolla,2026,1.6 I4 GLi FWD,82900,83000,82950,"AED 82,900 - 83,000",AED,https://www.drivearabia.com/carprices/uae/toyota/toyota-corolla/2026/,2026-06-12T08:18:28Z,0,82950
toyota-corolla,2026,2.0 I4 XLi FWD,83900,84000,83950,"AED 83,900 - 84,000",AED,https://www.drivearabia.com/carprices/uae/toyota/toyota-corolla/2026/,2026-06-12T08:18:28Z,0,83950
toyota-corolla,2026,1.8H I4 Hybrid FWD,87900,88000,87950,"AED 87,900 - 88,000",AED,https://www.drivearabia.com/carprices/uae/toyota/toyota-corolla/2026/,2026-06-12T08:18:28Z,0,87950
toyota-corolla-cross,2021,XL,89900,90000,89950,"AED 89,900 - 90,000",AED,https://www.drivearabia.com/carprices/uae/toyota/toyota-corolla-cross/2021/,2026-06-12T08:18:59Z,5,44833
toyota-corolla-cross,2021,GL,100900,101000,100950,"AED 100,900 - 101,000",AED,https://www.drivearabia.com/carprices/uae/toyota/toyota-corolla-cross/2021/,2026-06-12T08:18:59Z,5,50316
toyota-corolla-cross,2022,XL,89900,90000,89950,"AED 89,900 - 90,000",AED,https://www.drivearabia.com/carprices/uae/toyota/toyota-corolla-cross/2022/,2026-06-12T08:19:01Z,4,51532
toyota-corolla-cross,2022,GL,100900,101000,100950,"AED 100,900 - 101,000",AED,https://www.drivearabia.com/carprices/uae/toyota/toyota-corolla-cross/2022/,2026-06-12T08:19:01Z,4,57834
toyota-corolla-cross,2023,XL,91900,92000,91950,"AED 91,900 - 92,000",AED,https://www.drivearabia.com/carprices/uae/toyota/toyota-corolla-cross/2023/,2026-06-12T08:19:03Z,3,60549
toyota-corolla-cross,2023,GL,106900,107000,106950,"AED 106,900 - 107,000",AED,https://www.drivearabia.com/carprices/uae/toyota/toyota-corolla-cross/2023/,2026-06-12T08:19:03Z,3,70427
toyota-corolla-cross,2024,1.8H I4 XL FWD,92000,94900,93450,"AED 94,900 - 92,000",AED,https://www.drivearabia.com/carprices/uae/toyota/toyota-corolla-cross/2024/,2026-06-12T08:19:05Z,2,70732
toyota-corolla-cross,2024,1.8H I4 GL FWD,109900,110000,109950,"AED 109,900 - 110,000",AED,https://www.drivearabia.com/carprices/uae/toyota/toyota-corolla-cross/2024/,2026-06-12T08:19:05Z,2,83221
toyota-corolla-cross,2025,1.8H I4 XL FWD,96900,97000,96950,"AED 96,900 - 97,000",AED,https://www.drivearabia.com/carprices/uae/toyota/toyota-corolla-cross/2025/,2026-06-12T08:19:06Z,1,84346
toyota-corolla-cross,2025,1.8H I4 GLI FWD,111900,112000,111950,"AED 111,900 - 112,000",AED,https://www.drivearabia.com/carprices/uae/toyota/toyota-corolla-cross/2025/,2026-06-12T08:19:06Z,1,97396
toyota-corolla-cross,2026,1.8H I4 XL FWD,96900,97000,96950,"AED 96,900 - 97,000",AED,https://www.drivearabia.com/carprices/uae/toyota/toyota-corolla-cross/2026/,2026-06-12T08:19:08Z,0,96950
toyota-corolla-cross,2026,1.8H I4 GLI FWD,111900,112000,111950,"AED 111,900 - 112,000",AED,https://www.drivearabia.com/carprices/uae/toyota/toyota-corolla-cross/2026/,2026-06-12T08:19:08Z,0,111950
toyota-crown,2023,2.4H I4 XLE,199900,200000,199950,"AED 199,900 - 200,000",AED,https://www.drivearabia.com/carprices/uae/toyota/toyota-crown/2023/,2026-06-12T08:19:48Z,3,122794
toyota-crown,2023,2.4H I4 Platinum,229900,230000,229950,"AED 229,900 - 230,000",AED,https://www.drivearabia.com/carprices/uae/toyota/toyota-crown/2023/,2026-06-12T08:19:48Z,3,141218
toyota-crown,2024,2.4H I4 XLE,199900,200000,199950,"AED 199,900 - 200,000",AED,https://www.drivearabia.com/carprices/uae/toyota/toyota-crown/2024/,2026-06-12T08:19:51Z,2,144464
toyota-crown,2024,2.4H I4 Platinum,229900,230000,229950,"AED 229,900 - 230,000",AED,https://www.drivearabia.com/carprices/uae/toyota/toyota-crown/2024/,2026-06-12T08:19:51Z,2,166139
toyota-crown,2025,2.4H I4 XLE,199900,200000,199950,"AED 199,900 - 200,000",AED,https://www.drivearabia.com/carprices/uae/toyota/toyota-crown/2025/,2026-06-12T08:19:53Z,1,169958
toyota-crown,2025,2.4H I4 Platinum,229900,230000,229950,"AED 229,900 - 230,000",AED,https://www.drivearabia.com/carprices/uae/toyota/toyota-crown/2025/,2026-06-12T08:19:53Z,1,195458
toyota-crown,2026,2.4H I4 Platinum,199900,200000,199950,"AED 199,900 - 200,000",AED,https://www.drivearabia.com/carprices/uae/toyota/toyota-crown/2026/,2026-06-12T08:19:55Z,0,199950
toyota-fj-cruiser,2015,EXR,119500,120000,119750,"AED 119,500 - 120,000",AED,https://www.drivearabia.com/carprices/uae/toyota/toyota-fj-cruiser/2015/,2026-06-12T08:20:45Z,11,42436
toyota-fj-cruiser,2015,GXR,132500,133000,132750,"AED 132,500 - 133,000",AED,https://www.drivearabia.com/carprices/uae/toyota/toyota-fj-cruiser/2015/,2026-06-12T08:20:45Z,11,47042
toyota-fj-cruiser,2015,TRD,155000,156000,155500,"AED 155,000 - 156,000",AED,https://www.drivearabia.com/carprices/uae/toyota/toyota-fj-cruiser/2015/,2026-06-12T08:20:45Z,11,55104
toyota-fj-cruiser,2015,VXR,157500,158000,157750,"AED 157,500 - 158,000",AED,https://www.drivearabia.com/carprices/uae/toyota/toyota-fj-cruiser/2015/,2026-06-12T08:20:45Z,11,55902
toyota-fj-cruiser,2016,GXR,132500,133000,132750,"AED 132,500 - 133,000",AED,https://www.drivearabia.com/carprices/uae/toyota/toyota-fj-cruiser/2016/,2026-06-12T08:20:47Z,10,51695
toyota-fj-cruiser,2016,VXR,150900,152000,151450,"AED 150,900 - 152,000",AED,https://www.drivearabia.com/carprices/uae/toyota/toyota-fj-cruiser/2016/,2026-06-12T08:20:47Z,10,58977
toyota-fj-cruiser,2016,Xtreme,158900,160000,159450,"AED 158,900 - 160,000",AED,https://www.drivearabia.com/carprices/uae/toyota/toyota-fj-cruiser/2016/,2026-06-12T08:20:47Z,10,62092
toyota-fj-cruiser,2017,GXR,140000,141000,140500,"AED 140,000 - 141,000",AED,https://www.drivearabia.com/carprices/uae/toyota/toyota-fj-cruiser/2017/,2026-06-12T08:20:49Z,9,60124
toyota-fj-cruiser,2018,GXR,140000,141000,140500,"AED 140,000 - 141,000",AED,https://www.drivearabia.com/carprices/uae/toyota/toyota-fj-cruiser/2018/,2026-06-12T08:20:51Z,8,66070
toyota-fj-cruiser,2019,GXR,147000,148000,147500,"AED 147,000 - 148,000",AED,https://www.drivearabia.com/carprices/uae/toyota/toyota-fj-cruiser/2019/,2026-06-12T08:20:53Z,7,76222
toyota-fj-cruiser,2020,GXR,147000,148000,147500,"AED 147,000 - 148,000",AED,https://www.drivearabia.com/carprices/uae/toyota/toyota-fj-cruiser/2020/,2026-06-12T08:20:55Z,6,83761
toyota-fj-cruiser,2021,GXR,175500,176000,175750,"AED 175,500 - 176,000",AED,https://www.drivearabia.com/carprices/uae/toyota/toyota-fj-cruiser/2021/,2026-06-12T08:20:56Z,5,109674
toyota-fj-cruiser,2021,Adventure X,200300,201000,200650,"AED 200,300 - 201,000",AED,https://www.drivearabia.com/carprices/uae/toyota/toyota-fj-cruiser/2021/,2026-06-12T08:20:56Z,5,125212
toyota-fj-cruiser,2022,GXR,150000,151000,150500,"AED 150,000 - 151,000",AED,https://www.drivearabia.com/carprices/uae/toyota/toyota-fj-cruiser/2022/,2026-06-12T08:20:58Z,4,103205
toyota-fj-cruiser,2022,Adventure X,175000,176000,175500,"AED 175,000 - 176,000",AED,https://www.drivearabia.com/carprices/uae/toyota/toyota-fj-cruiser/2022/,2026-06-12T08:20:58Z,4,120349
toyota-fj-cruiser,2023,GXR,156900,157000,156950,"AED 156,900 - 157,000",AED,https://www.drivearabia.com/carprices/uae/toyota/toyota-fj-cruiser/2023/,2026-06-12T08:21:00Z,3,118273
toyota-fj-cruiser,2023,Adventure X,187900,188000,187950,"AED 187,900 - 188,000",AED,https://www.drivearabia.com/carprices/uae/toyota/toyota-fj-cruiser/2023/,2026-06-12T08:21:00Z,3,141634
toyota-fj-cruiser,2026,FJ 4WD,125000,150000,137500,"AED 125,000 - 150,000",AED,https://www.drivearabia.com/carprices/uae/toyota/toyota-fj-cruiser/2026/,2026-06-12T08:21:04Z,0,137500
toyota-fortuner,2014,2.7L EXR,102000,103000,102500,"AED 102,000 - 103,000",AED,https://www.drivearabia.com/carprices/uae/toyota/toyota-fortuner/2014/,2026-06-12T08:21:45Z,12,25317
toyota-fortuner,2014,2.7L TRD,115000,116000,115500,"AED 115,000 - 116,000",AED,https://www.drivearabia.com/carprices/uae/toyota/toyota-fortuner/2014/,2026-06-12T08:21:45Z,12,28527
toyota-fortuner,2014,4.0L GXR,122000,123000,122500,"AED 122,000 - 123,000",AED,https://www.drivearabia.com/carprices/uae/toyota/toyota-fortuner/2014/,2026-06-12T08:21:45Z,12,30256
toyota-fortuner,2014,4.0L TRD,135000,136000,135500,"AED 135,000 - 136,000",AED,https://www.drivearabia.com/carprices/uae/toyota/toyota-fortuner/2014/,2026-06-12T08:21:45Z,12,33467
toyota-fortuner,2015,2.7L EXR,102000,103000,102500,"AED 102,000 - 103,000",AED,https://www.drivearabia.com/carprices/uae/toyota/toyota-fortuner/2015/,2026-06-12T08:21:47Z,11,28446
toyota-fortuner,2015,2.7L TRD,115000,116000,115500,"AED 115,000 - 116,000",AED,https://www.drivearabia.com/carprices/uae/toyota/toyota-fortuner/2015/,2026-06-12T08:21:47Z,11,32053
toyota-fortuner,2015,4.0L GXR,122000,123000,122500,"AED 122,000 - 123,000",AED,https://www.drivearabia.com/carprices/uae/toyota/toyota-fortuner/2015/,2026-06-12T08:21:47Z,11,33996
toyota-fortuner,2015,4.0L TRD,135000,136000,135500,"AED 135,000 - 136,000",AED,https://www.drivearabia.com/carprices/uae/toyota/toyota-fortuner/2015/,2026-06-12T08:21:47Z,11,37604
toyota-fortuner,2018,2.7 EXR,114900,115000,114950,"AED 114,900 - 115,000",AED,https://www.drivearabia.com/carprices/uae/toyota/toyota-fortuner/2018/,2026-06-12T08:21:53Z,8,45251
toyota-fortuner,2018,4.0 GXR,134900,135000,134950,"AED 134,900 - 135,000",AED,https://www.drivearabia.com/carprices/uae/toyota/toyota-fortuner/2018/,2026-06-12T08:21:53Z,8,53124
toyota-fortuner,2018,4.0 VXR,149900,150000,149950,"AED 149,900 - 150,000",AED,https://www.drivearabia.com/carprices/uae/toyota/toyota-fortuner/2018/,2026-06-12T08:21:53Z,8,59029
toyota-fortuner,2019,2.7 EXR,114900,115000,114950,"AED 114,900 - 115,000",AED,https://www.drivearabia.com/carprices/uae/toyota/toyota-fortuner/2019/,2026-06-12T08:21:54Z,7,50844
toyota-fortuner,2019,4.0 GXR,134900,135000,134950,"AED 134,900 - 135,000",AED,https://www.drivearabia.com/carprices/uae/toyota/toyota-fortuner/2019/,2026-06-12T08:21:54Z,7,59690
toyota-fortuner,2019,4.0 VXR,149900,150000,149950,"AED 149,900 - 150,000",AED,https://www.drivearabia.com/carprices/uae/toyota/toyota-fortuner/2019/,2026-06-12T08:21:54Z,7,66325
toyota-fortuner,2020,2.7L EXR,114900,115000,114950,"AED 114,900 - 115,000",AED,https://www.drivearabia.com/carprices/uae/toyota/toyota-fortuner/2020/,2026-06-12T08:21:56Z,6,57128
toyota-fortuner,2020,4.0L GXR,144900,145000,144950,"AED 144,900 - 145,000",AED,https://www.drivearabia.com/carprices/uae/toyota/toyota-fortuner/2020/,2026-06-12T08:21:56Z,6,72037
toyota-fortuner,2020,4.0L VXR,159900,160000,159950,"AED 159,900 - 160,000",AED,https://www.drivearabia.com/carprices/uae/toyota/toyota-fortuner/2020/,2026-06-12T08:21:56Z,6,79492
toyota-fortuner,2021,2.7L EXR,120000,120500,120250,"AED 120,000 - 120,500",AED,https://www.drivearabia.com/carprices/uae/toyota/toyota-fortuner/2021/,2026-06-12T08:21:58Z,5,67148
toyota-fortuner,2021,4.0L GXR,147000,147500,147250,"AED 147,000 - 147,500",AED,https://www.drivearabia.com/carprices/uae/toyota/toyota-fortuner/2021/,2026-06-12T08:21:58Z,5,82225
toyota-fortuner,2021,4.0L VXR,162000,162500,162250,"AED 162,000 - 162,500",AED,https://www.drivearabia.com/carprices/uae/toyota/toyota-fortuner/2021/,2026-06-12T08:21:58Z,5,90601
toyota-fortuner,2022,2.7L EXR,122900,123000,122950,"AED 122,900 - 123,000",AED,https://www.drivearabia.com/carprices/uae/toyota/toyota-fortuner/2022/,2026-06-12T08:22:00Z,4,77142
toyota-fortuner,2022,4.0L GXR,149900,150000,149950,"AED 149,900 - 150,000",AED,https://www.drivearabia.com/carprices/uae/toyota/toyota-fortuner/2022/,2026-06-12T08:22:00Z,4,94082
toyota-fortuner,2022,4.0L VXR,165900,166000,165950,"AED 165,900 - 166,000",AED,https://www.drivearabia.com/carprices/uae/toyota/toyota-fortuner/2022/,2026-06-12T08:22:00Z,4,104121
toyota-fortuner,2023,2.7L EXR,122900,123000,122950,"AED 122,900 - 123,000",AED,https://www.drivearabia.com/carprices/uae/toyota/toyota-fortuner/2023/,2026-06-12T08:22:02Z,3,86676
toyota-fortuner,2023,4.0L GXR,149900,150000,149950,"AED 149,900 - 150,000",AED,https://www.drivearabia.com/carprices/uae/toyota/toyota-fortuner/2023/,2026-06-12T08:22:02Z,3,105710
toyota-fortuner,2023,4.0L VXR,165900,166000,165950,"AED 165,900 - 166,000",AED,https://www.drivearabia.com/carprices/uae/toyota/toyota-fortuner/2023/,2026-06-12T08:22:02Z,3,116990
toyota-fortuner,2024,2.7L EXR,122900,123000,122950,"AED 122,900 - 123,000",AED,https://www.drivearabia.com/carprices/uae/toyota/toyota-fortuner/2024/,2026-06-12T08:22:04Z,2,97389
toyota-fortuner,2024,4.0L GXR,149900,150000,149950,"AED 149,900 - 150,000",AED,https://www.drivearabia.com/carprices/uae/toyota/toyota-fortuner/2024/,2026-06-12T08:22:04Z,2,118775
toyota-fortuner,2024,4.0L VXR,165900,166000,165950,"AED 165,900 - 166,000",AED,https://www.drivearabia.com/carprices/uae/toyota/toyota-fortuner/2024/,2026-06-12T08:22:04Z,2,131449
toyota-fortuner,2025,2.7L EXR 4WD,127900,128000,127950,"AED 127,900 - 128,000",AED,https://www.drivearabia.com/carprices/uae/toyota/toyota-fortuner/2025/,2026-06-12T08:22:05Z,1,113876
toyota-fortuner,2025,4.0L GXR 4WD,153900,154000,153950,"AED 153,900 - 154,000",AED,https://www.drivearabia.com/carprices/uae/toyota/toyota-fortuner/2025/,2026-06-12T08:22:05Z,1,137016
toyota-fortuner,2025,4.0L VXR 4WD,165900,166000,165950,"AED 165,900 - 166,000",AED,https://www.drivearabia.com/carprices/uae/toyota/toyota-fortuner/2025/,2026-06-12T08:22:05Z,1,147696
toyota-fortuner,2026,2.7L EXR 4WD,128900,129000,128950,"AED 128,900 - 129,000",AED,https://www.drivearabia.com/carprices/uae/toyota/toyota-fortuner/2026/,2026-06-12T08:22:07Z,0,128950
toyota-fortuner,2026,4.0L GXR 4WD,154900,155000,154950,"AED 154,900 - 155,000",AED,https://www.drivearabia.com/carprices/uae/toyota/toyota-fortuner/2026/,2026-06-12T08:22:07Z,0,154950
toyota-fortuner,2026,4.0L VXR 4WD,173900,174000,173950,"AED 173,900 - 174,000",AED,https://www.drivearabia.com/carprices/uae/toyota/toyota-fortuner/2026/,2026-06-12T08:22:07Z,0,173950
toyota-gr-corolla,2026,manual AWD,182900,183000,182950,"AED 182,900 - 183,000",AED,https://www.drivearabia.com/carprices/uae/toyota/toyota-gr-corolla/2026/,2026-06-12T08:22:44Z,0,182950
toyota-gr-corolla,2026,automatic AWD,184900,185000,184950,"AED 184,900 - 185,000",AED,https://www.drivearabia.com/carprices/uae/toyota/toyota-gr-corolla/2026/,2026-06-12T08:22:44Z,0,184950
toyota-gr-yaris,2026,GR86 MT,167900,168000,167950,"AED 167,900 - 168,000",AED,https://www.drivearabia.com/carprices/uae/toyota/toyota-gr-yaris/2026/,2026-06-12T08:23:21Z,0,167950
toyota-gr-yaris,2026,GR 86 AT,169900,170000,169950,"AED 169,900 - 170,000",AED,https://www.drivearabia.com/carprices/uae/toyota/toyota-gr-yaris/2026/,2026-06-12T08:23:21Z,0,169950
toyota-gr86,2024,2.4 I4 manual RWD,149900,150000,149950,"AED 149,900 - 150,000",AED,https://www.drivearabia.com/carprices/uae/toyota/toyota-gr86/2024/,2026-06-12T08:23:54Z,2,108339
toyota-gr86,2024,2.4 I4 auto RWD,159900,160000,159950,"AED 159,900 - 160,000",AED,https://www.drivearabia.com/carprices/uae/toyota/toyota-gr86/2024/,2026-06-12T08:23:54Z,2,115564
toyota-gr86,2024,2.4 I4 brembo RWD,169900,170000,169950,"AED 169,900 - 170,000",AED,https://www.drivearabia.com/carprices/uae/toyota/toyota-gr86/2024/,2026-06-12T08:23:54Z,2,122789
toyota-gr86,2025,2.4 I4 manual RWD,149900,150000,149950,"AED 149,900 - 150,000",AED,https://www.drivearabia.com/carprices/uae/toyota/toyota-gr86/2025/,2026-06-12T08:23:56Z,1,127458
toyota-gr86,2025,2.4 I4 auto RWD,162900,163000,162950,"AED 162,900 - 163,000",AED,https://www.drivearabia.com/carprices/uae/toyota/toyota-gr86/2025/,2026-06-12T08:23:56Z,1,138508
toyota-gr86,2025,2.4 I4 brembo RWD,172900,173000,172950,"AED 172,900 - 173,000",AED,https://www.drivearabia.com/carprices/uae/toyota/toyota-gr86/2025/,2026-06-12T08:23:56Z,1,147008
toyota-gr86,2026,AT,162900,164900,163900,"AED 162,900 - 164,900",AED,https://www.drivearabia.com/carprices/uae/toyota/toyota-gr86/2026/,2026-06-12T08:23:58Z,0,163900
toyota-granvia,2020,SE,177000,178000,177500,"AED 177,000 - 178,000",AED,https://www.drivearabia.com/carprices/uae/toyota/toyota-granvia/2020/,2026-06-12T08:24:28Z,6,88214
toyota-granvia,2020,Premium,199900,200000,199950,"AED 199,900 - 200,000",AED,https://www.drivearabia.com/carprices/uae/toyota/toyota-granvia/2020/,2026-06-12T08:24:28Z,6,99371
toyota-granvia,2021,SE,177000,178000,177500,"AED 177,000 - 178,000",AED,https://www.drivearabia.com/carprices/uae/toyota/toyota-granvia/2021/,2026-06-12T08:24:30Z,5,99117
toyota-granvia,2021,Premium,199900,200000,199950,"AED 199,900 - 200,000",AED,https://www.drivearabia.com/carprices/uae/toyota/toyota-granvia/2021/,2026-06-12T08:24:30Z,5,111653
toyota-granvia,2022,SE,177000,178000,177500,"AED 177,000 - 178,000",AED,https://www.drivearabia.com/carprices/uae/toyota/toyota-granvia/2022/,2026-06-12T08:24:32Z,4,111367
toyota-granvia,2022,Premium,199900,200000,199950,"AED 199,900 - 200,000",AED,https://www.drivearabia.com/carprices/uae/toyota/toyota-granvia/2022/,2026-06-12T08:24:32Z,4,125453
toyota-granvia,2023,SE,177000,178000,177500,"AED 177,000 - 178,000",AED,https://www.drivearabia.com/carprices/uae/toyota/toyota-granvia/2023/,2026-06-12T08:24:34Z,3,125132
toyota-granvia,2023,Premium,199900,200000,199950,"AED 199,900 - 200,000",AED,https://www.drivearabia.com/carprices/uae/toyota/toyota-granvia/2023/,2026-06-12T08:24:34Z,3,140959
toyota-granvia,2024,SE,177000,178000,177500,"AED 177,000 - 178,000",AED,https://www.drivearabia.com/carprices/uae/toyota/toyota-granvia/2024/,2026-06-12T08:24:35Z,2,140598
toyota-granvia,2024,Premium,199900,200000,199950,"AED 199,900 - 200,000",AED,https://www.drivearabia.com/carprices/uae/toyota/toyota-granvia/2024/,2026-06-12T08:24:35Z,2,158380
toyota-granvia,2025,3.5L V6 Premium RWD,211900,212000,211950,"AED 211,900 - 212,000",AED,https://www.drivearabia.com/carprices/uae/toyota/toyota-granvia/2025/,2026-06-12T08:24:37Z,1,188636
toyota-granvia,2026,Premium RWD,215900,216000,215950,"AED 215,900 - 216,000",AED,https://www.drivearabia.com/carprices/uae/toyota/toyota-granvia/2026/,2026-06-12T08:24:39Z,0,215950
toyota-hiace,2005,Panel Van,84000,87000,85500,"AED 84,000 - 87,000",AED,https://www.drivearabia.com/carprices/uae/toyota/toyota-hiace/2005/,2026-06-12T08:24:52Z,21,7399
toyota-hiace,2005,Mid Roof Panel Van Super LWB,98000,99000,98500,"AED 98,000 - 99,000",AED,https://www.drivearabia.com/carprices/uae/toyota/toyota-hiace/2005/,2026-06-12T08:24:52Z,21,8524
toyota-hiace,2005,Commuter,98000,107000,102500,"AED 98,000 - 107,000",AED,https://www.drivearabia.com/carprices/uae/toyota/toyota-hiace/2005/,2026-06-12T08:24:52Z,21,8870
toyota-hiace,2005,Mid Roof Commuter LWB,110000,112000,111000,"AED 110,000 - 112,000",AED,https://www.drivearabia.com/carprices/uae/toyota/toyota-hiace/2005/,2026-06-12T08:24:52Z,21,9605
toyota-hiace,2005,High Roof Commuter Super LWB,114000,125000,119500,"AED 114,000 - 125,000",AED,https://www.drivearabia.com/carprices/uae/toyota/toyota-hiace/2005/,2026-06-12T08:24:52Z,21,10341
toyota-hiace,2006,Panel Van,84000,87000,85500,"AED 84,000 - 87,000",AED,https://www.drivearabia.com/carprices/uae/toyota/toyota-hiace/2006/,2026-06-12T08:24:54Z,20,8313
toyota-hiace,2006,Mid Roof Panel Van Super LWB,98000,99000,98500,"AED 98,000 - 99,000",AED,https://www.drivearabia.com/carprices/uae/toyota/toyota-hiace/2006/,2026-06-12T08:24:54Z,20,9577
toyota-hiace,2006,Commuter,98000,107000,102500,"AED 98,000 - 107,000",AED,https://www.drivearabia.com/carprices/uae/toyota/toyota-hiace/2006/,2026-06-12T08:24:54Z,20,9966
toyota-hiace,2006,Mid Roof Commuter LWB,110000,112000,111000,"AED 110,000 - 112,000",AED,https://www.drivearabia.com/carprices/uae/toyota/toyota-hiace/2006/,2026-06-12T08:24:54Z,20,10793
toyota-hiace,2006,High Roof Commuter Super LWB,114000,125000,119500,"AED 114,000 - 125,000",AED,https://www.drivearabia.com/carprices/uae/toyota/toyota-hiace/2006/,2026-06-12T08:24:54Z,20,11619
toyota-hiace,2007,Panel Van,84000,87000,85500,"AED 84,000 - 87,000",AED,https://www.drivearabia.com/carprices/uae/toyota/toyota-hiace/2007/,2026-06-12T08:24:56Z,19,9341
toyota-hiace,2007,Mid Roof Panel Van Super LWB,98000,99000,98500,"AED 98,000 - 99,000",AED,https://www.drivearabia.com/carprices/uae/toyota/toyota-hiace/2007/,2026-06-12T08:24:56Z,19,10761
toyota-hiace,2007,Commuter,98000,107000,102500,"AED 98,000 - 107,000",AED,https://www.drivearabia.com/carprices/uae/toyota/toyota-hiace/2007/,2026-06-12T08:24:56Z,19,11198
toyota-hiace,2007,Mid Roof Commuter LWB,110000,112000,111000,"AED 110,000 - 112,000",AED,https://www.drivearabia.com/carprices/uae/toyota/toyota-hiace/2007/,2026-06-12T08:24:56Z,19,12126
toyota-hiace,2007,High Roof Commuter Super LWB,114000,125000,119500,"AED 114,000 - 125,000",AED,https://www.drivearabia.com/carprices/uae/toyota/toyota-hiace/2007/,2026-06-12T08:24:56Z,19,13055
toyota-hiace,2008,Panel Van,84000,87000,85500,"AED 84,000 - 87,000",AED,https://www.drivearabia.com/carprices/uae/toyota/toyota-hiace/2008/,2026-06-12T08:24:58Z,18,10495
toyota-hiace,2008,Mid Roof Panel Van Super LWB,98000,99000,98500,"AED 98,000 - 99,000",AED,https://www.drivearabia.com/carprices/uae/toyota/toyota-hiace/2008/,2026-06-12T08:24:58Z,18,12091
toyota-hiace,2008,Commuter,98000,107000,102500,"AED 98,000 - 107,000",AED,https://www.drivearabia.com/carprices/uae/toyota/toyota-hiace/2008/,2026-06-12T08:24:58Z,18,12582
toyota-hiace,2008,Mid Roof Commuter LWB,110000,112000,111000,"AED 110,000 - 112,000",AED,https://www.drivearabia.com/carprices/uae/toyota/toyota-hiace/2008/,2026-06-12T08:24:58Z,18,13625
toyota-hiace,2008,High Roof Commuter Super LWB,114000,125000,119500,"AED 114,000 - 125,000",AED,https://www.drivearabia.com/carprices/uae/toyota/toyota-hiace/2008/,2026-06-12T08:24:58Z,18,14669
toyota-hiace,2009,Panel Van,84000,87000,85500,"AED 84,000 - 87,000",AED,https://www.drivearabia.com/carprices/uae/toyota/toyota-hiace/2009/,2026-06-12T08:25:00Z,17,11792
toyota-hiace,2009,Mid Roof Panel Van Super LWB,98000,99000,98500,"AED 98,000 - 99,000",AED,https://www.drivearabia.com/carprices/uae/toyota/toyota-hiace/2009/,2026-06-12T08:25:00Z,17,13585
toyota-hiace,2009,Commuter,98000,107000,102500,"AED 98,000 - 107,000",AED,https://www.drivearabia.com/carprices/uae/toyota/toyota-hiace/2009/,2026-06-12T08:25:00Z,17,14137
toyota-hiace,2009,Mid Roof Commuter LWB,110000,112000,111000,"AED 110,000 - 112,000",AED,https://www.drivearabia.com/carprices/uae/toyota/toyota-hiace/2009/,2026-06-12T08:25:00Z,17,15309
toyota-hiace,2009,High Roof Commuter Super LWB,114000,125000,119500,"AED 114,000 - 125,000",AED,https://www.drivearabia.com/carprices/uae/toyota/toyota-hiace/2009/,2026-06-12T08:25:00Z,17,16482
toyota-hiace,2010,Panel Van,84000,87000,85500,"AED 84,000 - 87,000",AED,https://www.drivearabia.com/carprices/uae/toyota/toyota-hiace/2010/,2026-06-12T08:25:02Z,16,13250
toyota-hiace,2010,Mid Roof Panel Van Super LWB,98000,99000,98500,"AED 98,000 - 99,000",AED,https://www.drivearabia.com/carprices/uae/toyota/toyota-hiace/2010/,2026-06-12T08:25:02Z,16,15264
toyota-hiace,2010,Commuter,98000,107000,102500,"AED 98,000 - 107,000",AED,https://www.drivearabia.com/carprices/uae/toyota/toyota-hiace/2010/,2026-06-12T08:25:02Z,16,15884
toyota-hiace,2010,Mid Roof Commuter LWB,110000,112000,111000,"AED 110,000 - 112,000",AED,https://www.drivearabia.com/carprices/uae/toyota/toyota-hiace/2010/,2026-06-12T08:25:02Z,16,17201
toyota-hiace,2010,High Roof Commuter Super LWB,114000,125000,119500,"AED 114,000 - 125,000",AED,https://www.drivearabia.com/carprices/uae/toyota/toyota-hiace/2010/,2026-06-12T08:25:02Z,16,18519
toyota-hiace,2011,Panel Van,84000,87000,85500,"AED 84,000 - 87,000",AED,https://www.drivearabia.com/carprices/uae/toyota/toyota-hiace/2011/,2026-06-12T08:25:04Z,15,14887
toyota-hiace,2011,Mid Roof Panel Van Super LWB,98000,99000,98500,"AED 98,000 - 99,000",AED,https://www.drivearabia.com/carprices/uae/toyota/toyota-hiace/2011/,2026-06-12T08:25:04Z,15,17151
toyota-hiace,2011,Commuter,98000,107000,102500,"AED 98,000 - 107,000",AED,https://www.drivearabia.com/carprices/uae/toyota/toyota-hiace/2011/,2026-06-12T08:25:04Z,15,17847
toyota-hiace,2011,Mid Roof Commuter LWB,110000,112000,111000,"AED 110,000 - 112,000",AED,https://www.drivearabia.com/carprices/uae/toyota/toyota-hiace/2011/,2026-06-12T08:25:04Z,15,19327
toyota-hiace,2011,High Roof Commuter Super LWB,114000,125000,119500,"AED 114,000 - 125,000",AED,https://www.drivearabia.com/carprices/uae/toyota/toyota-hiace/2011/,2026-06-12T08:25:04Z,15,20807
toyota-hiace,2012,Panel Van,84000,87000,85500,"AED 84,000 - 87,000",AED,https://www.drivearabia.com/carprices/uae/toyota/toyota-hiace/2012/,2026-06-12T08:25:05Z,14,16727
toyota-hiace,2012,Mid Roof Panel Van Super LWB,98000,99000,98500,"AED 98,000 - 99,000",AED,https://www.drivearabia.com/carprices/uae/toyota/toyota-hiace/2012/,2026-06-12T08:25:05Z,14,19271
toyota-hiace,2012,Commuter,98000,107000,102500,"AED 98,000 - 107,000",AED,https://www.drivearabia.com/carprices/uae/toyota/toyota-hiace/2012/,2026-06-12T08:25:05Z,14,20053
toyota-hiace,2012,Mid Roof Commuter LWB,110000,112000,111000,"AED 110,000 - 112,000",AED,https://www.drivearabia.com/carprices/uae/toyota/toyota-hiace/2012/,2026-06-12T08:25:05Z,14,21716
toyota-hiace,2012,High Roof Commuter Super LWB,114000,125000,119500,"AED 114,000 - 125,000",AED,https://www.drivearabia.com/carprices/uae/toyota/toyota-hiace/2012/,2026-06-12T08:25:05Z,14,23379
toyota-hiace,2013,Panel Van,84000,87000,85500,"AED 84,000 - 87,000",AED,https://www.drivearabia.com/carprices/uae/toyota/toyota-hiace/2013/,2026-06-12T08:25:07Z,13,18795
toyota-hiace,2013,Mid Roof Panel Van Super LWB,98000,99000,98500,"AED 98,000 - 99,000",AED,https://www.drivearabia.com/carprices/uae/toyota/toyota-hiace/2013/,2026-06-12T08:25:07Z,13,21652
toyota-hiace,2013,Commuter,98000,107000,102500,"AED 98,000 - 107,000",AED,https://www.drivearabia.com/carprices/uae/toyota/toyota-hiace/2013/,2026-06-12T08:25:07Z,13,22532
toyota-hiace,2013,Mid Roof Commuter LWB,110000,112000,111000,"AED 110,000 - 112,000",AED,https://www.drivearabia.com/carprices/uae/toyota/toyota-hiace/2013/,2026-06-12T08:25:07Z,13,24400
toyota-hiace,2013,High Roof Commuter Super LWB,114000,125000,119500,"AED 114,000 - 125,000",AED,https://www.drivearabia.com/carprices/uae/toyota/toyota-hiace/2013/,2026-06-12T08:25:07Z,13,26269
toyota-hiace,2014,Panel Van,84000,87000,85500,"AED 84,000 - 87,000",AED,https://www.drivearabia.com/carprices/uae/toyota/toyota-hiace/2014/,2026-06-12T08:25:09Z,12,21118
toyota-hiace,2014,Mid Roof Panel Van Super LWB,98000,99000,98500,"AED 98,000 - 99,000",AED,https://www.drivearabia.com/carprices/uae/toyota/toyota-hiace/2014/,2026-06-12T08:25:09Z,12,24329
toyota-hiace,2014,Commuter,98000,107000,102500,"AED 98,000 - 107,000",AED,https://www.drivearabia.com/carprices/uae/toyota/toyota-hiace/2014/,2026-06-12T08:25:09Z,12,25317
toyota-hiace,2014,Mid Roof Commuter LWB,110000,112000,111000,"AED 110,000 - 112,000",AED,https://www.drivearabia.com/carprices/uae/toyota/toyota-hiace/2014/,2026-06-12T08:25:09Z,12,27416
toyota-hiace,2014,High Roof Commuter Super LWB,114000,125000,119500,"AED 114,000 - 125,000",AED,https://www.drivearabia.com/carprices/uae/toyota/toyota-hiace/2014/,2026-06-12T08:25:09Z,12,29515
toyota-hiace,2015,Panel Van,84000,87000,85500,"AED 84,000 - 87,000",AED,https://www.drivearabia.com/carprices/uae/toyota/toyota-hiace/2015/,2026-06-12T08:25:11Z,11,23728
toyota-hiace,2015,Mid Roof Panel Van Super LWB,98000,99000,98500,"AED 98,000 - 99,000",AED,https://www.drivearabia.com/carprices/uae/toyota/toyota-hiace/2015/,2026-06-12T08:25:11Z,11,27335
toyota-hiace,2015,Commuter,98000,107000,102500,"AED 98,000 - 107,000",AED,https://www.drivearabia.com/carprices/uae/toyota/toyota-hiace/2015/,2026-06-12T08:25:11Z,11,28446
toyota-hiace,2015,Mid Roof Commuter LWB,110000,112000,111000,"AED 110,000 - 112,000",AED,https://www.drivearabia.com/carprices/uae/toyota/toyota-hiace/2015/,2026-06-12T08:25:11Z,11,30804
toyota-hiace,2015,High Roof Commuter Super LWB,114000,125000,119500,"AED 114,000 - 125,000",AED,https://www.drivearabia.com/carprices/uae/toyota/toyota-hiace/2015/,2026-06-12T08:25:11Z,11,33163
toyota-hiace,2016,Panel Van,84000,87000,85500,"AED 84,000 - 87,000",AED,https://www.drivearabia.com/carprices/uae/toyota/toyota-hiace/2016/,2026-06-12T08:25:13Z,10,26660
toyota-hiace,2016,Mid Roof Panel Van Super LWB,98000,99000,98500,"AED 98,000 - 99,000",AED,https://www.drivearabia.com/carprices/uae/toyota/toyota-hiace/2016/,2026-06-12T08:25:13Z,10,30714
toyota-hiace,2016,Commuter,98000,107000,102500,"AED 98,000 - 107,000",AED,https://www.drivearabia.com/carprices/uae/toyota/toyota-hiace/2016/,2026-06-12T08:25:13Z,10,31961
toyota-hiace,2016,Mid Roof Commuter LWB,110000,112000,111000,"AED 110,000 - 112,000",AED,https://www.drivearabia.com/carprices/uae/toyota/toyota-hiace/2016/,2026-06-12T08:25:13Z,10,34612
toyota-hiace,2016,High Roof Commuter Super LWB,114000,125000,119500,"AED 114,000 - 125,000",AED,https://www.drivearabia.com/carprices/uae/toyota/toyota-hiace/2016/,2026-06-12T08:25:13Z,10,37262
toyota-hiace,2017,Panel Van,84000,87000,85500,"AED 84,000 - 87,000",AED,https://www.drivearabia.com/carprices/uae/toyota/toyota-hiace/2017/,2026-06-12T08:25:15Z,9,29955
toyota-hiace,2017,Mid Roof Panel Van Super LWB,98000,99000,98500,"AED 98,000 - 99,000",AED,https://www.drivearabia.com/carprices/uae/toyota/toyota-hiace/2017/,2026-06-12T08:25:15Z,9,34510
toyota-hiace,2017,Commuter,98000,107000,102500,"AED 98,000 - 107,000",AED,https://www.drivearabia.com/carprices/uae/toyota/toyota-hiace/2017/,2026-06-12T08:25:15Z,9,35912
toyota-hiace,2017,Mid Roof Commuter LWB,110000,112000,111000,"AED 110,000 - 112,000",AED,https://www.drivearabia.com/carprices/uae/toyota/toyota-hiace/2017/,2026-06-12T08:25:15Z,9,38890
toyota-hiace,2017,High Roof Commuter Super LWB,114000,125000,119500,"AED 114,000 - 125,000",AED,https://www.drivearabia.com/carprices/uae/toyota/toyota-hiace/2017/,2026-06-12T08:25:15Z,9,41868
toyota-hiace,2018,Panel Van,84000,87000,85500,"AED 84,000 - 87,000",AED,https://www.drivearabia.com/carprices/uae/toyota/toyota-hiace/2018/,2026-06-12T08:25:17Z,8,33658
toyota-hiace,2018,Mid Roof Panel Van Super LWB,98000,99000,98500,"AED 98,000 - 99,000",AED,https://www.drivearabia.com/carprices/uae/toyota/toyota-hiace/2018/,2026-06-12T08:25:17Z,8,38775
toyota-hiace,2018,Commuter,98000,107000,102500,"AED 98,000 - 107,000",AED,https://www.drivearabia.com/carprices/uae/toyota/toyota-hiace/2018/,2026-06-12T08:25:17Z,8,40350
toyota-hiace,2018,Mid Roof Commuter LWB,110000,112000,111000,"AED 110,000 - 112,000",AED,https://www.drivearabia.com/carprices/uae/toyota/toyota-hiace/2018/,2026-06-12T08:25:17Z,8,43696
toyota-hiace,2018,High Roof Commuter Super LWB,114000,125000,119500,"AED 114,000 - 125,000",AED,https://www.drivearabia.com/carprices/uae/toyota/toyota-hiace/2018/,2026-06-12T08:25:17Z,8,47042
toyota-hiace,2019,3.5L panel van,103900,105000,104450,"AED 103,900 - 105,000",AED,https://www.drivearabia.com/carprices/uae/toyota/toyota-hiace/2019/,2026-06-12T08:25:19Z,7,46200
toyota-hiace,2019,3.5L high roof panel van,123900,125000,124450,"AED 123,900 - 125,000",AED,https://www.drivearabia.com/carprices/uae/toyota/toyota-hiace/2019/,2026-06-12T08:25:19Z,7,55046
toyota-hiace,2019,3.5L commuter van,136900,138000,137450,"AED 136,900 - 138,000",AED,https://www.drivearabia.com/carprices/uae/toyota/toyota-hiace/2019/,2026-06-12T08:25:19Z,7,60796
toyota-hiace,2020,3.5L panel van,103900,105000,104450,"AED 103,900 - 105,000",AED,https://www.drivearabia.com/carprices/uae/toyota/toyota-hiace/2020/,2026-06-12T08:25:20Z,6,51910
toyota-hiace,2020,3.5L high roof panel van,123900,125000,124450,"AED 123,900 - 125,000",AED,https://www.drivearabia.com/carprices/uae/toyota/toyota-hiace/2020/,2026-06-12T08:25:20Z,6,61849
toyota-hiace,2020,3.5L commuter van,136900,138000,137450,"AED 136,900 - 138,000",AED,https://www.drivearabia.com/carprices/uae/toyota/toyota-hiace/2020/,2026-06-12T08:25:20Z,6,68310
toyota-hiace,2021,3.5L panel van,103900,105000,104450,"AED 103,900 - 105,000",AED,https://www.drivearabia.com/carprices/uae/toyota/toyota-hiace/2021/,2026-06-12T08:25:22Z,5,58326
toyota-hiace,2021,3.5L high roof panel van,123900,125000,124450,"AED 123,900 - 125,000",AED,https://www.drivearabia.com/carprices/uae/toyota/toyota-hiace/2021/,2026-06-12T08:25:22Z,5,69494
toyota-hiace,2021,3.5L commuter van,136900,138000,137450,"AED 136,900 - 138,000",AED,https://www.drivearabia.com/carprices/uae/toyota/toyota-hiace/2021/,2026-06-12T08:25:22Z,5,76753
toyota-hiace,2022,3.5L panel van,103900,105000,104450,"AED 103,900 - 105,000",AED,https://www.drivearabia.com/carprices/uae/toyota/toyota-hiace/2022/,2026-06-12T08:25:24Z,4,65534
toyota-hiace,2022,3.5L high roof panel van,123900,125000,124450,"AED 123,900 - 125,000",AED,https://www.drivearabia.com/carprices/uae/toyota/toyota-hiace/2022/,2026-06-12T08:25:24Z,4,78083
toyota-hiace,2022,3.5L commuter van,136900,138000,137450,"AED 136,900 - 138,000",AED,https://www.drivearabia.com/carprices/uae/toyota/toyota-hiace/2022/,2026-06-12T08:25:24Z,4,86239
toyota-hiace,2023,3.5L panel van,103900,105000,104450,"AED 103,900 - 105,000",AED,https://www.drivearabia.com/carprices/uae/toyota/toyota-hiace/2023/,2026-06-12T08:25:26Z,3,73634
toyota-hiace,2023,3.5L high roof panel van,123900,125000,124450,"AED 123,900 - 125,000",AED,https://www.drivearabia.com/carprices/uae/toyota/toyota-hiace/2023/,2026-06-12T08:25:26Z,3,87733
toyota-hiace,2023,3.5L commuter van,136900,138000,137450,"AED 136,900 - 138,000",AED,https://www.drivearabia.com/carprices/uae/toyota/toyota-hiace/2023/,2026-06-12T08:25:26Z,3,96898
toyota-hiace,2024,3.5L panel van,103900,105000,104450,"AED 103,900 - 105,000",AED,https://www.drivearabia.com/carprices/uae/toyota/toyota-hiace/2024/,2026-06-12T08:25:28Z,2,82735
toyota-hiace,2024,3.5L high roof panel van,123900,125000,124450,"AED 123,900 - 125,000",AED,https://www.drivearabia.com/carprices/uae/toyota/toyota-hiace/2024/,2026-06-12T08:25:28Z,2,98577
toyota-hiace,2024,3.5L commuter van,136900,138000,137450,"AED 136,900 - 138,000",AED,https://www.drivearabia.com/carprices/uae/toyota/toyota-hiace/2024/,2026-06-12T08:25:28Z,2,108874
toyota-hiace,2025,3.5L V6 commuter MT RWD,142900,143000,142950,"AED 142,900 - 143,000",AED,https://www.drivearabia.com/carprices/uae/toyota/toyota-hiace/2025/,2026-06-12T08:25:29Z,1,127226
toyota-hiace,2025,3.5L V6 commuter AT RWD,148900,150000,149450,"AED 148,900 - 150,000",AED,https://www.drivearabia.com/carprices/uae/toyota/toyota-hiace/2025/,2026-06-12T08:25:29Z,1,133010
toyota-hiace,2026,3.5L V6 Panel Van MT RWD,131900,135900,133900,"AED 131,900 - 135,900",AED,https://www.drivearabia.com/carprices/uae/toyota/toyota-hiace/2026/,2026-06-12T08:25:31Z,0,133900
toyota-hiace,2026,3.5L V6 commuter MT RWD,144900,145000,144950,"AED 144,900 - 145,000",AED,https://www.drivearabia.com/carprices/uae/toyota/toyota-hiace/2026/,2026-06-12T08:25:31Z,0,144950
toyota-hiace,2026,3.5L V6 commuter AT RWD,150900,151000,150950,"AED 150,900 - 151,000",AED,https://www.drivearabia.com/carprices/uae/toyota/toyota-hiace/2026/,2026-06-12T08:25:31Z,0,150950
toyota-highlander,2020,GXR 4WD,154900,155000,154950,"AED 154,900 - 155,000",AED,https://www.drivearabia.com/carprices/uae/toyota/toyota-highlander/2020/,2026-06-12T08:26:01Z,6,71959
toyota-highlander,2020,VXR 4WD,179900,180000,179950,"AED 179,900 - 180,000",AED,https://www.drivearabia.com/carprices/uae/toyota/toyota-highlander/2020/,2026-06-12T08:26:01Z,6,83570
toyota-highlander,2021,GXR 4WD,154900,155000,154950,"AED 154,900 - 155,000",AED,https://www.drivearabia.com/carprices/uae/toyota/toyota-highlander/2021/,2026-06-12T08:26:03Z,5,81772
toyota-highlander,2021,VXR 4WD,179900,180000,179950,"AED 179,900 - 180,000",AED,https://www.drivearabia.com/carprices/uae/toyota/toyota-highlander/2021/,2026-06-12T08:26:03Z,5,94965
toyota-highlander,2022,GXR 4WD,154900,155000,154950,"AED 154,900 - 155,000",AED,https://www.drivearabia.com/carprices/uae/toyota/toyota-highlander/2022/,2026-06-12T08:26:05Z,4,92923
toyota-highlander,2022,VXR 4WD,179900,180000,179950,"AED 179,900 - 180,000",AED,https://www.drivearabia.com/carprices/uae/toyota/toyota-highlander/2022/,2026-06-12T08:26:05Z,4,107915
toyota-highlander,2023,2.5H I4 GXR 4WD,169900,170000,169950,"AED 169,900 - 170,000",AED,https://www.drivearabia.com/carprices/uae/toyota/toyota-highlander/2023/,2026-06-12T08:26:06Z,3,115816
toyota-highlander,2023,2.5H I4 VXR 4WD,199900,200000,199950,"AED 199,900 - 200,000",AED,https://www.drivearabia.com/carprices/uae/toyota/toyota-highlander/2023/,2026-06-12T08:26:06Z,3,136260
toyota-highlander,2024,2.5H I4 GXR 4WD,169900,170000,169950,"AED 169,900 - 170,000",AED,https://www.drivearabia.com/carprices/uae/toyota/toyota-highlander/2024/,2026-06-12T08:26:08Z,2,131609
toyota-highlander,2024,2.5H I4 VXR 4WD,199900,200000,199950,"AED 199,900 - 200,000",AED,https://www.drivearabia.com/carprices/uae/toyota/toyota-highlander/2024/,2026-06-12T08:26:08Z,2,154841
toyota-highlander,2025,2.5H I4 GXR 4WD,169900,170000,169950,"AED 169,900 - 170,000",AED,https://www.drivearabia.com/carprices/uae/toyota/toyota-highlander/2025/,2026-06-12T08:26:10Z,1,149556
toyota-highlander,2025,2.5H I4 VXR 4WD,199900,200000,199950,"AED 199,900 - 200,000",AED,https://www.drivearabia.com/carprices/uae/toyota/toyota-highlander/2025/,2026-06-12T08:26:10Z,1,175956
toyota-hilux,2012,2.0L Single Cab,65000,80500,72750,"AED 65,000 - 80,500",AED,https://www.drivearabia.com/carprices/uae/toyota/toyota-hilux/2012/,2026-06-12T08:26:37Z,14,19427
toyota-hilux,2012,2.0L Double Cab,67500,80500,74000,"AED 67,500 - 80,500",AED,https://www.drivearabia.com/carprices/uae/toyota/toyota-hilux/2012/,2026-06-12T08:26:37Z,14,19761
toyota-hilux,2012,2.7L Single Cab,70000,86000,78000,"AED 70,000 - 86,000",AED,https://www.drivearabia.com/carprices/uae/toyota/toyota-hilux/2012/,2026-06-12T08:26:37Z,14,20829
toyota-hilux,2012,2.7L Double Cab,86000,98000,92000,"AED 86,000 - 98,000",AED,https://www.drivearabia.com/carprices/uae/toyota/toyota-hilux/2012/,2026-06-12T08:26:37Z,14,24568
toyota-hilux,2012,2.5L Double Cab,88000,92000,90000,"AED 88,000 - 92,000",AED,https://www.drivearabia.com/carprices/uae/toyota/toyota-hilux/2012/,2026-06-12T08:26:37Z,14,24034
toyota-hilux,2013,2.0L Single Cab,65000,80500,72750,"AED 65,000 - 80,500",AED,https://www.drivearabia.com/carprices/uae/toyota/toyota-hilux/2013/,2026-06-12T08:26:38Z,13,21349
toyota-hilux,2013,2.0L Double Cab,67500,80500,74000,"AED 67,500 - 80,500",AED,https://www.drivearabia.com/carprices/uae/toyota/toyota-hilux/2013/,2026-06-12T08:26:38Z,13,21715
toyota-hilux,2013,2.7L Single Cab,70000,86000,78000,"AED 70,000 - 86,000",AED,https://www.drivearabia.com/carprices/uae/toyota/toyota-hilux/2013/,2026-06-12T08:26:38Z,13,22889
toyota-hilux,2013,2.7L Double Cab,86000,98000,92000,"AED 86,000 - 98,000",AED,https://www.drivearabia.com/carprices/uae/toyota/toyota-hilux/2013/,2026-06-12T08:26:38Z,13,26998
toyota-hilux,2013,2.5L Double Cab,88000,92000,90000,"AED 88,000 - 92,000",AED,https://www.drivearabia.com/carprices/uae/toyota/toyota-hilux/2013/,2026-06-12T08:26:38Z,13,26411
toyota-hilux,2014,2.0L Single Cab,65000,80500,72750,"AED 65,000 - 80,500",AED,https://www.drivearabia.com/carprices/uae/toyota/toyota-hilux/2014/,2026-06-12T08:26:40Z,12,23460
toyota-hilux,2014,2.0L Double Cab,67500,80500,74000,"AED 67,500 - 80,500",AED,https://www.drivearabia.com/carprices/uae/toyota/toyota-hilux/2014/,2026-06-12T08:26:40Z,12,23863
toyota-hilux,2014,2.7L Single Cab,70000,86000,78000,"AED 70,000 - 86,000",AED,https://www.drivearabia.com/carprices/uae/toyota/toyota-hilux/2014/,2026-06-12T08:26:40Z,12,25153
toyota-hilux,2014,2.7L Double Cab,86000,98000,92000,"AED 86,000 - 98,000",AED,https://www.drivearabia.com/carprices/uae/toyota/toyota-hilux/2014/,2026-06-12T08:26:40Z,12,29668
toyota-hilux,2014,2.5L Double Cab,88000,92000,90000,"AED 88,000 - 92,000",AED,https://www.drivearabia.com/carprices/uae/toyota/toyota-hilux/2014/,2026-06-12T08:26:40Z,12,29023
toyota-hilux,2015,2.0L Single Cab,65000,80500,72750,"AED 65,000 - 80,500",AED,https://www.drivearabia.com/carprices/uae/toyota/toyota-hilux/2015/,2026-06-12T08:26:42Z,11,25780
toyota-hilux,2015,2.0L Double Cab,67500,80500,74000,"AED 67,500 - 80,500",AED,https://www.drivearabia.com/carprices/uae/toyota/toyota-hilux/2015/,2026-06-12T08:26:42Z,11,26223
toyota-hilux,2015,2.7L Single Cab,70000,86000,78000,"AED 70,000 - 86,000",AED,https://www.drivearabia.com/carprices/uae/toyota/toyota-hilux/2015/,2026-06-12T08:26:42Z,11,27641
toyota-hilux,2015,2.7L Double Cab,86000,98000,92000,"AED 86,000 - 98,000",AED,https://www.drivearabia.com/carprices/uae/toyota/toyota-hilux/2015/,2026-06-12T08:26:42Z,11,32602
toyota-hilux,2015,2.5L Double Cab,88000,92000,90000,"AED 88,000 - 92,000",AED,https://www.drivearabia.com/carprices/uae/toyota/toyota-hilux/2015/,2026-06-12T08:26:42Z,11,31893
toyota-hilux,2016,2.0L Single Cab,68500,80500,74500,"AED 68,500 - 80,500",AED,https://www.drivearabia.com/carprices/uae/toyota/toyota-hilux/2016/,2026-06-12T08:26:44Z,10,29012
toyota-hilux,2016,2.0L Double Cab,70500,80500,75500,"AED 70,500 - 80,500",AED,https://www.drivearabia.com/carprices/uae/toyota/toyota-hilux/2016/,2026-06-12T08:26:44Z,10,29401
toyota-hilux,2016,2.7L Single Cab,73000,86000,79500,"AED 73,000 - 86,000",AED,https://www.drivearabia.com/carprices/uae/toyota/toyota-hilux/2016/,2026-06-12T08:26:44Z,10,30959
toyota-hilux,2016,2.7L Double Cab,89000,98000,93500,"AED 89,000 - 98,000",AED,https://www.drivearabia.com/carprices/uae/toyota/toyota-hilux/2016/,2026-06-12T08:26:44Z,10,36410
toyota-hilux,2016,2.4L Double Cab,91000,92000,91500,"AED 91,000 - 92,000",AED,https://www.drivearabia.com/carprices/uae/toyota/toyota-hilux/2016/,2026-06-12T08:26:44Z,10,35632
toyota-hilux,2017,2.0L Single Cab,68500,80500,74500,"AED 68,500 - 80,500",AED,https://www.drivearabia.com/carprices/uae/toyota/toyota-hilux/2017/,2026-06-12T08:26:46Z,9,31881
toyota-hilux,2017,2.0L Double Cab,70500,80500,75500,"AED 70,500 - 80,500",AED,https://www.drivearabia.com/carprices/uae/toyota/toyota-hilux/2017/,2026-06-12T08:26:46Z,9,32309
toyota-hilux,2017,2.7L Single Cab,73000,86000,79500,"AED 73,000 - 86,000",AED,https://www.drivearabia.com/carprices/uae/toyota/toyota-hilux/2017/,2026-06-12T08:26:46Z,9,34020
toyota-hilux,2017,2.7L Double Cab,89000,98000,93500,"AED 89,000 - 98,000",AED,https://www.drivearabia.com/carprices/uae/toyota/toyota-hilux/2017/,2026-06-12T08:26:46Z,9,40011
toyota-hilux,2017,2.4L Double Cab,91000,92000,91500,"AED 91,000 - 92,000",AED,https://www.drivearabia.com/carprices/uae/toyota/toyota-hilux/2017/,2026-06-12T08:26:46Z,9,39156
toyota-hilux,2018,2.7L Single Cab 4x2 MT,77000,80000,78500,"AED 77,000 - 80,000",AED,https://www.drivearabia.com/carprices/uae/toyota/toyota-hilux/2018/,2026-06-12T08:26:47Z,8,36915
toyota-hilux,2018,2.7L Double Cab 4x2 MT,85050,86000,85525,"AED 85,050 - 86,000",AED,https://www.drivearabia.com/carprices/uae/toyota/toyota-hilux/2018/,2026-06-12T08:26:47Z,8,40218
toyota-hilux,2018,2.7L Single Cab 4x4 MT,99250,100000,99625,"AED 99,250 - 100,000",AED,https://www.drivearabia.com/carprices/uae/toyota/toyota-hilux/2018/,2026-06-12T08:26:47Z,8,46849
toyota-hilux,2018,2.7L Double Cab 4x2 AT,99750,100000,99875,"AED 99,750 - 100,000",AED,https://www.drivearabia.com/carprices/uae/toyota/toyota-hilux/2018/,2026-06-12T08:26:47Z,8,46966
toyota-hilux,2018,2.7L Double Cab 4x4 AT,107650,121000,114325,"AED 107,650 - 121,000",AED,https://www.drivearabia.com/carprices/uae/toyota/toyota-hilux/2018/,2026-06-12T08:26:47Z,8,53762
toyota-hilux,2019,2.7L Single Cab 4x2 MT,77000,80000,78500,"AED 77,000 - 80,000",AED,https://www.drivearabia.com/carprices/uae/toyota/toyota-hilux/2019/,2026-06-12T08:26:49Z,7,40566
toyota-hilux,2019,2.7L Double Cab 4x2 MT,85050,86000,85525,"AED 85,050 - 86,000",AED,https://www.drivearabia.com/carprices/uae/toyota/toyota-hilux/2019/,2026-06-12T08:26:49Z,7,44196
toyota-hilux,2019,2.7L Single Cab 4x4 MT,99250,100000,99625,"AED 99,250 - 100,000",AED,https://www.drivearabia.com/carprices/uae/toyota/toyota-hilux/2019/,2026-06-12T08:26:49Z,7,51482
toyota-hilux,2019,2.7L Double Cab 4x2 AT,99750,100000,99875,"AED 99,750 - 100,000",AED,https://www.drivearabia.com/carprices/uae/toyota/toyota-hilux/2019/,2026-06-12T08:26:49Z,7,51612
toyota-hilux,2019,2.7L Double Cab 4x4 AT,107650,121000,114325,"AED 107,650 - 121,000",AED,https://www.drivearabia.com/carprices/uae/toyota/toyota-hilux/2019/,2026-06-12T08:26:49Z,7,59079
toyota-hilux,2020,2.7L Single Cab 4x2 MT,77000,80000,78500,"AED 77,000 - 80,000",AED,https://www.drivearabia.com/carprices/uae/toyota/toyota-hilux/2020/,2026-06-12T08:26:51Z,6,44578
toyota-hilux,2020,2.7L Double Cab 4x2 MT,85050,86000,85525,"AED 85,050 - 86,000",AED,https://www.drivearabia.com/carprices/uae/toyota/toyota-hilux/2020/,2026-06-12T08:26:51Z,6,48567
toyota-hilux,2020,2.7L Single Cab 4x4 MT,99250,100000,99625,"AED 99,250 - 100,000",AED,https://www.drivearabia.com/carprices/uae/toyota/toyota-hilux/2020/,2026-06-12T08:26:51Z,6,56574
toyota-hilux,2020,2.7L Double Cab 4x2 AT,99750,100000,99875,"AED 99,750 - 100,000",AED,https://www.drivearabia.com/carprices/uae/toyota/toyota-hilux/2020/,2026-06-12T08:26:51Z,6,56716
toyota-hilux,2020,2.7L Double Cab 4x4 AT,107650,121000,114325,"AED 107,650 - 121,000",AED,https://www.drivearabia.com/carprices/uae/toyota/toyota-hilux/2020/,2026-06-12T08:26:51Z,6,64922
toyota-hilux,2021,2.7 Single Cab 4x2,77700,78000,77850,"AED 77,700 - 78,000",AED,https://www.drivearabia.com/carprices/uae/toyota/toyota-hilux/2021/,2026-06-12T08:26:53Z,5,48581
toyota-hilux,2021,2.7 Double Cab 4x2,85000,86000,85500,"AED 85,000 - 86,000",AED,https://www.drivearabia.com/carprices/uae/toyota/toyota-hilux/2021/,2026-06-12T08:26:53Z,5,53355
toyota-hilux,2021,2.7 Single Cab 4x4,99250,100000,99625,"AED 99,250 - 100,000",AED,https://www.drivearabia.com/carprices/uae/toyota/toyota-hilux/2021/,2026-06-12T08:26:53Z,5,62169
toyota-hilux,2021,2.7 Double Cab 4x4,112000,115000,113500,"AED 112,000 - 115,000",AED,https://www.drivearabia.com/carprices/uae/toyota/toyota-hilux/2021/,2026-06-12T08:26:53Z,5,70828
toyota-hilux,2021,4.0 V6 Double Cab 4x4,143000,144000,143500,"AED 143,000 - 144,000",AED,https://www.drivearabia.com/carprices/uae/toyota/toyota-hilux/2021/,2026-06-12T08:26:53Z,5,89549
toyota-hilux,2022,2.7 Single Cab 4x2,77700,78000,77850,"AED 77,700 - 78,000",AED,https://www.drivearabia.com/carprices/uae/toyota/toyota-hilux/2022/,2026-06-12T08:26:55Z,4,53386
toyota-hilux,2022,2.7 Double Cab 4x2,89900,90000,89950,"AED 89,900 - 90,000",AED,https://www.drivearabia.com/carprices/uae/toyota/toyota-hilux/2022/,2026-06-12T08:26:55Z,4,61683
toyota-hilux,2022,2.7 Single Cab 4x4,99250,100000,99625,"AED 99,250 - 100,000",AED,https://www.drivearabia.com/carprices/uae/toyota/toyota-hilux/2022/,2026-06-12T08:26:55Z,4,68318
toyota-hilux,2022,2.7 Double Cab 4x4,115000,116000,115500,"AED 115,000 - 116,000",AED,https://www.drivearabia.com/carprices/uae/toyota/toyota-hilux/2022/,2026-06-12T08:26:55Z,4,79204
toyota-hilux,2022,4.0 V6 Hilux GR Sport,147900,148000,147950,"AED 147,900 - 148,000",AED,https://www.drivearabia.com/carprices/uae/toyota/toyota-hilux/2022/,2026-06-12T08:26:55Z,4,101457
toyota-hilux,2023,2.7 Single Cab 4x2,77700,78000,77850,"AED 77,700 - 78,000",AED,https://www.drivearabia.com/carprices/uae/toyota/toyota-hilux/2023/,2026-06-12T08:26:56Z,3,58666
toyota-hilux,2023,2.7 Double Cab 4x2,89900,90000,89950,"AED 89,900 - 90,000",AED,https://www.drivearabia.com/carprices/uae/toyota/toyota-hilux/2023/,2026-06-12T08:26:56Z,3,67784
toyota-hilux,2023,2.7 Single Cab 4x4,99250,100000,99625,"AED 99,250 - 100,000",AED,https://www.drivearabia.com/carprices/uae/toyota/toyota-hilux/2023/,2026-06-12T08:26:56Z,3,75075
toyota-hilux,2023,2.7 Double Cab 4x4,115000,116000,115500,"AED 115,000 - 116,000",AED,https://www.drivearabia.com/carprices/uae/toyota/toyota-hilux/2023/,2026-06-12T08:26:56Z,3,87037
toyota-hilux,2023,4.0 V6 Hilux GR Sport,147900,148000,147950,"AED 147,900 - 148,000",AED,https://www.drivearabia.com/carprices/uae/toyota/toyota-hilux/2023/,2026-06-12T08:26:56Z,3,111491
toyota-hilux,2024,2.7 Single Cab 4x2,77700,78000,77850,"AED 77,700 - 78,000",AED,https://www.drivearabia.com/carprices/uae/toyota/toyota-hilux/2024/,2026-06-12T08:26:58Z,2,64468
toyota-hilux,2024,2.7 Double Cab 4x2,89900,90000,89950,"AED 89,900 - 90,000",AED,https://www.drivearabia.com/carprices/uae/toyota/toyota-hilux/2024/,2026-06-12T08:26:58Z,2,74488
toyota-hilux,2024,2.7 Single Cab 4x4,99250,100000,99625,"AED 99,250 - 100,000",AED,https://www.drivearabia.com/carprices/uae/toyota/toyota-hilux/2024/,2026-06-12T08:26:58Z,2,82499
toyota-hilux,2024,2.7 Double Cab 4x4,115000,116000,115500,"AED 115,000 - 116,000",AED,https://www.drivearabia.com/carprices/uae/toyota/toyota-hilux/2024/,2026-06-12T08:26:58Z,2,95646
toyota-hilux,2024,4.0 V6 Hilux GR Sport,147900,148000,147950,"AED 147,900 - 148,000",AED,https://www.drivearabia.com/carprices/uae/toyota/toyota-hilux/2024/,2026-06-12T08:26:58Z,2,122517
toyota-hilux,2025,2.7 Single Cab 4x2,77700,78000,77850,"AED 77,700 - 78,000",AED,https://www.drivearabia.com/carprices/uae/toyota/toyota-hilux/2025/,2026-06-12T08:27:00Z,1,70844
toyota-hilux,2025,2.7 Double Cab 4x2,89900,90000,89950,"AED 89,900 - 90,000",AED,https://www.drivearabia.com/carprices/uae/toyota/toyota-hilux/2025/,2026-06-12T08:27:00Z,1,81854
toyota-hilux,2025,2.7 Single Cab 4x4,99250,100000,99625,"AED 99,250 - 100,000",AED,https://www.drivearabia.com/carprices/uae/toyota/toyota-hilux/2025/,2026-06-12T08:27:00Z,1,90659
toyota-hilux,2025,2.7 Double Cab 4x4,115000,116000,115500,"AED 115,000 - 116,000",AED,https://www.drivearabia.com/carprices/uae/toyota/toyota-hilux/2025/,2026-06-12T08:27:00Z,1,105105
toyota-hilux,2025,4.0 V6 Hilux GR Sport,147900,148000,147950,"AED 147,900 - 148,000",AED,https://www.drivearabia.com/carprices/uae/toyota/toyota-hilux/2025/,2026-06-12T08:27:00Z,1,134634
toyota-hilux,2026,2.7 Single Cab 4x2,77700,78000,77850,"AED 77,700 - 78,000",AED,https://www.drivearabia.com/carprices/uae/toyota/toyota-hilux/2026/,2026-06-12T08:27:02Z,0,77850
toyota-hilux,2026,2.7 Double Cab 4x2,89900,90000,89950,"AED 89,900 - 90,000",AED,https://www.drivearabia.com/carprices/uae/toyota/toyota-hilux/2026/,2026-06-12T08:27:02Z,0,89950
toyota-hilux,2026,2.7 Single Cab 4x4,99250,100000,99625,"AED 99,250 - 100,000",AED,https://www.drivearabia.com/carprices/uae/toyota/toyota-hilux/2026/,2026-06-12T08:27:02Z,0,99625
toyota-hilux,2026,2.7 Double Cab 4x4,115000,116000,115500,"AED 115,000 - 116,000",AED,https://www.drivearabia.com/carprices/uae/toyota/toyota-hilux/2026/,2026-06-12T08:27:02Z,0,115500
toyota-hilux,2026,4.0 V6 Hilux GR Sport,147900,148000,147950,"AED 147,900 - 148,000",AED,https://www.drivearabia.com/carprices/uae/toyota/toyota-hilux/2026/,2026-06-12T08:27:02Z,0,147950
toyota-innova,2012,manual,72000,77000,74500,"AED 72,000 - 77,000",AED,https://www.drivearabia.com/carprices/uae/toyota/toyota-innova/2012/,2026-06-12T08:27:27Z,14,12443
toyota-innova,2012,automatic,83000,87000,85000,"AED 83,000 - 87,000",AED,https://www.drivearabia.com/carprices/uae/toyota/toyota-innova/2012/,2026-06-12T08:27:27Z,14,14196
toyota-innova,2013,manual,72000,77000,74500,"AED 72,000 - 77,000",AED,https://www.drivearabia.com/carprices/uae/toyota/toyota-innova/2013/,2026-06-12T08:27:28Z,13,14139
toyota-innova,2013,automatic,83000,87000,85000,"AED 83,000 - 87,000",AED,https://www.drivearabia.com/carprices/uae/toyota/toyota-innova/2013/,2026-06-12T08:27:28Z,13,16132
toyota-innova,2014,manual,72000,77000,74500,"AED 72,000 - 77,000",AED,https://www.drivearabia.com/carprices/uae/toyota/toyota-innova/2014/,2026-06-12T08:27:30Z,12,16068
toyota-innova,2014,automatic,83000,87000,85000,"AED 83,000 - 87,000",AED,https://www.drivearabia.com/carprices/uae/toyota/toyota-innova/2014/,2026-06-12T08:27:30Z,12,18332
toyota-innova,2018,SE,99650,100000,99825,"AED 99,650 - 100,000",AED,https://www.drivearabia.com/carprices/uae/toyota/toyota-innova/2018/,2026-06-12T08:27:38Z,8,35901
toyota-innova,2018,SE,105550,106000,105775,"AED 105,550 - 106,000",AED,https://www.drivearabia.com/carprices/uae/toyota/toyota-innova/2018/,2026-06-12T08:27:38Z,8,38040
toyota-innova,2019,SE,99650,100000,99825,"AED 99,650 - 100,000",AED,https://www.drivearabia.com/carprices/uae/toyota/toyota-innova/2019/,2026-06-12T08:27:40Z,7,40796
toyota-innova,2019,SE,105550,106000,105775,"AED 105,550 - 106,000",AED,https://www.drivearabia.com/carprices/uae/toyota/toyota-innova/2019/,2026-06-12T08:27:40Z,7,43228
toyota-innova,2020,SE,99650,100000,99825,"AED 99,650 - 100,000",AED,https://www.drivearabia.com/carprices/uae/toyota/toyota-innova/2020/,2026-06-12T08:27:42Z,6,46359
toyota-innova,2020,SE,105550,106000,105775,"AED 105,550 - 106,000",AED,https://www.drivearabia.com/carprices/uae/toyota/toyota-innova/2020/,2026-06-12T08:27:42Z,6,49122
toyota-innova,2021,SE,99650,100000,99825,"AED 99,650 - 100,000",AED,https://www.drivearabia.com/carprices/uae/toyota/toyota-innova/2021/,2026-06-12T08:27:43Z,5,52681
toyota-innova,2021,SE,105550,106000,105775,"AED 105,550 - 106,000",AED,https://www.drivearabia.com/carprices/uae/toyota/toyota-innova/2021/,2026-06-12T08:27:43Z,5,55821
toyota-innova,2022,SE,99650,100000,99825,"AED 99,650 - 100,000",AED,https://www.drivearabia.com/carprices/uae/toyota/toyota-innova/2022/,2026-06-12T08:27:45Z,4,59865
toyota-innova,2022,SE,105550,106000,105775,"AED 105,550 - 106,000",AED,https://www.drivearabia.com/carprices/uae/toyota/toyota-innova/2022/,2026-06-12T08:27:45Z,4,63433
toyota-innova,2023,2.0H I4 HEV FWD,137900,138900,138400,"AED 137,900 - 138,900",AED,https://www.drivearabia.com/carprices/uae/toyota/toyota-innova/2023/,2026-06-12T08:27:47Z,3,94316
toyota-innova,2025,2.0H I4 HEV FWD,126900,138900,132900,"AED 126,900 - 138,900",AED,https://www.drivearabia.com/carprices/uae/toyota/toyota-innova/2025/,2026-06-12T08:27:50Z,1,116952
toyota-innova,2026,2.0H I4 HEV FWD,126900,138900,132900,"AED 126,900 - 138,900",AED,https://www.drivearabia.com/carprices/uae/toyota/toyota-innova/2026/,2026-06-12T08:27:52Z,0,132900
toyota-land-cruiser,2010,4.5L Diesel,167000,204000,185500,"AED 167,000 - 204,000",AED,https://www.drivearabia.com/carprices/uae/toyota/toyota-land-cruiser/2010/,2026-06-12T08:28:19Z,16,23992
toyota-land-cruiser,2010,4.0L Xtreme,247000,262000,254500,"AED 247,000 - 262,000",AED,https://www.drivearabia.com/carprices/uae/toyota/toyota-land-cruiser/2010/,2026-06-12T08:28:19Z,16,32916
toyota-land-cruiser,2010,4.7L Xtreme,306000,315000,310500,"AED 306,000 - 315,000",AED,https://www.drivearabia.com/carprices/uae/toyota/toyota-land-cruiser/2010/,2026-06-12T08:28:19Z,16,40159
toyota-land-cruiser,2010,5.7L Xtreme,338000,340000,339000,"AED 338,000 - 340,000",AED,https://www.drivearabia.com/carprices/uae/toyota/toyota-land-cruiser/2010/,2026-06-12T08:28:19Z,16,43845
toyota-land-cruiser,2011,4.5L Diesel,167000,204000,185500,"AED 167,000 - 204,000",AED,https://www.drivearabia.com/carprices/uae/toyota/toyota-land-cruiser/2011/,2026-06-12T08:28:21Z,15,27264
toyota-land-cruiser,2011,4.0L Xtreme,247000,262000,254500,"AED 247,000 - 262,000",AED,https://www.drivearabia.com/carprices/uae/toyota/toyota-land-cruiser/2011/,2026-06-12T08:28:21Z,15,37405
toyota-land-cruiser,2011,4.7L Xtreme,306000,315000,310500,"AED 306,000 - 315,000",AED,https://www.drivearabia.com/carprices/uae/toyota/toyota-land-cruiser/2011/,2026-06-12T08:28:21Z,15,45635
toyota-land-cruiser,2011,5.7L Xtreme,338000,340000,339000,"AED 338,000 - 340,000",AED,https://www.drivearabia.com/carprices/uae/toyota/toyota-land-cruiser/2011/,2026-06-12T08:28:21Z,15,49824
toyota-land-cruiser,2014,4.0L Safari,185000,186000,185500,"AED 185,000 - 186,000",AED,https://www.drivearabia.com/carprices/uae/toyota/toyota-land-cruiser/2014/,2026-06-12T08:28:26Z,12,40007
toyota-land-cruiser,2014,4.0L EXR/GXR,199900,226000,212950,"AED 199,900 - 226,000",AED,https://www.drivearabia.com/carprices/uae/toyota/toyota-land-cruiser/2014/,2026-06-12T08:28:26Z,12,45927
toyota-land-cruiser,2014,4.6L EXR/GXR,216000,243000,229500,"AED 216,000 - 243,000",AED,https://www.drivearabia.com/carprices/uae/toyota/toyota-land-cruiser/2014/,2026-06-12T08:28:26Z,12,49497
toyota-land-cruiser,2014,4.6L VXR,287000,288000,287500,"AED 287,000 - 288,000",AED,https://www.drivearabia.com/carprices/uae/toyota/toyota-land-cruiser/2014/,2026-06-12T08:28:26Z,12,62005
toyota-land-cruiser,2014,5.7L VXR,307000,308000,307500,"AED 307,000 - 308,000",AED,https://www.drivearabia.com/carprices/uae/toyota/toyota-land-cruiser/2014/,2026-06-12T08:28:26Z,12,66319
toyota-land-cruiser,2015,4.0L Safari,186000,187000,186500,"AED 186,000 - 187,000",AED,https://www.drivearabia.com/carprices/uae/toyota/toyota-land-cruiser/2015/,2026-06-12T08:28:28Z,11,45708
toyota-land-cruiser,2015,4.0L EXR/GXR,204000,233000,218500,"AED 204,000 - 233,000",AED,https://www.drivearabia.com/carprices/uae/toyota/toyota-land-cruiser/2015/,2026-06-12T08:28:28Z,11,53550
toyota-land-cruiser,2015,4.6L EXR/GXR,224000,253000,238500,"AED 224,000 - 253,000",AED,https://www.drivearabia.com/carprices/uae/toyota/toyota-land-cruiser/2015/,2026-06-12T08:28:28Z,11,58452
toyota-land-cruiser,2015,5.7L EXR/GXR,244000,273000,258500,"AED 244,000 - 273,000",AED,https://www.drivearabia.com/carprices/uae/toyota/toyota-land-cruiser/2015/,2026-06-12T08:28:28Z,11,63353
toyota-land-cruiser,2015,4.6L VXR,290000,291000,290500,"AED 290,000 - 291,000",AED,https://www.drivearabia.com/carprices/uae/toyota/toyota-land-cruiser/2015/,2026-06-12T08:28:28Z,11,71196
toyota-land-cruiser,2015,5.7L VXR,315000,316000,315500,"AED 315,000 - 316,000",AED,https://www.drivearabia.com/carprices/uae/toyota/toyota-land-cruiser/2015/,2026-06-12T08:28:28Z,11,77323
toyota-land-cruiser,2016,4.0L EXR,209000,213000,211000,"AED 209,000 - 213,000",AED,https://www.drivearabia.com/carprices/uae/toyota/toyota-land-cruiser/2016/,2026-06-12T08:28:30Z,10,58764
toyota-land-cruiser,2016,4.6L EXR,229000,234000,231500,"AED 229,000 - 234,000",AED,https://www.drivearabia.com/carprices/uae/toyota/toyota-land-cruiser/2016/,2026-06-12T08:28:30Z,10,64473
toyota-land-cruiser,2016,4.0L GXR,238000,242000,240000,"AED 238,000 - 242,000",AED,https://www.drivearabia.com/carprices/uae/toyota/toyota-land-cruiser/2016/,2026-06-12T08:28:30Z,10,66840
toyota-land-cruiser,2016,5.7L EXR,249000,253000,251000,"AED 249,000 - 253,000",AED,https://www.drivearabia.com/carprices/uae/toyota/toyota-land-cruiser/2016/,2026-06-12T08:28:30Z,10,69904
toyota-land-cruiser,2016,4.6L GXR,258000,263000,260500,"AED 258,000 - 263,000",AED,https://www.drivearabia.com/carprices/uae/toyota/toyota-land-cruiser/2016/,2026-06-12T08:28:30Z,10,72550
toyota-land-cruiser,2016,5.7L GXR,278000,282000,280000,"AED 278,000 - 282,000",AED,https://www.drivearabia.com/carprices/uae/toyota/toyota-land-cruiser/2016/,2026-06-12T08:28:30Z,10,77980
toyota-land-cruiser,2016,4.6L VXR,295000,300000,297500,"AED 295,000 - 300,000",AED,https://www.drivearabia.com/carprices/uae/toyota/toyota-land-cruiser/2016/,2026-06-12T08:28:30Z,10,82854
toyota-land-cruiser,2016,5.7L VXR,325000,329000,327000,"AED 325,000 - 329,000",AED,https://www.drivearabia.com/carprices/uae/toyota/toyota-land-cruiser/2016/,2026-06-12T08:28:30Z,10,91070
toyota-land-cruiser,2017,4.0L EXR,199000,213000,206000,"AED 199,000 - 213,000",AED,https://www.drivearabia.com/carprices/uae/toyota/toyota-land-cruiser/2017/,2026-06-12T08:28:32Z,9,65195
toyota-land-cruiser,2017,4.6L EXR,229000,234000,231500,"AED 229,000 - 234,000",AED,https://www.drivearabia.com/carprices/uae/toyota/toyota-land-cruiser/2017/,2026-06-12T08:28:32Z,9,73265
toyota-land-cruiser,2017,4.0L GXR,238000,242000,240000,"AED 238,000 - 242,000",AED,https://www.drivearabia.com/carprices/uae/toyota/toyota-land-cruiser/2017/,2026-06-12T08:28:32Z,9,75955
toyota-land-cruiser,2017,5.7L EXR,249000,253000,251000,"AED 249,000 - 253,000",AED,https://www.drivearabia.com/carprices/uae/toyota/toyota-land-cruiser/2017/,2026-06-12T08:28:32Z,9,79436
toyota-land-cruiser,2017,4.6L GXR,258000,263000,260500,"AED 258,000 - 263,000",AED,https://www.drivearabia.com/carprices/uae/toyota/toyota-land-cruiser/2017/,2026-06-12T08:28:32Z,9,82443
toyota-land-cruiser,2017,5.7L GXR,278000,282000,280000,"AED 278,000 - 282,000",AED,https://www.drivearabia.com/carprices/uae/toyota/toyota-land-cruiser/2017/,2026-06-12T08:28:32Z,9,88614
toyota-land-cruiser,2017,4.6L VXR,295000,300000,297500,"AED 295,000 - 300,000",AED,https://www.drivearabia.com/carprices/uae/toyota/toyota-land-cruiser/2017/,2026-06-12T08:28:32Z,9,94152
toyota-land-cruiser,2017,5.7L VXR,325000,329000,327000,"AED 325,000 - 329,000",AED,https://www.drivearabia.com/carprices/uae/toyota/toyota-land-cruiser/2017/,2026-06-12T08:28:32Z,9,103488
toyota-land-cruiser,2018,4.0L EXR,199000,213000,206000,"AED 199,000 - 213,000",AED,https://www.drivearabia.com/carprices/uae/toyota/toyota-land-cruiser/2018/,2026-06-12T08:28:33Z,8,74085
toyota-land-cruiser,2018,4.0L GXR,238000,242000,240000,"AED 238,000 - 242,000",AED,https://www.drivearabia.com/carprices/uae/toyota/toyota-land-cruiser/2018/,2026-06-12T08:28:33Z,8,86312
toyota-land-cruiser,2018,4.6L EXR,239900,240000,239950,"AED 239,900 - 240,000",AED,https://www.drivearabia.com/carprices/uae/toyota/toyota-land-cruiser/2018/,2026-06-12T08:28:33Z,8,86294
toyota-land-cruiser,2018,5.7L EXR,262900,263000,262950,"AED 262,900 - 263,000",AED,https://www.drivearabia.com/carprices/uae/toyota/toyota-land-cruiser/2018/,2026-06-12T08:28:33Z,8,94566
toyota-land-cruiser,2018,4.6L GXR,283900,284000,283950,"AED 283,900 - 284,000",AED,https://www.drivearabia.com/carprices/uae/toyota/toyota-land-cruiser/2018/,2026-06-12T08:28:33Z,8,102118
toyota-land-cruiser,2018,5.7L GXR,306900,307000,306950,"AED 306,900 - 307,000",AED,https://www.drivearabia.com/carprices/uae/toyota/toyota-land-cruiser/2018/,2026-06-12T08:28:33Z,8,110390
toyota-land-cruiser,2018,4.6L VXR,315900,316000,315950,"AED 315,900 - 316,000",AED,https://www.drivearabia.com/carprices/uae/toyota/toyota-land-cruiser/2018/,2026-06-12T08:28:33Z,8,113627
toyota-land-cruiser,2018,5.7L VXR,349000,350000,349500,"AED 349,000 - 350,000",AED,https://www.drivearabia.com/carprices/uae/toyota/toyota-land-cruiser/2018/,2026-06-12T08:28:33Z,8,125692
toyota-land-cruiser,2019,4.0L EXR,215900,216000,215950,"AED 215,900 - 216,000",AED,https://www.drivearabia.com/carprices/uae/toyota/toyota-land-cruiser/2019/,2026-06-12T08:28:35Z,7,88253
toyota-land-cruiser,2019,4.6L EXR,239900,240000,239950,"AED 239,900 - 240,000",AED,https://www.drivearabia.com/carprices/uae/toyota/toyota-land-cruiser/2019/,2026-06-12T08:28:35Z,7,98062
toyota-land-cruiser,2019,4.0L GXR,249900,250000,249950,"AED 249,900 - 250,000",AED,https://www.drivearabia.com/carprices/uae/toyota/toyota-land-cruiser/2019/,2026-06-12T08:28:35Z,7,102148
toyota-land-cruiser,2019,5.7L EXR,259900,260000,259950,"AED 259,900 - 260,000",AED,https://www.drivearabia.com/carprices/uae/toyota/toyota-land-cruiser/2019/,2026-06-12T08:28:35Z,7,106235
toyota-land-cruiser,2019,4.6L GXR GT,275900,276000,275950,"AED 275,900 - 276,000",AED,https://www.drivearabia.com/carprices/uae/toyota/toyota-land-cruiser/2019/,2026-06-12T08:28:35Z,7,112774
toyota-land-cruiser,2019,5.7L GXR,299900,300000,299950,"AED 299,900 - 300,000",AED,https://www.drivearabia.com/carprices/uae/toyota/toyota-land-cruiser/2019/,2026-06-12T08:28:35Z,7,122582
toyota-land-cruiser,2019,5.7L VXR,329000,330000,329500,"AED 329,000 - 330,000",AED,https://www.drivearabia.com/carprices/uae/toyota/toyota-land-cruiser/2019/,2026-06-12T08:28:35Z,7,134659
toyota-land-cruiser,2020,4.0L V6 Heritage Edition,170000,171000,170500,"AED 170,000 - 171,000",AED,https://www.drivearabia.com/carprices/uae/toyota/toyota-land-cruiser/2020/,2026-06-12T08:28:37Z,6,79181
toyota-land-cruiser,2020,4.0L EXR,215900,216000,215950,"AED 215,900 - 216,000",AED,https://www.drivearabia.com/carprices/uae/toyota/toyota-land-cruiser/2020/,2026-06-12T08:28:37Z,6,100288
toyota-land-cruiser,2020,4.6L V8 Heritage Edition,225000,226000,225500,"AED 225,000 - 226,000",AED,https://www.drivearabia.com/carprices/uae/toyota/toyota-land-cruiser/2020/,2026-06-12T08:28:37Z,6,104723
toyota-land-cruiser,2020,4.6L EXR,239900,240000,239950,"AED 239,900 - 240,000",AED,https://www.drivearabia.com/carprices/uae/toyota/toyota-land-cruiser/2020/,2026-06-12T08:28:37Z,6,111434
toyota-land-cruiser,2020,4.0L GXR,249900,250000,249950,"AED 249,900 - 250,000",AED,https://www.drivearabia.com/carprices/uae/toyota/toyota-land-cruiser/2020/,2026-06-12T08:28:37Z,6,116078
toyota-land-cruiser,2020,5.7L EXR,259900,260000,259950,"AED 259,900 - 260,000",AED,https://www.drivearabia.com/carprices/uae/toyota/toyota-land-cruiser/2020/,2026-06-12T08:28:37Z,6,120722
toyota-land-cruiser,2020,4.6L GXR GT,275900,276000,275950,"AED 275,900 - 276,000",AED,https://www.drivearabia.com/carprices/uae/toyota/toyota-land-cruiser/2020/,2026-06-12T08:28:37Z,6,128152
toyota-land-cruiser,2020,5.7L GXR,299900,300000,299950,"AED 299,900 - 300,000",AED,https://www.drivearabia.com/carprices/uae/toyota/toyota-land-cruiser/2020/,2026-06-12T08:28:37Z,6,139298
toyota-land-cruiser,2020,5.7L VXR,329000,330000,329500,"AED 329,000 - 330,000",AED,https://www.drivearabia.com/carprices/uae/toyota/toyota-land-cruiser/2020/,2026-06-12T08:28:37Z,6,153021
toyota-land-cruiser,2021,4.0L EXR,215900,216000,215950,"AED 215,900 - 216,000",AED,https://www.drivearabia.com/carprices/uae/toyota/toyota-land-cruiser/2021/,2026-06-12T08:28:39Z,5,113964
toyota-land-cruiser,2021,4.6L EXR,239900,240000,239950,"AED 239,900 - 240,000",AED,https://www.drivearabia.com/carprices/uae/toyota/toyota-land-cruiser/2021/,2026-06-12T08:28:39Z,5,126629
toyota-land-cruiser,2021,4.0L GXR,249900,250000,249950,"AED 249,900 - 250,000",AED,https://www.drivearabia.com/carprices/uae/toyota/toyota-land-cruiser/2021/,2026-06-12T08:28:39Z,5,131907
toyota-land-cruiser,2021,5.7L EXR,259900,260000,259950,"AED 259,900 - 260,000",AED,https://www.drivearabia.com/carprices/uae/toyota/toyota-land-cruiser/2021/,2026-06-12T08:28:39Z,5,137184
toyota-land-cruiser,2021,4.6L GXR GT,275900,276000,275950,"AED 275,900 - 276,000",AED,https://www.drivearabia.com/carprices/uae/toyota/toyota-land-cruiser/2021/,2026-06-12T08:28:39Z,5,145628
toyota-land-cruiser,2021,5.7L GXR,299900,300000,299950,"AED 299,900 - 300,000",AED,https://www.drivearabia.com/carprices/uae/toyota/toyota-land-cruiser/2021/,2026-06-12T08:28:39Z,5,158293
toyota-land-cruiser,2021,5.7L VXR,329000,330000,329500,"AED 329,000 - 330,000",AED,https://www.drivearabia.com/carprices/uae/toyota/toyota-land-cruiser/2021/,2026-06-12T08:28:39Z,5,173888
toyota-land-cruiser,2022,4.0 V6 EXR,229900,230000,229950,"AED 229,900 - 230,000",AED,https://www.drivearabia.com/carprices/uae/toyota/toyota-land-cruiser/2022/,2026-06-12T08:28:41Z,4,137900
toyota-land-cruiser,2022,4.0 V6 GXR,259900,260000,259950,"AED 259,900 - 260,000",AED,https://www.drivearabia.com/carprices/uae/toyota/toyota-land-cruiser/2022/,2026-06-12T08:28:41Z,4,155891
toyota-land-cruiser,2022,4.0 V6 VXR,289900,290000,289950,"AED 289,900 - 290,000",AED,https://www.drivearabia.com/carprices/uae/toyota/toyota-land-cruiser/2022/,2026-06-12T08:28:41Z,4,173882
toyota-land-cruiser,2022,3.5T V6 EXR,297900,298000,297950,"AED 297,900 - 298,000",AED,https://www.drivearabia.com/carprices/uae/toyota/toyota-land-cruiser/2022/,2026-06-12T08:28:41Z,4,178679
toyota-land-cruiser,2022,3.5T V6 GXR,319900,320000,319950,"AED 319,900 - 320,000",AED,https://www.drivearabia.com/carprices/uae/toyota/toyota-land-cruiser/2022/,2026-06-12T08:28:41Z,4,191873
toyota-land-cruiser,2022,3.5T V6 VXR,354900,355000,354950,"AED 354,900 - 355,000",AED,https://www.drivearabia.com/carprices/uae/toyota/toyota-land-cruiser/2022/,2026-06-12T08:28:41Z,4,212862
toyota-land-cruiser,2023,4.0 V6 EXR 4WD,238900,239000,238950,"AED 238,900 - 239,000",AED,https://www.drivearabia.com/carprices/uae/toyota/toyota-land-cruiser/2023/,2026-06-12T08:28:43Z,3,162838
toyota-land-cruiser,2023,4.0 V6 GXR 4WD,269900,270000,269950,"AED 269,900 - 270,000",AED,https://www.drivearabia.com/carprices/uae/toyota/toyota-land-cruiser/2023/,2026-06-12T08:28:43Z,3,183963
toyota-land-cruiser,2023,3.5TC V6 EXR 4WD,307900,308000,307950,"AED 307,900 - 308,000",AED,https://www.drivearabia.com/carprices/uae/toyota/toyota-land-cruiser/2023/,2026-06-12T08:28:43Z,3,209859
toyota-land-cruiser,2023,3.5TC V6 Black Edition 4WD,307900,308000,307950,"AED 307,900 - 308,000",AED,https://www.drivearabia.com/carprices/uae/toyota/toyota-land-cruiser/2023/,2026-06-12T08:28:43Z,3,209859
toyota-land-cruiser,2023,4.0 V6 VXR 4WD,308900,309000,308950,"AED 308,900 - 309,000",AED,https://www.drivearabia.com/carprices/uae/toyota/toyota-land-cruiser/2023/,2026-06-12T08:28:43Z,3,210541
toyota-land-cruiser,2023,3.5TC V6 GXR 4WD,329900,330000,329950,"AED 329,900 - 330,000",AED,https://www.drivearabia.com/carprices/uae/toyota/toyota-land-cruiser/2023/,2026-06-12T08:28:43Z,3,224852
toyota-land-cruiser,2023,3.5TC V6 VXR 4WD,377900,378000,377950,"AED 377,900 - 378,000",AED,https://www.drivearabia.com/carprices/uae/toyota/toyota-land-cruiser/2023/,2026-06-12T08:28:43Z,3,257562
toyota-land-cruiser,2024,4.0 V6 EXR 4WD,238900,239000,238950,"AED 238,900 - 239,000",AED,https://www.drivearabia.com/carprices/uae/toyota/toyota-land-cruiser/2024/,2026-06-12T08:28:44Z,2,185043
toyota-land-cruiser,2024,4.0 V6 GXR 4WD,269900,270000,269950,"AED 269,900 - 270,000",AED,https://www.drivearabia.com/carprices/uae/toyota/toyota-land-cruiser/2024/,2026-06-12T08:28:44Z,2,209049
toyota-land-cruiser,2024,3.5TC V6 EXR 4WD,307900,308000,307950,"AED 307,900 - 308,000",AED,https://www.drivearabia.com/carprices/uae/toyota/toyota-land-cruiser/2024/,2026-06-12T08:28:44Z,2,238476
toyota-land-cruiser,2024,3.5TC V6 Black Edition 4WD,307900,308000,307950,"AED 307,900 - 308,000",AED,https://www.drivearabia.com/carprices/uae/toyota/toyota-land-cruiser/2024/,2026-06-12T08:28:44Z,2,238476
toyota-land-cruiser,2024,4.0 V6 VXR 4WD,308900,309000,308950,"AED 308,900 - 309,000",AED,https://www.drivearabia.com/carprices/uae/toyota/toyota-land-cruiser/2024/,2026-06-12T08:28:44Z,2,239251
toyota-land-cruiser,2024,3.5TC V6 GXR 4WD,329900,330000,329950,"AED 329,900 - 330,000",AED,https://www.drivearabia.com/carprices/uae/toyota/toyota-land-cruiser/2024/,2026-06-12T08:28:44Z,2,255513
toyota-land-cruiser,2024,3.5TC V6 VXR 4WD,377900,378000,377950,"AED 377,900 - 378,000",AED,https://www.drivearabia.com/carprices/uae/toyota/toyota-land-cruiser/2024/,2026-06-12T08:28:44Z,2,292684
toyota-land-cruiser,2025,4.0 V6 EXR 4WD,238900,239000,238950,"AED 238,900 - 239,000",AED,https://www.drivearabia.com/carprices/uae/toyota/toyota-land-cruiser/2025/,2026-06-12T08:28:46Z,1,210276
toyota-land-cruiser,2025,4.0 V6 GXR 4WD,269900,270000,269950,"AED 269,900 - 270,000",AED,https://www.drivearabia.com/carprices/uae/toyota/toyota-land-cruiser/2025/,2026-06-12T08:28:46Z,1,237556
toyota-land-cruiser,2025,3.5TC V6 EXR 4WD,307900,308000,307950,"AED 307,900 - 308,000",AED,https://www.drivearabia.com/carprices/uae/toyota/toyota-land-cruiser/2025/,2026-06-12T08:28:46Z,1,270996
toyota-land-cruiser,2025,3.5TC V6 Black Edition 4WD,307900,308000,307950,"AED 307,900 - 308,000",AED,https://www.drivearabia.com/carprices/uae/toyota/toyota-land-cruiser/2025/,2026-06-12T08:28:46Z,1,270996
toyota-land-cruiser,2025,4.0 V6 VXR 4WD,308900,309000,308950,"AED 308,900 - 309,000",AED,https://www.drivearabia.com/carprices/uae/toyota/toyota-land-cruiser/2025/,2026-06-12T08:28:46Z,1,271876
toyota-land-cruiser,2025,3.5TC V6 GXR 4WD,329900,330000,329950,"AED 329,900 - 330,000",AED,https://www.drivearabia.com/carprices/uae/toyota/toyota-land-cruiser/2025/,2026-06-12T08:28:46Z,1,290356
toyota-land-cruiser,2025,3.5TC V6 VXR 4WD,377900,378000,377950,"AED 377,900 - 378,000",AED,https://www.drivearabia.com/carprices/uae/toyota/toyota-land-cruiser/2025/,2026-06-12T08:28:46Z,1,332596
toyota-land-cruiser,2025,3.5TC V6 VXR Hybrid 4WD,389900,390000,389950,"AED 389,900 - 390,000",AED,https://www.drivearabia.com/carprices/uae/toyota/toyota-land-cruiser/2025/,2026-06-12T08:28:46Z,1,343156
toyota-land-cruiser,2025,3.5TC V6 GR-S Hybrid 4WD,409900,410000,409950,"AED 409,900 - 410,000",AED,https://www.drivearabia.com/carprices/uae/toyota/toyota-land-cruiser/2025/,2026-06-12T08:28:46Z,1,360756
toyota-land-cruiser,2026,4.0 V6 EXR 4WD,239900,240000,239950,"AED 239,900 - 240,000",AED,https://www.drivearabia.com/carprices/uae/toyota/toyota-land-cruiser/2026/,2026-06-12T08:28:48Z,0,239950
toyota-land-cruiser,2026,4.0 V6 GXR 4WD,274900,275000,274950,"AED 274,900 - 275,000",AED,https://www.drivearabia.com/carprices/uae/toyota/toyota-land-cruiser/2026/,2026-06-12T08:28:48Z,0,274950
toyota-land-cruiser,2026,3.5TC V6 Black Edition 4WD,307900,308000,307950,"AED 307,900 - 308,000",AED,https://www.drivearabia.com/carprices/uae/toyota/toyota-land-cruiser/2026/,2026-06-12T08:28:48Z,0,307950
toyota-land-cruiser,2026,4.0 V6 VXR 4WD,316900,317000,316950,"AED 316,900 - 317,000",AED,https://www.drivearabia.com/carprices/uae/toyota/toyota-land-cruiser/2026/,2026-06-12T08:28:48Z,0,316950
toyota-land-cruiser,2026,3.5TC V6 GXR 4WD,335900,336000,335950,"AED 335,900 - 336,000",AED,https://www.drivearabia.com/carprices/uae/toyota/toyota-land-cruiser/2026/,2026-06-12T08:28:48Z,0,335950
toyota-land-cruiser,2026,3.5TC V6 VXR 4WD,379900,380000,379950,"AED 379,900 - 380,000",AED,https://www.drivearabia.com/carprices/uae/toyota/toyota-land-cruiser/2026/,2026-06-12T08:28:48Z,0,379950
toyota-land-cruiser,2026,3.5TC V6 VXR Hybrid 4WD,389900,390000,389950,"AED 389,900 - 390,000",AED,https://www.drivearabia.com/carprices/uae/toyota/toyota-land-cruiser/2026/,2026-06-12T08:28:48Z,0,389950
toyota-land-cruiser,2026,3.5TC V6 GR-S Hybrid 4WD,409900,410000,409950,"AED 409,900 - 410,000",AED,https://www.drivearabia.com/carprices/uae/toyota/toyota-land-cruiser/2026/,2026-06-12T08:28:48Z,0,409950
toyota-land-cruiser-70,2011,3-door 7-seater,117400,119000,118200,"AED 117,400 - 119,000",AED,https://www.drivearabia.com/carprices/uae/toyota/toyota-land-cruiser-70/2011/,2026-06-12T08:29:10Z,15,24336
toyota-land-cruiser-70,2011,3-door 5 seater,120250,125000,122625,"AED 120,250 - 125,000",AED,https://www.drivearabia.com/carprices/uae/toyota/toyota-land-cruiser-70/2011/,2026-06-12T08:29:10Z,15,25247
toyota-land-cruiser-70,2011,5-door 10 seater,125900,127000,126450,"AED 125,900 - 127,000",AED,https://www.drivearabia.com/carprices/uae/toyota/toyota-land-cruiser-70/2011/,2026-06-12T08:29:10Z,15,26035
toyota-land-cruiser-70,2015,3-door,135000,136000,135500,"AED 135,000 - 136,000",AED,https://www.drivearabia.com/carprices/uae/toyota/toyota-land-cruiser-70/2015/,2026-06-12T08:29:18Z,11,42521
toyota-land-cruiser-70,2016,3-door,135000,136000,135500,"AED 135,000 - 136,000",AED,https://www.drivearabia.com/carprices/uae/toyota/toyota-land-cruiser-70/2016/,2026-06-12T08:29:20Z,10,47246
toyota-land-cruiser-70,2021,3-door,150700,151000,150850,"AED 150,700 - 151,000",AED,https://www.drivearabia.com/carprices/uae/toyota/toyota-land-cruiser-70/2021/,2026-06-12T08:29:26Z,5,89075
toyota-land-cruiser-70,2021,LC70 Overlander 5-door,190000,190500,190250,"AED 190,000 - 190,500",AED,https://www.drivearabia.com/carprices/uae/toyota/toyota-land-cruiser-70/2021/,2026-06-12T08:29:26Z,5,112341
toyota-land-cruiser-70,2022,3-door,150700,151000,150850,"AED 150,700 - 151,000",AED,https://www.drivearabia.com/carprices/uae/toyota/toyota-land-cruiser-70/2022/,2026-06-12T08:29:28Z,4,98973
toyota-land-cruiser-70,2022,LC70 Overlander 5-door,190000,190500,190250,"AED 190,000 - 190,500",AED,https://www.drivearabia.com/carprices/uae/toyota/toyota-land-cruiser-70/2022/,2026-06-12T08:29:28Z,4,124823
toyota-land-cruiser-70,2024,4.0L V6 3-door 4WD,169900,171000,170450,"AED 169,900 - 171,000",AED,https://www.drivearabia.com/carprices/uae/toyota/toyota-land-cruiser-70/2024/,2026-06-12T08:29:30Z,2,138064
toyota-land-cruiser-70,2024,4.0L V6 5-door 4WD,179900,181000,180450,"AED 179,900 - 181,000",AED,https://www.drivearabia.com/carprices/uae/toyota/toyota-land-cruiser-70/2024/,2026-06-12T08:29:30Z,2,146164
toyota-land-cruiser-70,2025,4.0L V6 3-door 4WD,172900,173000,172950,"AED 172,900 - 173,000",AED,https://www.drivearabia.com/carprices/uae/toyota/toyota-land-cruiser-70/2025/,2026-06-12T08:29:32Z,1,155655
toyota-land-cruiser-70,2025,4.0L V6 5-door 4WD,182900,183000,182950,"AED 182,900 - 183,000",AED,https://www.drivearabia.com/carprices/uae/toyota/toyota-land-cruiser-70/2025/,2026-06-12T08:29:32Z,1,164655
toyota-land-cruiser-70,2026,4.0L V6 3-door 4WD,177900,178000,177950,"AED 177,900 - 178,000",AED,https://www.drivearabia.com/carprices/uae/toyota/toyota-land-cruiser-70/2026/,2026-06-12T08:29:34Z,0,177950
toyota-land-cruiser-70,2026,4.0L V6 5-door 4WD,187900,188000,187950,"AED 187,900 - 188,000",AED,https://www.drivearabia.com/carprices/uae/toyota/toyota-land-cruiser-70/2026/,2026-06-12T08:29:34Z,0,187950
toyota-land-cruiser-gr-sport,2023,3.5TC V6 GR 4WD,412900,413000,412950,"AED 412,900 - 413,000",AED,https://www.drivearabia.com/carprices/uae/toyota/toyota-land-cruiser-gr-sport/2023/,2026-06-12T08:30:08Z,3,291117
toyota-land-cruiser-gr-sport,2024,3.5TC V6 GR 4WD,412900,413000,412950,"AED 412,900 - 413,000",AED,https://www.drivearabia.com/carprices/uae/toyota/toyota-land-cruiser-gr-sport/2024/,2026-06-12T08:30:09Z,2,327098
toyota-land-cruiser-gr-sport,2025,3.5TC V6 GR 4WD,399900,412900,406400,"AED 399,900 - 412,900",AED,https://www.drivearabia.com/carprices/uae/toyota/toyota-land-cruiser-gr-sport/2025/,2026-06-12T08:30:11Z,1,361696
toyota-land-cruiser-gr-sport,2025,3.5TC+E V6 GR 4WD,409900,410000,409950,"AED 409,900 - 410,000",AED,https://www.drivearabia.com/carprices/uae/toyota/toyota-land-cruiser-gr-sport/2025/,2026-06-12T08:30:11Z,1,364856
toyota-land-cruiser-gr-sport,2026,3.5TC V6 GR 4WD,399900,412900,406400,"AED 399,900 - 412,900",AED,https://www.drivearabia.com/carprices/uae/toyota/toyota-land-cruiser-gr-sport/2026/,2026-06-12T08:30:13Z,0,406400
toyota-land-cruiser-gr-sport,2026,3.5TC+E V6 GR 4WD,409900,410000,409950,"AED 409,900 - 410,000",AED,https://www.drivearabia.com/carprices/uae/toyota/toyota-land-cruiser-gr-sport/2026/,2026-06-12T08:30:13Z,0,409950
toyota-land-cruiser-pickup,2021,4-door,141750,142000,141875,"AED 141,750 - 142,000",AED,https://www.drivearabia.com/carprices/uae/toyota/toyota-land-cruiser-pickup/2021/,2026-06-12T08:31:00Z,5,79224
toyota-land-cruiser-pickup,2021,2-door,151200,152000,151600,"AED 151,200 - 152,000",AED,https://www.drivearabia.com/carprices/uae/toyota/toyota-land-cruiser-pickup/2021/,2026-06-12T08:31:00Z,5,84654
toyota-land-cruiser-pickup,2021,Overlander 4-door,195000,196000,195500,"AED 195,000 - 196,000",AED,https://www.drivearabia.com/carprices/uae/toyota/toyota-land-cruiser-pickup/2021/,2026-06-12T08:31:00Z,5,109168
toyota-land-cruiser-pickup,2022,4-door,141750,142000,141875,"AED 141,750 - 142,000",AED,https://www.drivearabia.com/carprices/uae/toyota/toyota-land-cruiser-pickup/2022/,2026-06-12T08:31:01Z,4,89016
toyota-land-cruiser-pickup,2022,2-door,151200,152000,151600,"AED 151,200 - 152,000",AED,https://www.drivearabia.com/carprices/uae/toyota/toyota-land-cruiser-pickup/2022/,2026-06-12T08:31:01Z,4,95117
toyota-land-cruiser-pickup,2022,Overlander 4-door,195000,196000,195500,"AED 195,000 - 196,000",AED,https://www.drivearabia.com/carprices/uae/toyota/toyota-land-cruiser-pickup/2022/,2026-06-12T08:31:01Z,4,122661
toyota-land-cruiser-pickup,2023,4-door,141750,142000,141875,"AED 141,750 - 142,000",AED,https://www.drivearabia.com/carprices/uae/toyota/toyota-land-cruiser-pickup/2023/,2026-06-12T08:31:03Z,3,100017
toyota-land-cruiser-pickup,2023,2-door,151200,152000,151600,"AED 151,200 - 152,000",AED,https://www.drivearabia.com/carprices/uae/toyota/toyota-land-cruiser-pickup/2023/,2026-06-12T08:31:03Z,3,106873
toyota-land-cruiser-pickup,2023,Overlander 4-door,195000,196000,195500,"AED 195,000 - 196,000",AED,https://www.drivearabia.com/carprices/uae/toyota/toyota-land-cruiser-pickup/2023/,2026-06-12T08:31:03Z,3,137821
toyota-land-cruiser-pickup,2024,4-door,141750,142000,141875,"AED 141,750 - 142,000",AED,https://www.drivearabia.com/carprices/uae/toyota/toyota-land-cruiser-pickup/2024/,2026-06-12T08:31:05Z,2,112379
toyota-land-cruiser-pickup,2024,2-door,151200,152000,151600,"AED 151,200 - 152,000",AED,https://www.drivearabia.com/carprices/uae/toyota/toyota-land-cruiser-pickup/2024/,2026-06-12T08:31:05Z,2,120082
toyota-land-cruiser-pickup,2024,Overlander 4-door,195000,196000,195500,"AED 195,000 - 196,000",AED,https://www.drivearabia.com/carprices/uae/toyota/toyota-land-cruiser-pickup/2024/,2026-06-12T08:31:05Z,2,154856
toyota-land-cruiser-prado,2010,2.7L 5-door,124000,147000,135500,"AED 124,000 - 147,000",AED,https://www.drivearabia.com/carprices/uae/toyota/toyota-land-cruiser-prado/2010/,2026-06-12T08:31:31Z,16,17525
toyota-land-cruiser-prado,2010,3.0L 5-door diesel,126000,218000,172000,"AED 126,000 - 218,000",AED,https://www.drivearabia.com/carprices/uae/toyota/toyota-land-cruiser-prado/2010/,2026-06-12T08:31:31Z,16,22246
toyota-land-cruiser-prado,2010,4.0L 5-door,145500,217000,181250,"AED 145,500 - 217,000",AED,https://www.drivearabia.com/carprices/uae/toyota/toyota-land-cruiser-prado/2010/,2026-06-12T08:31:31Z,16,23442
toyota-land-cruiser-prado,2011,2.7L 5-door,124000,147000,135500,"AED 124,000 - 147,000",AED,https://www.drivearabia.com/carprices/uae/toyota/toyota-land-cruiser-prado/2011/,2026-06-12T08:31:33Z,15,19915
toyota-land-cruiser-prado,2011,3.0L 5-door diesel,126000,218000,172000,"AED 126,000 - 218,000",AED,https://www.drivearabia.com/carprices/uae/toyota/toyota-land-cruiser-prado/2011/,2026-06-12T08:31:33Z,15,25280
toyota-land-cruiser-prado,2011,4.0L 5-door,145500,217000,181250,"AED 145,500 - 217,000",AED,https://www.drivearabia.com/carprices/uae/toyota/toyota-land-cruiser-prado/2011/,2026-06-12T08:31:33Z,15,26639
toyota-land-cruiser-prado,2012,2.7L 5-door,124000,147000,135500,"AED 124,000 - 147,000",AED,https://www.drivearabia.com/carprices/uae/toyota/toyota-land-cruiser-prado/2012/,2026-06-12T08:31:35Z,14,22631
toyota-land-cruiser-prado,2012,3.0L 5-door diesel,126000,218000,172000,"AED 126,000 - 218,000",AED,https://www.drivearabia.com/carprices/uae/toyota/toyota-land-cruiser-prado/2012/,2026-06-12T08:31:35Z,14,28727
toyota-land-cruiser-prado,2012,4.0L 5-door,145500,217000,181250,"AED 145,500 - 217,000",AED,https://www.drivearabia.com/carprices/uae/toyota/toyota-land-cruiser-prado/2012/,2026-06-12T08:31:35Z,14,30272
toyota-land-cruiser-prado,2013,2.7L TX/TXL auto,132000,152000,142000,"AED 132,000 - 152,000",AED,https://www.drivearabia.com/carprices/uae/toyota/toyota-land-cruiser-prado/2013/,2026-06-12T08:31:37Z,13,26950
toyota-land-cruiser-prado,2013,4.0L TX/TXL auto,145000,173000,159000,"AED 145,000 - 173,000",AED,https://www.drivearabia.com/carprices/uae/toyota/toyota-land-cruiser-prado/2013/,2026-06-12T08:31:37Z,13,30177
toyota-land-cruiser-prado,2013,4.0L VXL auto,210000,212000,211000,"AED 210,000 - 212,000",AED,https://www.drivearabia.com/carprices/uae/toyota/toyota-land-cruiser-prado/2013/,2026-06-12T08:31:37Z,13,40046
toyota-land-cruiser-prado,2014,2.7 EXR,124900,126000,125450,"AED 124,900 - 126,000",AED,https://www.drivearabia.com/carprices/uae/toyota/toyota-land-cruiser-prado/2014/,2026-06-12T08:31:39Z,12,27056
toyota-land-cruiser-prado,2014,4.0 EXR,144900,146000,145450,"AED 144,900 - 146,000",AED,https://www.drivearabia.com/carprices/uae/toyota/toyota-land-cruiser-prado/2014/,2026-06-12T08:31:39Z,12,31369
toyota-land-cruiser-prado,2014,2.7 GXR,144900,146000,145450,"AED 144,900 - 146,000",AED,https://www.drivearabia.com/carprices/uae/toyota/toyota-land-cruiser-prado/2014/,2026-06-12T08:31:39Z,12,31369
toyota-land-cruiser-prado,2014,2.7 VXR,151900,153000,152450,"AED 151,900 - 153,000",AED,https://www.drivearabia.com/carprices/uae/toyota/toyota-land-cruiser-prado/2014/,2026-06-12T08:31:39Z,12,32879
toyota-land-cruiser-prado,2014,4.0 GXR,164900,166000,165450,"AED 164,900 - 166,000",AED,https://www.drivearabia.com/carprices/uae/toyota/toyota-land-cruiser-prado/2014/,2026-06-12T08:31:39Z,12,35683
toyota-land-cruiser-prado,2014,4.0 VXR,175900,177000,176450,"AED 175,900 - 177,000",AED,https://www.drivearabia.com/carprices/uae/toyota/toyota-land-cruiser-prado/2014/,2026-06-12T08:31:39Z,12,38055
toyota-land-cruiser-prado,2014,4.0 VXL,189900,191000,190450,"AED 189,900 - 191,000",AED,https://www.drivearabia.com/carprices/uae/toyota/toyota-land-cruiser-prado/2014/,2026-06-12T08:31:39Z,12,41075
toyota-land-cruiser-prado,2015,2.7 EXR,124900,126000,125450,"AED 124,900 - 126,000",AED,https://www.drivearabia.com/carprices/uae/toyota/toyota-land-cruiser-prado/2015/,2026-06-12T08:31:40Z,11,30745
toyota-land-cruiser-prado,2015,4.0 EXR,144900,146000,145450,"AED 144,900 - 146,000",AED,https://www.drivearabia.com/carprices/uae/toyota/toyota-land-cruiser-prado/2015/,2026-06-12T08:31:40Z,11,35647
toyota-land-cruiser-prado,2015,2.7 GXR,144900,146000,145450,"AED 144,900 - 146,000",AED,https://www.drivearabia.com/carprices/uae/toyota/toyota-land-cruiser-prado/2015/,2026-06-12T08:31:40Z,11,35647
toyota-land-cruiser-prado,2015,2.7 VXR,151900,153000,152450,"AED 151,900 - 153,000",AED,https://www.drivearabia.com/carprices/uae/toyota/toyota-land-cruiser-prado/2015/,2026-06-12T08:31:40Z,11,37363
toyota-land-cruiser-prado,2015,4.0 GXR,164900,166000,165450,"AED 164,900 - 166,000",AED,https://www.drivearabia.com/carprices/uae/toyota/toyota-land-cruiser-prado/2015/,2026-06-12T08:31:40Z,11,40549
toyota-land-cruiser-prado,2015,4.0 VXR,175900,177000,176450,"AED 175,900 - 177,000",AED,https://www.drivearabia.com/carprices/uae/toyota/toyota-land-cruiser-prado/2015/,2026-06-12T08:31:40Z,11,43245
toyota-land-cruiser-prado,2015,4.0 VXL,189900,191000,190450,"AED 189,900 - 191,000",AED,https://www.drivearabia.com/carprices/uae/toyota/toyota-land-cruiser-prado/2015/,2026-06-12T08:31:40Z,11,46676
toyota-land-cruiser-prado,2016,2.7 I4 EXR,124900,126000,125450,"AED 124,900 - 126,000",AED,https://www.drivearabia.com/carprices/uae/toyota/toyota-land-cruiser-prado/2016/,2026-06-12T08:31:42Z,10,34938
toyota-land-cruiser-prado,2016,4.0 V6 EXR,144900,146000,145450,"AED 144,900 - 146,000",AED,https://www.drivearabia.com/carprices/uae/toyota/toyota-land-cruiser-prado/2016/,2026-06-12T08:31:42Z,10,40508
toyota-land-cruiser-prado,2016,2.7 I4 GXR,144900,146000,145450,"AED 144,900 - 146,000",AED,https://www.drivearabia.com/carprices/uae/toyota/toyota-land-cruiser-prado/2016/,2026-06-12T08:31:42Z,10,40508
toyota-land-cruiser-prado,2016,2.7 I4 VXR,151900,153000,152450,"AED 151,900 - 153,000",AED,https://www.drivearabia.com/carprices/uae/toyota/toyota-land-cruiser-prado/2016/,2026-06-12T08:31:42Z,10,42457
toyota-land-cruiser-prado,2016,4.0 V6 GXR,164900,166000,165450,"AED 164,900 - 166,000",AED,https://www.drivearabia.com/carprices/uae/toyota/toyota-land-cruiser-prado/2016/,2026-06-12T08:31:42Z,10,46078
toyota-land-cruiser-prado,2016,4.0 V6 VXR,175900,177000,176450,"AED 175,900 - 177,000",AED,https://www.drivearabia.com/carprices/uae/toyota/toyota-land-cruiser-prado/2016/,2026-06-12T08:31:42Z,10,49141
toyota-land-cruiser-prado,2016,4.0 V6 VXL,189900,191000,190450,"AED 189,900 - 191,000",AED,https://www.drivearabia.com/carprices/uae/toyota/toyota-land-cruiser-prado/2016/,2026-06-12T08:31:42Z,10,53041
toyota-land-cruiser-prado,2017,2.7 I4 EXR,124500,126000,125250,"AED 124,500 - 126,000",AED,https://www.drivearabia.com/carprices/uae/toyota/toyota-land-cruiser-prado/2017/,2026-06-12T08:31:44Z,9,39639
toyota-land-cruiser-prado,2017,4.0 V6 EXR,144900,146000,145450,"AED 144,900 - 146,000",AED,https://www.drivearabia.com/carprices/uae/toyota/toyota-land-cruiser-prado/2017/,2026-06-12T08:31:44Z,9,46032
toyota-land-cruiser-prado,2017,2.7 I4 GXR,144900,146000,145450,"AED 144,900 - 146,000",AED,https://www.drivearabia.com/carprices/uae/toyota/toyota-land-cruiser-prado/2017/,2026-06-12T08:31:44Z,9,46032
toyota-land-cruiser-prado,2017,2.7 I4 VXR,151900,153000,152450,"AED 151,900 - 153,000",AED,https://www.drivearabia.com/carprices/uae/toyota/toyota-land-cruiser-prado/2017/,2026-06-12T08:31:44Z,9,48247
toyota-land-cruiser-prado,2017,4.0 V6 GXR,164900,166000,165450,"AED 164,900 - 166,000",AED,https://www.drivearabia.com/carprices/uae/toyota/toyota-land-cruiser-prado/2017/,2026-06-12T08:31:44Z,9,52361
toyota-land-cruiser-prado,2017,4.0 V6 VXR,175900,177000,176450,"AED 175,900 - 177,000",AED,https://www.drivearabia.com/carprices/uae/toyota/toyota-land-cruiser-prado/2017/,2026-06-12T08:31:44Z,9,55843
toyota-land-cruiser-prado,2017,4.0 V6 VXL,189900,191000,190450,"AED 189,900 - 191,000",AED,https://www.drivearabia.com/carprices/uae/toyota/toyota-land-cruiser-prado/2017/,2026-06-12T08:31:44Z,9,60273
toyota-land-cruiser-prado,2018,2.7 EXR,129900,130000,129950,"AED 129,900 - 130,000",AED,https://www.drivearabia.com/carprices/uae/toyota/toyota-land-cruiser-prado/2018/,2026-06-12T08:31:46Z,8,46735
toyota-land-cruiser-prado,2018,2.7 GXR,144900,145000,144950,"AED 144,900 - 145,000",AED,https://www.drivearabia.com/carprices/uae/toyota/toyota-land-cruiser-prado/2018/,2026-06-12T08:31:46Z,8,52129
toyota-land-cruiser-prado,2018,4.0 EXR,159000,160000,159500,"AED 159,000 - 160,000",AED,https://www.drivearabia.com/carprices/uae/toyota/toyota-land-cruiser-prado/2018/,2026-06-12T08:31:46Z,8,57362
toyota-land-cruiser-prado,2018,2.7 VXR,159900,160000,159950,"AED 159,900 - 160,000",AED,https://www.drivearabia.com/carprices/uae/toyota/toyota-land-cruiser-prado/2018/,2026-06-12T08:31:46Z,8,57524
toyota-land-cruiser-prado,2018,4.0 GXR,179900,180000,179950,"AED 179,900 - 180,000",AED,https://www.drivearabia.com/carprices/uae/toyota/toyota-land-cruiser-prado/2018/,2026-06-12T08:31:46Z,8,64716
toyota-land-cruiser-prado,2018,4.0 VXR,194900,195000,194950,"AED 194,900 - 195,000",AED,https://www.drivearabia.com/carprices/uae/toyota/toyota-land-cruiser-prado/2018/,2026-06-12T08:31:46Z,8,70111
toyota-land-cruiser-prado,2018,4.0 Limited,204900,205000,204950,"AED 204,900 - 205,000",AED,https://www.drivearabia.com/carprices/uae/toyota/toyota-land-cruiser-prado/2018/,2026-06-12T08:31:46Z,8,73707
toyota-land-cruiser-prado,2019,2.7 I4 EXR,129900,130000,129950,"AED 129,900 - 130,000",AED,https://www.drivearabia.com/carprices/uae/toyota/toyota-land-cruiser-prado/2019/,2026-06-12T08:31:48Z,7,53107
toyota-land-cruiser-prado,2019,2.7 I4 GXR,144900,145000,144950,"AED 144,900 - 145,000",AED,https://www.drivearabia.com/carprices/uae/toyota/toyota-land-cruiser-prado/2019/,2026-06-12T08:31:48Z,7,59238
toyota-land-cruiser-prado,2019,4.0 V6 EXR,159900,160000,159950,"AED 159,900 - 160,000",AED,https://www.drivearabia.com/carprices/uae/toyota/toyota-land-cruiser-prado/2019/,2026-06-12T08:31:48Z,7,65368
toyota-land-cruiser-prado,2019,2.7 I4 VXR,159900,160000,159950,"AED 159,900 - 160,000",AED,https://www.drivearabia.com/carprices/uae/toyota/toyota-land-cruiser-prado/2019/,2026-06-12T08:31:48Z,7,65368
toyota-land-cruiser-prado,2019,4.0 V6 GXR,174900,175000,174950,"AED 174,900 - 175,000",AED,https://www.drivearabia.com/carprices/uae/toyota/toyota-land-cruiser-prado/2019/,2026-06-12T08:31:48Z,7,71498
toyota-land-cruiser-prado,2019,4.0 V6 VXR,189900,190000,189950,"AED 189,900 - 190,000",AED,https://www.drivearabia.com/carprices/uae/toyota/toyota-land-cruiser-prado/2019/,2026-06-12T08:31:48Z,7,77628
toyota-land-cruiser-prado,2020,2.7 I4 EXR,129900,130000,129950,"AED 129,900 - 130,000",AED,https://www.drivearabia.com/carprices/uae/toyota/toyota-land-cruiser-prado/2020/,2026-06-12T08:31:49Z,6,60349
toyota-land-cruiser-prado,2020,2.7 I4 GXR,144900,145000,144950,"AED 144,900 - 145,000",AED,https://www.drivearabia.com/carprices/uae/toyota/toyota-land-cruiser-prado/2020/,2026-06-12T08:31:49Z,6,67315
toyota-land-cruiser-prado,2020,4.0 V6 EXR,159900,160000,159950,"AED 159,900 - 160,000",AED,https://www.drivearabia.com/carprices/uae/toyota/toyota-land-cruiser-prado/2020/,2026-06-12T08:31:49Z,6,74281
toyota-land-cruiser-prado,2020,2.7 I4 VXR,159900,160000,159950,"AED 159,900 - 160,000",AED,https://www.drivearabia.com/carprices/uae/toyota/toyota-land-cruiser-prado/2020/,2026-06-12T08:31:49Z,6,74281
toyota-land-cruiser-prado,2020,4.0 V6 GXR,174900,175000,174950,"AED 174,900 - 175,000",AED,https://www.drivearabia.com/carprices/uae/toyota/toyota-land-cruiser-prado/2020/,2026-06-12T08:31:49Z,6,81247
toyota-land-cruiser-prado,2020,4.0 V6 VXR,189900,190000,189950,"AED 189,900 - 190,000",AED,https://www.drivearabia.com/carprices/uae/toyota/toyota-land-cruiser-prado/2020/,2026-06-12T08:31:49Z,6,88214
toyota-land-cruiser-prado,2021,2.7 I4 EXR,129900,130000,129950,"AED 129,900 - 130,000",AED,https://www.drivearabia.com/carprices/uae/toyota/toyota-land-cruiser-prado/2021/,2026-06-12T08:31:51Z,5,68579
toyota-land-cruiser-prado,2021,2.7 I4 GXR,144900,145000,144950,"AED 144,900 - 145,000",AED,https://www.drivearabia.com/carprices/uae/toyota/toyota-land-cruiser-prado/2021/,2026-06-12T08:31:51Z,5,76495
toyota-land-cruiser-prado,2021,4.0 V6 EXR,159900,160000,159950,"AED 159,900 - 160,000",AED,https://www.drivearabia.com/carprices/uae/toyota/toyota-land-cruiser-prado/2021/,2026-06-12T08:31:51Z,5,84411
toyota-land-cruiser-prado,2021,2.7 I4 VXR,159900,160000,159950,"AED 159,900 - 160,000",AED,https://www.drivearabia.com/carprices/uae/toyota/toyota-land-cruiser-prado/2021/,2026-06-12T08:31:51Z,5,84411
toyota-land-cruiser-prado,2021,4.0 V6 GXR,174900,175000,174950,"AED 174,900 - 175,000",AED,https://www.drivearabia.com/carprices/uae/toyota/toyota-land-cruiser-prado/2021/,2026-06-12T08:31:51Z,5,92327
toyota-land-cruiser-prado,2021,4.0 V6 VXR,189900,190000,189950,"AED 189,900 - 190,000",AED,https://www.drivearabia.com/carprices/uae/toyota/toyota-land-cruiser-prado/2021/,2026-06-12T08:31:51Z,5,100243
toyota-land-cruiser-prado,2022,4.0 V6 EXR,165900,166000,165950,"AED 165,900 - 166,000",AED,https://www.drivearabia.com/carprices/uae/toyota/toyota-land-cruiser-prado/2022/,2026-06-12T08:31:53Z,4,99519
toyota-land-cruiser-prado,2022,4.0 V6 GXR,183900,184000,183950,"AED 183,900 - 184,000",AED,https://www.drivearabia.com/carprices/uae/toyota/toyota-land-cruiser-prado/2022/,2026-06-12T08:31:53Z,4,110314
toyota-land-cruiser-prado,2022,4.0 V6 VXR,198900,199000,198950,"AED 198,900 - 199,000",AED,https://www.drivearabia.com/carprices/uae/toyota/toyota-land-cruiser-prado/2022/,2026-06-12T08:31:53Z,4,119309
toyota-land-cruiser-prado,2023,4.0 V6 EXR,167900,168000,167950,"AED 167,900 - 168,000",AED,https://www.drivearabia.com/carprices/uae/toyota/toyota-land-cruiser-prado/2023/,2026-06-12T08:31:55Z,3,114453
toyota-land-cruiser-prado,2023,4.0 V6 GXR,183900,184000,183950,"AED 183,900 - 184,000",AED,https://www.drivearabia.com/carprices/uae/toyota/toyota-land-cruiser-prado/2023/,2026-06-12T08:31:55Z,3,125357
toyota-land-cruiser-prado,2023,4.0 V6 VXR,200900,201000,200950,"AED 200,900 - 201,000",AED,https://www.drivearabia.com/carprices/uae/toyota/toyota-land-cruiser-prado/2023/,2026-06-12T08:31:55Z,3,136942
toyota-land-cruiser-prado,2023,4.0 V6 Limited,229900,230000,229950,"AED 229,900 - 230,000",AED,https://www.drivearabia.com/carprices/uae/toyota/toyota-land-cruiser-prado/2023/,2026-06-12T08:31:55Z,3,156704
toyota-land-cruiser-prado,2024,2.4TC I4 TXR 4WD,199900,200000,199950,"AED 199,900 - 200,000",AED,https://www.drivearabia.com/carprices/uae/toyota/toyota-land-cruiser-prado/2024/,2026-06-12T08:31:57Z,2,154841
toyota-land-cruiser-prado,2024,2.4TC I4 GXR 4WD,219900,220000,219950,"AED 219,900 - 220,000",AED,https://www.drivearabia.com/carprices/uae/toyota/toyota-land-cruiser-prado/2024/,2026-06-12T08:31:57Z,2,170329
toyota-land-cruiser-prado,2024,2.4TC I4 GXL 4WD,229900,230000,229950,"AED 229,900 - 230,000",AED,https://www.drivearabia.com/carprices/uae/toyota/toyota-land-cruiser-prado/2024/,2026-06-12T08:31:57Z,2,178073
toyota-land-cruiser-prado,2024,2.4TC I4 Adventure 4WD,254900,255000,254950,"AED 254,900 - 255,000",AED,https://www.drivearabia.com/carprices/uae/toyota/toyota-land-cruiser-prado/2024/,2026-06-12T08:31:57Z,2,197433
toyota-land-cruiser-prado,2024,2.4 TC I4 Adventure First Edition 4WD,264900,265000,264950,"AED 264,900 - 265,000",AED,https://www.drivearabia.com/carprices/uae/toyota/toyota-land-cruiser-prado/2024/,2026-06-12T08:31:57Z,2,205177
toyota-land-cruiser-prado,2025,2.4TC I4 TXR 4WD,199900,200000,199950,"AED 199,900 - 200,000",AED,https://www.drivearabia.com/carprices/uae/toyota/toyota-land-cruiser-prado/2025/,2026-06-12T08:31:59Z,1,175956
toyota-land-cruiser-prado,2025,2.4TC I4 GXR 4WD,219900,220000,219950,"AED 219,900 - 220,000",AED,https://www.drivearabia.com/carprices/uae/toyota/toyota-land-cruiser-prado/2025/,2026-06-12T08:31:59Z,1,193556
toyota-land-cruiser-prado,2025,2.4TC I4 GXL 4WD,229900,230000,229950,"AED 229,900 - 230,000",AED,https://www.drivearabia.com/carprices/uae/toyota/toyota-land-cruiser-prado/2025/,2026-06-12T08:31:59Z,1,202356
toyota-land-cruiser-prado,2025,2.4TC I4 Adventure 4WD,254900,255000,254950,"AED 254,900 - 255,000",AED,https://www.drivearabia.com/carprices/uae/toyota/toyota-land-cruiser-prado/2025/,2026-06-12T08:31:59Z,1,224356
toyota-land-cruiser-prado,2025,2.4 TC I4 VXR 4WD,264900,265000,264950,"AED 264,900 - 265,000",AED,https://www.drivearabia.com/carprices/uae/toyota/toyota-land-cruiser-prado/2025/,2026-06-12T08:31:59Z,1,233156
toyota-land-cruiser-prado,2026,2.4TC I4 TXR 4WD,199900,200000,199950,"AED 199,900 - 200,000",AED,https://www.drivearabia.com/carprices/uae/toyota/toyota-land-cruiser-prado/2026/,2026-06-12T08:32:00Z,0,199950
toyota-land-cruiser-prado,2026,2.4TC I4 GXR 4WD,219900,220000,219950,"AED 219,900 - 220,000",AED,https://www.drivearabia.com/carprices/uae/toyota/toyota-land-cruiser-prado/2026/,2026-06-12T08:32:00Z,0,219950
toyota-land-cruiser-prado,2026,2.4TC I4 GXL 4WD,229900,230000,229950,"AED 229,900 - 230,000",AED,https://www.drivearabia.com/carprices/uae/toyota/toyota-land-cruiser-prado/2026/,2026-06-12T08:32:00Z,0,229950
toyota-land-cruiser-prado,2026,2.4TC I4 Adventure 4WD,254900,255000,254950,"AED 254,900 - 255,000",AED,https://www.drivearabia.com/carprices/uae/toyota/toyota-land-cruiser-prado/2026/,2026-06-12T08:32:00Z,0,254950
toyota-land-cruiser-prado,2026,2.4 TC I4 VXR 4WD,264900,265000,264950,"AED 264,900 - 265,000",AED,https://www.drivearabia.com/carprices/uae/toyota/toyota-land-cruiser-prado/2026/,2026-06-12T08:32:00Z,0,264950
toyota-land-cruiser-prado-swb,2023,2.7 I4 SWB 4WD,160000,161000,160500,"AED 160,000 - 161,000",AED,https://www.drivearabia.com/carprices/uae/toyota/toyota-land-cruiser-prado-swb/2023/,2026-06-12T08:32:43Z,3,109376
toyota-liteace,2022,1.5 I4 GL FWD,68900,71000,69950,"AED 68,900 - 71,000",AED,https://www.drivearabia.com/carprices/uae/toyota/toyota-liteace/2022/,2026-06-12T08:33:18Z,4,43888
toyota-liteace,2023,1.5 I4 GL FWD,74900,75000,74950,"AED 74,900 - 75,000",AED,https://www.drivearabia.com/carprices/uae/toyota/toyota-liteace/2023/,2026-06-12T08:33:20Z,3,52837
toyota-liteace,2024,1.5 I4 GL FWD,74900,75000,74950,"AED 74,900 - 75,000",AED,https://www.drivearabia.com/carprices/uae/toyota/toyota-liteace/2024/,2026-06-12T08:33:22Z,2,59368
toyota-liteace,2025,1.5 I4 GL FWD,74900,75000,74950,"AED 74,900 - 75,000",AED,https://www.drivearabia.com/carprices/uae/toyota/toyota-liteace/2025/,2026-06-12T08:33:24Z,1,66706
toyota-previa,2018,S,132200,133000,132600,"AED 132,200 - 133,000",AED,https://www.drivearabia.com/carprices/uae/toyota/toyota-previa/2018/,2026-06-12T08:34:01Z,8,39676
toyota-previa,2018,SE,144800,145000,144900,"AED 144,800 - 145,000",AED,https://www.drivearabia.com/carprices/uae/toyota/toyota-previa/2018/,2026-06-12T08:34:01Z,8,43357
toyota-previa,2019,S,132200,133000,132600,"AED 132,200 - 133,000",AED,https://www.drivearabia.com/carprices/uae/toyota/toyota-previa/2019/,2026-06-12T08:34:03Z,7,46135
toyota-previa,2019,SE,144800,145000,144900,"AED 144,800 - 145,000",AED,https://www.drivearabia.com/carprices/uae/toyota/toyota-previa/2019/,2026-06-12T08:34:03Z,7,50415
toyota-previa,2020,S,132200,133000,132600,"AED 132,200 - 133,000",AED,https://www.drivearabia.com/carprices/uae/toyota/toyota-previa/2020/,2026-06-12T08:34:05Z,6,53646
toyota-previa,2020,SE,144800,145000,144900,"AED 144,800 - 145,000",AED,https://www.drivearabia.com/carprices/uae/toyota/toyota-previa/2020/,2026-06-12T08:34:05Z,6,58622
toyota-previa,2021,S,132200,133000,132600,"AED 132,200 - 133,000",AED,https://www.drivearabia.com/carprices/uae/toyota/toyota-previa/2021/,2026-06-12T08:34:07Z,5,62379
toyota-previa,2021,SE,144800,145000,144900,"AED 144,800 - 145,000",AED,https://www.drivearabia.com/carprices/uae/toyota/toyota-previa/2021/,2026-06-12T08:34:07Z,5,68165
toyota-raize,2022,1.2L E,57900,60000,58950,"AED 57,900 - 60,000",AED,https://www.drivearabia.com/carprices/uae/toyota/toyota-raize/2022/,2026-06-12T08:35:23Z,4,33772
toyota-raize,2022,1.0T E,61900,62000,61950,"AED 61,900 - 62,000",AED,https://www.drivearabia.com/carprices/uae/toyota/toyota-raize/2022/,2026-06-12T08:35:23Z,4,35491
toyota-raize,2022,1.0T G,63900,64000,63950,"AED 63,900 - 64,000",AED,https://www.drivearabia.com/carprices/uae/toyota/toyota-raize/2022/,2026-06-12T08:35:23Z,4,36637
toyota-raize,2023,1.2L I3 E 2WD,61900,62000,61950,"AED 61,900 - 62,000",AED,https://www.drivearabia.com/carprices/uae/toyota/toyota-raize/2023/,2026-06-12T08:35:25Z,3,40794
toyota-raize,2023,1.0TC I3 G 2WD,66900,67000,66950,"AED 66,900 - 67,000",AED,https://www.drivearabia.com/carprices/uae/toyota/toyota-raize/2023/,2026-06-12T08:35:25Z,3,44087
toyota-raize,2024,1.2L I3 E 2WD,61900,62000,61950,"AED 61,900 - 62,000",AED,https://www.drivearabia.com/carprices/uae/toyota/toyota-raize/2024/,2026-06-12T08:35:27Z,2,46890
toyota-raize,2024,1.0TC I3 G 2WD,66900,67000,66950,"AED 66,900 - 67,000",AED,https://www.drivearabia.com/carprices/uae/toyota/toyota-raize/2024/,2026-06-12T08:35:27Z,2,50674
toyota-raize,2025,1.2L I3 E 2WD,61900,62000,61950,"AED 61,900 - 62,000",AED,https://www.drivearabia.com/carprices/uae/toyota/toyota-raize/2025/,2026-06-12T08:35:29Z,1,53896
toyota-raize,2025,1.0TC I3 G 2WD,66900,67000,66950,"AED 66,900 - 67,000",AED,https://www.drivearabia.com/carprices/uae/toyota/toyota-raize/2025/,2026-06-12T08:35:29Z,1,58246
toyota-raize,2026,1.2L I3 E 2WD,63900,64000,63950,"AED 63,900 - 64,000",AED,https://www.drivearabia.com/carprices/uae/toyota/toyota-raize/2026/,2026-06-12T08:35:30Z,0,63950
toyota-raize,2026,1.0TC I3 G 2WD,66900,67000,66950,"AED 66,900 - 67,000",AED,https://www.drivearabia.com/carprices/uae/toyota/toyota-raize/2026/,2026-06-12T08:35:30Z,0,66950
toyota-rav-4,2013,2WD,89900,95900,92900,"AED 89,900 - 95,900",AED,https://www.drivearabia.com/carprices/uae/toyota/toyota-rav-4/2013/,2026-06-12T08:36:02Z,13,17632
toyota-rav-4,2013,4WD,109900,124900,117400,"AED 109,900 - 124,900",AED,https://www.drivearabia.com/carprices/uae/toyota/toyota-rav-4/2013/,2026-06-12T08:36:02Z,13,22281
toyota-rav-4,2014,EX 2WD,79900,80000,79950,"AED 79,900 - 80,000",AED,https://www.drivearabia.com/carprices/uae/toyota/toyota-rav-4/2014/,2026-06-12T08:36:03Z,12,17243
toyota-rav-4,2014,EXR 4WD,99900,100000,99950,"AED 99,900 - 100,000",AED,https://www.drivearabia.com/carprices/uae/toyota/toyota-rav-4/2014/,2026-06-12T08:36:03Z,12,21556
toyota-rav-4,2014,GXR 4WD,109900,110000,109950,"AED 109,900 - 110,000",AED,https://www.drivearabia.com/carprices/uae/toyota/toyota-rav-4/2014/,2026-06-12T08:36:03Z,12,23713
toyota-rav-4,2014,VXR 4WD,119900,120000,119950,"AED 119,900 - 120,000",AED,https://www.drivearabia.com/carprices/uae/toyota/toyota-rav-4/2014/,2026-06-12T08:36:03Z,12,25870
toyota-rav-4,2015,EX 2WD,79900,80000,79950,"AED 79,900 - 80,000",AED,https://www.drivearabia.com/carprices/uae/toyota/toyota-rav-4/2015/,2026-06-12T08:36:05Z,11,19594
toyota-rav-4,2015,EXR 4WD,99900,100000,99950,"AED 99,900 - 100,000",AED,https://www.drivearabia.com/carprices/uae/toyota/toyota-rav-4/2015/,2026-06-12T08:36:05Z,11,24496
toyota-rav-4,2015,GXR 4WD,109900,110000,109950,"AED 109,900 - 110,000",AED,https://www.drivearabia.com/carprices/uae/toyota/toyota-rav-4/2015/,2026-06-12T08:36:05Z,11,26947
toyota-rav-4,2015,VXR 4WD,119900,120000,119950,"AED 119,900 - 120,000",AED,https://www.drivearabia.com/carprices/uae/toyota/toyota-rav-4/2015/,2026-06-12T08:36:05Z,11,29397
toyota-rav-4,2016,EX 2WD,84900,86000,85450,"AED 84,900 - 86,000",AED,https://www.drivearabia.com/carprices/uae/toyota/toyota-rav-4/2016/,2026-06-12T08:36:07Z,10,23798
toyota-rav-4,2016,VX 2WD,99900,101000,100450,"AED 99,900 - 101,000",AED,https://www.drivearabia.com/carprices/uae/toyota/toyota-rav-4/2016/,2026-06-12T08:36:07Z,10,27975
toyota-rav-4,2016,GXR 4WD,114900,116000,115450,"AED 114,900 - 116,000",AED,https://www.drivearabia.com/carprices/uae/toyota/toyota-rav-4/2016/,2026-06-12T08:36:07Z,10,32153
toyota-rav-4,2016,VXR 4WD,124900,126000,125450,"AED 124,900 - 126,000",AED,https://www.drivearabia.com/carprices/uae/toyota/toyota-rav-4/2016/,2026-06-12T08:36:07Z,10,34938
toyota-rav-4,2017,EX 2WD,84900,86000,85450,"AED 84,900 - 86,000",AED,https://www.drivearabia.com/carprices/uae/toyota/toyota-rav-4/2017/,2026-06-12T08:36:09Z,9,27043
toyota-rav-4,2017,VX 2WD,99900,101000,100450,"AED 99,900 - 101,000",AED,https://www.drivearabia.com/carprices/uae/toyota/toyota-rav-4/2017/,2026-06-12T08:36:09Z,9,31790
toyota-rav-4,2017,GXR 4WD,114900,116000,115450,"AED 114,900 - 116,000",AED,https://www.drivearabia.com/carprices/uae/toyota/toyota-rav-4/2017/,2026-06-12T08:36:09Z,9,36537
toyota-rav-4,2017,VXR 4WD,124900,126000,125450,"AED 124,900 - 126,000",AED,https://www.drivearabia.com/carprices/uae/toyota/toyota-rav-4/2017/,2026-06-12T08:36:09Z,9,39702
toyota-rav-4,2018,EX 2WD,89900,90000,89950,"AED 89,900 - 90,000",AED,https://www.drivearabia.com/carprices/uae/toyota/toyota-rav-4/2018/,2026-06-12T08:36:11Z,8,32349
toyota-rav-4,2018,EXR 4WD,104900,105000,104950,"AED 104,900 - 105,000",AED,https://www.drivearabia.com/carprices/uae/toyota/toyota-rav-4/2018/,2026-06-12T08:36:11Z,8,37744
toyota-rav-4,2018,VX 2WD,112900,113000,112950,"AED 112,900 - 113,000",AED,https://www.drivearabia.com/carprices/uae/toyota/toyota-rav-4/2018/,2026-06-12T08:36:11Z,8,40621
toyota-rav-4,2018,VXR 4WD,129900,130000,129950,"AED 129,900 - 130,000",AED,https://www.drivearabia.com/carprices/uae/toyota/toyota-rav-4/2018/,2026-06-12T08:36:11Z,8,46735
toyota-rav-4,2019,2.5 GX FWD,99000,99100,99050,"AED 99,000 - 99,100",AED,https://www.drivearabia.com/carprices/uae/toyota/toyota-rav-4/2019/,2026-06-12T08:36:12Z,7,40479
toyota-rav-4,2019,2.5 GXR AWD,119900,120000,119950,"AED 119,900 - 120,000",AED,https://www.drivearabia.com/carprices/uae/toyota/toyota-rav-4/2019/,2026-06-12T08:36:12Z,7,49021
toyota-rav-4,2019,2.5 ADV AWD,129900,130000,129950,"AED 129,900 - 130,000",AED,https://www.drivearabia.com/carprices/uae/toyota/toyota-rav-4/2019/,2026-06-12T08:36:12Z,7,53107
toyota-rav-4,2019,2.5H VXR HEV,139900,140000,139950,"AED 139,900 - 140,000",AED,https://www.drivearabia.com/carprices/uae/toyota/toyota-rav-4/2019/,2026-06-12T08:36:12Z,7,57194
toyota-rav-4,2020,2.5L EX,89900,90000,89950,"AED 89,900 - 90,000",AED,https://www.drivearabia.com/carprices/uae/toyota/toyota-rav-4/2020/,2026-06-12T08:36:14Z,6,41773
toyota-rav-4,2020,2.5L EXR,102900,103000,102950,"AED 102,900 - 103,000",AED,https://www.drivearabia.com/carprices/uae/toyota/toyota-rav-4/2020/,2026-06-12T08:36:14Z,6,47810
toyota-rav-4,2020,2.5L Adventure,129900,130000,129950,"AED 129,900 - 130,000",AED,https://www.drivearabia.com/carprices/uae/toyota/toyota-rav-4/2020/,2026-06-12T08:36:14Z,6,60349
toyota-rav-4,2020,2.5 Hybrid,139900,140000,139950,"AED 139,900 - 140,000",AED,https://www.drivearabia.com/carprices/uae/toyota/toyota-rav-4/2020/,2026-06-12T08:36:14Z,6,64993
toyota-rav-4,2021,2.5L EX,89900,90000,89950,"AED 89,900 - 90,000",AED,https://www.drivearabia.com/carprices/uae/toyota/toyota-rav-4/2021/,2026-06-12T08:36:16Z,5,47469
toyota-rav-4,2021,2.5L EXR,102900,103000,102950,"AED 102,900 - 103,000",AED,https://www.drivearabia.com/carprices/uae/toyota/toyota-rav-4/2021/,2026-06-12T08:36:16Z,5,54330
toyota-rav-4,2021,2.5L Adventure,129900,130000,129950,"AED 129,900 - 130,000",AED,https://www.drivearabia.com/carprices/uae/toyota/toyota-rav-4/2021/,2026-06-12T08:36:16Z,5,68579
toyota-rav-4,2021,2.5 Hybrid,139900,140000,139950,"AED 139,900 - 140,000",AED,https://www.drivearabia.com/carprices/uae/toyota/toyota-rav-4/2021/,2026-06-12T08:36:16Z,5,73856
toyota-rav-4,2022,2.5L EX,89900,90000,89950,"AED 89,900 - 90,000",AED,https://www.drivearabia.com/carprices/uae/toyota/toyota-rav-4/2022/,2026-06-12T08:36:18Z,4,53943
toyota-rav-4,2022,2.5L EXR,102900,103000,102950,"AED 102,900 - 103,000",AED,https://www.drivearabia.com/carprices/uae/toyota/toyota-rav-4/2022/,2026-06-12T08:36:18Z,4,61739
toyota-rav-4,2022,2.5L Adventure,129900,130000,129950,"AED 129,900 - 130,000",AED,https://www.drivearabia.com/carprices/uae/toyota/toyota-rav-4/2022/,2026-06-12T08:36:18Z,4,77930
toyota-rav-4,2022,2.5 Hybrid,139900,140000,139950,"AED 139,900 - 140,000",AED,https://www.drivearabia.com/carprices/uae/toyota/toyota-rav-4/2022/,2026-06-12T08:36:18Z,4,83927
toyota-rav-4,2023,2.5L I4 EX 2WD,99900,100000,99950,"AED 99,900 - 100,000",AED,https://www.drivearabia.com/carprices/uae/toyota/toyota-rav-4/2023/,2026-06-12T08:36:20Z,3,68113
toyota-rav-4,2023,2.5L I4 EXR 2WD,112900,113000,112950,"AED 112,900 - 113,000",AED,https://www.drivearabia.com/carprices/uae/toyota/toyota-rav-4/2023/,2026-06-12T08:36:20Z,3,76972
toyota-rav-4,2023,2.5H I4 EXR Hybrid 4WD,120900,121000,120950,"AED 120,900 - 121,000",AED,https://www.drivearabia.com/carprices/uae/toyota/toyota-rav-4/2023/,2026-06-12T08:36:20Z,3,82424
toyota-rav-4,2023,2.5L I4 VX 2WD,123900,124000,123950,"AED 123,900 - 124,000",AED,https://www.drivearabia.com/carprices/uae/toyota/toyota-rav-4/2023/,2026-06-12T08:36:20Z,3,84468
toyota-rav-4,2023,2.5L I4 Adventure 4WD,139900,140000,139950,"AED 139,900 - 140,000",AED,https://www.drivearabia.com/carprices/uae/toyota/toyota-rav-4/2023/,2026-06-12T08:36:20Z,3,95372
toyota-rav-4,2023,2.5H I4 VXR Hybrid 4WD,152900,153000,152950,"AED 152,900 - 153,000",AED,https://www.drivearabia.com/carprices/uae/toyota/toyota-rav-4/2023/,2026-06-12T08:36:20Z,3,104231
toyota-rav-4,2024,2.5L I4 EX 2WD,99900,100000,99950,"AED 99,900 - 100,000",AED,https://www.drivearabia.com/carprices/uae/toyota/toyota-rav-4/2024/,2026-06-12T08:36:22Z,2,77401
toyota-rav-4,2024,2.5L I4 EXR 2WD,112900,113000,112950,"AED 112,900 - 113,000",AED,https://www.drivearabia.com/carprices/uae/toyota/toyota-rav-4/2024/,2026-06-12T08:36:22Z,2,87468
toyota-rav-4,2024,2.5H I4 EXR Hybrid 4WD,120900,121000,120950,"AED 120,900 - 121,000",AED,https://www.drivearabia.com/carprices/uae/toyota/toyota-rav-4/2024/,2026-06-12T08:36:22Z,2,93664
toyota-rav-4,2024,2.5L I4 VX 2WD,123900,124000,123950,"AED 123,900 - 124,000",AED,https://www.drivearabia.com/carprices/uae/toyota/toyota-rav-4/2024/,2026-06-12T08:36:22Z,2,95987
toyota-rav-4,2024,2.5L I4 Adventure 4WD,139900,140000,139950,"AED 139,900 - 140,000",AED,https://www.drivearabia.com/carprices/uae/toyota/toyota-rav-4/2024/,2026-06-12T08:36:22Z,2,108377
toyota-rav-4,2024,2.5H I4 VXR Hybrid 4WD,152900,153000,152950,"AED 152,900 - 153,000",AED,https://www.drivearabia.com/carprices/uae/toyota/toyota-rav-4/2024/,2026-06-12T08:36:22Z,2,118444
toyota-rav-4,2025,2.5L I4 EX 2WD,99900,100000,99950,"AED 99,900 - 100,000",AED,https://www.drivearabia.com/carprices/uae/toyota/toyota-rav-4/2025/,2026-06-12T08:36:23Z,1,87956
toyota-rav-4,2025,2.5L I4 EXR 2WD,112900,113000,112950,"AED 112,900 - 113,000",AED,https://www.drivearabia.com/carprices/uae/toyota/toyota-rav-4/2025/,2026-06-12T08:36:23Z,1,99396
toyota-rav-4,2025,2.5H I4 EXR Hybrid 4WD,120900,121000,120950,"AED 120,900 - 121,000",AED,https://www.drivearabia.com/carprices/uae/toyota/toyota-rav-4/2025/,2026-06-12T08:36:23Z,1,106436
toyota-rav-4,2025,2.5L I4 VX 2WD,123900,124000,123950,"AED 123,900 - 124,000",AED,https://www.drivearabia.com/carprices/uae/toyota/toyota-rav-4/2025/,2026-06-12T08:36:23Z,1,109076
toyota-rav-4,2025,2.5L I4 Adventure 4WD,139900,140000,139950,"AED 139,900 - 140,000",AED,https://www.drivearabia.com/carprices/uae/toyota/toyota-rav-4/2025/,2026-06-12T08:36:23Z,1,123156
toyota-rav-4,2025,2.5H I4 VXR Hybrid 4WD,152900,153000,152950,"AED 152,900 - 153,000",AED,https://www.drivearabia.com/carprices/uae/toyota/toyota-rav-4/2025/,2026-06-12T08:36:23Z,1,134596
toyota-rav-4,2026,2.0 EX FWD,105900,106000,105950,"AED 105,900 - 106,000",AED,https://www.drivearabia.com/carprices/uae/toyota/toyota-rav-4/2026/,2026-06-12T08:36:25Z,0,105950
toyota-rav-4,2026,2.0 EXR FWD,113900,114000,113950,"AED 113,900 - 114,000",AED,https://www.drivearabia.com/carprices/uae/toyota/toyota-rav-4/2026/,2026-06-12T08:36:25Z,0,113950
toyota-rav-4,2026,2.5H HEV EX 2WD,114900,115000,114950,"AED 114,900 - 115,000",AED,https://www.drivearabia.com/carprices/uae/toyota/toyota-rav-4/2026/,2026-06-12T08:36:25Z,0,114950
toyota-rav-4,2026,2.5 HEV EXR AWD,122900,123000,122950,"AED 122,900 - 123,000",AED,https://www.drivearabia.com/carprices/uae/toyota/toyota-rav-4/2026/,2026-06-12T08:36:25Z,0,122950
toyota-rav-4,2026,2.5H Adventure AWD,142900,143000,142950,"AED 142,900 - 143,000",AED,https://www.drivearabia.com/carprices/uae/toyota/toyota-rav-4/2026/,2026-06-12T08:36:25Z,0,142950
toyota-rush,2021,EX,68500,69000,68750,"AED 68,500 - 69,000",AED,https://www.drivearabia.com/carprices/uae/toyota/toyota-rush/2021/,2026-06-12T08:36:58Z,5,36282
toyota-rush,2021,GX,73000,74000,73500,"AED 73,000 - 74,000",AED,https://www.drivearabia.com/carprices/uae/toyota/toyota-rush/2021/,2026-06-12T08:36:58Z,5,38788
toyota-rush,2022,EX,68500,69000,68750,"AED 68,500 - 69,000",AED,https://www.drivearabia.com/carprices/uae/toyota/toyota-rush/2022/,2026-06-12T08:37:00Z,4,41229
toyota-rush,2022,GX,73000,74000,73500,"AED 73,000 - 74,000",AED,https://www.drivearabia.com/carprices/uae/toyota/toyota-rush/2022/,2026-06-12T08:37:00Z,4,44078
toyota-rush,2023,EX,69900,70000,69950,"AED 69,900 - 70,000",AED,https://www.drivearabia.com/carprices/uae/toyota/toyota-rush/2023/,2026-06-12T08:37:02Z,3,47669
toyota-rush,2023,GX,74900,75000,74950,"AED 74,900 - 75,000",AED,https://www.drivearabia.com/carprices/uae/toyota/toyota-rush/2023/,2026-06-12T08:37:02Z,3,51076
toyota-sequoia,2009,2WD,149000,215000,182000,"AED 149,000 - 215,000",AED,https://www.drivearabia.com/carprices/uae/toyota/toyota-sequoia/2009/,2026-06-12T08:37:24Z,17,20715
toyota-sequoia,2009,4WD,159000,225000,192000,"AED 159,000 - 225,000",AED,https://www.drivearabia.com/carprices/uae/toyota/toyota-sequoia/2009/,2026-06-12T08:37:24Z,17,21853
toyota-sequoia,2010,2WD,149000,215000,182000,"AED 149,000 - 215,000",AED,https://www.drivearabia.com/carprices/uae/toyota/toyota-sequoia/2010/,2026-06-12T08:37:26Z,16,23539
toyota-sequoia,2010,4WD,159000,225000,192000,"AED 159,000 - 225,000",AED,https://www.drivearabia.com/carprices/uae/toyota/toyota-sequoia/2010/,2026-06-12T08:37:26Z,16,24833
toyota-sequoia,2011,2WD,149000,215000,182000,"AED 149,000 - 215,000",AED,https://www.drivearabia.com/carprices/uae/toyota/toyota-sequoia/2011/,2026-06-12T08:37:28Z,15,26749
toyota-sequoia,2011,4WD,159000,225000,192000,"AED 159,000 - 225,000",AED,https://www.drivearabia.com/carprices/uae/toyota/toyota-sequoia/2011/,2026-06-12T08:37:28Z,15,28219
toyota-sequoia,2012,2WD,149000,215000,182000,"AED 149,000 - 215,000",AED,https://www.drivearabia.com/carprices/uae/toyota/toyota-sequoia/2012/,2026-06-12T08:37:29Z,14,30397
toyota-sequoia,2012,4WD,159000,225000,192000,"AED 159,000 - 225,000",AED,https://www.drivearabia.com/carprices/uae/toyota/toyota-sequoia/2012/,2026-06-12T08:37:29Z,14,32067
toyota-sequoia,2013,Limited 4x4,193000,206000,199500,"AED 193,000 - 206,000",AED,https://www.drivearabia.com/carprices/uae/toyota/toyota-sequoia/2013/,2026-06-12T08:37:31Z,13,37863
toyota-sequoia,2014,Limited 4x4,193000,206000,199500,"AED 193,000 - 206,000",AED,https://www.drivearabia.com/carprices/uae/toyota/toyota-sequoia/2014/,2026-06-12T08:37:33Z,12,43026
toyota-sequoia,2015,EXR,149900,150000,149950,"AED 149,900 - 150,000",AED,https://www.drivearabia.com/carprices/uae/toyota/toyota-sequoia/2015/,2026-06-12T08:37:35Z,11,36750
toyota-sequoia,2015,GXR,169000,170000,169500,"AED 169,000 - 170,000",AED,https://www.drivearabia.com/carprices/uae/toyota/toyota-sequoia/2015/,2026-06-12T08:37:35Z,11,41541
toyota-sequoia,2015,VXR,194900,195000,194950,"AED 194,900 - 195,000",AED,https://www.drivearabia.com/carprices/uae/toyota/toyota-sequoia/2015/,2026-06-12T08:37:35Z,11,47779
toyota-sequoia,2016,EXR,149900,150000,149950,"AED 149,900 - 150,000",AED,https://www.drivearabia.com/carprices/uae/toyota/toyota-sequoia/2016/,2026-06-12T08:37:37Z,10,41761
toyota-sequoia,2016,GXR,169000,170000,169500,"AED 169,000 - 170,000",AED,https://www.drivearabia.com/carprices/uae/toyota/toyota-sequoia/2016/,2026-06-12T08:37:37Z,10,47206
toyota-sequoia,2016,VXR,194900,195000,194950,"AED 194,900 - 195,000",AED,https://www.drivearabia.com/carprices/uae/toyota/toyota-sequoia/2016/,2026-06-12T08:37:37Z,10,54294
toyota-supra,2021,2.0T GR,179900,180000,179950,"AED 179,900 - 180,000",AED,https://www.drivearabia.com/carprices/uae/toyota/toyota-supra/2021/,2026-06-12T08:38:20Z,5,106259
toyota-supra,2021,3.0T GR,199000,200000,199500,"AED 199,000 - 200,000",AED,https://www.drivearabia.com/carprices/uae/toyota/toyota-supra/2021/,2026-06-12T08:38:20Z,5,117803
toyota-supra,2021,3.0T GR Blue Edition,204900,205000,204950,"AED 204,900 - 205,000",AED,https://www.drivearabia.com/carprices/uae/toyota/toyota-supra/2021/,2026-06-12T08:38:20Z,5,121021
toyota-supra,2022,2.0T GR,179900,180000,179950,"AED 179,900 - 180,000",AED,https://www.drivearabia.com/carprices/uae/toyota/toyota-supra/2022/,2026-06-12T08:38:21Z,4,118065
toyota-supra,2022,3.0T GR,199000,200000,199500,"AED 199,000 - 200,000",AED,https://www.drivearabia.com/carprices/uae/toyota/toyota-supra/2022/,2026-06-12T08:38:21Z,4,130892
toyota-supra,2022,3.0T GR Blue Edition,204900,205000,204950,"AED 204,900 - 205,000",AED,https://www.drivearabia.com/carprices/uae/toyota/toyota-supra/2022/,2026-06-12T08:38:21Z,4,134468
toyota-supra,2023,2.0T GR,179900,180000,179950,"AED 179,900 - 180,000",AED,https://www.drivearabia.com/carprices/uae/toyota/toyota-supra/2023/,2026-06-12T08:38:23Z,3,131184
toyota-supra,2023,3.0T GR auto,207000,213000,210000,"AED 207,000 - 213,000",AED,https://www.drivearabia.com/carprices/uae/toyota/toyota-supra/2023/,2026-06-12T08:38:23Z,3,153090
toyota-supra,2023,3.0T GR manual,207900,213000,210450,"AED 207,900 - 213,000",AED,https://www.drivearabia.com/carprices/uae/toyota/toyota-supra/2023/,2026-06-12T08:38:23Z,3,153418
toyota-supra,2024,3.0TC V6 GR RWD auto,216000,218000,217000,"AED 216,000 - 218,000",AED,https://www.drivearabia.com/carprices/uae/toyota/toyota-supra/2024/,2026-06-12T08:38:25Z,2,175770
toyota-supra,2024,3.0T GR RWD manual,216000,218000,217000,"AED 216,000 - 218,000",AED,https://www.drivearabia.com/carprices/uae/toyota/toyota-supra/2024/,2026-06-12T08:38:25Z,2,175770
toyota-supra,2025,3.0TC V6 GR RWD auto,216000,218000,217000,"AED 216,000 - 218,000",AED,https://www.drivearabia.com/carprices/uae/toyota/toyota-supra/2025/,2026-06-12T08:38:27Z,1,195300
toyota-supra,2025,3.0T GR RWD manual,216000,218000,217000,"AED 216,000 - 218,000",AED,https://www.drivearabia.com/carprices/uae/toyota/toyota-supra/2025/,2026-06-12T08:38:27Z,1,195300
toyota-supra,2026,3.0TC V6 GR RWD auto,238900,259900,249400,"AED 238,900 - 259,900",AED,https://www.drivearabia.com/carprices/uae/toyota/toyota-supra/2026/,2026-06-12T08:38:29Z,0,249400
toyota-urban-cruiser,2023,1.5 I4 GL,76900,77000,76950,"AED 76,900 - 77,000",AED,https://www.drivearabia.com/carprices/uae/toyota/toyota-urban-cruiser/2023/,2026-06-12T08:39:02Z,3,48945
toyota-urban-cruiser,2023,1.5 I4 GLX,82900,83000,82950,"AED 82,900 - 83,000",AED,https://www.drivearabia.com/carprices/uae/toyota/toyota-urban-cruiser/2023/,2026-06-12T08:39:02Z,3,52761
toyota-urban-cruiser,2024,1.5 I4 GL,76900,77000,76950,"AED 76,900 - 77,000",AED,https://www.drivearabia.com/carprices/uae/toyota/toyota-urban-cruiser/2024/,2026-06-12T08:39:04Z,2,56912
toyota-urban-cruiser,2024,1.5 I4 GLX,82900,83000,82950,"AED 82,900 - 83,000",AED,https://www.drivearabia.com/carprices/uae/toyota/toyota-urban-cruiser/2024/,2026-06-12T08:39:04Z,2,61350
toyota-urban-cruiser,2025,1.5 I4 GL FWD,79900,80000,79950,"AED 79,900 - 80,000",AED,https://www.drivearabia.com/carprices/uae/toyota/toyota-urban-cruiser/2025/,2026-06-12T08:39:06Z,1,68757
toyota-urban-cruiser,2025,1.5 I4 GLX FWD,85900,86000,85950,"AED 85,900 - 86,000",AED,https://www.drivearabia.com/carprices/uae/toyota/toyota-urban-cruiser/2025/,2026-06-12T08:39:06Z,1,73917
toyota-urban-cruiser,2026,1.5 I4 GL FWD,79900,80000,79950,"AED 79,900 - 80,000",AED,https://www.drivearabia.com/carprices/uae/toyota/toyota-urban-cruiser/2026/,2026-06-12T08:39:08Z,0,79950
toyota-urban-cruiser,2026,1.5 I4 GLX FWD,85900,86000,85950,"AED 85,900 - 86,000",AED,https://www.drivearabia.com/carprices/uae/toyota/toyota-urban-cruiser/2026/,2026-06-12T08:39:08Z,0,85950
toyota-veloz,2023,1.5 I4 GX,79900,80000,79950,"AED 79,900 - 80,000",AED,https://www.drivearabia.com/carprices/uae/toyota/toyota-veloz/2023/,2026-06-12T08:39:42Z,3,52647
toyota-veloz,2024,1.5 I4 GX,79900,80000,79950,"AED 79,900 - 80,000",AED,https://www.drivearabia.com/carprices/uae/toyota/toyota-veloz/2024/,2026-06-12T08:39:43Z,2,60514
toyota-veloz,2025,1.5 I4 GX FWD,80900,81000,80950,"AED 80,900 - 81,000",AED,https://www.drivearabia.com/carprices/uae/toyota/toyota-veloz/2025/,2026-06-12T08:39:45Z,1,70426
toyota-veloz,2026,1.5 I4 GX FWD,80900,81000,80950,"AED 80,900 - 81,000",AED,https://www.drivearabia.com/carprices/uae/toyota/toyota-veloz/2026/,2026-06-12T08:39:47Z,0,80950
toyota-yaris,2015,1.3 S,51000,52000,51500,"AED 51,000 - 52,000",AED,https://www.drivearabia.com/carprices/uae/toyota/toyota-yaris/2015/,2026-06-12T08:40:57Z,11,14292
toyota-yaris,2015,1.5L SE,54900,55500,55200,"AED 54,900 - 55,500",AED,https://www.drivearabia.com/carprices/uae/toyota/toyota-yaris/2015/,2026-06-12T08:40:57Z,11,15319
toyota-yaris,2015,1.5L SE Plus,57500,58000,57750,"AED 57,500 - 58,000",AED,https://www.drivearabia.com/carprices/uae/toyota/toyota-yaris/2015/,2026-06-12T08:40:57Z,11,16027
toyota-yaris,2016,1.3 S,51000,52000,51500,"AED 51,000 - 52,000",AED,https://www.drivearabia.com/carprices/uae/toyota/toyota-yaris/2016/,2026-06-12T08:40:58Z,10,16059
toyota-yaris,2016,1.5L SE,54900,55500,55200,"AED 54,900 - 55,500",AED,https://www.drivearabia.com/carprices/uae/toyota/toyota-yaris/2016/,2026-06-12T08:40:58Z,10,17212
toyota-yaris,2016,1.5L SE Plus,57500,58000,57750,"AED 57,500 - 58,000",AED,https://www.drivearabia.com/carprices/uae/toyota/toyota-yaris/2016/,2026-06-12T08:40:58Z,10,18007
toyota-yaris,2017,1.3 SE,53900,54000,53950,"AED 53,900 - 54,000",AED,https://www.drivearabia.com/carprices/uae/toyota/toyota-yaris/2017/,2026-06-12T08:41:00Z,9,18902
toyota-yaris,2017,1.5L SE Plus,61900,62000,61950,"AED 61,900 - 62,000",AED,https://www.drivearabia.com/carprices/uae/toyota/toyota-yaris/2017/,2026-06-12T08:41:00Z,9,21705
toyota-yaris,2018,1.3 SE,58700,59000,58850,"AED 58,700 - 59,000",AED,https://www.drivearabia.com/carprices/uae/toyota/toyota-yaris/2018/,2026-06-12T08:41:02Z,8,23167
toyota-yaris,2018,1.5L SE Plus,68200,69000,68600,"AED 68,200 - 69,000",AED,https://www.drivearabia.com/carprices/uae/toyota/toyota-yaris/2018/,2026-06-12T08:41:02Z,8,27005
toyota-yaris,2019,SE,58700,59000,58850,"AED 58,700 - 59,000",AED,https://www.drivearabia.com/carprices/uae/toyota/toyota-yaris/2019/,2026-06-12T08:41:04Z,7,26030
toyota-yaris,2019,SE Plus,68500,69000,68750,"AED 68,500 - 69,000",AED,https://www.drivearabia.com/carprices/uae/toyota/toyota-yaris/2019/,2026-06-12T08:41:04Z,7,30409
toyota-yaris,2020,SE,58700,59000,58850,"AED 58,700 - 59,000",AED,https://www.drivearabia.com/carprices/uae/toyota/toyota-yaris/2020/,2026-06-12T08:41:06Z,6,29247
toyota-yaris,2020,SE Plus,68500,69000,68750,"AED 68,500 - 69,000",AED,https://www.drivearabia.com/carprices/uae/toyota/toyota-yaris/2020/,2026-06-12T08:41:06Z,6,34167
toyota-yaris-sedan,2014,1.3L S,48500,49000,48750,"AED 48,500 - 49,000",AED,https://www.drivearabia.com/carprices/uae/toyota/toyota-yaris-sedan/2014/,2026-06-12T08:41:41Z,12,12041
toyota-yaris-sedan,2014,1.3L SE,51900,52000,51950,"AED 51,900 - 52,000",AED,https://www.drivearabia.com/carprices/uae/toyota/toyota-yaris-sedan/2014/,2026-06-12T08:41:41Z,12,12831
toyota-yaris-sedan,2014,1.5L SE,53500,54000,53750,"AED 53,500 - 54,000",AED,https://www.drivearabia.com/carprices/uae/toyota/toyota-yaris-sedan/2014/,2026-06-12T08:41:41Z,12,13276
toyota-yaris-sedan,2014,1.5L Sport,56900,57000,56950,"AED 56,900 - 57,000",AED,https://www.drivearabia.com/carprices/uae/toyota/toyota-yaris-sedan/2014/,2026-06-12T08:41:41Z,12,14066
toyota-yaris-sedan,2014,1.5L SE,57900,58000,57950,"AED 57,900 - 58,000",AED,https://www.drivearabia.com/carprices/uae/toyota/toyota-yaris-sedan/2014/,2026-06-12T08:41:41Z,12,14313
toyota-yaris-sedan,2015,1.3L S,48500,49000,48750,"AED 48,500 - 49,000",AED,https://www.drivearabia.com/carprices/uae/toyota/toyota-yaris-sedan/2015/,2026-06-12T08:41:43Z,11,13529
toyota-yaris-sedan,2015,1.3L SE,51900,52000,51950,"AED 51,900 - 52,000",AED,https://www.drivearabia.com/carprices/uae/toyota/toyota-yaris-sedan/2015/,2026-06-12T08:41:43Z,11,14417
toyota-yaris-sedan,2015,1.5L SE,53500,54000,53750,"AED 53,500 - 54,000",AED,https://www.drivearabia.com/carprices/uae/toyota/toyota-yaris-sedan/2015/,2026-06-12T08:41:43Z,11,14917
toyota-yaris-sedan,2015,1.5L Sport,56900,57000,56950,"AED 56,900 - 57,000",AED,https://www.drivearabia.com/carprices/uae/toyota/toyota-yaris-sedan/2015/,2026-06-12T08:41:43Z,11,15805
toyota-yaris-sedan,2015,1.5L SE,57900,58000,57950,"AED 57,900 - 58,000",AED,https://www.drivearabia.com/carprices/uae/toyota/toyota-yaris-sedan/2015/,2026-06-12T08:41:43Z,11,16082
toyota-yaris-sedan,2016,1.5L SE,53900,54000,53950,"AED 53,900 - 54,000",AED,https://www.drivearabia.com/carprices/uae/toyota/toyota-yaris-sedan/2016/,2026-06-12T08:41:45Z,10,16823
toyota-yaris-sedan,2016,1.5L Sport,57000,58500,57750,"AED 58,500 - 57,000",AED,https://www.drivearabia.com/carprices/uae/toyota/toyota-yaris-sedan/2016/,2026-06-12T08:41:45Z,10,18007
toyota-yaris-sedan,2016,1.5L SE,58000,59500,58750,"AED 59,500 - 58,000",AED,https://www.drivearabia.com/carprices/uae/toyota/toyota-yaris-sedan/2016/,2026-06-12T08:41:45Z,10,18319
toyota-yaris-sedan,2017,1.5L SE,58695,59000,58848,"AED 58,695 - 59,000",AED,https://www.drivearabia.com/carprices/uae/toyota/toyota-yaris-sedan/2017/,2026-06-12T08:41:47Z,9,20618
toyota-yaris-sedan,2017,1.5L SE,66045,67000,66522,"AED 66,045 - 67,000",AED,https://www.drivearabia.com/carprices/uae/toyota/toyota-yaris-sedan/2017/,2026-06-12T08:41:47Z,9,23306
toyota-yaris-sedan,2019,1.5L CVT,59900,60000,59950,"AED 59,900 - 60,000",AED,https://www.drivearabia.com/carprices/uae/toyota/toyota-yaris-sedan/2019/,2026-06-12T08:41:50Z,7,26517
toyota-yaris-sedan,2020,1.5L CVT,59900,60000,59950,"AED 59,900 - 60,000",AED,https://www.drivearabia.com/carprices/uae/toyota/toyota-yaris-sedan/2020/,2026-06-12T08:41:52Z,6,29794
toyota-yaris-sedan,2021,1.5L CVT,59900,60000,59950,"AED 59,900 - 60,000",AED,https://www.drivearabia.com/carprices/uae/toyota/toyota-yaris-sedan/2021/,2026-06-12T08:41:54Z,5,33476
toyota-yaris-sedan,2022,1.5L CVT,59900,60000,59950,"AED 59,900 - 60,000",AED,https://www.drivearabia.com/carprices/uae/toyota/toyota-yaris-sedan/2022/,2026-06-12T08:41:56Z,4,37614
toyota-yaris-sedan,2023,1.5L I4 E FWD,63900,64000,63950,"AED 63,900 - 64,000",AED,https://www.drivearabia.com/carprices/uae/toyota/toyota-yaris-sedan/2023/,2026-06-12T08:41:58Z,3,45083
toyota-yaris-sedan,2023,1.5 I4 G FWD,73900,74000,73950,"AED 73,900 - 74,000",AED,https://www.drivearabia.com/carprices/uae/toyota/toyota-yaris-sedan/2023/,2026-06-12T08:41:58Z,3,52132
toyota-yaris-sedan,2025,1.5L I4 E FWD,63900,64000,63950,"AED 63,900 - 64,000",AED,https://www.drivearabia.com/carprices/uae/toyota/toyota-yaris-sedan/2025/,2026-06-12T08:42:01Z,1,56916
toyota-yaris-sedan,2025,1.5 I4 G FWD,73900,74000,73950,"AED 73,900 - 74,000",AED,https://www.drivearabia.com/carprices/uae/toyota/toyota-yaris-sedan/2025/,2026-06-12T08:42:01Z,1,65816
toyota-yaris-sedan,2026,E,64900,65000,64950,"AED 64,900 - 65,000",AED,https://www.drivearabia.com/carprices/uae/toyota/toyota-yaris-sedan/2026/,2026-06-12T08:42:03Z,0,64950
toyota-yaris-sedan,2026,G,74900,75000,74950,"AED 74,900 - 75,000",AED,https://www.drivearabia.com/carprices/uae/toyota/toyota-yaris-sedan/2026/,2026-06-12T08:42:03Z,0,74950
