model_slug,model_name,year,trim_name,price_aed,url,scraped_at
toyota-86,86,2012,Original Starting Price,95000,https://www.drivearabia.com/carprices/uae/toyota/toyota-86/2012/,2026-06-11T12:40:44Z
toyota-86,86,2012,2012 Toyota 86,95000,https://www.drivearabia.com/carprices/uae/toyota/toyota-86/2012/,2026-06-11T12:40:44Z
toyota-86,86,2012,2012 Hyundai Genesis Coupe,110000,https://www.drivearabia.com/carprices/uae/toyota/toyota-86/2012/,2026-06-11T12:40:44Z
toyota-86,86,2012,2012 Nissan 370Z,190000,https://www.drivearabia.com/carprices/uae/toyota/toyota-86/2012/,2026-06-11T12:40:44Z
toyota-86,86,2012,2012 Mazda MX-5,128000,https://www.drivearabia.com/carprices/uae/toyota/toyota-86/2012/,2026-06-11T12:40:44Z
toyota-86,86,2013,Original Starting Price,95000,https://www.drivearabia.com/carprices/uae/toyota/toyota-86/2013/,2026-06-11T12:40:45Z
toyota-86,86,2013,2013 Toyota 86,95000,https://www.drivearabia.com/carprices/uae/toyota/toyota-86/2013/,2026-06-11T12:40:45Z
toyota-86,86,2013,2013 Hyundai Genesis Coupe,123000,https://www.drivearabia.com/carprices/uae/toyota/toyota-86/2013/,2026-06-11T12:40:45Z
toyota-86,86,2013,2013 Nissan 370Z,139000,https://www.drivearabia.com/carprices/uae/toyota/toyota-86/2013/,2026-06-11T12:40:45Z
toyota-86,86,2013,2013 Mazda MX-5,128000,https://www.drivearabia.com/carprices/uae/toyota/toyota-86/2013/,2026-06-11T12:40:45Z
toyota-86,86,2014,Original Starting Price,94900,https://www.drivearabia.com/carprices/uae/toyota/toyota-86/2014/,2026-06-11T12:40:48Z
toyota-86,86,2014,86 GT/GTX MT,94900,https://www.drivearabia.com/carprices/uae/toyota/toyota-86/2014/,2026-06-11T12:40:48Z
toyota-86,86,2014,86 VT/VTX AT,114900,https://www.drivearabia.com/carprices/uae/toyota/toyota-86/2014/,2026-06-11T12:40:48Z
toyota-86,86,2014,86 TRD,149000,https://www.drivearabia.com/carprices/uae/toyota/toyota-86/2014/,2026-06-11T12:40:48Z
toyota-86,86,2014,2014 Hyundai Genesis Coupe,123000,https://www.drivearabia.com/carprices/uae/toyota/toyota-86/2014/,2026-06-11T12:40:48Z
toyota-86,86,2014,2014 Nissan 370Z,139000,https://www.drivearabia.com/carprices/uae/toyota/toyota-86/2014/,2026-06-11T12:40:48Z
toyota-86,86,2014,2014 Mazda MX-5,128000,https://www.drivearabia.com/carprices/uae/toyota/toyota-86/2014/,2026-06-11T12:40:48Z
toyota-86,86,2015,Original Starting Price,94900,https://www.drivearabia.com/carprices/uae/toyota/toyota-86/2015/,2026-06-11T12:40:49Z
toyota-86,86,2015,86 GT/GTX MT,94900,https://www.drivearabia.com/carprices/uae/toyota/toyota-86/2015/,2026-06-11T12:40:49Z
toyota-86,86,2015,86 VT/VTX AT,114900,https://www.drivearabia.com/carprices/uae/toyota/toyota-86/2015/,2026-06-11T12:40:49Z
toyota-86,86,2015,86 TRD,149000,https://www.drivearabia.com/carprices/uae/toyota/toyota-86/2015/,2026-06-11T12:40:49Z
toyota-86,86,2015,2015 Mazda MX-5,128000,https://www.drivearabia.com/carprices/uae/toyota/toyota-86/2015/,2026-06-11T12:40:49Z
toyota-86,86,2015,2015 Hyundai Genesis Coupe,108000,https://www.drivearabia.com/carprices/uae/toyota/toyota-86/2015/,2026-06-11T12:40:49Z
toyota-86,86,2015,2015 Nissan 370Z,139000,https://www.drivearabia.com/carprices/uae/toyota/toyota-86/2015/,2026-06-11T12:40:49Z
toyota-86,86,2016,Original Starting Price,104900,https://www.drivearabia.com/carprices/uae/toyota/toyota-86/2016/,2026-06-11T12:40:51Z
toyota-86,86,2016,86 GTX MT,104900,https://www.drivearabia.com/carprices/uae/toyota/toyota-86/2016/,2026-06-11T12:40:51Z
toyota-86,86,2016,86 VT/VTX AT,114900,https://www.drivearabia.com/carprices/uae/toyota/toyota-86/2016/,2026-06-11T12:40:51Z
toyota-86,86,2016,2016 Hyundai Genesis Coupe,108000,https://www.drivearabia.com/carprices/uae/toyota/toyota-86/2016/,2026-06-11T12:40:51Z
toyota-86,86,2016,2016 Nissan 370Z,127000,https://www.drivearabia.com/carprices/uae/toyota/toyota-86/2016/,2026-06-11T12:40:51Z
toyota-86,86,2016,2016 Mazda MX-5,128000,https://www.drivearabia.com/carprices/uae/toyota/toyota-86/2016/,2026-06-11T12:40:51Z
toyota-86,86,2017,Original Starting Price,104900,https://www.drivearabia.com/carprices/uae/toyota/toyota-86/2017/,2026-06-11T12:40:53Z
toyota-86,86,2017,86 GTX MT,104900,https://www.drivearabia.com/carprices/uae/toyota/toyota-86/2017/,2026-06-11T12:40:53Z
toyota-86,86,2017,86 VT/VTX AT,114900,https://www.drivearabia.com/carprices/uae/toyota/toyota-86/2017/,2026-06-11T12:40:53Z
toyota-86,86,2017,2016 Hyundai Genesis Coupe,108000,https://www.drivearabia.com/carprices/uae/toyota/toyota-86/2017/,2026-06-11T12:40:53Z
toyota-86,86,2017,2017 Nissan 370Z,127000,https://www.drivearabia.com/carprices/uae/toyota/toyota-86/2017/,2026-06-11T12:40:53Z
toyota-86,86,2017,2017 Mazda MX-5,128000,https://www.drivearabia.com/carprices/uae/toyota/toyota-86/2017/,2026-06-11T12:40:53Z
toyota-86,86,2018,Original Starting Price,104900,https://www.drivearabia.com/carprices/uae/toyota/toyota-86/2018/,2026-06-11T12:40:55Z
toyota-86,86,2018,86 GTX MT,104900,https://www.drivearabia.com/carprices/uae/toyota/toyota-86/2018/,2026-06-11T12:40:55Z
toyota-86,86,2018,86 VT/VTX AT,114900,https://www.drivearabia.com/carprices/uae/toyota/toyota-86/2018/,2026-06-11T12:40:55Z
toyota-86,86,2018,2016 Hyundai Genesis Coupe,108000,https://www.drivearabia.com/carprices/uae/toyota/toyota-86/2018/,2026-06-11T12:40:55Z
toyota-86,86,2018,2018 Nissan 370Z,151100,https://www.drivearabia.com/carprices/uae/toyota/toyota-86/2018/,2026-06-11T12:40:55Z
toyota-86,86,2019,Original Starting Price,116500,https://www.drivearabia.com/carprices/uae/toyota/toyota-86/2019/,2026-06-11T12:40:57Z
toyota-86,86,2019,VTX AT,116500,https://www.drivearabia.com/carprices/uae/toyota/toyota-86/2019/,2026-06-11T12:40:57Z
toyota-86,86,2019,2016 Hyundai Genesis Coupe,108000,https://www.drivearabia.com/carprices/uae/toyota/toyota-86/2019/,2026-06-11T12:40:57Z
toyota-86,86,2019,2019 Nissan 370Z,149000,https://www.drivearabia.com/carprices/uae/toyota/toyota-86/2019/,2026-06-11T12:40:57Z
toyota-aurion,Aurion,2010,Original Starting Price,99000,https://www.drivearabia.com/carprices/uae/toyota/toyota-aurion/2010/,2026-06-11T12:41:07Z
toyota-aurion,Aurion,2010,2010 Toyota Aurion,99000,https://www.drivearabia.com/carprices/uae/toyota/toyota-aurion/2010/,2026-06-11T12:41:07Z
toyota-aurion,Aurion,2010,2010 Honda Accord,84000,https://www.drivearabia.com/carprices/uae/toyota/toyota-aurion/2010/,2026-06-11T12:41:07Z
toyota-aurion,Aurion,2010,2010 Nissan Altima,72000,https://www.drivearabia.com/carprices/uae/toyota/toyota-aurion/2010/,2026-06-11T12:41:07Z
toyota-aurion,Aurion,2010,2010 Chevrolet Lumina,90000,https://www.drivearabia.com/carprices/uae/toyota/toyota-aurion/2010/,2026-06-11T12:41:07Z
toyota-aurion,Aurion,2011,Original Starting Price,99000,https://www.drivearabia.com/carprices/uae/toyota/toyota-aurion/2011/,2026-06-11T12:41:09Z
toyota-aurion,Aurion,2011,2011 Toyota Aurion,99000,https://www.drivearabia.com/carprices/uae/toyota/toyota-aurion/2011/,2026-06-11T12:41:09Z
toyota-aurion,Aurion,2011,2011 Honda Accord,89000,https://www.drivearabia.com/carprices/uae/toyota/toyota-aurion/2011/,2026-06-11T12:41:09Z
toyota-aurion,Aurion,2011,2011 Nissan Altima,72000,https://www.drivearabia.com/carprices/uae/toyota/toyota-aurion/2011/,2026-06-11T12:41:09Z
toyota-aurion,Aurion,2011,2011 Chevrolet Lumina,90000,https://www.drivearabia.com/carprices/uae/toyota/toyota-aurion/2011/,2026-06-11T12:41:09Z
toyota-aurion,Aurion,2012,Original Starting Price,115000,https://www.drivearabia.com/carprices/uae/toyota/toyota-aurion/2012/,2026-06-11T12:41:11Z
toyota-aurion,Aurion,2012,2012 Toyota Aurion,115000,https://www.drivearabia.com/carprices/uae/toyota/toyota-aurion/2012/,2026-06-11T12:41:11Z
toyota-aurion,Aurion,2012,2012 Mitsubishi Galant,59900,https://www.drivearabia.com/carprices/uae/toyota/toyota-aurion/2012/,2026-06-11T12:41:11Z
toyota-aurion,Aurion,2012,2012 Nissan Maxima,103500,https://www.drivearabia.com/carprices/uae/toyota/toyota-aurion/2012/,2026-06-11T12:41:11Z
toyota-aurion,Aurion,2012,2012 Ford Taurus,84000,https://www.drivearabia.com/carprices/uae/toyota/toyota-aurion/2012/,2026-06-11T12:41:11Z
toyota-aurion,Aurion,2013,Original Starting Price,115000,https://www.drivearabia.com/carprices/uae/toyota/toyota-aurion/2013/,2026-06-11T12:41:12Z
toyota-aurion,Aurion,2013,2013 Toyota Aurion,115000,https://www.drivearabia.com/carprices/uae/toyota/toyota-aurion/2013/,2026-06-11T12:41:12Z
toyota-aurion,Aurion,2013,2013 Mitsubishi Galant,59900,https://www.drivearabia.com/carprices/uae/toyota/toyota-aurion/2013/,2026-06-11T12:41:12Z
toyota-aurion,Aurion,2013,2013 Ford Taurus,99000,https://www.drivearabia.com/carprices/uae/toyota/toyota-aurion/2013/,2026-06-11T12:41:12Z
toyota-aurion,Aurion,2013,2013 Nissan Maxima,99500,https://www.drivearabia.com/carprices/uae/toyota/toyota-aurion/2013/,2026-06-11T12:41:12Z
toyota-aurion,Aurion,2014,Original Starting Price,115000,https://www.drivearabia.com/carprices/uae/toyota/toyota-aurion/2014/,2026-06-11T12:41:14Z
toyota-aurion,Aurion,2014,2014 Toyota Aurion,115000,https://www.drivearabia.com/carprices/uae/toyota/toyota-aurion/2014/,2026-06-11T12:41:14Z
toyota-aurion,Aurion,2014,2014 Mitsubishi Galant,59900,https://www.drivearabia.com/carprices/uae/toyota/toyota-aurion/2014/,2026-06-11T12:41:14Z
toyota-aurion,Aurion,2014,2014 Ford Taurus,99000,https://www.drivearabia.com/carprices/uae/toyota/toyota-aurion/2014/,2026-06-11T12:41:14Z
toyota-aurion,Aurion,2014,2014 Nissan Maxima,99500,https://www.drivearabia.com/carprices/uae/toyota/toyota-aurion/2014/,2026-06-11T12:41:14Z
toyota-aurion,Aurion,2015,Original Starting Price,114000,https://www.drivearabia.com/carprices/uae/toyota/toyota-aurion/2015/,2026-06-11T12:41:16Z
toyota-aurion,Aurion,2015,Sport,114000,https://www.drivearabia.com/carprices/uae/toyota/toyota-aurion/2015/,2026-06-11T12:41:16Z
toyota-aurion,Aurion,2015,Limited,117000,https://www.drivearabia.com/carprices/uae/toyota/toyota-aurion/2015/,2026-06-11T12:41:16Z
toyota-aurion,Aurion,2015,TRD,125725,https://www.drivearabia.com/carprices/uae/toyota/toyota-aurion/2015/,2026-06-11T12:41:16Z
toyota-aurion,Aurion,2015,2014 Mitsubishi Galant,59900,https://www.drivearabia.com/carprices/uae/toyota/toyota-aurion/2015/,2026-06-11T12:41:16Z
toyota-aurion,Aurion,2015,2015 Nissan Maxima,99500,https://www.drivearabia.com/carprices/uae/toyota/toyota-aurion/2015/,2026-06-11T12:41:16Z
toyota-aurion,Aurion,2015,2015 Ford Taurus,98000,https://www.drivearabia.com/carprices/uae/toyota/toyota-aurion/2015/,2026-06-11T12:41:16Z
toyota-aurion,Aurion,2016,Original Starting Price,114000,https://www.drivearabia.com/carprices/uae/toyota/toyota-aurion/2016/,2026-06-11T12:41:18Z
toyota-aurion,Aurion,2016,Sport,114000,https://www.drivearabia.com/carprices/uae/toyota/toyota-aurion/2016/,2026-06-11T12:41:18Z
toyota-aurion,Aurion,2016,Limited,117000,https://www.drivearabia.com/carprices/uae/toyota/toyota-aurion/2016/,2026-06-11T12:41:18Z
toyota-aurion,Aurion,2016,TRD,125725,https://www.drivearabia.com/carprices/uae/toyota/toyota-aurion/2016/,2026-06-11T12:41:18Z
toyota-aurion,Aurion,2016,2014 Mitsubishi Galant,59900,https://www.drivearabia.com/carprices/uae/toyota/toyota-aurion/2016/,2026-06-11T12:41:18Z
toyota-aurion,Aurion,2016,2016 Ford Taurus,98000,https://www.drivearabia.com/carprices/uae/toyota/toyota-aurion/2016/,2026-06-11T12:41:18Z
toyota-aurion,Aurion,2016,2016 Nissan Maxima,110000,https://www.drivearabia.com/carprices/uae/toyota/toyota-aurion/2016/,2026-06-11T12:41:18Z
toyota-aurion,Aurion,2017,Original Starting Price,114000,https://www.drivearabia.com/carprices/uae/toyota/toyota-aurion/2017/,2026-06-11T12:41:20Z
toyota-aurion,Aurion,2017,Sport,114000,https://www.drivearabia.com/carprices/uae/toyota/toyota-aurion/2017/,2026-06-11T12:41:20Z
toyota-aurion,Aurion,2017,Limited,117000,https://www.drivearabia.com/carprices/uae/toyota/toyota-aurion/2017/,2026-06-11T12:41:20Z
toyota-aurion,Aurion,2017,TRD,125725,https://www.drivearabia.com/carprices/uae/toyota/toyota-aurion/2017/,2026-06-11T12:41:20Z
toyota-aurion,Aurion,2017,2014 Mitsubishi Galant,59900,https://www.drivearabia.com/carprices/uae/toyota/toyota-aurion/2017/,2026-06-11T12:41:20Z
toyota-aurion,Aurion,2017,2017 Nissan Maxima,110000,https://www.drivearabia.com/carprices/uae/toyota/toyota-aurion/2017/,2026-06-11T12:41:20Z
toyota-aurion,Aurion,2017,2017 Ford Taurus,98000,https://www.drivearabia.com/carprices/uae/toyota/toyota-aurion/2017/,2026-06-11T12:41:20Z
toyota-avalon,Avalon,2010,Original Starting Price,111000,https://www.drivearabia.com/carprices/uae/toyota/toyota-avalon/2010/,2026-06-11T12:41:31Z
toyota-avalon,Avalon,2010,2010 Toyota Avalon,111000,https://www.drivearabia.com/carprices/uae/toyota/toyota-avalon/2010/,2026-06-11T12:41:31Z
toyota-avalon,Avalon,2010,2010 Chevrolet Caprice,100000,https://www.drivearabia.com/carprices/uae/toyota/toyota-avalon/2010/,2026-06-11T12:41:31Z
toyota-avalon,Avalon,2010,2009 Ford Five Hundred,85000,https://www.drivearabia.com/carprices/uae/toyota/toyota-avalon/2010/,2026-06-11T12:41:31Z
toyota-avalon,Avalon,2010,2010 Hyundai Azera,66900,https://www.drivearabia.com/carprices/uae/toyota/toyota-avalon/2010/,2026-06-11T12:41:31Z
toyota-avalon,Avalon,2011,Original Starting Price,142500,https://www.drivearabia.com/carprices/uae/toyota/toyota-avalon/2011/,2026-06-11T12:41:33Z
toyota-avalon,Avalon,2011,2011 Toyota Avalon,142500,https://www.drivearabia.com/carprices/uae/toyota/toyota-avalon/2011/,2026-06-11T12:41:33Z
toyota-avalon,Avalon,2011,2011 Chevrolet Caprice,100000,https://www.drivearabia.com/carprices/uae/toyota/toyota-avalon/2011/,2026-06-11T12:41:33Z
toyota-avalon,Avalon,2011,2011 Hyundai Azera,66900,https://www.drivearabia.com/carprices/uae/toyota/toyota-avalon/2011/,2026-06-11T12:41:33Z
toyota-avalon,Avalon,2011,2011 Ford Taurus,84000,https://www.drivearabia.com/carprices/uae/toyota/toyota-avalon/2011/,2026-06-11T12:41:33Z
toyota-avalon,Avalon,2012,Original Starting Price,142500,https://www.drivearabia.com/carprices/uae/toyota/toyota-avalon/2012/,2026-06-11T12:41:35Z
toyota-avalon,Avalon,2012,2012 Toyota Avalon,142500,https://www.drivearabia.com/carprices/uae/toyota/toyota-avalon/2012/,2026-06-11T12:41:35Z
toyota-avalon,Avalon,2012,2012 Chevrolet Caprice,100000,https://www.drivearabia.com/carprices/uae/toyota/toyota-avalon/2012/,2026-06-11T12:41:35Z
toyota-avalon,Avalon,2012,2012 Ford Taurus,84000,https://www.drivearabia.com/carprices/uae/toyota/toyota-avalon/2012/,2026-06-11T12:41:35Z
toyota-avalon,Avalon,2012,2012 Hyundai Azera,111000,https://www.drivearabia.com/carprices/uae/toyota/toyota-avalon/2012/,2026-06-11T12:41:35Z
toyota-avalon,Avalon,2013,Original Starting Price,128000,https://www.drivearabia.com/carprices/uae/toyota/toyota-avalon/2013/,2026-06-11T12:41:37Z
toyota-avalon,Avalon,2013,S/SE,128000,https://www.drivearabia.com/carprices/uae/toyota/toyota-avalon/2013/,2026-06-11T12:41:37Z
toyota-avalon,Avalon,2013,SE Plus/Limited,149000,https://www.drivearabia.com/carprices/uae/toyota/toyota-avalon/2013/,2026-06-11T12:41:37Z
toyota-avalon,Avalon,2013,2013 Hyundai Azera,111000,https://www.drivearabia.com/carprices/uae/toyota/toyota-avalon/2013/,2026-06-11T12:41:37Z
toyota-avalon,Avalon,2013,2013 Ford Taurus,99000,https://www.drivearabia.com/carprices/uae/toyota/toyota-avalon/2013/,2026-06-11T12:41:37Z
toyota-avalon,Avalon,2013,2013 Dodge Charger,110000,https://www.drivearabia.com/carprices/uae/toyota/toyota-avalon/2013/,2026-06-11T12:41:37Z
toyota-avalon,Avalon,2014,Original Starting Price,128000,https://www.drivearabia.com/carprices/uae/toyota/toyota-avalon/2014/,2026-06-11T12:41:39Z
toyota-avalon,Avalon,2014,S/SE,128000,https://www.drivearabia.com/carprices/uae/toyota/toyota-avalon/2014/,2026-06-11T12:41:39Z
toyota-avalon,Avalon,2014,SE Plus/Limited,149000,https://www.drivearabia.com/carprices/uae/toyota/toyota-avalon/2014/,2026-06-11T12:41:39Z
toyota-avalon,Avalon,2014,2014 Hyundai Azera,111000,https://www.drivearabia.com/carprices/uae/toyota/toyota-avalon/2014/,2026-06-11T12:41:39Z
toyota-avalon,Avalon,2014,2014 Ford Taurus,99000,https://www.drivearabia.com/carprices/uae/toyota/toyota-avalon/2014/,2026-06-11T12:41:39Z
toyota-avalon,Avalon,2014,2014 Dodge Charger,110000,https://www.drivearabia.com/carprices/uae/toyota/toyota-avalon/2014/,2026-06-11T12:41:39Z
toyota-avalon,Avalon,2015,Original Starting Price,119000,https://www.drivearabia.com/carprices/uae/toyota/toyota-avalon/2015/,2026-06-11T12:41:41Z
toyota-avalon,Avalon,2015,Unknown,119000,https://www.drivearabia.com/carprices/uae/toyota/toyota-avalon/2015/,2026-06-11T12:41:41Z
toyota-avalon,Avalon,2015,Unknown,134000,https://www.drivearabia.com/carprices/uae/toyota/toyota-avalon/2015/,2026-06-11T12:41:41Z
toyota-avalon,Avalon,2015,SE Plus,149000,https://www.drivearabia.com/carprices/uae/toyota/toyota-avalon/2015/,2026-06-11T12:41:41Z
toyota-avalon,Avalon,2015,Grande,154000,https://www.drivearabia.com/carprices/uae/toyota/toyota-avalon/2015/,2026-06-11T12:41:41Z
toyota-avalon,Avalon,2015,2015 Dodge Charger,120000,https://www.drivearabia.com/carprices/uae/toyota/toyota-avalon/2015/,2026-06-11T12:41:41Z
toyota-avalon,Avalon,2015,2015 Hyundai Azera,111000,https://www.drivearabia.com/carprices/uae/toyota/toyota-avalon/2015/,2026-06-11T12:41:41Z
toyota-avalon,Avalon,2015,2015 Ford Taurus,98000,https://www.drivearabia.com/carprices/uae/toyota/toyota-avalon/2015/,2026-06-11T12:41:41Z
toyota-avalon,Avalon,2016,Original Starting Price,119000,https://www.drivearabia.com/carprices/uae/toyota/toyota-avalon/2016/,2026-06-11T12:41:43Z
toyota-avalon,Avalon,2016,Unknown,119000,https://www.drivearabia.com/carprices/uae/toyota/toyota-avalon/2016/,2026-06-11T12:41:43Z
toyota-avalon,Avalon,2016,Unknown,134000,https://www.drivearabia.com/carprices/uae/toyota/toyota-avalon/2016/,2026-06-11T12:41:43Z
toyota-avalon,Avalon,2016,SE Plus,149000,https://www.drivearabia.com/carprices/uae/toyota/toyota-avalon/2016/,2026-06-11T12:41:43Z
toyota-avalon,Avalon,2016,Grande,154000,https://www.drivearabia.com/carprices/uae/toyota/toyota-avalon/2016/,2026-06-11T12:41:43Z
toyota-avalon,Avalon,2016,2016 Chevrolet Impala,109600,https://www.drivearabia.com/carprices/uae/toyota/toyota-avalon/2016/,2026-06-11T12:41:43Z
toyota-avalon,Avalon,2016,2016 Hyundai Azera,111000,https://www.drivearabia.com/carprices/uae/toyota/toyota-avalon/2016/,2026-06-11T12:41:43Z
toyota-avalon,Avalon,2016,2016 Ford Taurus,98000,https://www.drivearabia.com/carprices/uae/toyota/toyota-avalon/2016/,2026-06-11T12:41:43Z
toyota-avalon,Avalon,2017,Original Starting Price,119000,https://www.drivearabia.com/carprices/uae/toyota/toyota-avalon/2017/,2026-06-11T12:41:45Z
toyota-avalon,Avalon,2017,Unknown,119000,https://www.drivearabia.com/carprices/uae/toyota/toyota-avalon/2017/,2026-06-11T12:41:45Z
toyota-avalon,Avalon,2017,Unknown,134000,https://www.drivearabia.com/carprices/uae/toyota/toyota-avalon/2017/,2026-06-11T12:41:45Z
toyota-avalon,Avalon,2017,SE Plus,149000,https://www.drivearabia.com/carprices/uae/toyota/toyota-avalon/2017/,2026-06-11T12:41:45Z
toyota-avalon,Avalon,2017,Grande,154000,https://www.drivearabia.com/carprices/uae/toyota/toyota-avalon/2017/,2026-06-11T12:41:45Z
toyota-avalon,Avalon,2017,2017 Dodge Charger,120000,https://www.drivearabia.com/carprices/uae/toyota/toyota-avalon/2017/,2026-06-11T12:41:45Z
toyota-avalon,Avalon,2017,2017 Ford Taurus,98000,https://www.drivearabia.com/carprices/uae/toyota/toyota-avalon/2017/,2026-06-11T12:41:45Z
toyota-avalon,Avalon,2017,2017 Chevrolet Impala,109600,https://www.drivearabia.com/carprices/uae/toyota/toyota-avalon/2017/,2026-06-11T12:41:45Z
toyota-avalon,Avalon,2018,Original Starting Price,119000,https://www.drivearabia.com/carprices/uae/toyota/toyota-avalon/2018/,2026-06-11T12:41:47Z
toyota-avalon,Avalon,2018,Unknown,119000,https://www.drivearabia.com/carprices/uae/toyota/toyota-avalon/2018/,2026-06-11T12:41:47Z
toyota-avalon,Avalon,2018,Unknown,134000,https://www.drivearabia.com/carprices/uae/toyota/toyota-avalon/2018/,2026-06-11T12:41:47Z
toyota-avalon,Avalon,2018,SE Plus,149000,https://www.drivearabia.com/carprices/uae/toyota/toyota-avalon/2018/,2026-06-11T12:41:47Z
toyota-avalon,Avalon,2018,Grande,154000,https://www.drivearabia.com/carprices/uae/toyota/toyota-avalon/2018/,2026-06-11T12:41:47Z
toyota-avalon,Avalon,2018,2018 Chevrolet Impala,109600,https://www.drivearabia.com/carprices/uae/toyota/toyota-avalon/2018/,2026-06-11T12:41:47Z
toyota-avalon,Avalon,2018,2018 Dodge Charger,120000,https://www.drivearabia.com/carprices/uae/toyota/toyota-avalon/2018/,2026-06-11T12:41:47Z
toyota-avalon,Avalon,2018,2018 Ford Taurus,98000,https://www.drivearabia.com/carprices/uae/toyota/toyota-avalon/2018/,2026-06-11T12:41:47Z
toyota-avalon,Avalon,2019,Original Starting Price,144900,https://www.drivearabia.com/carprices/uae/toyota/toyota-avalon/2019/,2026-06-11T12:41:49Z
toyota-avalon,Avalon,2019,Avalon SE Plus,144900,https://www.drivearabia.com/carprices/uae/toyota/toyota-avalon/2019/,2026-06-11T12:41:49Z
toyota-avalon,Avalon,2019,Avalon Limited,164900,https://www.drivearabia.com/carprices/uae/toyota/toyota-avalon/2019/,2026-06-11T12:41:49Z
toyota-avalon,Avalon,2019,2019 Dodge Charger,109900,https://www.drivearabia.com/carprices/uae/toyota/toyota-avalon/2019/,2026-06-11T12:41:49Z
toyota-avalon,Avalon,2019,2019 Chevrolet Impala,109600,https://www.drivearabia.com/carprices/uae/toyota/toyota-avalon/2019/,2026-06-11T12:41:49Z
toyota-avalon,Avalon,2019,2019 Ford Taurus,98000,https://www.drivearabia.com/carprices/uae/toyota/toyota-avalon/2019/,2026-06-11T12:41:49Z
toyota-avalon,Avalon,2020,Original Starting Price,144900,https://www.drivearabia.com/carprices/uae/toyota/toyota-avalon/2020/,2026-06-11T12:41:50Z
toyota-avalon,Avalon,2020,Avalon SE Plus,144900,https://www.drivearabia.com/carprices/uae/toyota/toyota-avalon/2020/,2026-06-11T12:41:50Z
toyota-avalon,Avalon,2020,Avalon Limited,164900,https://www.drivearabia.com/carprices/uae/toyota/toyota-avalon/2020/,2026-06-11T12:41:50Z
toyota-avalon,Avalon,2020,2019 Chevrolet Impala,109600,https://www.drivearabia.com/carprices/uae/toyota/toyota-avalon/2020/,2026-06-11T12:41:50Z
toyota-avalon,Avalon,2020,2020 Ford Taurus,109900,https://www.drivearabia.com/carprices/uae/toyota/toyota-avalon/2020/,2026-06-11T12:41:50Z
toyota-avalon,Avalon,2020,2020 Dodge Charger,109900,https://www.drivearabia.com/carprices/uae/toyota/toyota-avalon/2020/,2026-06-11T12:41:50Z
toyota-avalon,Avalon,2021,Original Starting Price,144900,https://www.drivearabia.com/carprices/uae/toyota/toyota-avalon/2021/,2026-06-11T12:41:52Z
toyota-avalon,Avalon,2021,Avalon SE Plus,144900,https://www.drivearabia.com/carprices/uae/toyota/toyota-avalon/2021/,2026-06-11T12:41:52Z
toyota-avalon,Avalon,2021,Avalon Limited,164900,https://www.drivearabia.com/carprices/uae/toyota/toyota-avalon/2021/,2026-06-11T12:41:52Z
toyota-avalon,Avalon,2021,2019 Chevrolet Impala,109600,https://www.drivearabia.com/carprices/uae/toyota/toyota-avalon/2021/,2026-06-11T12:41:52Z
toyota-avalon,Avalon,2021,2021 Dodge Charger,109900,https://www.drivearabia.com/carprices/uae/toyota/toyota-avalon/2021/,2026-06-11T12:41:52Z
toyota-avalon,Avalon,2021,2021 Ford Taurus,109900,https://www.drivearabia.com/carprices/uae/toyota/toyota-avalon/2021/,2026-06-11T12:41:52Z
toyota-avalon,Avalon,2022,Original Starting Price,144900,https://www.drivearabia.com/carprices/uae/toyota/toyota-avalon/2022/,2026-06-11T12:41:54Z
toyota-avalon,Avalon,2022,Avalon SE Plus,144900,https://www.drivearabia.com/carprices/uae/toyota/toyota-avalon/2022/,2026-06-11T12:41:54Z
toyota-avalon,Avalon,2022,Avalon Limited,164900,https://www.drivearabia.com/carprices/uae/toyota/toyota-avalon/2022/,2026-06-11T12:41:54Z
toyota-avalon,Avalon,2022,2019 Chevrolet Impala,109600,https://www.drivearabia.com/carprices/uae/toyota/toyota-avalon/2022/,2026-06-11T12:41:54Z
toyota-avalon,Avalon,2022,2022 Dodge Charger,109900,https://www.drivearabia.com/carprices/uae/toyota/toyota-avalon/2022/,2026-06-11T12:41:54Z
toyota-avalon,Avalon,2022,2022 Ford Taurus,109900,https://www.drivearabia.com/carprices/uae/toyota/toyota-avalon/2022/,2026-06-11T12:41:54Z
toyota-avanza,Avanza,2015,Original Starting Price,54900,https://www.drivearabia.com/carprices/uae/toyota/toyota-avanza/2015/,2026-06-11T12:42:05Z
toyota-avanza,Avanza,2015,Unknown,54900,https://www.drivearabia.com/carprices/uae/toyota/toyota-avanza/2015/,2026-06-11T12:42:05Z
toyota-avanza,Avanza,2015,2009 Renault Scenic,70000,https://www.drivearabia.com/carprices/uae/toyota/toyota-avanza/2015/,2026-06-11T12:42:05Z
toyota-avanza,Avanza,2015,2015 Kia Carens,65000,https://www.drivearabia.com/carprices/uae/toyota/toyota-avanza/2015/,2026-06-11T12:42:05Z
toyota-avanza,Avanza,2015,2015 Opel Meriva,74000,https://www.drivearabia.com/carprices/uae/toyota/toyota-avanza/2015/,2026-06-11T12:42:05Z
toyota-avanza,Avanza,2016,Original Starting Price,54900,https://www.drivearabia.com/carprices/uae/toyota/toyota-avanza/2016/,2026-06-11T12:42:07Z
toyota-avanza,Avanza,2016,Unknown,54900,https://www.drivearabia.com/carprices/uae/toyota/toyota-avanza/2016/,2026-06-11T12:42:07Z
toyota-avanza,Avanza,2016,2009 Renault Scenic,70000,https://www.drivearabia.com/carprices/uae/toyota/toyota-avanza/2016/,2026-06-11T12:42:07Z
toyota-avanza,Avanza,2016,2016 Kia Carens,65000,https://www.drivearabia.com/carprices/uae/toyota/toyota-avanza/2016/,2026-06-11T12:42:07Z
toyota-avanza,Avanza,2016,2016 Opel Meriva,74000,https://www.drivearabia.com/carprices/uae/toyota/toyota-avanza/2016/,2026-06-11T12:42:07Z
toyota-avanza,Avanza,2017,Original Starting Price,54900,https://www.drivearabia.com/carprices/uae/toyota/toyota-avanza/2017/,2026-06-11T12:42:09Z
toyota-avanza,Avanza,2017,Unknown,54900,https://www.drivearabia.com/carprices/uae/toyota/toyota-avanza/2017/,2026-06-11T12:42:09Z
toyota-avanza,Avanza,2017,2009 Renault Scenic,70000,https://www.drivearabia.com/carprices/uae/toyota/toyota-avanza/2017/,2026-06-11T12:42:09Z
toyota-avanza,Avanza,2017,2016 Opel Meriva,74000,https://www.drivearabia.com/carprices/uae/toyota/toyota-avanza/2017/,2026-06-11T12:42:09Z
toyota-avanza,Avanza,2017,2017 Kia Carens,65000,https://www.drivearabia.com/carprices/uae/toyota/toyota-avanza/2017/,2026-06-11T12:42:09Z
toyota-avanza,Avanza,2018,Original Starting Price,54900,https://www.drivearabia.com/carprices/uae/toyota/toyota-avanza/2018/,2026-06-11T12:42:11Z
toyota-avanza,Avanza,2018,Unknown,54900,https://www.drivearabia.com/carprices/uae/toyota/toyota-avanza/2018/,2026-06-11T12:42:11Z
toyota-avanza,Avanza,2018,2009 Renault Scenic,70000,https://www.drivearabia.com/carprices/uae/toyota/toyota-avanza/2018/,2026-06-11T12:42:11Z
toyota-avanza,Avanza,2018,2016 Opel Meriva,74000,https://www.drivearabia.com/carprices/uae/toyota/toyota-avanza/2018/,2026-06-11T12:42:11Z
toyota-avanza,Avanza,2018,2018 Kia Carens,65000,https://www.drivearabia.com/carprices/uae/toyota/toyota-avanza/2018/,2026-06-11T12:42:11Z
toyota-avanza,Avanza,2019,Original Starting Price,54900,https://www.drivearabia.com/carprices/uae/toyota/toyota-avanza/2019/,2026-06-11T12:42:13Z
toyota-avanza,Avanza,2019,Unknown,54900,https://www.drivearabia.com/carprices/uae/toyota/toyota-avanza/2019/,2026-06-11T12:42:13Z
toyota-avanza,Avanza,2019,2009 Renault Scenic,70000,https://www.drivearabia.com/carprices/uae/toyota/toyota-avanza/2019/,2026-06-11T12:42:13Z
toyota-avanza,Avanza,2019,2016 Opel Meriva,74000,https://www.drivearabia.com/carprices/uae/toyota/toyota-avanza/2019/,2026-06-11T12:42:13Z
toyota-avanza,Avanza,2019,2019 Kia Carens,65000,https://www.drivearabia.com/carprices/uae/toyota/toyota-avanza/2019/,2026-06-11T12:42:13Z
toyota-avanza,Avanza,2020,Original Starting Price,54900,https://www.drivearabia.com/carprices/uae/toyota/toyota-avanza/2020/,2026-06-11T12:42:15Z
toyota-avanza,Avanza,2020,Unknown,54900,https://www.drivearabia.com/carprices/uae/toyota/toyota-avanza/2020/,2026-06-11T12:42:15Z
toyota-avanza,Avanza,2020,2017 Opel Zafira,94000,https://www.drivearabia.com/carprices/uae/toyota/toyota-avanza/2020/,2026-06-11T12:42:15Z
toyota-avanza,Avanza,2020,2020 Renault Dokker Van,43995,https://www.drivearabia.com/carprices/uae/toyota/toyota-avanza/2020/,2026-06-11T12:42:15Z
toyota-avanza,Avanza,2020,2020 Peugeot Partner,52900,https://www.drivearabia.com/carprices/uae/toyota/toyota-avanza/2020/,2026-06-11T12:42:15Z
toyota-avanza,Avanza,2021,Original Starting Price,54900,https://www.drivearabia.com/carprices/uae/toyota/toyota-avanza/2021/,2026-06-11T12:42:17Z
toyota-avanza,Avanza,2021,Unknown,54900,https://www.drivearabia.com/carprices/uae/toyota/toyota-avanza/2021/,2026-06-11T12:42:17Z
toyota-avanza,Avanza,2021,2009 Renault Scenic,70000,https://www.drivearabia.com/carprices/uae/toyota/toyota-avanza/2021/,2026-06-11T12:42:17Z
toyota-avanza,Avanza,2021,2016 Opel Meriva,74000,https://www.drivearabia.com/carprices/uae/toyota/toyota-avanza/2021/,2026-06-11T12:42:17Z
toyota-avanza,Avanza,2021,2025 Kia Carens,78750,https://www.drivearabia.com/carprices/uae/toyota/toyota-avanza/2021/,2026-06-11T12:42:17Z
toyota-c-hr,C-HR,2020,Original Starting Price,86900,https://www.drivearabia.com/carprices/uae/toyota/toyota-c-hr/2020/,2026-06-11T12:42:34Z
toyota-c-hr,C-HR,2020,1.8L GX Hybrid,86900,https://www.drivearabia.com/carprices/uae/toyota/toyota-c-hr/2020/,2026-06-11T12:42:34Z
toyota-c-hr,C-HR,2020,1.8L VX Hybrid,93900,https://www.drivearabia.com/carprices/uae/toyota/toyota-c-hr/2020/,2026-06-11T12:42:34Z
toyota-c-hr,C-HR,2020,2020 Nissan Kicks,63500,https://www.drivearabia.com/carprices/uae/toyota/toyota-c-hr/2020/,2026-06-11T12:42:34Z
toyota-c-hr,C-HR,2020,2020 Renault Duster,51900,https://www.drivearabia.com/carprices/uae/toyota/toyota-c-hr/2020/,2026-06-11T12:42:34Z
toyota-c-hr,C-HR,2020,2020 Ford Escape,89000,https://www.drivearabia.com/carprices/uae/toyota/toyota-c-hr/2020/,2026-06-11T12:42:34Z
toyota-c-hr,C-HR,2021,Original Starting Price,86900,https://www.drivearabia.com/carprices/uae/toyota/toyota-c-hr/2021/,2026-06-11T12:42:36Z
toyota-c-hr,C-HR,2021,1.8L GX Hybrid,86900,https://www.drivearabia.com/carprices/uae/toyota/toyota-c-hr/2021/,2026-06-11T12:42:36Z
toyota-c-hr,C-HR,2021,1.8L VX Hybrid,93900,https://www.drivearabia.com/carprices/uae/toyota/toyota-c-hr/2021/,2026-06-11T12:42:36Z
toyota-c-hr,C-HR,2021,2021 Renault Duster,51900,https://www.drivearabia.com/carprices/uae/toyota/toyota-c-hr/2021/,2026-06-11T12:42:36Z
toyota-c-hr,C-HR,2021,2021 Ford Escape,82500,https://www.drivearabia.com/carprices/uae/toyota/toyota-c-hr/2021/,2026-06-11T12:42:36Z
toyota-c-hr,C-HR,2021,2021 Nissan Kicks,61900,https://www.drivearabia.com/carprices/uae/toyota/toyota-c-hr/2021/,2026-06-11T12:42:36Z
toyota-c-hr,C-HR,2022,Original Starting Price,86900,https://www.drivearabia.com/carprices/uae/toyota/toyota-c-hr/2022/,2026-06-11T12:42:38Z
toyota-c-hr,C-HR,2022,1.8L GX Hybrid,86900,https://www.drivearabia.com/carprices/uae/toyota/toyota-c-hr/2022/,2026-06-11T12:42:38Z
toyota-c-hr,C-HR,2022,1.8L VX Hybrid,93900,https://www.drivearabia.com/carprices/uae/toyota/toyota-c-hr/2022/,2026-06-11T12:42:38Z
toyota-c-hr,C-HR,2022,2022 Renault Duster,51900,https://www.drivearabia.com/carprices/uae/toyota/toyota-c-hr/2022/,2026-06-11T12:42:38Z
toyota-c-hr,C-HR,2022,2022 Ford Escape,82500,https://www.drivearabia.com/carprices/uae/toyota/toyota-c-hr/2022/,2026-06-11T12:42:38Z
toyota-c-hr,C-HR,2022,2025 Nissan Kicks,84900,https://www.drivearabia.com/carprices/uae/toyota/toyota-c-hr/2022/,2026-06-11T12:42:38Z
toyota-c-hr,C-HR,2023,Original Starting Price,92900,https://www.drivearabia.com/carprices/uae/toyota/toyota-c-hr/2023/,2026-06-11T12:42:40Z
toyota-c-hr,C-HR,2023,1.8L GX,92900,https://www.drivearabia.com/carprices/uae/toyota/toyota-c-hr/2023/,2026-06-11T12:42:40Z
toyota-c-hr,C-HR,2023,1.8L VX,99900,https://www.drivearabia.com/carprices/uae/toyota/toyota-c-hr/2023/,2026-06-11T12:42:40Z
toyota-c-hr,C-HR,2023,2023 Nissan Kicks,71000,https://www.drivearabia.com/carprices/uae/toyota/toyota-c-hr/2023/,2026-06-11T12:42:40Z
toyota-c-hr,C-HR,2023,2023 Renault Duster,51900,https://www.drivearabia.com/carprices/uae/toyota/toyota-c-hr/2023/,2026-06-11T12:42:40Z
toyota-c-hr,C-HR,2023,2023 Ford Escape,82500,https://www.drivearabia.com/carprices/uae/toyota/toyota-c-hr/2023/,2026-06-11T12:42:40Z
toyota-camry,Toyota Camry,2010,Original Starting Price,86000,https://www.drivearabia.com/carprices/uae/toyota/toyota-camry/2010/,2026-06-11T12:42:44Z
toyota-camry,Toyota Camry,2010,2010 Toyota Camry,86000,https://www.drivearabia.com/carprices/uae/toyota/toyota-camry/2010/,2026-06-11T12:42:44Z
toyota-camry,Toyota Camry,2010,2010 Honda Accord,84000,https://www.drivearabia.com/carprices/uae/toyota/toyota-camry/2010/,2026-06-11T12:42:44Z
toyota-camry,Toyota Camry,2010,2010 Ford Fusion,73000,https://www.drivearabia.com/carprices/uae/toyota/toyota-camry/2010/,2026-06-11T12:42:44Z
toyota-camry,Toyota Camry,2010,2010 Nissan Altima,72000,https://www.drivearabia.com/carprices/uae/toyota/toyota-camry/2010/,2026-06-11T12:42:44Z
toyota-camry,Toyota Camry,2011,Original Starting Price,86000,https://www.drivearabia.com/carprices/uae/toyota/toyota-camry/2011/,2026-06-11T12:42:46Z
toyota-camry,Toyota Camry,2011,2011 Toyota Camry,86000,https://www.drivearabia.com/carprices/uae/toyota/toyota-camry/2011/,2026-06-11T12:42:46Z
toyota-camry,Toyota Camry,2011,2011 Honda Accord,89000,https://www.drivearabia.com/carprices/uae/toyota/toyota-camry/2011/,2026-06-11T12:42:46Z
toyota-camry,Toyota Camry,2011,2011 Ford Fusion,73000,https://www.drivearabia.com/carprices/uae/toyota/toyota-camry/2011/,2026-06-11T12:42:46Z
toyota-camry,Toyota Camry,2011,2011 Nissan Altima,72000,https://www.drivearabia.com/carprices/uae/toyota/toyota-camry/2011/,2026-06-11T12:42:46Z
toyota-camry,Toyota Camry,2012,Original Starting Price,86000,https://www.drivearabia.com/carprices/uae/toyota/toyota-camry/2012/,2026-06-11T12:42:48Z
toyota-camry,Toyota Camry,2012,Camry S,86000,https://www.drivearabia.com/carprices/uae/toyota/toyota-camry/2012/,2026-06-11T12:42:48Z
toyota-camry,Toyota Camry,2012,Camry SE/Plus/Sport,95000,https://www.drivearabia.com/carprices/uae/toyota/toyota-camry/2012/,2026-06-11T12:42:48Z
toyota-camry,Toyota Camry,2012,2012 Honda Accord,89000,https://www.drivearabia.com/carprices/uae/toyota/toyota-camry/2012/,2026-06-11T12:42:48Z
toyota-camry,Toyota Camry,2012,2012 Mitsubishi Galant,59900,https://www.drivearabia.com/carprices/uae/toyota/toyota-camry/2012/,2026-06-11T12:42:48Z
toyota-camry,Toyota Camry,2012,2012 Nissan Altima,72000,https://www.drivearabia.com/carprices/uae/toyota/toyota-camry/2012/,2026-06-11T12:42:48Z
toyota-camry,Toyota Camry,2013,Original Starting Price,86000,https://www.drivearabia.com/carprices/uae/toyota/toyota-camry/2013/,2026-06-11T12:42:50Z
toyota-camry,Toyota Camry,2013,Camry S,86000,https://www.drivearabia.com/carprices/uae/toyota/toyota-camry/2013/,2026-06-11T12:42:50Z
toyota-camry,Toyota Camry,2013,Camry SE/Plus/Sport,95000,https://www.drivearabia.com/carprices/uae/toyota/toyota-camry/2013/,2026-06-11T12:42:50Z
toyota-camry,Toyota Camry,2013,2013 Mitsubishi Galant,59900,https://www.drivearabia.com/carprices/uae/toyota/toyota-camry/2013/,2026-06-11T12:42:50Z
toyota-camry,Toyota Camry,2013,2013 Nissan Altima,76000,https://www.drivearabia.com/carprices/uae/toyota/toyota-camry/2013/,2026-06-11T12:42:50Z
toyota-camry,Toyota Camry,2013,2013 Honda Accord,85500,https://www.drivearabia.com/carprices/uae/toyota/toyota-camry/2013/,2026-06-11T12:42:50Z
toyota-camry,Toyota Camry,2014,Original Starting Price,86900,https://www.drivearabia.com/carprices/uae/toyota/toyota-camry/2014/,2026-06-11T12:42:52Z
toyota-camry,Toyota Camry,2014,Camry S,86900,https://www.drivearabia.com/carprices/uae/toyota/toyota-camry/2014/,2026-06-11T12:42:52Z
toyota-camry,Toyota Camry,2014,Camry SE/Plus,93900,https://www.drivearabia.com/carprices/uae/toyota/toyota-camry/2014/,2026-06-11T12:42:52Z
toyota-camry,Toyota Camry,2014,Camry RZ,105000,https://www.drivearabia.com/carprices/uae/toyota/toyota-camry/2014/,2026-06-11T12:42:52Z
toyota-camry,Toyota Camry,2014,Camry Sport/Limited,106000,https://www.drivearabia.com/carprices/uae/toyota/toyota-camry/2014/,2026-06-11T12:42:52Z
toyota-camry,Toyota Camry,2014,2014 Mitsubishi Galant,59900,https://www.drivearabia.com/carprices/uae/toyota/toyota-camry/2014/,2026-06-11T12:42:52Z
toyota-camry,Toyota Camry,2014,2014 Nissan Altima,76000,https://www.drivearabia.com/carprices/uae/toyota/toyota-camry/2014/,2026-06-11T12:42:52Z
toyota-camry,Toyota Camry,2014,2014 Honda Accord,85500,https://www.drivearabia.com/carprices/uae/toyota/toyota-camry/2014/,2026-06-11T12:42:52Z
toyota-camry,Toyota Camry,2015,Original Starting Price,86900,https://www.drivearabia.com/carprices/uae/toyota/toyota-camry/2015/,2026-06-11T12:42:54Z
toyota-camry,Toyota Camry,2015,Camry S,86900,https://www.drivearabia.com/carprices/uae/toyota/toyota-camry/2015/,2026-06-11T12:42:54Z
toyota-camry,Toyota Camry,2015,Camry SE/Plus,93900,https://www.drivearabia.com/carprices/uae/toyota/toyota-camry/2015/,2026-06-11T12:42:54Z
toyota-camry,Toyota Camry,2015,Camry RZ,105000,https://www.drivearabia.com/carprices/uae/toyota/toyota-camry/2015/,2026-06-11T12:42:54Z
toyota-camry,Toyota Camry,2015,Camry Sport/Limited,106000,https://www.drivearabia.com/carprices/uae/toyota/toyota-camry/2015/,2026-06-11T12:42:54Z
toyota-camry,Toyota Camry,2015,2014 Mitsubishi Galant,59900,https://www.drivearabia.com/carprices/uae/toyota/toyota-camry/2015/,2026-06-11T12:42:54Z
toyota-camry,Toyota Camry,2015,2015 Honda Accord,91000,https://www.drivearabia.com/carprices/uae/toyota/toyota-camry/2015/,2026-06-11T12:42:54Z
toyota-camry,Toyota Camry,2015,2015 Nissan Altima,75000,https://www.drivearabia.com/carprices/uae/toyota/toyota-camry/2015/,2026-06-11T12:42:54Z
toyota-camry,Toyota Camry,2016,Original Starting Price,83900,https://www.drivearabia.com/carprices/uae/toyota/toyota-camry/2016/,2026-06-11T12:42:56Z
toyota-camry,Toyota Camry,2016,Unknown,83900,https://www.drivearabia.com/carprices/uae/toyota/toyota-camry/2016/,2026-06-11T12:42:56Z
toyota-camry,Toyota Camry,2016,Unknown,87900,https://www.drivearabia.com/carprices/uae/toyota/toyota-camry/2016/,2026-06-11T12:42:56Z
toyota-camry,Toyota Camry,2016,SE Plus,95900,https://www.drivearabia.com/carprices/uae/toyota/toyota-camry/2016/,2026-06-11T12:42:56Z
toyota-camry,Toyota Camry,2016,Limited,105900,https://www.drivearabia.com/carprices/uae/toyota/toyota-camry/2016/,2026-06-11T12:42:56Z
toyota-camry,Toyota Camry,2016,2014 Mitsubishi Galant,59900,https://www.drivearabia.com/carprices/uae/toyota/toyota-camry/2016/,2026-06-11T12:42:56Z
toyota-camry,Toyota Camry,2016,2016 Nissan Altima,75000,https://www.drivearabia.com/carprices/uae/toyota/toyota-camry/2016/,2026-06-11T12:42:56Z
toyota-camry,Toyota Camry,2016,2016 Honda Accord,91000,https://www.drivearabia.com/carprices/uae/toyota/toyota-camry/2016/,2026-06-11T12:42:56Z
toyota-camry,Toyota Camry,2017,Original Starting Price,83900,https://www.drivearabia.com/carprices/uae/toyota/toyota-camry/2017/,2026-06-11T12:42:58Z
toyota-camry,Toyota Camry,2017,Unknown,83900,https://www.drivearabia.com/carprices/uae/toyota/toyota-camry/2017/,2026-06-11T12:42:58Z
toyota-camry,Toyota Camry,2017,Unknown,87900,https://www.drivearabia.com/carprices/uae/toyota/toyota-camry/2017/,2026-06-11T12:42:58Z
toyota-camry,Toyota Camry,2017,SE Plus,95900,https://www.drivearabia.com/carprices/uae/toyota/toyota-camry/2017/,2026-06-11T12:42:58Z
toyota-camry,Toyota Camry,2017,Limited,105900,https://www.drivearabia.com/carprices/uae/toyota/toyota-camry/2017/,2026-06-11T12:42:58Z
toyota-camry,Toyota Camry,2017,2017 Nissan Altima,78000,https://www.drivearabia.com/carprices/uae/toyota/toyota-camry/2017/,2026-06-11T12:42:58Z
toyota-camry,Toyota Camry,2017,2017 Honda Accord,80000,https://www.drivearabia.com/carprices/uae/toyota/toyota-camry/2017/,2026-06-11T12:42:58Z
toyota-camry,Toyota Camry,2017,2017 Chevrolet Malibu,69900,https://www.drivearabia.com/carprices/uae/toyota/toyota-camry/2017/,2026-06-11T12:42:58Z
toyota-camry,Toyota Camry,2018,Original Starting Price,91000,https://www.drivearabia.com/carprices/uae/toyota/toyota-camry/2018/,2026-06-11T12:43:00Z
toyota-camry,Toyota Camry,2018,2.5 S,91000,https://www.drivearabia.com/carprices/uae/toyota/toyota-camry/2018/,2026-06-11T12:43:00Z
toyota-camry,Toyota Camry,2018,2.5 SE,91900,https://www.drivearabia.com/carprices/uae/toyota/toyota-camry/2018/,2026-06-11T12:43:00Z
toyota-camry,Toyota Camry,2018,3.5 SE+,114000,https://www.drivearabia.com/carprices/uae/toyota/toyota-camry/2018/,2026-06-11T12:43:00Z
toyota-camry,Toyota Camry,2018,3.5 Sport,122500,https://www.drivearabia.com/carprices/uae/toyota/toyota-camry/2018/,2026-06-11T12:43:00Z
toyota-camry,Toyota Camry,2018,3.5 Limited,124500,https://www.drivearabia.com/carprices/uae/toyota/toyota-camry/2018/,2026-06-11T12:43:00Z
toyota-camry,Toyota Camry,2018,Hybrid,133500,https://www.drivearabia.com/carprices/uae/toyota/toyota-camry/2018/,2026-06-11T12:43:00Z
toyota-camry,Toyota Camry,2018,2018 Honda Accord,94900,https://www.drivearabia.com/carprices/uae/toyota/toyota-camry/2018/,2026-06-11T12:43:00Z
toyota-camry,Toyota Camry,2018,2018 Nissan Altima,80745,https://www.drivearabia.com/carprices/uae/toyota/toyota-camry/2018/,2026-06-11T12:43:00Z
toyota-camry,Toyota Camry,2018,2018 Volkswagen Passat,86500,https://www.drivearabia.com/carprices/uae/toyota/toyota-camry/2018/,2026-06-11T12:43:00Z
toyota-camry,Toyota Camry,2019,Original Starting Price,91000,https://www.drivearabia.com/carprices/uae/toyota/toyota-camry/2019/,2026-06-11T12:43:01Z
toyota-camry,Toyota Camry,2019,2.5 S,91000,https://www.drivearabia.com/carprices/uae/toyota/toyota-camry/2019/,2026-06-11T12:43:01Z
toyota-camry,Toyota Camry,2019,2.5 SE,91900,https://www.drivearabia.com/carprices/uae/toyota/toyota-camry/2019/,2026-06-11T12:43:01Z
toyota-camry,Toyota Camry,2019,3.5 SE+,114000,https://www.drivearabia.com/carprices/uae/toyota/toyota-camry/2019/,2026-06-11T12:43:01Z
toyota-camry,Toyota Camry,2019,3.5 Sport,122500,https://www.drivearabia.com/carprices/uae/toyota/toyota-camry/2019/,2026-06-11T12:43:01Z
toyota-camry,Toyota Camry,2019,3.5 Limited,124500,https://www.drivearabia.com/carprices/uae/toyota/toyota-camry/2019/,2026-06-11T12:43:01Z
toyota-camry,Toyota Camry,2019,Hybrid,133500,https://www.drivearabia.com/carprices/uae/toyota/toyota-camry/2019/,2026-06-11T12:43:01Z
toyota-camry,Toyota Camry,2019,2019 Honda Accord,94900,https://www.drivearabia.com/carprices/uae/toyota/toyota-camry/2019/,2026-06-11T12:43:01Z
toyota-camry,Toyota Camry,2019,2019 Nissan Altima,84000,https://www.drivearabia.com/carprices/uae/toyota/toyota-camry/2019/,2026-06-11T12:43:01Z
toyota-camry,Toyota Camry,2019,2019 Chevrolet Malibu,79940,https://www.drivearabia.com/carprices/uae/toyota/toyota-camry/2019/,2026-06-11T12:43:01Z
toyota-camry,Toyota Camry,2020,Original Starting Price,91000,https://www.drivearabia.com/carprices/uae/toyota/toyota-camry/2020/,2026-06-11T12:43:03Z
toyota-camry,Toyota Camry,2020,2.5 S,91000,https://www.drivearabia.com/carprices/uae/toyota/toyota-camry/2020/,2026-06-11T12:43:03Z
toyota-camry,Toyota Camry,2020,2.5 SE,91900,https://www.drivearabia.com/carprices/uae/toyota/toyota-camry/2020/,2026-06-11T12:43:03Z
toyota-camry,Toyota Camry,2020,3.5 SE+,114000,https://www.drivearabia.com/carprices/uae/toyota/toyota-camry/2020/,2026-06-11T12:43:03Z
toyota-camry,Toyota Camry,2020,3.5 Sport,122500,https://www.drivearabia.com/carprices/uae/toyota/toyota-camry/2020/,2026-06-11T12:43:03Z
toyota-camry,Toyota Camry,2020,3.5 Limited,124500,https://www.drivearabia.com/carprices/uae/toyota/toyota-camry/2020/,2026-06-11T12:43:03Z
toyota-camry,Toyota Camry,2020,Hybrid,133500,https://www.drivearabia.com/carprices/uae/toyota/toyota-camry/2020/,2026-06-11T12:43:03Z
toyota-camry,Toyota Camry,2020,2020 Volkswagen Passat,95000,https://www.drivearabia.com/carprices/uae/toyota/toyota-camry/2020/,2026-06-11T12:43:03Z
toyota-camry,Toyota Camry,2020,2020 Nissan Altima,94900,https://www.drivearabia.com/carprices/uae/toyota/toyota-camry/2020/,2026-06-11T12:43:03Z
toyota-camry,Toyota Camry,2020,2020 Honda Accord,92900,https://www.drivearabia.com/carprices/uae/toyota/toyota-camry/2020/,2026-06-11T12:43:03Z
toyota-camry,Toyota Camry,2021,Original Starting Price,95500,https://www.drivearabia.com/carprices/uae/toyota/toyota-camry/2021/,2026-06-11T12:43:05Z
toyota-camry,Toyota Camry,2021,2.5 S,95500,https://www.drivearabia.com/carprices/uae/toyota/toyota-camry/2021/,2026-06-11T12:43:05Z
toyota-camry,Toyota Camry,2021,2.5 S+,98900,https://www.drivearabia.com/carprices/uae/toyota/toyota-camry/2021/,2026-06-11T12:43:05Z
toyota-camry,Toyota Camry,2021,2.5 SE+,103900,https://www.drivearabia.com/carprices/uae/toyota/toyota-camry/2021/,2026-06-11T12:43:05Z
toyota-camry,Toyota Camry,2021,Hybrid,121275,https://www.drivearabia.com/carprices/uae/toyota/toyota-camry/2021/,2026-06-11T12:43:05Z
toyota-camry,Toyota Camry,2021,3.5 SE+,122900,https://www.drivearabia.com/carprices/uae/toyota/toyota-camry/2021/,2026-06-11T12:43:05Z
toyota-camry,Toyota Camry,2021,3.5 Sport,128900,https://www.drivearabia.com/carprices/uae/toyota/toyota-camry/2021/,2026-06-11T12:43:05Z
toyota-camry,Toyota Camry,2021,2021 Honda Accord,94900,https://www.drivearabia.com/carprices/uae/toyota/toyota-camry/2021/,2026-06-11T12:43:05Z
toyota-camry,Toyota Camry,2021,2021 Nissan Altima,94900,https://www.drivearabia.com/carprices/uae/toyota/toyota-camry/2021/,2026-06-11T12:43:05Z
toyota-camry,Toyota Camry,2021,2021 Volkswagen Passat,95000,https://www.drivearabia.com/carprices/uae/toyota/toyota-camry/2021/,2026-06-11T12:43:05Z
toyota-camry,Toyota Camry,2022,Original Starting Price,98900,https://www.drivearabia.com/carprices/uae/toyota/toyota-camry/2022/,2026-06-11T12:43:07Z
toyota-camry,Toyota Camry,2022,2.5 S,98900,https://www.drivearabia.com/carprices/uae/toyota/toyota-camry/2022/,2026-06-11T12:43:07Z
toyota-camry,Toyota Camry,2022,2.5 SE,106900,https://www.drivearabia.com/carprices/uae/toyota/toyota-camry/2022/,2026-06-11T12:43:07Z
toyota-camry,Toyota Camry,2022,3.5 SE+,126900,https://www.drivearabia.com/carprices/uae/toyota/toyota-camry/2022/,2026-06-11T12:43:07Z
toyota-camry,Toyota Camry,2022,3.5 Sport,132900,https://www.drivearabia.com/carprices/uae/toyota/toyota-camry/2022/,2026-06-11T12:43:07Z
toyota-camry,Toyota Camry,2022,Hybrid,137900,https://www.drivearabia.com/carprices/uae/toyota/toyota-camry/2022/,2026-06-11T12:43:07Z
toyota-camry,Toyota Camry,2022,2022 Nissan Altima,94900,https://www.drivearabia.com/carprices/uae/toyota/toyota-camry/2022/,2026-06-11T12:43:07Z
toyota-camry,Toyota Camry,2022,2022 Honda Accord,102900,https://www.drivearabia.com/carprices/uae/toyota/toyota-camry/2022/,2026-06-11T12:43:07Z
toyota-camry,Toyota Camry,2022,2022 Volkswagen Passat,95000,https://www.drivearabia.com/carprices/uae/toyota/toyota-camry/2022/,2026-06-11T12:43:07Z
toyota-camry,Toyota Camry,2023,Original Starting Price,98900,https://www.drivearabia.com/carprices/uae/toyota/toyota-camry/2023/,2026-06-11T12:43:09Z
toyota-camry,Toyota Camry,2023,2.5 S,98900,https://www.drivearabia.com/carprices/uae/toyota/toyota-camry/2023/,2026-06-11T12:43:09Z
toyota-camry,Toyota Camry,2023,2.5 SE,107900,https://www.drivearabia.com/carprices/uae/toyota/toyota-camry/2023/,2026-06-11T12:43:09Z
toyota-camry,Toyota Camry,2023,3.5 SE+,126900,https://www.drivearabia.com/carprices/uae/toyota/toyota-camry/2023/,2026-06-11T12:43:09Z
toyota-camry,Toyota Camry,2023,3.5 Sport,132900,https://www.drivearabia.com/carprices/uae/toyota/toyota-camry/2023/,2026-06-11T12:43:09Z
toyota-camry,Toyota Camry,2023,Hybrid,139900,https://www.drivearabia.com/carprices/uae/toyota/toyota-camry/2023/,2026-06-11T12:43:09Z
toyota-camry,Toyota Camry,2023,2022 Chevrolet Malibu,79940,https://www.drivearabia.com/carprices/uae/toyota/toyota-camry/2023/,2026-06-11T12:43:09Z
toyota-camry,Toyota Camry,2023,2023 Nissan Altima,110000,https://www.drivearabia.com/carprices/uae/toyota/toyota-camry/2023/,2026-06-11T12:43:09Z
toyota-camry,Toyota Camry,2023,2023 Honda Accord,124900,https://www.drivearabia.com/carprices/uae/toyota/toyota-camry/2023/,2026-06-11T12:43:09Z
toyota-camry,Toyota Camry,2024,Original Starting Price,111900,https://www.drivearabia.com/carprices/uae/toyota/toyota-camry/2024/,2026-06-11T12:43:11Z
toyota-camry,Toyota Camry,2024,2.5L I4 SE FWD,111900,https://www.drivearabia.com/carprices/uae/toyota/toyota-camry/2024/,2026-06-11T12:43:11Z
toyota-camry,Toyota Camry,2024,3.5L V6 40th Anniversary FWD,133900,https://www.drivearabia.com/carprices/uae/toyota/toyota-camry/2024/,2026-06-11T12:43:11Z
toyota-camry,Toyota Camry,2024,3.5L V6 Sport FWD,138900,https://www.drivearabia.com/carprices/uae/toyota/toyota-camry/2024/,2026-06-11T12:43:11Z
toyota-camry,Toyota Camry,2024,2.5H I4 Limited FWD,142900,https://www.drivearabia.com/carprices/uae/toyota/toyota-camry/2024/,2026-06-11T12:43:11Z
toyota-camry,Toyota Camry,2024,2022 Chevrolet Malibu,79940,https://www.drivearabia.com/carprices/uae/toyota/toyota-camry/2024/,2026-06-11T12:43:11Z
toyota-camry,Toyota Camry,2024,2024 Nissan Altima,110000,https://www.drivearabia.com/carprices/uae/toyota/toyota-camry/2024/,2026-06-11T12:43:11Z
toyota-camry,Toyota Camry,2024,2024 Honda Accord,125900,https://www.drivearabia.com/carprices/uae/toyota/toyota-camry/2024/,2026-06-11T12:43:11Z
toyota-camry,Toyota Camry,2025,Starting at,109900,https://www.drivearabia.com/carprices/uae/toyota/toyota-camry/2025/,2026-06-11T12:43:13Z
toyota-camry,Toyota Camry,2025,2.5L I4 E FWD,109900,https://www.drivearabia.com/carprices/uae/toyota/toyota-camry/2025/,2026-06-11T12:43:13Z
toyota-camry,Toyota Camry,2025,2.5L I4 XLE FWD,119900,https://www.drivearabia.com/carprices/uae/toyota/toyota-camry/2025/,2026-06-11T12:43:13Z
toyota-camry,Toyota Camry,2025,2.5H I4 XLE FWD,123900,https://www.drivearabia.com/carprices/uae/toyota/toyota-camry/2025/,2026-06-11T12:43:13Z
toyota-camry,Toyota Camry,2025,2.5L I4 GLE FWD,136900,https://www.drivearabia.com/carprices/uae/toyota/toyota-camry/2025/,2026-06-11T12:43:13Z
toyota-camry,Toyota Camry,2025,2.5H I4 GLE FWD,139900,https://www.drivearabia.com/carprices/uae/toyota/toyota-camry/2025/,2026-06-11T12:43:13Z
toyota-camry,Toyota Camry,2025,2025 Geely Preface,87400,https://www.drivearabia.com/carprices/uae/toyota/toyota-camry/2025/,2026-06-11T12:43:13Z
toyota-camry,Toyota Camry,2025,2025 Honda Accord,114900,https://www.drivearabia.com/carprices/uae/toyota/toyota-camry/2025/,2026-06-11T12:43:13Z
toyota-camry,Toyota Camry,2025,2025 Nissan Altima,109500,https://www.drivearabia.com/carprices/uae/toyota/toyota-camry/2025/,2026-06-11T12:43:13Z
toyota-camry,Toyota Camry,2026,Starting at,122900,https://www.drivearabia.com/carprices/uae/toyota/toyota-camry/2026/,2026-06-11T12:43:14Z
toyota-camry,Toyota Camry,2026,XLE,122900,https://www.drivearabia.com/carprices/uae/toyota/toyota-camry/2026/,2026-06-11T12:43:14Z
toyota-camry,Toyota Camry,2026,XLE Hybrid,125900,https://www.drivearabia.com/carprices/uae/toyota/toyota-camry/2026/,2026-06-11T12:43:14Z
toyota-camry,Toyota Camry,2026,GLE,139900,https://www.drivearabia.com/carprices/uae/toyota/toyota-camry/2026/,2026-06-11T12:43:14Z
toyota-camry,Toyota Camry,2026,Sport,141900,https://www.drivearabia.com/carprices/uae/toyota/toyota-camry/2026/,2026-06-11T12:43:14Z
toyota-camry,Toyota Camry,2026,GLE Hybrid,141900,https://www.drivearabia.com/carprices/uae/toyota/toyota-camry/2026/,2026-06-11T12:43:14Z
toyota-camry,Toyota Camry,2026,Sport Hybrid,143900,https://www.drivearabia.com/carprices/uae/toyota/toyota-camry/2026/,2026-06-11T12:43:14Z
toyota-camry,Toyota Camry,2026,Limited Hybrid,151900,https://www.drivearabia.com/carprices/uae/toyota/toyota-camry/2026/,2026-06-11T12:43:14Z
toyota-camry,Toyota Camry,2026,2025 Geely Preface,87400,https://www.drivearabia.com/carprices/uae/toyota/toyota-camry/2026/,2026-06-11T12:43:14Z
toyota-camry,Toyota Camry,2026,2025 Honda Accord,114900,https://www.drivearabia.com/carprices/uae/toyota/toyota-camry/2026/,2026-06-11T12:43:14Z
toyota-camry,Toyota Camry,2026,2025 Nissan Altima,109500,https://www.drivearabia.com/carprices/uae/toyota/toyota-camry/2026/,2026-06-11T12:43:14Z
toyota-corolla,Toyota Corolla,2010,Original Starting Price,55000,https://www.drivearabia.com/carprices/uae/toyota/toyota-corolla/2010/,2026-06-11T12:43:16Z
toyota-corolla,Toyota Corolla,2010,2010 Toyota Corolla,55000,https://www.drivearabia.com/carprices/uae/toyota/toyota-corolla/2010/,2026-06-11T12:43:16Z
toyota-corolla,Toyota Corolla,2010,2010 Ford Focus,60000,https://www.drivearabia.com/carprices/uae/toyota/toyota-corolla/2010/,2026-06-11T12:43:16Z
toyota-corolla,Toyota Corolla,2010,2010 Honda Civic,68000,https://www.drivearabia.com/carprices/uae/toyota/toyota-corolla/2010/,2026-06-11T12:43:16Z
toyota-corolla,Toyota Corolla,2010,2010 Mitsubishi Lancer EX,60000,https://www.drivearabia.com/carprices/uae/toyota/toyota-corolla/2010/,2026-06-11T12:43:16Z
toyota-corolla,Toyota Corolla,2011,Original Starting Price,64000,https://www.drivearabia.com/carprices/uae/toyota/toyota-corolla/2011/,2026-06-11T12:43:18Z
toyota-corolla,Toyota Corolla,2011,1.6L,64000,https://www.drivearabia.com/carprices/uae/toyota/toyota-corolla/2011/,2026-06-11T12:43:18Z
toyota-corolla,Toyota Corolla,2011,1.8L,68000,https://www.drivearabia.com/carprices/uae/toyota/toyota-corolla/2011/,2026-06-11T12:43:18Z
toyota-corolla,Toyota Corolla,2011,2011 Ford Focus,60000,https://www.drivearabia.com/carprices/uae/toyota/toyota-corolla/2011/,2026-06-11T12:43:18Z
toyota-corolla,Toyota Corolla,2011,2011 Honda Civic,68000,https://www.drivearabia.com/carprices/uae/toyota/toyota-corolla/2011/,2026-06-11T12:43:18Z
toyota-corolla,Toyota Corolla,2011,2011 Chevrolet Cruze,53000,https://www.drivearabia.com/carprices/uae/toyota/toyota-corolla/2011/,2026-06-11T12:43:18Z
toyota-corolla,Toyota Corolla,2012,Original Starting Price,64000,https://www.drivearabia.com/carprices/uae/toyota/toyota-corolla/2012/,2026-06-11T12:43:20Z
toyota-corolla,Toyota Corolla,2012,1.6L,64000,https://www.drivearabia.com/carprices/uae/toyota/toyota-corolla/2012/,2026-06-11T12:43:20Z
toyota-corolla,Toyota Corolla,2012,1.8L,68000,https://www.drivearabia.com/carprices/uae/toyota/toyota-corolla/2012/,2026-06-11T12:43:20Z
toyota-corolla,Toyota Corolla,2012,2012 Chevrolet Cruze,53000,https://www.drivearabia.com/carprices/uae/toyota/toyota-corolla/2012/,2026-06-11T12:43:20Z
toyota-corolla,Toyota Corolla,2012,2012 Honda Civic,75000,https://www.drivearabia.com/carprices/uae/toyota/toyota-corolla/2012/,2026-06-11T12:43:20Z
toyota-corolla,Toyota Corolla,2012,2012 Ford Focus,65000,https://www.drivearabia.com/carprices/uae/toyota/toyota-corolla/2012/,2026-06-11T12:43:20Z
toyota-corolla,Toyota Corolla,2013,Original Starting Price,64000,https://www.drivearabia.com/carprices/uae/toyota/toyota-corolla/2013/,2026-06-11T12:43:22Z
toyota-corolla,Toyota Corolla,2013,1.6L,64000,https://www.drivearabia.com/carprices/uae/toyota/toyota-corolla/2013/,2026-06-11T12:43:22Z
toyota-corolla,Toyota Corolla,2013,1.8L,68000,https://www.drivearabia.com/carprices/uae/toyota/toyota-corolla/2013/,2026-06-11T12:43:22Z
toyota-corolla,Toyota Corolla,2013,2013 Ford Focus,65000,https://www.drivearabia.com/carprices/uae/toyota/toyota-corolla/2013/,2026-06-11T12:43:22Z
toyota-corolla,Toyota Corolla,2013,2013 Chevrolet Cruze,61000,https://www.drivearabia.com/carprices/uae/toyota/toyota-corolla/2013/,2026-06-11T12:43:22Z
toyota-corolla,Toyota Corolla,2013,2013 Honda Civic,70500,https://www.drivearabia.com/carprices/uae/toyota/toyota-corolla/2013/,2026-06-11T12:43:22Z
toyota-corolla,Toyota Corolla,2014,Original Starting Price,59500,https://www.drivearabia.com/carprices/uae/toyota/toyota-corolla/2014/,2026-06-11T12:43:24Z
toyota-corolla,Toyota Corolla,2014,1.6 S,59500,https://www.drivearabia.com/carprices/uae/toyota/toyota-corolla/2014/,2026-06-11T12:43:24Z
toyota-corolla,Toyota Corolla,2014,1.6 SE,63500,https://www.drivearabia.com/carprices/uae/toyota/toyota-corolla/2014/,2026-06-11T12:43:24Z
toyota-corolla,Toyota Corolla,2014,2.0 SE,66900,https://www.drivearabia.com/carprices/uae/toyota/toyota-corolla/2014/,2026-06-11T12:43:24Z
toyota-corolla,Toyota Corolla,2014,1.6 SE+,68500,https://www.drivearabia.com/carprices/uae/toyota/toyota-corolla/2014/,2026-06-11T12:43:24Z
toyota-corolla,Toyota Corolla,2014,2.0 SE+,69900,https://www.drivearabia.com/carprices/uae/toyota/toyota-corolla/2014/,2026-06-11T12:43:24Z
toyota-corolla,Toyota Corolla,2014,2.0 Limited,73900,https://www.drivearabia.com/carprices/uae/toyota/toyota-corolla/2014/,2026-06-11T12:43:24Z
toyota-corolla,Toyota Corolla,2014,2014 Chevrolet Cruze,61000,https://www.drivearabia.com/carprices/uae/toyota/toyota-corolla/2014/,2026-06-11T12:43:24Z
toyota-corolla,Toyota Corolla,2014,2014 Nissan Sentra,56000,https://www.drivearabia.com/carprices/uae/toyota/toyota-corolla/2014/,2026-06-11T12:43:24Z
toyota-corolla,Toyota Corolla,2014,2014 Hyundai Elantra,56500,https://www.drivearabia.com/carprices/uae/toyota/toyota-corolla/2014/,2026-06-11T12:43:24Z
toyota-corolla,Toyota Corolla,2015,Original Starting Price,59500,https://www.drivearabia.com/carprices/uae/toyota/toyota-corolla/2015/,2026-06-11T12:43:26Z
toyota-corolla,Toyota Corolla,2015,1.6 S,59500,https://www.drivearabia.com/carprices/uae/toyota/toyota-corolla/2015/,2026-06-11T12:43:26Z
toyota-corolla,Toyota Corolla,2015,1.6 SE,63500,https://www.drivearabia.com/carprices/uae/toyota/toyota-corolla/2015/,2026-06-11T12:43:26Z
toyota-corolla,Toyota Corolla,2015,2.0 SE,66900,https://www.drivearabia.com/carprices/uae/toyota/toyota-corolla/2015/,2026-06-11T12:43:26Z
toyota-corolla,Toyota Corolla,2015,1.6 SE+,68500,https://www.drivearabia.com/carprices/uae/toyota/toyota-corolla/2015/,2026-06-11T12:43:26Z
toyota-corolla,Toyota Corolla,2015,2.0 SE+,69900,https://www.drivearabia.com/carprices/uae/toyota/toyota-corolla/2015/,2026-06-11T12:43:26Z
toyota-corolla,Toyota Corolla,2015,2.0 Limited,73900,https://www.drivearabia.com/carprices/uae/toyota/toyota-corolla/2015/,2026-06-11T12:43:26Z
toyota-corolla,Toyota Corolla,2015,2015 Hyundai Elantra,56500,https://www.drivearabia.com/carprices/uae/toyota/toyota-corolla/2015/,2026-06-11T12:43:26Z
toyota-corolla,Toyota Corolla,2015,2015 Nissan Sentra,54000,https://www.drivearabia.com/carprices/uae/toyota/toyota-corolla/2015/,2026-06-11T12:43:26Z
toyota-corolla,Toyota Corolla,2015,2015 Chevrolet Cruze,61000,https://www.drivearabia.com/carprices/uae/toyota/toyota-corolla/2015/,2026-06-11T12:43:26Z
toyota-corolla,Toyota Corolla,2016,Original Starting Price,60500,https://www.drivearabia.com/carprices/uae/toyota/toyota-corolla/2016/,2026-06-11T12:43:28Z
toyota-corolla,Toyota Corolla,2016,1.6 S,60500,https://www.drivearabia.com/carprices/uae/toyota/toyota-corolla/2016/,2026-06-11T12:43:28Z
toyota-corolla,Toyota Corolla,2016,1.6 SE,64500,https://www.drivearabia.com/carprices/uae/toyota/toyota-corolla/2016/,2026-06-11T12:43:28Z
toyota-corolla,Toyota Corolla,2016,2.0 SE,68900,https://www.drivearabia.com/carprices/uae/toyota/toyota-corolla/2016/,2026-06-11T12:43:28Z
toyota-corolla,Toyota Corolla,2016,1.6 SE+,70500,https://www.drivearabia.com/carprices/uae/toyota/toyota-corolla/2016/,2026-06-11T12:43:28Z
toyota-corolla,Toyota Corolla,2016,2.0 SE+,72500,https://www.drivearabia.com/carprices/uae/toyota/toyota-corolla/2016/,2026-06-11T12:43:28Z
toyota-corolla,Toyota Corolla,2016,2.0 Limited,75500,https://www.drivearabia.com/carprices/uae/toyota/toyota-corolla/2016/,2026-06-11T12:43:28Z
toyota-corolla,Toyota Corolla,2016,2016 Chevrolet Cruze,57000,https://www.drivearabia.com/carprices/uae/toyota/toyota-corolla/2016/,2026-06-11T12:43:28Z
toyota-corolla,Toyota Corolla,2016,2016 Hyundai Elantra,56500,https://www.drivearabia.com/carprices/uae/toyota/toyota-corolla/2016/,2026-06-11T12:43:28Z
toyota-corolla,Toyota Corolla,2016,2016 Nissan Sentra,54000,https://www.drivearabia.com/carprices/uae/toyota/toyota-corolla/2016/,2026-06-11T12:43:28Z
toyota-corolla,Toyota Corolla,2017,Original Starting Price,60500,https://www.drivearabia.com/carprices/uae/toyota/toyota-corolla/2017/,2026-06-11T12:43:30Z
toyota-corolla,Toyota Corolla,2017,1.6 S,60500,https://www.drivearabia.com/carprices/uae/toyota/toyota-corolla/2017/,2026-06-11T12:43:30Z
toyota-corolla,Toyota Corolla,2017,1.6 SE,64500,https://www.drivearabia.com/carprices/uae/toyota/toyota-corolla/2017/,2026-06-11T12:43:30Z
toyota-corolla,Toyota Corolla,2017,2.0 SE,68900,https://www.drivearabia.com/carprices/uae/toyota/toyota-corolla/2017/,2026-06-11T12:43:30Z
toyota-corolla,Toyota Corolla,2017,1.6 SE+,70500,https://www.drivearabia.com/carprices/uae/toyota/toyota-corolla/2017/,2026-06-11T12:43:30Z
toyota-corolla,Toyota Corolla,2017,2.0 SE+,72500,https://www.drivearabia.com/carprices/uae/toyota/toyota-corolla/2017/,2026-06-11T12:43:30Z
toyota-corolla,Toyota Corolla,2017,2.0 Limited,75500,https://www.drivearabia.com/carprices/uae/toyota/toyota-corolla/2017/,2026-06-11T12:43:30Z
toyota-corolla,Toyota Corolla,2017,2017 Hyundai Elantra,56500,https://www.drivearabia.com/carprices/uae/toyota/toyota-corolla/2017/,2026-06-11T12:43:30Z
toyota-corolla,Toyota Corolla,2017,2017 Chevrolet Cruze,57000,https://www.drivearabia.com/carprices/uae/toyota/toyota-corolla/2017/,2026-06-11T12:43:30Z
toyota-corolla,Toyota Corolla,2017,2017 Nissan Sentra,50900,https://www.drivearabia.com/carprices/uae/toyota/toyota-corolla/2017/,2026-06-11T12:43:30Z
toyota-corolla,Toyota Corolla,2018,Original Starting Price,70900,https://www.drivearabia.com/carprices/uae/toyota/toyota-corolla/2018/,2026-06-11T12:43:32Z
toyota-corolla,Toyota Corolla,2018,1.6 SE,70900,https://www.drivearabia.com/carprices/uae/toyota/toyota-corolla/2018/,2026-06-11T12:43:32Z
toyota-corolla,Toyota Corolla,2018,1.6 SE+,73400,https://www.drivearabia.com/carprices/uae/toyota/toyota-corolla/2018/,2026-06-11T12:43:32Z
toyota-corolla,Toyota Corolla,2018,2.0 SE,75100,https://www.drivearabia.com/carprices/uae/toyota/toyota-corolla/2018/,2026-06-11T12:43:32Z
toyota-corolla,Toyota Corolla,2018,1.6 Limited,77600,https://www.drivearabia.com/carprices/uae/toyota/toyota-corolla/2018/,2026-06-11T12:43:32Z
toyota-corolla,Toyota Corolla,2018,2.0 SE+,78650,https://www.drivearabia.com/carprices/uae/toyota/toyota-corolla/2018/,2026-06-11T12:43:32Z
toyota-corolla,Toyota Corolla,2018,2.0 Limited,82850,https://www.drivearabia.com/carprices/uae/toyota/toyota-corolla/2018/,2026-06-11T12:43:32Z
toyota-corolla,Toyota Corolla,2018,1.6 Sport,96600,https://www.drivearabia.com/carprices/uae/toyota/toyota-corolla/2018/,2026-06-11T12:43:32Z
toyota-corolla,Toyota Corolla,2018,2.0 Sport,100800,https://www.drivearabia.com/carprices/uae/toyota/toyota-corolla/2018/,2026-06-11T12:43:32Z
toyota-corolla,Toyota Corolla,2018,2017 Chevrolet Cruze,57000,https://www.drivearabia.com/carprices/uae/toyota/toyota-corolla/2018/,2026-06-11T12:43:32Z
toyota-corolla,Toyota Corolla,2018,2018 Hyundai Elantra,56500,https://www.drivearabia.com/carprices/uae/toyota/toyota-corolla/2018/,2026-06-11T12:43:32Z
toyota-corolla,Toyota Corolla,2018,2018 Nissan Sentra,50900,https://www.drivearabia.com/carprices/uae/toyota/toyota-corolla/2018/,2026-06-11T12:43:32Z
toyota-corolla,Toyota Corolla,2019,Original Starting Price,70900,https://www.drivearabia.com/carprices/uae/toyota/toyota-corolla/2019/,2026-06-11T12:43:33Z
toyota-corolla,Toyota Corolla,2019,1.6 SE,70900,https://www.drivearabia.com/carprices/uae/toyota/toyota-corolla/2019/,2026-06-11T12:43:33Z
toyota-corolla,Toyota Corolla,2019,1.6 SE+,73400,https://www.drivearabia.com/carprices/uae/toyota/toyota-corolla/2019/,2026-06-11T12:43:33Z
toyota-corolla,Toyota Corolla,2019,2.0 SE,75100,https://www.drivearabia.com/carprices/uae/toyota/toyota-corolla/2019/,2026-06-11T12:43:33Z
toyota-corolla,Toyota Corolla,2019,1.6 Limited,77600,https://www.drivearabia.com/carprices/uae/toyota/toyota-corolla/2019/,2026-06-11T12:43:33Z
toyota-corolla,Toyota Corolla,2019,2.0 SE+,78650,https://www.drivearabia.com/carprices/uae/toyota/toyota-corolla/2019/,2026-06-11T12:43:33Z
toyota-corolla,Toyota Corolla,2019,2.0 Limited,82850,https://www.drivearabia.com/carprices/uae/toyota/toyota-corolla/2019/,2026-06-11T12:43:33Z
toyota-corolla,Toyota Corolla,2019,1.6 Sport,96600,https://www.drivearabia.com/carprices/uae/toyota/toyota-corolla/2019/,2026-06-11T12:43:33Z
toyota-corolla,Toyota Corolla,2019,2.0 Sport,100800,https://www.drivearabia.com/carprices/uae/toyota/toyota-corolla/2019/,2026-06-11T12:43:33Z
toyota-corolla,Toyota Corolla,2019,2017 Chevrolet Cruze,57000,https://www.drivearabia.com/carprices/uae/toyota/toyota-corolla/2019/,2026-06-11T12:43:33Z
toyota-corolla,Toyota Corolla,2019,2019 Nissan Sentra,50900,https://www.drivearabia.com/carprices/uae/toyota/toyota-corolla/2019/,2026-06-11T12:43:33Z
toyota-corolla,Toyota Corolla,2019,2019 Hyundai Elantra,62800,https://www.drivearabia.com/carprices/uae/toyota/toyota-corolla/2019/,2026-06-11T12:43:33Z
toyota-corolla,Toyota Corolla,2020,Original Starting Price,71900,https://www.drivearabia.com/carprices/uae/toyota/toyota-corolla/2020/,2026-06-11T12:43:35Z
toyota-corolla,Toyota Corolla,2020,1.6 XLi,71900,https://www.drivearabia.com/carprices/uae/toyota/toyota-corolla/2020/,2026-06-11T12:43:35Z
toyota-corolla,Toyota Corolla,2020,2.0 XLi,77900,https://www.drivearabia.com/carprices/uae/toyota/toyota-corolla/2020/,2026-06-11T12:43:35Z
toyota-corolla,Toyota Corolla,2020,1.6 GLi,78900,https://www.drivearabia.com/carprices/uae/toyota/toyota-corolla/2020/,2026-06-11T12:43:35Z
toyota-corolla,Toyota Corolla,2020,1.8 hybrid,83900,https://www.drivearabia.com/carprices/uae/toyota/toyota-corolla/2020/,2026-06-11T12:43:35Z
toyota-corolla,Toyota Corolla,2020,2017 Chevrolet Cruze,57000,https://www.drivearabia.com/carprices/uae/toyota/toyota-corolla/2020/,2026-06-11T12:43:35Z
toyota-corolla,Toyota Corolla,2020,2020 Nissan Sentra,59900,https://www.drivearabia.com/carprices/uae/toyota/toyota-corolla/2020/,2026-06-11T12:43:35Z
toyota-corolla,Toyota Corolla,2020,2020 Hyundai Elantra,62800,https://www.drivearabia.com/carprices/uae/toyota/toyota-corolla/2020/,2026-06-11T12:43:35Z
toyota-corolla,Toyota Corolla,2021,Original Starting Price,71900,https://www.drivearabia.com/carprices/uae/toyota/toyota-corolla/2021/,2026-06-11T12:43:37Z
toyota-corolla,Toyota Corolla,2021,1.6 XLi,71900,https://www.drivearabia.com/carprices/uae/toyota/toyota-corolla/2021/,2026-06-11T12:43:37Z
toyota-corolla,Toyota Corolla,2021,2.0 XLi,77900,https://www.drivearabia.com/carprices/uae/toyota/toyota-corolla/2021/,2026-06-11T12:43:37Z
toyota-corolla,Toyota Corolla,2021,1.6 GLi,78900,https://www.drivearabia.com/carprices/uae/toyota/toyota-corolla/2021/,2026-06-11T12:43:37Z
toyota-corolla,Toyota Corolla,2021,1.8 hybrid,83900,https://www.drivearabia.com/carprices/uae/toyota/toyota-corolla/2021/,2026-06-11T12:43:37Z
toyota-corolla,Toyota Corolla,2021,2017 Chevrolet Cruze,57000,https://www.drivearabia.com/carprices/uae/toyota/toyota-corolla/2021/,2026-06-11T12:43:37Z
toyota-corolla,Toyota Corolla,2021,2021 Nissan Sentra,59900,https://www.drivearabia.com/carprices/uae/toyota/toyota-corolla/2021/,2026-06-11T12:43:37Z
toyota-corolla,Toyota Corolla,2021,2021 Hyundai Elantra,63000,https://www.drivearabia.com/carprices/uae/toyota/toyota-corolla/2021/,2026-06-11T12:43:37Z
toyota-corolla,Toyota Corolla,2022,Original Starting Price,71900,https://www.drivearabia.com/carprices/uae/toyota/toyota-corolla/2022/,2026-06-11T12:43:39Z
toyota-corolla,Toyota Corolla,2022,1.6 XLi,71900,https://www.drivearabia.com/carprices/uae/toyota/toyota-corolla/2022/,2026-06-11T12:43:39Z
toyota-corolla,Toyota Corolla,2022,2.0 XLi,77900,https://www.drivearabia.com/carprices/uae/toyota/toyota-corolla/2022/,2026-06-11T12:43:39Z
toyota-corolla,Toyota Corolla,2022,1.6 GLi,78900,https://www.drivearabia.com/carprices/uae/toyota/toyota-corolla/2022/,2026-06-11T12:43:39Z
toyota-corolla,Toyota Corolla,2022,1.8 hybrid,83900,https://www.drivearabia.com/carprices/uae/toyota/toyota-corolla/2022/,2026-06-11T12:43:39Z
toyota-corolla,Toyota Corolla,2022,2017 Chevrolet Cruze,57000,https://www.drivearabia.com/carprices/uae/toyota/toyota-corolla/2022/,2026-06-11T12:43:39Z
toyota-corolla,Toyota Corolla,2022,2022 Nissan Sentra,59900,https://www.drivearabia.com/carprices/uae/toyota/toyota-corolla/2022/,2026-06-11T12:43:39Z
toyota-corolla,Toyota Corolla,2022,2022 Hyundai Elantra,75000,https://www.drivearabia.com/carprices/uae/toyota/toyota-corolla/2022/,2026-06-11T12:43:39Z
toyota-corolla,Toyota Corolla,2023,Original Starting Price,73900,https://www.drivearabia.com/carprices/uae/toyota/toyota-corolla/2023/,2026-06-11T12:43:41Z
toyota-corolla,Toyota Corolla,2023,1.6 XLi,73900,https://www.drivearabia.com/carprices/uae/toyota/toyota-corolla/2023/,2026-06-11T12:43:41Z
toyota-corolla,Toyota Corolla,2023,2.0 XLi,77900,https://www.drivearabia.com/carprices/uae/toyota/toyota-corolla/2023/,2026-06-11T12:43:41Z
toyota-corolla,Toyota Corolla,2023,1.6 GLi,80900,https://www.drivearabia.com/carprices/uae/toyota/toyota-corolla/2023/,2026-06-11T12:43:41Z
toyota-corolla,Toyota Corolla,2023,1.8 hybrid,85900,https://www.drivearabia.com/carprices/uae/toyota/toyota-corolla/2023/,2026-06-11T12:43:41Z
toyota-corolla,Toyota Corolla,2023,2017 Chevrolet Cruze,57000,https://www.drivearabia.com/carprices/uae/toyota/toyota-corolla/2023/,2026-06-11T12:43:41Z
toyota-corolla,Toyota Corolla,2023,2022 Nissan Sentra,59900,https://www.drivearabia.com/carprices/uae/toyota/toyota-corolla/2023/,2026-06-11T12:43:41Z
toyota-corolla,Toyota Corolla,2023,2023 Hyundai Elantra,75000,https://www.drivearabia.com/carprices/uae/toyota/toyota-corolla/2023/,2026-06-11T12:43:41Z
toyota-corolla,Toyota Corolla,2024,Original Starting Price,74900,https://www.drivearabia.com/carprices/uae/toyota/toyota-corolla/2024/,2026-06-11T12:43:43Z
toyota-corolla,Toyota Corolla,2024,1.6 XLi,74900,https://www.drivearabia.com/carprices/uae/toyota/toyota-corolla/2024/,2026-06-11T12:43:43Z
toyota-corolla,Toyota Corolla,2024,2.0 XLi,77900,https://www.drivearabia.com/carprices/uae/toyota/toyota-corolla/2024/,2026-06-11T12:43:43Z
toyota-corolla,Toyota Corolla,2024,1.6 GLi,80900,https://www.drivearabia.com/carprices/uae/toyota/toyota-corolla/2024/,2026-06-11T12:43:43Z
toyota-corolla,Toyota Corolla,2024,1.8 hybrid,85900,https://www.drivearabia.com/carprices/uae/toyota/toyota-corolla/2024/,2026-06-11T12:43:43Z
toyota-corolla,Toyota Corolla,2024,2017 Chevrolet Cruze,57000,https://www.drivearabia.com/carprices/uae/toyota/toyota-corolla/2024/,2026-06-11T12:43:43Z
toyota-corolla,Toyota Corolla,2024,2022 Nissan Sentra,59900,https://www.drivearabia.com/carprices/uae/toyota/toyota-corolla/2024/,2026-06-11T12:43:43Z
toyota-corolla,Toyota Corolla,2024,2024 Hyundai Elantra,75000,https://www.drivearabia.com/carprices/uae/toyota/toyota-corolla/2024/,2026-06-11T12:43:43Z
toyota-corolla,Toyota Corolla,2025,Starting at,76900,https://www.drivearabia.com/carprices/uae/toyota/toyota-corolla/2025/,2026-06-11T12:43:45Z
toyota-corolla,Toyota Corolla,2025,1.6 I4 XLi FWD,76900,https://www.drivearabia.com/carprices/uae/toyota/toyota-corolla/2025/,2026-06-11T12:43:45Z
toyota-corolla,Toyota Corolla,2025,1.6 I4 GLi FWD,82900,https://www.drivearabia.com/carprices/uae/toyota/toyota-corolla/2025/,2026-06-11T12:43:45Z
toyota-corolla,Toyota Corolla,2025,2.0 I4 XLi FWD,83900,https://www.drivearabia.com/carprices/uae/toyota/toyota-corolla/2025/,2026-06-11T12:43:45Z
toyota-corolla,Toyota Corolla,2025,1.8H I4 Hybrid FWD,87900,https://www.drivearabia.com/carprices/uae/toyota/toyota-corolla/2025/,2026-06-11T12:43:45Z
toyota-corolla,Toyota Corolla,2025,2017 Chevrolet Cruze,57000,https://www.drivearabia.com/carprices/uae/toyota/toyota-corolla/2025/,2026-06-11T12:43:45Z
toyota-corolla,Toyota Corolla,2025,2022 Nissan Sentra,59900,https://www.drivearabia.com/carprices/uae/toyota/toyota-corolla/2025/,2026-06-11T12:43:45Z
toyota-corolla,Toyota Corolla,2025,2025 Hyundai Elantra,75000,https://www.drivearabia.com/carprices/uae/toyota/toyota-corolla/2025/,2026-06-11T12:43:45Z
toyota-corolla,Toyota Corolla,2026,Starting at,76900,https://www.drivearabia.com/carprices/uae/toyota/toyota-corolla/2026/,2026-06-11T12:43:46Z
toyota-corolla,Toyota Corolla,2026,1.6 I4 XLi FWD,76900,https://www.drivearabia.com/carprices/uae/toyota/toyota-corolla/2026/,2026-06-11T12:43:46Z
toyota-corolla,Toyota Corolla,2026,1.6 I4 GLi FWD,82900,https://www.drivearabia.com/carprices/uae/toyota/toyota-corolla/2026/,2026-06-11T12:43:46Z
toyota-corolla,Toyota Corolla,2026,2.0 I4 XLi FWD,83900,https://www.drivearabia.com/carprices/uae/toyota/toyota-corolla/2026/,2026-06-11T12:43:46Z
toyota-corolla,Toyota Corolla,2026,1.8H I4 Hybrid FWD,87900,https://www.drivearabia.com/carprices/uae/toyota/toyota-corolla/2026/,2026-06-11T12:43:46Z
toyota-corolla,Toyota Corolla,2026,2025 Changan Eado,63000,https://www.drivearabia.com/carprices/uae/toyota/toyota-corolla/2026/,2026-06-11T12:43:46Z
toyota-corolla,Toyota Corolla,2026,2025 Dongfeng Shine,49900,https://www.drivearabia.com/carprices/uae/toyota/toyota-corolla/2026/,2026-06-11T12:43:46Z
toyota-corolla,Toyota Corolla,2026,2025 Hyundai Elantra,75000,https://www.drivearabia.com/carprices/uae/toyota/toyota-corolla/2026/,2026-06-11T12:43:46Z
toyota-corolla-cross,Corolla Cross,2021,Original Starting Price,89900,https://www.drivearabia.com/carprices/uae/toyota/toyota-corolla-cross/2021/,2026-06-11T12:44:00Z
toyota-corolla-cross,Corolla Cross,2021,Unknown,89900,https://www.drivearabia.com/carprices/uae/toyota/toyota-corolla-cross/2021/,2026-06-11T12:44:00Z
toyota-corolla-cross,Corolla Cross,2021,Unknown,100900,https://www.drivearabia.com/carprices/uae/toyota/toyota-corolla-cross/2021/,2026-06-11T12:44:00Z
toyota-corolla-cross,Corolla Cross,2021,2021 Mitsubishi ASX,69900,https://www.drivearabia.com/carprices/uae/toyota/toyota-corolla-cross/2021/,2026-06-11T12:44:00Z
toyota-corolla-cross,Corolla Cross,2021,2021 Opel Crossland X,69900,https://www.drivearabia.com/carprices/uae/toyota/toyota-corolla-cross/2021/,2026-06-11T12:44:00Z
toyota-corolla-cross,Corolla Cross,2021,2021 Kia Sonet,63000,https://www.drivearabia.com/carprices/uae/toyota/toyota-corolla-cross/2021/,2026-06-11T12:44:00Z
toyota-corolla-cross,Corolla Cross,2022,Original Starting Price,89900,https://www.drivearabia.com/carprices/uae/toyota/toyota-corolla-cross/2022/,2026-06-11T12:44:01Z
toyota-corolla-cross,Corolla Cross,2022,Unknown,89900,https://www.drivearabia.com/carprices/uae/toyota/toyota-corolla-cross/2022/,2026-06-11T12:44:01Z
toyota-corolla-cross,Corolla Cross,2022,Unknown,100900,https://www.drivearabia.com/carprices/uae/toyota/toyota-corolla-cross/2022/,2026-06-11T12:44:01Z
toyota-corolla-cross,Corolla Cross,2022,2022 Opel Crossland X,69900,https://www.drivearabia.com/carprices/uae/toyota/toyota-corolla-cross/2022/,2026-06-11T12:44:01Z
toyota-corolla-cross,Corolla Cross,2022,2022 Mitsubishi ASX,69900,https://www.drivearabia.com/carprices/uae/toyota/toyota-corolla-cross/2022/,2026-06-11T12:44:01Z
toyota-corolla-cross,Corolla Cross,2022,2022 Kia Sonet,65100,https://www.drivearabia.com/carprices/uae/toyota/toyota-corolla-cross/2022/,2026-06-11T12:44:01Z
toyota-corolla-cross,Corolla Cross,2023,Original Starting Price,91900,https://www.drivearabia.com/carprices/uae/toyota/toyota-corolla-cross/2023/,2026-06-11T12:44:03Z
toyota-corolla-cross,Corolla Cross,2023,Unknown,91900,https://www.drivearabia.com/carprices/uae/toyota/toyota-corolla-cross/2023/,2026-06-11T12:44:03Z
toyota-corolla-cross,Corolla Cross,2023,Unknown,106900,https://www.drivearabia.com/carprices/uae/toyota/toyota-corolla-cross/2023/,2026-06-11T12:44:03Z
toyota-corolla-cross,Corolla Cross,2023,2023 Kia Sonet,66000,https://www.drivearabia.com/carprices/uae/toyota/toyota-corolla-cross/2023/,2026-06-11T12:44:03Z
toyota-corolla-cross,Corolla Cross,2023,2023 Mitsubishi ASX,69900,https://www.drivearabia.com/carprices/uae/toyota/toyota-corolla-cross/2023/,2026-06-11T12:44:03Z
toyota-corolla-cross,Corolla Cross,2023,2023 Opel Crossland X,69900,https://www.drivearabia.com/carprices/uae/toyota/toyota-corolla-cross/2023/,2026-06-11T12:44:03Z
toyota-corolla-cross,Corolla Cross,2024,Original Starting Price,94900,https://www.drivearabia.com/carprices/uae/toyota/toyota-corolla-cross/2024/,2026-06-11T12:44:05Z
toyota-corolla-cross,Corolla Cross,2024,1.8H I4 XL FWD,94900,https://www.drivearabia.com/carprices/uae/toyota/toyota-corolla-cross/2024/,2026-06-11T12:44:05Z
toyota-corolla-cross,Corolla Cross,2024,1.8H I4 GL FWD,109900,https://www.drivearabia.com/carprices/uae/toyota/toyota-corolla-cross/2024/,2026-06-11T12:44:05Z
toyota-corolla-cross,Corolla Cross,2024,2024 Mitsubishi ASX,70000,https://www.drivearabia.com/carprices/uae/toyota/toyota-corolla-cross/2024/,2026-06-11T12:44:05Z
toyota-corolla-cross,Corolla Cross,2024,2024 Kia Sonet,67500,https://www.drivearabia.com/carprices/uae/toyota/toyota-corolla-cross/2024/,2026-06-11T12:44:05Z
toyota-corolla-cross,Corolla Cross,2024,2024 Opel Crossland X,69900,https://www.drivearabia.com/carprices/uae/toyota/toyota-corolla-cross/2024/,2026-06-11T12:44:05Z
toyota-corolla-cross,Corolla Cross,2025,Starting at,96900,https://www.drivearabia.com/carprices/uae/toyota/toyota-corolla-cross/2025/,2026-06-11T12:44:07Z
toyota-corolla-cross,Corolla Cross,2025,1.8H I4 XL FWD,96900,https://www.drivearabia.com/carprices/uae/toyota/toyota-corolla-cross/2025/,2026-06-11T12:44:07Z
toyota-corolla-cross,Corolla Cross,2025,1.8H I4 GLI FWD,111900,https://www.drivearabia.com/carprices/uae/toyota/toyota-corolla-cross/2025/,2026-06-11T12:44:07Z
toyota-corolla-cross,Corolla Cross,2025,2025 Mitsubishi ASX,70000,https://www.drivearabia.com/carprices/uae/toyota/toyota-corolla-cross/2025/,2026-06-11T12:44:07Z
toyota-corolla-cross,Corolla Cross,2025,2025 Opel Crossland X,69900,https://www.drivearabia.com/carprices/uae/toyota/toyota-corolla-cross/2025/,2026-06-11T12:44:07Z
toyota-corolla-cross,Corolla Cross,2025,2025 Kia Sonet,81375,https://www.drivearabia.com/carprices/uae/toyota/toyota-corolla-cross/2025/,2026-06-11T12:44:07Z
toyota-corolla-cross,Corolla Cross,2026,Starting at,96900,https://www.drivearabia.com/carprices/uae/toyota/toyota-corolla-cross/2026/,2026-06-11T12:44:09Z
toyota-corolla-cross,Corolla Cross,2026,1.8H I4 XL FWD,96900,https://www.drivearabia.com/carprices/uae/toyota/toyota-corolla-cross/2026/,2026-06-11T12:44:09Z
toyota-corolla-cross,Corolla Cross,2026,1.8H I4 GLI FWD,111900,https://www.drivearabia.com/carprices/uae/toyota/toyota-corolla-cross/2026/,2026-06-11T12:44:09Z
toyota-corolla-cross,Corolla Cross,2026,2025 Mitsubishi ASX,70000,https://www.drivearabia.com/carprices/uae/toyota/toyota-corolla-cross/2026/,2026-06-11T12:44:09Z
toyota-corolla-cross,Corolla Cross,2026,2025 Opel Crossland X,69900,https://www.drivearabia.com/carprices/uae/toyota/toyota-corolla-cross/2026/,2026-06-11T12:44:09Z
toyota-corolla-cross,Corolla Cross,2026,2025 Kia Sonet,81375,https://www.drivearabia.com/carprices/uae/toyota/toyota-corolla-cross/2026/,2026-06-11T12:44:09Z
toyota-crown,Crown,2023,Original Starting Price,199900,https://www.drivearabia.com/carprices/uae/toyota/toyota-crown/2023/,2026-06-11T12:44:24Z
toyota-crown,Crown,2023,2.4H I4 XLE,199900,https://www.drivearabia.com/carprices/uae/toyota/toyota-crown/2023/,2026-06-11T12:44:24Z
toyota-crown,Crown,2023,2.4H I4 Platinum,229900,https://www.drivearabia.com/carprices/uae/toyota/toyota-crown/2023/,2026-06-11T12:44:24Z
toyota-crown,Crown,2023,2023 Ford Taurus,144795,https://www.drivearabia.com/carprices/uae/toyota/toyota-crown/2023/,2026-06-11T12:44:24Z
toyota-crown,Crown,2023,2023 Dodge Charger,109900,https://www.drivearabia.com/carprices/uae/toyota/toyota-crown/2023/,2026-06-11T12:44:24Z
toyota-crown,Crown,2024,Original Starting Price,199900,https://www.drivearabia.com/carprices/uae/toyota/toyota-crown/2024/,2026-06-11T12:44:26Z
toyota-crown,Crown,2024,2.4H I4 XLE,199900,https://www.drivearabia.com/carprices/uae/toyota/toyota-crown/2024/,2026-06-11T12:44:26Z
toyota-crown,Crown,2024,2.4H I4 Platinum,229900,https://www.drivearabia.com/carprices/uae/toyota/toyota-crown/2024/,2026-06-11T12:44:26Z
toyota-crown,Crown,2024,2023 Dodge Charger,109900,https://www.drivearabia.com/carprices/uae/toyota/toyota-crown/2024/,2026-06-11T12:44:26Z
toyota-crown,Crown,2024,2024 Ford Taurus,144795,https://www.drivearabia.com/carprices/uae/toyota/toyota-crown/2024/,2026-06-11T12:44:26Z
toyota-crown,Crown,2024,2024 Chrysler 300C,159900,https://www.drivearabia.com/carprices/uae/toyota/toyota-crown/2024/,2026-06-11T12:44:26Z
toyota-crown,Crown,2025,Starting at,199900,https://www.drivearabia.com/carprices/uae/toyota/toyota-crown/2025/,2026-06-11T12:44:28Z
toyota-crown,Crown,2025,2.4H I4 XLE,199900,https://www.drivearabia.com/carprices/uae/toyota/toyota-crown/2025/,2026-06-11T12:44:28Z
toyota-crown,Crown,2025,2.4H I4 Platinum,229900,https://www.drivearabia.com/carprices/uae/toyota/toyota-crown/2025/,2026-06-11T12:44:28Z
toyota-crown,Crown,2025,2024 Chrysler 300C,159900,https://www.drivearabia.com/carprices/uae/toyota/toyota-crown/2025/,2026-06-11T12:44:28Z
toyota-crown,Crown,2025,2025 Ford Taurus,146895,https://www.drivearabia.com/carprices/uae/toyota/toyota-crown/2025/,2026-06-11T12:44:28Z
toyota-crown,Crown,2025,2025 Škoda Superb,147000,https://www.drivearabia.com/carprices/uae/toyota/toyota-crown/2025/,2026-06-11T12:44:28Z
toyota-crown,Crown,2026,Starting at,199900,https://www.drivearabia.com/carprices/uae/toyota/toyota-crown/2026/,2026-06-11T12:44:30Z
toyota-crown,Crown,2026,2.4H I4 Platinum,199900,https://www.drivearabia.com/carprices/uae/toyota/toyota-crown/2026/,2026-06-11T12:44:30Z
toyota-crown,Crown,2026,2024 Chrysler 300C,159900,https://www.drivearabia.com/carprices/uae/toyota/toyota-crown/2026/,2026-06-11T12:44:30Z
toyota-crown,Crown,2026,2025 Ford Taurus,146895,https://www.drivearabia.com/carprices/uae/toyota/toyota-crown/2026/,2026-06-11T12:44:30Z
toyota-crown,Crown,2026,2025 Škoda Superb,147000,https://www.drivearabia.com/carprices/uae/toyota/toyota-crown/2026/,2026-06-11T12:44:30Z
toyota-fj-cruiser,Toyota FJ Cruiser,2010,Original Starting Price,117000,https://www.drivearabia.com/carprices/uae/toyota/toyota-fj-cruiser/2010/,2026-06-11T12:44:31Z
toyota-fj-cruiser,Toyota FJ Cruiser,2010,2010 Toyota FJ Cruiser,117000,https://www.drivearabia.com/carprices/uae/toyota/toyota-fj-cruiser/2010/,2026-06-11T12:44:31Z
toyota-fj-cruiser,Toyota FJ Cruiser,2010,2010 Jeep Wrangler,89000,https://www.drivearabia.com/carprices/uae/toyota/toyota-fj-cruiser/2010/,2026-06-11T12:44:31Z
toyota-fj-cruiser,Toyota FJ Cruiser,2010,2010 Nissan Xterra,102000,https://www.drivearabia.com/carprices/uae/toyota/toyota-fj-cruiser/2010/,2026-06-11T12:44:31Z
toyota-fj-cruiser,Toyota FJ Cruiser,2010,2010 Hummer H3,132000,https://www.drivearabia.com/carprices/uae/toyota/toyota-fj-cruiser/2010/,2026-06-11T12:44:31Z
toyota-fj-cruiser,Toyota FJ Cruiser,2011,Original Starting Price,117000,https://www.drivearabia.com/carprices/uae/toyota/toyota-fj-cruiser/2011/,2026-06-11T12:44:33Z
toyota-fj-cruiser,Toyota FJ Cruiser,2011,2011 Toyota FJ Cruiser,117000,https://www.drivearabia.com/carprices/uae/toyota/toyota-fj-cruiser/2011/,2026-06-11T12:44:33Z
toyota-fj-cruiser,Toyota FJ Cruiser,2011,2011 Jeep Wrangler,89000,https://www.drivearabia.com/carprices/uae/toyota/toyota-fj-cruiser/2011/,2026-06-11T12:44:33Z
toyota-fj-cruiser,Toyota FJ Cruiser,2011,2011 Nissan Xterra,102000,https://www.drivearabia.com/carprices/uae/toyota/toyota-fj-cruiser/2011/,2026-06-11T12:44:33Z
toyota-fj-cruiser,Toyota FJ Cruiser,2011,2010 Hummer H3,132000,https://www.drivearabia.com/carprices/uae/toyota/toyota-fj-cruiser/2011/,2026-06-11T12:44:33Z
toyota-fj-cruiser,Toyota FJ Cruiser,2012,Original Starting Price,117000,https://www.drivearabia.com/carprices/uae/toyota/toyota-fj-cruiser/2012/,2026-06-11T12:44:35Z
toyota-fj-cruiser,Toyota FJ Cruiser,2012,2012 Toyota FJ Cruiser,117000,https://www.drivearabia.com/carprices/uae/toyota/toyota-fj-cruiser/2012/,2026-06-11T12:44:35Z
toyota-fj-cruiser,Toyota FJ Cruiser,2012,2012 Nissan Xterra,102000,https://www.drivearabia.com/carprices/uae/toyota/toyota-fj-cruiser/2012/,2026-06-11T12:44:35Z
toyota-fj-cruiser,Toyota FJ Cruiser,2012,2010 Hummer H3,132000,https://www.drivearabia.com/carprices/uae/toyota/toyota-fj-cruiser/2012/,2026-06-11T12:44:35Z
toyota-fj-cruiser,Toyota FJ Cruiser,2012,2012 Jeep Wrangler,110000,https://www.drivearabia.com/carprices/uae/toyota/toyota-fj-cruiser/2012/,2026-06-11T12:44:35Z
toyota-fj-cruiser,Toyota FJ Cruiser,2013,Original Starting Price,126000,https://www.drivearabia.com/carprices/uae/toyota/toyota-fj-cruiser/2013/,2026-06-11T12:44:37Z
toyota-fj-cruiser,Toyota FJ Cruiser,2013,2013 Toyota FJ Cruiser,126000,https://www.drivearabia.com/carprices/uae/toyota/toyota-fj-cruiser/2013/,2026-06-11T12:44:37Z
toyota-fj-cruiser,Toyota FJ Cruiser,2013,2013 Land Rover Defender,125000,https://www.drivearabia.com/carprices/uae/toyota/toyota-fj-cruiser/2013/,2026-06-11T12:44:37Z
toyota-fj-cruiser,Toyota FJ Cruiser,2013,2013 Nissan Xterra,102000,https://www.drivearabia.com/carprices/uae/toyota/toyota-fj-cruiser/2013/,2026-06-11T12:44:37Z
toyota-fj-cruiser,Toyota FJ Cruiser,2013,2013 Jeep Wrangler,110000,https://www.drivearabia.com/carprices/uae/toyota/toyota-fj-cruiser/2013/,2026-06-11T12:44:37Z
toyota-fj-cruiser,Toyota FJ Cruiser,2014,Original Starting Price,126000,https://www.drivearabia.com/carprices/uae/toyota/toyota-fj-cruiser/2014/,2026-06-11T12:44:39Z
toyota-fj-cruiser,Toyota FJ Cruiser,2014,2014 Toyota FJ Cruiser,126000,https://www.drivearabia.com/carprices/uae/toyota/toyota-fj-cruiser/2014/,2026-06-11T12:44:39Z
toyota-fj-cruiser,Toyota FJ Cruiser,2014,2014 Land Rover Defender,125000,https://www.drivearabia.com/carprices/uae/toyota/toyota-fj-cruiser/2014/,2026-06-11T12:44:39Z
toyota-fj-cruiser,Toyota FJ Cruiser,2014,2014 Nissan Xterra,102000,https://www.drivearabia.com/carprices/uae/toyota/toyota-fj-cruiser/2014/,2026-06-11T12:44:39Z
toyota-fj-cruiser,Toyota FJ Cruiser,2014,2014 Jeep Wrangler,110000,https://www.drivearabia.com/carprices/uae/toyota/toyota-fj-cruiser/2014/,2026-06-11T12:44:39Z
toyota-fj-cruiser,Toyota FJ Cruiser,2015,Original Starting Price,119500,https://www.drivearabia.com/carprices/uae/toyota/toyota-fj-cruiser/2015/,2026-06-11T12:44:41Z
toyota-fj-cruiser,Toyota FJ Cruiser,2015,EXR,119500,https://www.drivearabia.com/carprices/uae/toyota/toyota-fj-cruiser/2015/,2026-06-11T12:44:41Z
toyota-fj-cruiser,Toyota FJ Cruiser,2015,GXR,132500,https://www.drivearabia.com/carprices/uae/toyota/toyota-fj-cruiser/2015/,2026-06-11T12:44:41Z
toyota-fj-cruiser,Toyota FJ Cruiser,2015,TRD,155000,https://www.drivearabia.com/carprices/uae/toyota/toyota-fj-cruiser/2015/,2026-06-11T12:44:41Z
toyota-fj-cruiser,Toyota FJ Cruiser,2015,VXR,157500,https://www.drivearabia.com/carprices/uae/toyota/toyota-fj-cruiser/2015/,2026-06-11T12:44:41Z
toyota-fj-cruiser,Toyota FJ Cruiser,2015,2015 Jeep Wrangler,119900,https://www.drivearabia.com/carprices/uae/toyota/toyota-fj-cruiser/2015/,2026-06-11T12:44:41Z
toyota-fj-cruiser,Toyota FJ Cruiser,2015,2015 Nissan Xterra,98000,https://www.drivearabia.com/carprices/uae/toyota/toyota-fj-cruiser/2015/,2026-06-11T12:44:41Z
toyota-fj-cruiser,Toyota FJ Cruiser,2015,2015 Land Rover Defender,170000,https://www.drivearabia.com/carprices/uae/toyota/toyota-fj-cruiser/2015/,2026-06-11T12:44:41Z
toyota-fj-cruiser,Toyota FJ Cruiser,2016,Original Starting Price,132500,https://www.drivearabia.com/carprices/uae/toyota/toyota-fj-cruiser/2016/,2026-06-11T12:44:43Z
toyota-fj-cruiser,Toyota FJ Cruiser,2016,GXR,132500,https://www.drivearabia.com/carprices/uae/toyota/toyota-fj-cruiser/2016/,2026-06-11T12:44:43Z
toyota-fj-cruiser,Toyota FJ Cruiser,2016,VXR,150900,https://www.drivearabia.com/carprices/uae/toyota/toyota-fj-cruiser/2016/,2026-06-11T12:44:43Z
toyota-fj-cruiser,Toyota FJ Cruiser,2016,Xtreme,158900,https://www.drivearabia.com/carprices/uae/toyota/toyota-fj-cruiser/2016/,2026-06-11T12:44:43Z
toyota-fj-cruiser,Toyota FJ Cruiser,2016,2016 Jeep Wrangler,90000,https://www.drivearabia.com/carprices/uae/toyota/toyota-fj-cruiser/2016/,2026-06-11T12:44:43Z
toyota-fj-cruiser,Toyota FJ Cruiser,2016,2016 Land Rover Defender,170000,https://www.drivearabia.com/carprices/uae/toyota/toyota-fj-cruiser/2016/,2026-06-11T12:44:43Z
toyota-fj-cruiser,Toyota FJ Cruiser,2016,2025 Nissan Xterra,104000,https://www.drivearabia.com/carprices/uae/toyota/toyota-fj-cruiser/2016/,2026-06-11T12:44:43Z
toyota-fj-cruiser,Toyota FJ Cruiser,2017,Original Starting Price,140000,https://www.drivearabia.com/carprices/uae/toyota/toyota-fj-cruiser/2017/,2026-06-11T12:44:45Z
toyota-fj-cruiser,Toyota FJ Cruiser,2017,GXR,140000,https://www.drivearabia.com/carprices/uae/toyota/toyota-fj-cruiser/2017/,2026-06-11T12:44:45Z
toyota-fj-cruiser,Toyota FJ Cruiser,2017,2017 Jeep Wrangler,90000,https://www.drivearabia.com/carprices/uae/toyota/toyota-fj-cruiser/2017/,2026-06-11T12:44:45Z
toyota-fj-cruiser,Toyota FJ Cruiser,2017,2017 Land Rover Defender,170000,https://www.drivearabia.com/carprices/uae/toyota/toyota-fj-cruiser/2017/,2026-06-11T12:44:45Z
toyota-fj-cruiser,Toyota FJ Cruiser,2017,2025 Nissan Xterra,104000,https://www.drivearabia.com/carprices/uae/toyota/toyota-fj-cruiser/2017/,2026-06-11T12:44:45Z
toyota-fj-cruiser,Toyota FJ Cruiser,2018,Original Starting Price,140000,https://www.drivearabia.com/carprices/uae/toyota/toyota-fj-cruiser/2018/,2026-06-11T12:44:47Z
toyota-fj-cruiser,Toyota FJ Cruiser,2018,GXR,140000,https://www.drivearabia.com/carprices/uae/toyota/toyota-fj-cruiser/2018/,2026-06-11T12:44:47Z
toyota-fj-cruiser,Toyota FJ Cruiser,2018,2018 Jeep Wrangler,132000,https://www.drivearabia.com/carprices/uae/toyota/toyota-fj-cruiser/2018/,2026-06-11T12:44:47Z
toyota-fj-cruiser,Toyota FJ Cruiser,2018,2025 Nissan Xterra,104000,https://www.drivearabia.com/carprices/uae/toyota/toyota-fj-cruiser/2018/,2026-06-11T12:44:47Z
toyota-fj-cruiser,Toyota FJ Cruiser,2018,2025 Land Rover Defender 110,232785,https://www.drivearabia.com/carprices/uae/toyota/toyota-fj-cruiser/2018/,2026-06-11T12:44:47Z
toyota-fj-cruiser,Toyota FJ Cruiser,2019,Original Starting Price,147000,https://www.drivearabia.com/carprices/uae/toyota/toyota-fj-cruiser/2019/,2026-06-11T12:44:49Z
toyota-fj-cruiser,Toyota FJ Cruiser,2019,GXR,147000,https://www.drivearabia.com/carprices/uae/toyota/toyota-fj-cruiser/2019/,2026-06-11T12:44:49Z
toyota-fj-cruiser,Toyota FJ Cruiser,2019,2019 Jeep Wrangler,132000,https://www.drivearabia.com/carprices/uae/toyota/toyota-fj-cruiser/2019/,2026-06-11T12:44:49Z
toyota-fj-cruiser,Toyota FJ Cruiser,2019,2025 Nissan Xterra,104000,https://www.drivearabia.com/carprices/uae/toyota/toyota-fj-cruiser/2019/,2026-06-11T12:44:49Z
toyota-fj-cruiser,Toyota FJ Cruiser,2019,2025 Land Rover Defender 110,232785,https://www.drivearabia.com/carprices/uae/toyota/toyota-fj-cruiser/2019/,2026-06-11T12:44:49Z
toyota-fj-cruiser,Toyota FJ Cruiser,2020,Original Starting Price,147000,https://www.drivearabia.com/carprices/uae/toyota/toyota-fj-cruiser/2020/,2026-06-11T12:44:50Z
toyota-fj-cruiser,Toyota FJ Cruiser,2020,GXR,147000,https://www.drivearabia.com/carprices/uae/toyota/toyota-fj-cruiser/2020/,2026-06-11T12:44:50Z
toyota-fj-cruiser,Toyota FJ Cruiser,2020,2020 Land Rover Defender 110,210000,https://www.drivearabia.com/carprices/uae/toyota/toyota-fj-cruiser/2020/,2026-06-11T12:44:50Z
toyota-fj-cruiser,Toyota FJ Cruiser,2020,2020 Jeep Wrangler,144900,https://www.drivearabia.com/carprices/uae/toyota/toyota-fj-cruiser/2020/,2026-06-11T12:44:50Z
toyota-fj-cruiser,Toyota FJ Cruiser,2020,2025 Nissan Xterra,104000,https://www.drivearabia.com/carprices/uae/toyota/toyota-fj-cruiser/2020/,2026-06-11T12:44:50Z
toyota-fj-cruiser,Toyota FJ Cruiser,2021,Original Starting Price,175500,https://www.drivearabia.com/carprices/uae/toyota/toyota-fj-cruiser/2021/,2026-06-11T12:44:52Z
toyota-fj-cruiser,Toyota FJ Cruiser,2021,GXR,175500,https://www.drivearabia.com/carprices/uae/toyota/toyota-fj-cruiser/2021/,2026-06-11T12:44:52Z
toyota-fj-cruiser,Toyota FJ Cruiser,2021,Adventure X,200300,https://www.drivearabia.com/carprices/uae/toyota/toyota-fj-cruiser/2021/,2026-06-11T12:44:52Z
toyota-fj-cruiser,Toyota FJ Cruiser,2021,2021 Jeep Wrangler,144900,https://www.drivearabia.com/carprices/uae/toyota/toyota-fj-cruiser/2021/,2026-06-11T12:44:52Z
toyota-fj-cruiser,Toyota FJ Cruiser,2021,2021 Nissan Xterra,99900,https://www.drivearabia.com/carprices/uae/toyota/toyota-fj-cruiser/2021/,2026-06-11T12:44:52Z
toyota-fj-cruiser,Toyota FJ Cruiser,2021,2021 Land Rover Defender 110,210000,https://www.drivearabia.com/carprices/uae/toyota/toyota-fj-cruiser/2021/,2026-06-11T12:44:52Z
toyota-fj-cruiser,Toyota FJ Cruiser,2022,Original Starting Price,150000,https://www.drivearabia.com/carprices/uae/toyota/toyota-fj-cruiser/2022/,2026-06-11T12:44:54Z
toyota-fj-cruiser,Toyota FJ Cruiser,2022,GXR,150000,https://www.drivearabia.com/carprices/uae/toyota/toyota-fj-cruiser/2022/,2026-06-11T12:44:54Z
toyota-fj-cruiser,Toyota FJ Cruiser,2022,Adventure X,175000,https://www.drivearabia.com/carprices/uae/toyota/toyota-fj-cruiser/2022/,2026-06-11T12:44:54Z
toyota-fj-cruiser,Toyota FJ Cruiser,2022,2022 Nissan Xterra,99900,https://www.drivearabia.com/carprices/uae/toyota/toyota-fj-cruiser/2022/,2026-06-11T12:44:54Z
toyota-fj-cruiser,Toyota FJ Cruiser,2022,2022 Jeep Wrangler,144900,https://www.drivearabia.com/carprices/uae/toyota/toyota-fj-cruiser/2022/,2026-06-11T12:44:54Z
toyota-fj-cruiser,Toyota FJ Cruiser,2022,2022 Land Rover Defender 110,240000,https://www.drivearabia.com/carprices/uae/toyota/toyota-fj-cruiser/2022/,2026-06-11T12:44:54Z
toyota-fj-cruiser,Toyota FJ Cruiser,2023,Original Starting Price,156900,https://www.drivearabia.com/carprices/uae/toyota/toyota-fj-cruiser/2023/,2026-06-11T12:44:56Z
toyota-fj-cruiser,Toyota FJ Cruiser,2023,GXR,156900,https://www.drivearabia.com/carprices/uae/toyota/toyota-fj-cruiser/2023/,2026-06-11T12:44:56Z
toyota-fj-cruiser,Toyota FJ Cruiser,2023,Adventure X,187900,https://www.drivearabia.com/carprices/uae/toyota/toyota-fj-cruiser/2023/,2026-06-11T12:44:56Z
toyota-fj-cruiser,Toyota FJ Cruiser,2023,2023 Nissan Xterra,104000,https://www.drivearabia.com/carprices/uae/toyota/toyota-fj-cruiser/2023/,2026-06-11T12:44:56Z
toyota-fj-cruiser,Toyota FJ Cruiser,2023,2023 Jeep Wrangler,144900,https://www.drivearabia.com/carprices/uae/toyota/toyota-fj-cruiser/2023/,2026-06-11T12:44:56Z
toyota-fj-cruiser,Toyota FJ Cruiser,2023,2023 Land Rover Defender 110,232785,https://www.drivearabia.com/carprices/uae/toyota/toyota-fj-cruiser/2023/,2026-06-11T12:44:56Z
toyota-fj-cruiser,Toyota FJ Cruiser,2026,Estimated From,125000,https://www.drivearabia.com/carprices/uae/toyota/toyota-fj-cruiser/2026/,2026-06-11T12:45:00Z
toyota-fj-cruiser,Toyota FJ Cruiser,2026,FJ 4WD,125000,https://www.drivearabia.com/carprices/uae/toyota/toyota-fj-cruiser/2026/,2026-06-11T12:45:00Z
toyota-fj-cruiser,Toyota FJ Cruiser,2026,2025 Nissan Xterra,104000,https://www.drivearabia.com/carprices/uae/toyota/toyota-fj-cruiser/2026/,2026-06-11T12:45:00Z
toyota-fj-cruiser,Toyota FJ Cruiser,2026,2025 Mitsubishi Montero Sport,93350,https://www.drivearabia.com/carprices/uae/toyota/toyota-fj-cruiser/2026/,2026-06-11T12:45:00Z
toyota-fj-cruiser,Toyota FJ Cruiser,2026,2026 212 T01,121275,https://www.drivearabia.com/carprices/uae/toyota/toyota-fj-cruiser/2026/,2026-06-11T12:45:00Z
toyota-fortuner,Fortuner,2010,Original Starting Price,83500,https://www.drivearabia.com/carprices/uae/toyota/toyota-fortuner/2010/,2026-06-11T12:45:01Z
toyota-fortuner,Fortuner,2010,2010 Toyota Fortuner,83500,https://www.drivearabia.com/carprices/uae/toyota/toyota-fortuner/2010/,2026-06-11T12:45:01Z
toyota-fortuner,Fortuner,2010,2010 Kia Sorento,74900,https://www.drivearabia.com/carprices/uae/toyota/toyota-fortuner/2010/,2026-06-11T12:45:01Z
toyota-fortuner,Fortuner,2010,2010 Hyundai Santa Fe,76000,https://www.drivearabia.com/carprices/uae/toyota/toyota-fortuner/2010/,2026-06-11T12:45:01Z
toyota-fortuner,Fortuner,2010,2019 Chevrolet Trailblazer,107000,https://www.drivearabia.com/carprices/uae/toyota/toyota-fortuner/2010/,2026-06-11T12:45:01Z
toyota-fortuner,Fortuner,2011,Original Starting Price,83500,https://www.drivearabia.com/carprices/uae/toyota/toyota-fortuner/2011/,2026-06-11T12:45:03Z
toyota-fortuner,Fortuner,2011,2011 Toyota Fortuner,83500,https://www.drivearabia.com/carprices/uae/toyota/toyota-fortuner/2011/,2026-06-11T12:45:03Z
toyota-fortuner,Fortuner,2011,2011 Kia Sorento,74900,https://www.drivearabia.com/carprices/uae/toyota/toyota-fortuner/2011/,2026-06-11T12:45:03Z
toyota-fortuner,Fortuner,2011,2011 Hyundai Santa Fe,76000,https://www.drivearabia.com/carprices/uae/toyota/toyota-fortuner/2011/,2026-06-11T12:45:03Z
toyota-fortuner,Fortuner,2011,2019 Chevrolet Trailblazer,107000,https://www.drivearabia.com/carprices/uae/toyota/toyota-fortuner/2011/,2026-06-11T12:45:03Z
toyota-fortuner,Fortuner,2012,Original Starting Price,101000,https://www.drivearabia.com/carprices/uae/toyota/toyota-fortuner/2012/,2026-06-11T12:45:05Z
toyota-fortuner,Fortuner,2012,2.7L 4x4,101000,https://www.drivearabia.com/carprices/uae/toyota/toyota-fortuner/2012/,2026-06-11T12:45:05Z
toyota-fortuner,Fortuner,2012,4.0L 4x4,126000,https://www.drivearabia.com/carprices/uae/toyota/toyota-fortuner/2012/,2026-06-11T12:45:05Z
toyota-fortuner,Fortuner,2012,2012 Nissan Xterra,102000,https://www.drivearabia.com/carprices/uae/toyota/toyota-fortuner/2012/,2026-06-11T12:45:05Z
toyota-fortuner,Fortuner,2012,2012 Kia Sorento,74900,https://www.drivearabia.com/carprices/uae/toyota/toyota-fortuner/2012/,2026-06-11T12:45:05Z
toyota-fortuner,Fortuner,2012,2012 Ford Explorer,130000,https://www.drivearabia.com/carprices/uae/toyota/toyota-fortuner/2012/,2026-06-11T12:45:05Z
toyota-fortuner,Fortuner,2013,Original Starting Price,101000,https://www.drivearabia.com/carprices/uae/toyota/toyota-fortuner/2013/,2026-06-11T12:45:07Z
toyota-fortuner,Fortuner,2013,2.7L 4x4,101000,https://www.drivearabia.com/carprices/uae/toyota/toyota-fortuner/2013/,2026-06-11T12:45:07Z
toyota-fortuner,Fortuner,2013,4.0L 4x4,126000,https://www.drivearabia.com/carprices/uae/toyota/toyota-fortuner/2013/,2026-06-11T12:45:07Z
toyota-fortuner,Fortuner,2013,2013 Nissan Xterra,102000,https://www.drivearabia.com/carprices/uae/toyota/toyota-fortuner/2013/,2026-06-11T12:45:07Z
toyota-fortuner,Fortuner,2013,2013 Kia Sorento,77900,https://www.drivearabia.com/carprices/uae/toyota/toyota-fortuner/2013/,2026-06-11T12:45:07Z
toyota-fortuner,Fortuner,2013,2013 Ford Explorer,135000,https://www.drivearabia.com/carprices/uae/toyota/toyota-fortuner/2013/,2026-06-11T12:45:07Z
toyota-fortuner,Fortuner,2014,Original Starting Price,102000,https://www.drivearabia.com/carprices/uae/toyota/toyota-fortuner/2014/,2026-06-11T12:45:09Z
toyota-fortuner,Fortuner,2014,2.7L EXR,102000,https://www.drivearabia.com/carprices/uae/toyota/toyota-fortuner/2014/,2026-06-11T12:45:09Z
toyota-fortuner,Fortuner,2014,2.7L TRD,115000,https://www.drivearabia.com/carprices/uae/toyota/toyota-fortuner/2014/,2026-06-11T12:45:09Z
toyota-fortuner,Fortuner,2014,4.0L GXR,122000,https://www.drivearabia.com/carprices/uae/toyota/toyota-fortuner/2014/,2026-06-11T12:45:09Z
toyota-fortuner,Fortuner,2014,4.0L TRD,135000,https://www.drivearabia.com/carprices/uae/toyota/toyota-fortuner/2014/,2026-06-11T12:45:09Z
toyota-fortuner,Fortuner,2014,2014 Nissan Xterra,102000,https://www.drivearabia.com/carprices/uae/toyota/toyota-fortuner/2014/,2026-06-11T12:45:09Z
toyota-fortuner,Fortuner,2014,2014 Kia Sorento,77900,https://www.drivearabia.com/carprices/uae/toyota/toyota-fortuner/2014/,2026-06-11T12:45:09Z
toyota-fortuner,Fortuner,2014,2014 Ford Explorer,135000,https://www.drivearabia.com/carprices/uae/toyota/toyota-fortuner/2014/,2026-06-11T12:45:09Z
toyota-fortuner,Fortuner,2015,Original Starting Price,102000,https://www.drivearabia.com/carprices/uae/toyota/toyota-fortuner/2015/,2026-06-11T12:45:11Z
toyota-fortuner,Fortuner,2015,2.7L EXR,102000,https://www.drivearabia.com/carprices/uae/toyota/toyota-fortuner/2015/,2026-06-11T12:45:11Z
toyota-fortuner,Fortuner,2015,2.7L TRD,115000,https://www.drivearabia.com/carprices/uae/toyota/toyota-fortuner/2015/,2026-06-11T12:45:11Z
toyota-fortuner,Fortuner,2015,4.0L GXR,122000,https://www.drivearabia.com/carprices/uae/toyota/toyota-fortuner/2015/,2026-06-11T12:45:11Z
toyota-fortuner,Fortuner,2015,4.0L TRD,135000,https://www.drivearabia.com/carprices/uae/toyota/toyota-fortuner/2015/,2026-06-11T12:45:11Z
toyota-fortuner,Fortuner,2015,2015 Ford Explorer,135000,https://www.drivearabia.com/carprices/uae/toyota/toyota-fortuner/2015/,2026-06-11T12:45:11Z
toyota-fortuner,Fortuner,2015,2015 Kia Sorento,86900,https://www.drivearabia.com/carprices/uae/toyota/toyota-fortuner/2015/,2026-06-11T12:45:11Z
toyota-fortuner,Fortuner,2015,2015 Nissan Xterra,98000,https://www.drivearabia.com/carprices/uae/toyota/toyota-fortuner/2015/,2026-06-11T12:45:11Z
toyota-fortuner,Fortuner,2016,Original Starting Price,105900,https://www.drivearabia.com/carprices/uae/toyota/toyota-fortuner/2016/,2026-06-11T12:45:13Z
toyota-fortuner,Fortuner,2016,Unknown,105900,https://www.drivearabia.com/carprices/uae/toyota/toyota-fortuner/2016/,2026-06-11T12:45:13Z
toyota-fortuner,Fortuner,2016,4.0 V6,127900,https://www.drivearabia.com/carprices/uae/toyota/toyota-fortuner/2016/,2026-06-11T12:45:13Z
toyota-fortuner,Fortuner,2016,2016 Kia Sorento,86900,https://www.drivearabia.com/carprices/uae/toyota/toyota-fortuner/2016/,2026-06-11T12:45:13Z
toyota-fortuner,Fortuner,2016,2016 Ford Explorer,129000,https://www.drivearabia.com/carprices/uae/toyota/toyota-fortuner/2016/,2026-06-11T12:45:13Z
toyota-fortuner,Fortuner,2016,2025 Nissan Xterra,104000,https://www.drivearabia.com/carprices/uae/toyota/toyota-fortuner/2016/,2026-06-11T12:45:13Z
toyota-fortuner,Fortuner,2017,Original Starting Price,109900,https://www.drivearabia.com/carprices/uae/toyota/toyota-fortuner/2017/,2026-06-11T12:45:15Z
toyota-fortuner,Fortuner,2017,Unknown,109900,https://www.drivearabia.com/carprices/uae/toyota/toyota-fortuner/2017/,2026-06-11T12:45:15Z
toyota-fortuner,Fortuner,2017,4.0 V6,129900,https://www.drivearabia.com/carprices/uae/toyota/toyota-fortuner/2017/,2026-06-11T12:45:15Z
toyota-fortuner,Fortuner,2017,2017 Ford Explorer,129000,https://www.drivearabia.com/carprices/uae/toyota/toyota-fortuner/2017/,2026-06-11T12:45:15Z
toyota-fortuner,Fortuner,2017,2017 Kia Sorento,86900,https://www.drivearabia.com/carprices/uae/toyota/toyota-fortuner/2017/,2026-06-11T12:45:15Z
toyota-fortuner,Fortuner,2017,2025 Nissan Xterra,104000,https://www.drivearabia.com/carprices/uae/toyota/toyota-fortuner/2017/,2026-06-11T12:45:15Z
toyota-fortuner,Fortuner,2018,Original Starting Price,114900,https://www.drivearabia.com/carprices/uae/toyota/toyota-fortuner/2018/,2026-06-11T12:45:17Z
toyota-fortuner,Fortuner,2018,2.7 EXR,114900,https://www.drivearabia.com/carprices/uae/toyota/toyota-fortuner/2018/,2026-06-11T12:45:17Z
toyota-fortuner,Fortuner,2018,4.0 GXR,134900,https://www.drivearabia.com/carprices/uae/toyota/toyota-fortuner/2018/,2026-06-11T12:45:17Z
toyota-fortuner,Fortuner,2018,4.0 VXR,149900,https://www.drivearabia.com/carprices/uae/toyota/toyota-fortuner/2018/,2026-06-11T12:45:17Z
toyota-fortuner,Fortuner,2018,2018 Nissan Pathfinder,124950,https://www.drivearabia.com/carprices/uae/toyota/toyota-fortuner/2018/,2026-06-11T12:45:17Z
toyota-fortuner,Fortuner,2018,2018 Kia Sorento,86900,https://www.drivearabia.com/carprices/uae/toyota/toyota-fortuner/2018/,2026-06-11T12:45:17Z
toyota-fortuner,Fortuner,2018,2018 Ford Explorer,129000,https://www.drivearabia.com/carprices/uae/toyota/toyota-fortuner/2018/,2026-06-11T12:45:17Z
toyota-fortuner,Fortuner,2019,Original Starting Price,114900,https://www.drivearabia.com/carprices/uae/toyota/toyota-fortuner/2019/,2026-06-11T12:45:19Z
toyota-fortuner,Fortuner,2019,2.7 EXR,114900,https://www.drivearabia.com/carprices/uae/toyota/toyota-fortuner/2019/,2026-06-11T12:45:19Z
toyota-fortuner,Fortuner,2019,4.0 GXR,134900,https://www.drivearabia.com/carprices/uae/toyota/toyota-fortuner/2019/,2026-06-11T12:45:19Z
toyota-fortuner,Fortuner,2019,4.0 VXR,149900,https://www.drivearabia.com/carprices/uae/toyota/toyota-fortuner/2019/,2026-06-11T12:45:19Z
toyota-fortuner,Fortuner,2019,2019 Nissan Pathfinder,119000,https://www.drivearabia.com/carprices/uae/toyota/toyota-fortuner/2019/,2026-06-11T12:45:19Z
toyota-fortuner,Fortuner,2019,2019 Ford Explorer,129000,https://www.drivearabia.com/carprices/uae/toyota/toyota-fortuner/2019/,2026-06-11T12:45:19Z
toyota-fortuner,Fortuner,2019,2019 Mitsubishi Montero Sport,75800,https://www.drivearabia.com/carprices/uae/toyota/toyota-fortuner/2019/,2026-06-11T12:45:19Z
toyota-fortuner,Fortuner,2020,Original Starting Price,114900,https://www.drivearabia.com/carprices/uae/toyota/toyota-fortuner/2020/,2026-06-11T12:45:21Z
toyota-fortuner,Fortuner,2020,2.7L EXR,114900,https://www.drivearabia.com/carprices/uae/toyota/toyota-fortuner/2020/,2026-06-11T12:45:21Z
toyota-fortuner,Fortuner,2020,4.0L GXR,144900,https://www.drivearabia.com/carprices/uae/toyota/toyota-fortuner/2020/,2026-06-11T12:45:21Z
toyota-fortuner,Fortuner,2020,4.0L VXR,159900,https://www.drivearabia.com/carprices/uae/toyota/toyota-fortuner/2020/,2026-06-11T12:45:21Z
toyota-fortuner,Fortuner,2020,2020 Nissan Pathfinder,119000,https://www.drivearabia.com/carprices/uae/toyota/toyota-fortuner/2020/,2026-06-11T12:45:21Z
toyota-fortuner,Fortuner,2020,2020 Mitsubishi Montero Sport,80000,https://www.drivearabia.com/carprices/uae/toyota/toyota-fortuner/2020/,2026-06-11T12:45:21Z
toyota-fortuner,Fortuner,2020,2020 Ford Explorer,155000,https://www.drivearabia.com/carprices/uae/toyota/toyota-fortuner/2020/,2026-06-11T12:45:21Z
toyota-fortuner,Fortuner,2021,Original Starting Price,120000,https://www.drivearabia.com/carprices/uae/toyota/toyota-fortuner/2021/,2026-06-11T12:45:23Z
toyota-fortuner,Fortuner,2021,2.7L EXR,120000,https://www.drivearabia.com/carprices/uae/toyota/toyota-fortuner/2021/,2026-06-11T12:45:23Z
toyota-fortuner,Fortuner,2021,4.0L GXR,147000,https://www.drivearabia.com/carprices/uae/toyota/toyota-fortuner/2021/,2026-06-11T12:45:23Z
toyota-fortuner,Fortuner,2021,4.0L VXR,162000,https://www.drivearabia.com/carprices/uae/toyota/toyota-fortuner/2021/,2026-06-11T12:45:23Z
toyota-fortuner,Fortuner,2021,2021 Nissan Pathfinder,119000,https://www.drivearabia.com/carprices/uae/toyota/toyota-fortuner/2021/,2026-06-11T12:45:23Z
toyota-fortuner,Fortuner,2021,2021 Mitsubishi Montero Sport,80000,https://www.drivearabia.com/carprices/uae/toyota/toyota-fortuner/2021/,2026-06-11T12:45:23Z
toyota-fortuner,Fortuner,2021,2021 Ford Explorer,155000,https://www.drivearabia.com/carprices/uae/toyota/toyota-fortuner/2021/,2026-06-11T12:45:23Z
toyota-fortuner,Fortuner,2022,Original Starting Price,122900,https://www.drivearabia.com/carprices/uae/toyota/toyota-fortuner/2022/,2026-06-11T12:45:25Z
toyota-fortuner,Fortuner,2022,2.7L EXR,122900,https://www.drivearabia.com/carprices/uae/toyota/toyota-fortuner/2022/,2026-06-11T12:45:25Z
toyota-fortuner,Fortuner,2022,4.0L GXR,149900,https://www.drivearabia.com/carprices/uae/toyota/toyota-fortuner/2022/,2026-06-11T12:45:25Z
toyota-fortuner,Fortuner,2022,4.0L VXR,165900,https://www.drivearabia.com/carprices/uae/toyota/toyota-fortuner/2022/,2026-06-11T12:45:25Z
toyota-fortuner,Fortuner,2022,2022 Nissan Pathfinder,158000,https://www.drivearabia.com/carprices/uae/toyota/toyota-fortuner/2022/,2026-06-11T12:45:25Z
toyota-fortuner,Fortuner,2022,2022 Mitsubishi Montero Sport,79900,https://www.drivearabia.com/carprices/uae/toyota/toyota-fortuner/2022/,2026-06-11T12:45:25Z
toyota-fortuner,Fortuner,2022,2022 Ford Explorer,155000,https://www.drivearabia.com/carprices/uae/toyota/toyota-fortuner/2022/,2026-06-11T12:45:25Z
toyota-fortuner,Fortuner,2023,Original Starting Price,122900,https://www.drivearabia.com/carprices/uae/toyota/toyota-fortuner/2023/,2026-06-11T12:45:27Z
toyota-fortuner,Fortuner,2023,2.7L EXR,122900,https://www.drivearabia.com/carprices/uae/toyota/toyota-fortuner/2023/,2026-06-11T12:45:27Z
toyota-fortuner,Fortuner,2023,4.0L GXR,149900,https://www.drivearabia.com/carprices/uae/toyota/toyota-fortuner/2023/,2026-06-11T12:45:27Z
toyota-fortuner,Fortuner,2023,4.0L VXR,165900,https://www.drivearabia.com/carprices/uae/toyota/toyota-fortuner/2023/,2026-06-11T12:45:27Z
toyota-fortuner,Fortuner,2023,2023 Nissan Pathfinder,158000,https://www.drivearabia.com/carprices/uae/toyota/toyota-fortuner/2023/,2026-06-11T12:45:27Z
toyota-fortuner,Fortuner,2023,2023 Ford Explorer,155000,https://www.drivearabia.com/carprices/uae/toyota/toyota-fortuner/2023/,2026-06-11T12:45:27Z
toyota-fortuner,Fortuner,2023,2023 Mitsubishi Montero Sport,79900,https://www.drivearabia.com/carprices/uae/toyota/toyota-fortuner/2023/,2026-06-11T12:45:27Z
toyota-fortuner,Fortuner,2024,Original Starting Price,122900,https://www.drivearabia.com/carprices/uae/toyota/toyota-fortuner/2024/,2026-06-11T12:45:29Z
toyota-fortuner,Fortuner,2024,2.7L EXR,122900,https://www.drivearabia.com/carprices/uae/toyota/toyota-fortuner/2024/,2026-06-11T12:45:29Z
toyota-fortuner,Fortuner,2024,4.0L GXR,149900,https://www.drivearabia.com/carprices/uae/toyota/toyota-fortuner/2024/,2026-06-11T12:45:29Z
toyota-fortuner,Fortuner,2024,4.0L VXR,165900,https://www.drivearabia.com/carprices/uae/toyota/toyota-fortuner/2024/,2026-06-11T12:45:29Z
toyota-fortuner,Fortuner,2024,2024 Nissan Pathfinder,158000,https://www.drivearabia.com/carprices/uae/toyota/toyota-fortuner/2024/,2026-06-11T12:45:29Z
toyota-fortuner,Fortuner,2024,2024 Ford Explorer,155000,https://www.drivearabia.com/carprices/uae/toyota/toyota-fortuner/2024/,2026-06-11T12:45:29Z
toyota-fortuner,Fortuner,2024,2024 Mitsubishi Montero Sport,93350,https://www.drivearabia.com/carprices/uae/toyota/toyota-fortuner/2024/,2026-06-11T12:45:29Z
toyota-fortuner,Fortuner,2025,Starting at,127900,https://www.drivearabia.com/carprices/uae/toyota/toyota-fortuner/2025/,2026-06-11T12:45:31Z
toyota-fortuner,Fortuner,2025,2.7L EXR 4WD,127900,https://www.drivearabia.com/carprices/uae/toyota/toyota-fortuner/2025/,2026-06-11T12:45:31Z
toyota-fortuner,Fortuner,2025,4.0L GXR 4WD,153900,https://www.drivearabia.com/carprices/uae/toyota/toyota-fortuner/2025/,2026-06-11T12:45:31Z
toyota-fortuner,Fortuner,2025,4.0L VXR 4WD,165900,https://www.drivearabia.com/carprices/uae/toyota/toyota-fortuner/2025/,2026-06-11T12:45:31Z
toyota-fortuner,Fortuner,2025,2025 Ford Explorer,213045,https://www.drivearabia.com/carprices/uae/toyota/toyota-fortuner/2025/,2026-06-11T12:45:31Z
toyota-fortuner,Fortuner,2025,2025 Mitsubishi Montero Sport,93350,https://www.drivearabia.com/carprices/uae/toyota/toyota-fortuner/2025/,2026-06-11T12:45:31Z
toyota-fortuner,Fortuner,2025,2025 Nissan Pathfinder,158000,https://www.drivearabia.com/carprices/uae/toyota/toyota-fortuner/2025/,2026-06-11T12:45:31Z
toyota-fortuner,Fortuner,2026,Starting at,128900,https://www.drivearabia.com/carprices/uae/toyota/toyota-fortuner/2026/,2026-06-11T12:45:33Z
toyota-fortuner,Fortuner,2026,2.7L EXR 4WD,128900,https://www.drivearabia.com/carprices/uae/toyota/toyota-fortuner/2026/,2026-06-11T12:45:33Z
toyota-fortuner,Fortuner,2026,4.0L GXR 4WD,154900,https://www.drivearabia.com/carprices/uae/toyota/toyota-fortuner/2026/,2026-06-11T12:45:33Z
toyota-fortuner,Fortuner,2026,4.0L VXR 4WD,173900,https://www.drivearabia.com/carprices/uae/toyota/toyota-fortuner/2026/,2026-06-11T12:45:33Z
toyota-fortuner,Fortuner,2026,2025 Ford Explorer,213045,https://www.drivearabia.com/carprices/uae/toyota/toyota-fortuner/2026/,2026-06-11T12:45:33Z
toyota-fortuner,Fortuner,2026,2025 Mitsubishi Montero Sport,93350,https://www.drivearabia.com/carprices/uae/toyota/toyota-fortuner/2026/,2026-06-11T12:45:33Z
toyota-fortuner,Fortuner,2026,2025 Nissan Pathfinder,158000,https://www.drivearabia.com/carprices/uae/toyota/toyota-fortuner/2026/,2026-06-11T12:45:33Z
toyota-gr-corolla,GR Corolla,2026,Starting at,182900,https://www.drivearabia.com/carprices/uae/toyota/toyota-gr-corolla/2026/,2026-06-11T12:45:51Z
toyota-gr-corolla,GR Corolla,2026,manual AWD,182900,https://www.drivearabia.com/carprices/uae/toyota/toyota-gr-corolla/2026/,2026-06-11T12:45:51Z
toyota-gr-corolla,GR Corolla,2026,automatic AWD,184900,https://www.drivearabia.com/carprices/uae/toyota/toyota-gr-corolla/2026/,2026-06-11T12:45:51Z
toyota-gr-yaris,GR Yaris,2026,Starting at,167900,https://www.drivearabia.com/carprices/uae/toyota/toyota-gr-yaris/2026/,2026-06-11T12:46:09Z
toyota-gr-yaris,GR Yaris,2026,GR86 MT,167900,https://www.drivearabia.com/carprices/uae/toyota/toyota-gr-yaris/2026/,2026-06-11T12:46:09Z
toyota-gr-yaris,GR Yaris,2026,GR 86 AT,169900,https://www.drivearabia.com/carprices/uae/toyota/toyota-gr-yaris/2026/,2026-06-11T12:46:09Z
toyota-gr-yaris,GR Yaris,2026,2025 Volkswagen Golf R,197000,https://www.drivearabia.com/carprices/uae/toyota/toyota-gr-yaris/2026/,2026-06-11T12:46:09Z
toyota-gr-yaris,GR Yaris,2026,2025 Honda Civic Type R,205000,https://www.drivearabia.com/carprices/uae/toyota/toyota-gr-yaris/2026/,2026-06-11T12:46:09Z
toyota-gr-yaris,GR Yaris,2026,2025 Audi RS 3,325000,https://www.drivearabia.com/carprices/uae/toyota/toyota-gr-yaris/2026/,2026-06-11T12:46:09Z
toyota-gr86,GR86,2024,Original Starting Price,149900,https://www.drivearabia.com/carprices/uae/toyota/toyota-gr86/2024/,2026-06-11T12:46:25Z
toyota-gr86,GR86,2024,2.4 I4 manual RWD,149900,https://www.drivearabia.com/carprices/uae/toyota/toyota-gr86/2024/,2026-06-11T12:46:25Z
toyota-gr86,GR86,2024,2.4 I4 auto RWD,159900,https://www.drivearabia.com/carprices/uae/toyota/toyota-gr86/2024/,2026-06-11T12:46:25Z
toyota-gr86,GR86,2024,2.4 I4 brembo RWD,169900,https://www.drivearabia.com/carprices/uae/toyota/toyota-gr86/2024/,2026-06-11T12:46:25Z
toyota-gr86,GR86,2024,2024 Nissan Z,205000,https://www.drivearabia.com/carprices/uae/toyota/toyota-gr86/2024/,2026-06-11T12:46:25Z
toyota-gr86,GR86,2024,2024 Subaru BRZ,140000,https://www.drivearabia.com/carprices/uae/toyota/toyota-gr86/2024/,2026-06-11T12:46:25Z
toyota-gr86,GR86,2025,Starting at,149900,https://www.drivearabia.com/carprices/uae/toyota/toyota-gr86/2025/,2026-06-11T12:46:27Z
toyota-gr86,GR86,2025,2.4 I4 manual RWD,149900,https://www.drivearabia.com/carprices/uae/toyota/toyota-gr86/2025/,2026-06-11T12:46:27Z
toyota-gr86,GR86,2025,2.4 I4 auto RWD,162900,https://www.drivearabia.com/carprices/uae/toyota/toyota-gr86/2025/,2026-06-11T12:46:27Z
toyota-gr86,GR86,2025,2.4 I4 brembo RWD,172900,https://www.drivearabia.com/carprices/uae/toyota/toyota-gr86/2025/,2026-06-11T12:46:27Z
toyota-gr86,GR86,2025,2025 Nissan Z,215900,https://www.drivearabia.com/carprices/uae/toyota/toyota-gr86/2025/,2026-06-11T12:46:27Z
toyota-gr86,GR86,2025,2025 Subaru BRZ,122000,https://www.drivearabia.com/carprices/uae/toyota/toyota-gr86/2025/,2026-06-11T12:46:27Z
toyota-gr86,GR86,2026,Starting at,162900,https://www.drivearabia.com/carprices/uae/toyota/toyota-gr86/2026/,2026-06-11T12:46:29Z
toyota-gr86,GR86,2026,GR86 AT,162900,https://www.drivearabia.com/carprices/uae/toyota/toyota-gr86/2026/,2026-06-11T12:46:29Z
toyota-gr86,GR86,2026,2025 Nissan Z,215900,https://www.drivearabia.com/carprices/uae/toyota/toyota-gr86/2026/,2026-06-11T12:46:29Z
toyota-gr86,GR86,2026,2025 Subaru BRZ,122000,https://www.drivearabia.com/carprices/uae/toyota/toyota-gr86/2026/,2026-06-11T12:46:29Z
toyota-granvia,Granvia,2020,Original Starting Price,177000,https://www.drivearabia.com/carprices/uae/toyota/toyota-granvia/2020/,2026-06-11T12:46:41Z
toyota-granvia,Granvia,2020,Unknown,177000,https://www.drivearabia.com/carprices/uae/toyota/toyota-granvia/2020/,2026-06-11T12:46:41Z
toyota-granvia,Granvia,2020,Premium,199900,https://www.drivearabia.com/carprices/uae/toyota/toyota-granvia/2020/,2026-06-11T12:46:41Z
toyota-granvia,Granvia,2020,2020 Honda Odyssey,142900,https://www.drivearabia.com/carprices/uae/toyota/toyota-granvia/2020/,2026-06-11T12:46:41Z
toyota-granvia,Granvia,2020,2020 Kia Carnival,105000,https://www.drivearabia.com/carprices/uae/toyota/toyota-granvia/2020/,2026-06-11T12:46:41Z
toyota-granvia,Granvia,2020,2020 Ford Tourneo Custom,126000,https://www.drivearabia.com/carprices/uae/toyota/toyota-granvia/2020/,2026-06-11T12:46:41Z
toyota-granvia,Granvia,2021,Original Starting Price,177000,https://www.drivearabia.com/carprices/uae/toyota/toyota-granvia/2021/,2026-06-11T12:46:43Z
toyota-granvia,Granvia,2021,Unknown,177000,https://www.drivearabia.com/carprices/uae/toyota/toyota-granvia/2021/,2026-06-11T12:46:43Z
toyota-granvia,Granvia,2021,Premium,199900,https://www.drivearabia.com/carprices/uae/toyota/toyota-granvia/2021/,2026-06-11T12:46:43Z
toyota-granvia,Granvia,2021,2021 Honda Odyssey,149900,https://www.drivearabia.com/carprices/uae/toyota/toyota-granvia/2021/,2026-06-11T12:46:43Z
toyota-granvia,Granvia,2021,2021 Kia Carnival,122900,https://www.drivearabia.com/carprices/uae/toyota/toyota-granvia/2021/,2026-06-11T12:46:43Z
toyota-granvia,Granvia,2021,2021 Ford Tourneo Custom,126000,https://www.drivearabia.com/carprices/uae/toyota/toyota-granvia/2021/,2026-06-11T12:46:43Z
toyota-granvia,Granvia,2022,Original Starting Price,177000,https://www.drivearabia.com/carprices/uae/toyota/toyota-granvia/2022/,2026-06-11T12:46:45Z
toyota-granvia,Granvia,2022,Unknown,177000,https://www.drivearabia.com/carprices/uae/toyota/toyota-granvia/2022/,2026-06-11T12:46:45Z
toyota-granvia,Granvia,2022,Premium,199900,https://www.drivearabia.com/carprices/uae/toyota/toyota-granvia/2022/,2026-06-11T12:46:45Z
toyota-granvia,Granvia,2022,2022 Honda Odyssey,149900,https://www.drivearabia.com/carprices/uae/toyota/toyota-granvia/2022/,2026-06-11T12:46:45Z
toyota-granvia,Granvia,2022,2022 Ford Tourneo Custom,126000,https://www.drivearabia.com/carprices/uae/toyota/toyota-granvia/2022/,2026-06-11T12:46:45Z
toyota-granvia,Granvia,2022,2022 Kia Carnival,122900,https://www.drivearabia.com/carprices/uae/toyota/toyota-granvia/2022/,2026-06-11T12:46:45Z
toyota-granvia,Granvia,2023,Original Starting Price,177000,https://www.drivearabia.com/carprices/uae/toyota/toyota-granvia/2023/,2026-06-11T12:46:47Z
toyota-granvia,Granvia,2023,Unknown,177000,https://www.drivearabia.com/carprices/uae/toyota/toyota-granvia/2023/,2026-06-11T12:46:47Z
toyota-granvia,Granvia,2023,Premium,199900,https://www.drivearabia.com/carprices/uae/toyota/toyota-granvia/2023/,2026-06-11T12:46:47Z
toyota-granvia,Granvia,2023,2022 Honda Odyssey,149900,https://www.drivearabia.com/carprices/uae/toyota/toyota-granvia/2023/,2026-06-11T12:46:47Z
toyota-granvia,Granvia,2023,2022 Ford Tourneo Custom,126000,https://www.drivearabia.com/carprices/uae/toyota/toyota-granvia/2023/,2026-06-11T12:46:47Z
toyota-granvia,Granvia,2023,2023 Kia Carnival,122900,https://www.drivearabia.com/carprices/uae/toyota/toyota-granvia/2023/,2026-06-11T12:46:47Z
toyota-granvia,Granvia,2024,Original Starting Price,177000,https://www.drivearabia.com/carprices/uae/toyota/toyota-granvia/2024/,2026-06-11T12:46:49Z
toyota-granvia,Granvia,2024,Unknown,177000,https://www.drivearabia.com/carprices/uae/toyota/toyota-granvia/2024/,2026-06-11T12:46:49Z
toyota-granvia,Granvia,2024,Premium,199900,https://www.drivearabia.com/carprices/uae/toyota/toyota-granvia/2024/,2026-06-11T12:46:49Z
toyota-granvia,Granvia,2024,2022 Honda Odyssey,149900,https://www.drivearabia.com/carprices/uae/toyota/toyota-granvia/2024/,2026-06-11T12:46:49Z
toyota-granvia,Granvia,2024,2022 Ford Tourneo Custom,126000,https://www.drivearabia.com/carprices/uae/toyota/toyota-granvia/2024/,2026-06-11T12:46:49Z
toyota-granvia,Granvia,2024,2024 Kia Carnival,139000,https://www.drivearabia.com/carprices/uae/toyota/toyota-granvia/2024/,2026-06-11T12:46:49Z
toyota-granvia,Granvia,2025,Starting at,211900,https://www.drivearabia.com/carprices/uae/toyota/toyota-granvia/2025/,2026-06-11T12:46:51Z
toyota-granvia,Granvia,2025,3.5L V6 Premium RWD,211900,https://www.drivearabia.com/carprices/uae/toyota/toyota-granvia/2025/,2026-06-11T12:46:51Z
toyota-granvia,Granvia,2025,2022 Honda Odyssey,149900,https://www.drivearabia.com/carprices/uae/toyota/toyota-granvia/2025/,2026-06-11T12:46:51Z
toyota-granvia,Granvia,2025,2022 Ford Tourneo Custom,126000,https://www.drivearabia.com/carprices/uae/toyota/toyota-granvia/2025/,2026-06-11T12:46:51Z
toyota-granvia,Granvia,2025,2025 Kia Carnival,205000,https://www.drivearabia.com/carprices/uae/toyota/toyota-granvia/2025/,2026-06-11T12:46:51Z
toyota-granvia,Granvia,2026,Starting at,215900,https://www.drivearabia.com/carprices/uae/toyota/toyota-granvia/2026/,2026-06-11T12:46:53Z
toyota-granvia,Granvia,2026,Premium RWD,215900,https://www.drivearabia.com/carprices/uae/toyota/toyota-granvia/2026/,2026-06-11T12:46:53Z
toyota-granvia,Granvia,2026,2022 Honda Odyssey,149900,https://www.drivearabia.com/carprices/uae/toyota/toyota-granvia/2026/,2026-06-11T12:46:53Z
toyota-granvia,Granvia,2026,2022 Ford Tourneo Custom,126000,https://www.drivearabia.com/carprices/uae/toyota/toyota-granvia/2026/,2026-06-11T12:46:53Z
toyota-granvia,Granvia,2026,2025 Kia Carnival,205000,https://www.drivearabia.com/carprices/uae/toyota/toyota-granvia/2026/,2026-06-11T12:46:53Z
toyota-hiace,Hiace,2010,Original Starting Price,84000,https://www.drivearabia.com/carprices/uae/toyota/toyota-hiace/2010/,2026-06-11T12:46:55Z
toyota-hiace,Hiace,2010,Panel Van,84000,https://www.drivearabia.com/carprices/uae/toyota/toyota-hiace/2010/,2026-06-11T12:46:55Z
toyota-hiace,Hiace,2010,Mid Roof Panel Van Super LWB,98000,https://www.drivearabia.com/carprices/uae/toyota/toyota-hiace/2010/,2026-06-11T12:46:55Z
toyota-hiace,Hiace,2010,Commuter,98000,https://www.drivearabia.com/carprices/uae/toyota/toyota-hiace/2010/,2026-06-11T12:46:55Z
toyota-hiace,Hiace,2010,Mid Roof Commuter LWB,110000,https://www.drivearabia.com/carprices/uae/toyota/toyota-hiace/2010/,2026-06-11T12:46:55Z
toyota-hiace,Hiace,2010,High Roof Commuter Super LWB,114000,https://www.drivearabia.com/carprices/uae/toyota/toyota-hiace/2010/,2026-06-11T12:46:55Z
toyota-hiace,Hiace,2010,2010 Hyundai H1,66900,https://www.drivearabia.com/carprices/uae/toyota/toyota-hiace/2010/,2026-06-11T12:46:55Z
toyota-hiace,Hiace,2010,2010 Nissan Urvan,79000,https://www.drivearabia.com/carprices/uae/toyota/toyota-hiace/2010/,2026-06-11T12:46:55Z
toyota-hiace,Hiace,2010,2010 Mercedes-Benz Sprinter,120000,https://www.drivearabia.com/carprices/uae/toyota/toyota-hiace/2010/,2026-06-11T12:46:55Z
toyota-hiace,Hiace,2011,Original Starting Price,84000,https://www.drivearabia.com/carprices/uae/toyota/toyota-hiace/2011/,2026-06-11T12:46:57Z
toyota-hiace,Hiace,2011,Panel Van,84000,https://www.drivearabia.com/carprices/uae/toyota/toyota-hiace/2011/,2026-06-11T12:46:57Z
toyota-hiace,Hiace,2011,Mid Roof Panel Van Super LWB,98000,https://www.drivearabia.com/carprices/uae/toyota/toyota-hiace/2011/,2026-06-11T12:46:57Z
toyota-hiace,Hiace,2011,Commuter,98000,https://www.drivearabia.com/carprices/uae/toyota/toyota-hiace/2011/,2026-06-11T12:46:57Z
toyota-hiace,Hiace,2011,Mid Roof Commuter LWB,110000,https://www.drivearabia.com/carprices/uae/toyota/toyota-hiace/2011/,2026-06-11T12:46:57Z
toyota-hiace,Hiace,2011,High Roof Commuter Super LWB,114000,https://www.drivearabia.com/carprices/uae/toyota/toyota-hiace/2011/,2026-06-11T12:46:57Z
toyota-hiace,Hiace,2011,2011 Hyundai H1,66900,https://www.drivearabia.com/carprices/uae/toyota/toyota-hiace/2011/,2026-06-11T12:46:57Z
toyota-hiace,Hiace,2011,2011 Nissan Urvan,79000,https://www.drivearabia.com/carprices/uae/toyota/toyota-hiace/2011/,2026-06-11T12:46:57Z
toyota-hiace,Hiace,2011,2011 Mercedes-Benz Sprinter,120000,https://www.drivearabia.com/carprices/uae/toyota/toyota-hiace/2011/,2026-06-11T12:46:57Z
toyota-hiace,Hiace,2012,Original Starting Price,84000,https://www.drivearabia.com/carprices/uae/toyota/toyota-hiace/2012/,2026-06-11T12:46:59Z
toyota-hiace,Hiace,2012,Panel Van,84000,https://www.drivearabia.com/carprices/uae/toyota/toyota-hiace/2012/,2026-06-11T12:46:59Z
toyota-hiace,Hiace,2012,Mid Roof Panel Van Super LWB,98000,https://www.drivearabia.com/carprices/uae/toyota/toyota-hiace/2012/,2026-06-11T12:46:59Z
toyota-hiace,Hiace,2012,Commuter,98000,https://www.drivearabia.com/carprices/uae/toyota/toyota-hiace/2012/,2026-06-11T12:46:59Z
toyota-hiace,Hiace,2012,Mid Roof Commuter LWB,110000,https://www.drivearabia.com/carprices/uae/toyota/toyota-hiace/2012/,2026-06-11T12:46:59Z
toyota-hiace,Hiace,2012,High Roof Commuter Super LWB,114000,https://www.drivearabia.com/carprices/uae/toyota/toyota-hiace/2012/,2026-06-11T12:46:59Z
toyota-hiace,Hiace,2012,2012 Hyundai H1,66900,https://www.drivearabia.com/carprices/uae/toyota/toyota-hiace/2012/,2026-06-11T12:46:59Z
toyota-hiace,Hiace,2012,2012 Nissan Urvan,79000,https://www.drivearabia.com/carprices/uae/toyota/toyota-hiace/2012/,2026-06-11T12:46:59Z
toyota-hiace,Hiace,2012,2012 Mercedes-Benz Sprinter,120000,https://www.drivearabia.com/carprices/uae/toyota/toyota-hiace/2012/,2026-06-11T12:46:59Z
toyota-hiace,Hiace,2013,Original Starting Price,84000,https://www.drivearabia.com/carprices/uae/toyota/toyota-hiace/2013/,2026-06-11T12:47:01Z
toyota-hiace,Hiace,2013,Panel Van,84000,https://www.drivearabia.com/carprices/uae/toyota/toyota-hiace/2013/,2026-06-11T12:47:01Z
toyota-hiace,Hiace,2013,Mid Roof Panel Van Super LWB,98000,https://www.drivearabia.com/carprices/uae/toyota/toyota-hiace/2013/,2026-06-11T12:47:01Z
toyota-hiace,Hiace,2013,Commuter,98000,https://www.drivearabia.com/carprices/uae/toyota/toyota-hiace/2013/,2026-06-11T12:47:01Z
toyota-hiace,Hiace,2013,Mid Roof Commuter LWB,110000,https://www.drivearabia.com/carprices/uae/toyota/toyota-hiace/2013/,2026-06-11T12:47:01Z
toyota-hiace,Hiace,2013,High Roof Commuter Super LWB,114000,https://www.drivearabia.com/carprices/uae/toyota/toyota-hiace/2013/,2026-06-11T12:47:01Z
toyota-hiace,Hiace,2013,2013 Hyundai H1,66900,https://www.drivearabia.com/carprices/uae/toyota/toyota-hiace/2013/,2026-06-11T12:47:01Z
toyota-hiace,Hiace,2013,2013 Mercedes-Benz Sprinter,120000,https://www.drivearabia.com/carprices/uae/toyota/toyota-hiace/2013/,2026-06-11T12:47:01Z
toyota-hiace,Hiace,2013,2013 Nissan Urvan,75500,https://www.drivearabia.com/carprices/uae/toyota/toyota-hiace/2013/,2026-06-11T12:47:01Z
toyota-hiace,Hiace,2014,Original Starting Price,84000,https://www.drivearabia.com/carprices/uae/toyota/toyota-hiace/2014/,2026-06-11T12:47:03Z
toyota-hiace,Hiace,2014,Panel Van,84000,https://www.drivearabia.com/carprices/uae/toyota/toyota-hiace/2014/,2026-06-11T12:47:03Z
toyota-hiace,Hiace,2014,Mid Roof Panel Van Super LWB,98000,https://www.drivearabia.com/carprices/uae/toyota/toyota-hiace/2014/,2026-06-11T12:47:03Z
toyota-hiace,Hiace,2014,Commuter,98000,https://www.drivearabia.com/carprices/uae/toyota/toyota-hiace/2014/,2026-06-11T12:47:03Z
toyota-hiace,Hiace,2014,Mid Roof Commuter LWB,110000,https://www.drivearabia.com/carprices/uae/toyota/toyota-hiace/2014/,2026-06-11T12:47:03Z
toyota-hiace,Hiace,2014,High Roof Commuter Super LWB,114000,https://www.drivearabia.com/carprices/uae/toyota/toyota-hiace/2014/,2026-06-11T12:47:03Z
toyota-hiace,Hiace,2014,2014 Hyundai H1,66900,https://www.drivearabia.com/carprices/uae/toyota/toyota-hiace/2014/,2026-06-11T12:47:03Z
toyota-hiace,Hiace,2014,2014 Nissan Urvan,75500,https://www.drivearabia.com/carprices/uae/toyota/toyota-hiace/2014/,2026-06-11T12:47:03Z
toyota-hiace,Hiace,2014,2014 Mercedes-Benz Sprinter,146000,https://www.drivearabia.com/carprices/uae/toyota/toyota-hiace/2014/,2026-06-11T12:47:03Z
toyota-hiace,Hiace,2015,Original Starting Price,84000,https://www.drivearabia.com/carprices/uae/toyota/toyota-hiace/2015/,2026-06-11T12:47:04Z
toyota-hiace,Hiace,2015,Panel Van,84000,https://www.drivearabia.com/carprices/uae/toyota/toyota-hiace/2015/,2026-06-11T12:47:04Z
toyota-hiace,Hiace,2015,Mid Roof Panel Van Super LWB,98000,https://www.drivearabia.com/carprices/uae/toyota/toyota-hiace/2015/,2026-06-11T12:47:04Z
toyota-hiace,Hiace,2015,Commuter,98000,https://www.drivearabia.com/carprices/uae/toyota/toyota-hiace/2015/,2026-06-11T12:47:04Z
toyota-hiace,Hiace,2015,Mid Roof Commuter LWB,110000,https://www.drivearabia.com/carprices/uae/toyota/toyota-hiace/2015/,2026-06-11T12:47:04Z
toyota-hiace,Hiace,2015,High Roof Commuter Super LWB,114000,https://www.drivearabia.com/carprices/uae/toyota/toyota-hiace/2015/,2026-06-11T12:47:04Z
toyota-hiace,Hiace,2015,2015 Mercedes-Benz Sprinter,146000,https://www.drivearabia.com/carprices/uae/toyota/toyota-hiace/2015/,2026-06-11T12:47:04Z
toyota-hiace,Hiace,2015,2015 Nissan Urvan,75500,https://www.drivearabia.com/carprices/uae/toyota/toyota-hiace/2015/,2026-06-11T12:47:04Z
toyota-hiace,Hiace,2015,2015 Hyundai H1,66900,https://www.drivearabia.com/carprices/uae/toyota/toyota-hiace/2015/,2026-06-11T12:47:04Z
toyota-hiace,Hiace,2016,Original Starting Price,84000,https://www.drivearabia.com/carprices/uae/toyota/toyota-hiace/2016/,2026-06-11T12:47:06Z
toyota-hiace,Hiace,2016,Panel Van,84000,https://www.drivearabia.com/carprices/uae/toyota/toyota-hiace/2016/,2026-06-11T12:47:06Z
toyota-hiace,Hiace,2016,Mid Roof Panel Van Super LWB,98000,https://www.drivearabia.com/carprices/uae/toyota/toyota-hiace/2016/,2026-06-11T12:47:06Z
toyota-hiace,Hiace,2016,Commuter,98000,https://www.drivearabia.com/carprices/uae/toyota/toyota-hiace/2016/,2026-06-11T12:47:06Z
toyota-hiace,Hiace,2016,Mid Roof Commuter LWB,110000,https://www.drivearabia.com/carprices/uae/toyota/toyota-hiace/2016/,2026-06-11T12:47:06Z
toyota-hiace,Hiace,2016,High Roof Commuter Super LWB,114000,https://www.drivearabia.com/carprices/uae/toyota/toyota-hiace/2016/,2026-06-11T12:47:06Z
toyota-hiace,Hiace,2016,2016 Mercedes-Benz Sprinter,146000,https://www.drivearabia.com/carprices/uae/toyota/toyota-hiace/2016/,2026-06-11T12:47:06Z
toyota-hiace,Hiace,2016,2016 Hyundai H1,66900,https://www.drivearabia.com/carprices/uae/toyota/toyota-hiace/2016/,2026-06-11T12:47:06Z
toyota-hiace,Hiace,2016,2016 Nissan Urvan,74000,https://www.drivearabia.com/carprices/uae/toyota/toyota-hiace/2016/,2026-06-11T12:47:06Z
toyota-hiace,Hiace,2017,Original Starting Price,84000,https://www.drivearabia.com/carprices/uae/toyota/toyota-hiace/2017/,2026-06-11T12:47:08Z
toyota-hiace,Hiace,2017,Panel Van,84000,https://www.drivearabia.com/carprices/uae/toyota/toyota-hiace/2017/,2026-06-11T12:47:08Z
toyota-hiace,Hiace,2017,Mid Roof Panel Van Super LWB,98000,https://www.drivearabia.com/carprices/uae/toyota/toyota-hiace/2017/,2026-06-11T12:47:08Z
toyota-hiace,Hiace,2017,Commuter,98000,https://www.drivearabia.com/carprices/uae/toyota/toyota-hiace/2017/,2026-06-11T12:47:08Z
toyota-hiace,Hiace,2017,Mid Roof Commuter LWB,110000,https://www.drivearabia.com/carprices/uae/toyota/toyota-hiace/2017/,2026-06-11T12:47:08Z
toyota-hiace,Hiace,2017,High Roof Commuter Super LWB,114000,https://www.drivearabia.com/carprices/uae/toyota/toyota-hiace/2017/,2026-06-11T12:47:08Z
toyota-hiace,Hiace,2017,2017 Hyundai H1,66900,https://www.drivearabia.com/carprices/uae/toyota/toyota-hiace/2017/,2026-06-11T12:47:08Z
toyota-hiace,Hiace,2017,2017 Mercedes-Benz Sprinter,146000,https://www.drivearabia.com/carprices/uae/toyota/toyota-hiace/2017/,2026-06-11T12:47:08Z
toyota-hiace,Hiace,2017,2017 Nissan Urvan,81500,https://www.drivearabia.com/carprices/uae/toyota/toyota-hiace/2017/,2026-06-11T12:47:08Z
toyota-hiace,Hiace,2018,Original Starting Price,84000,https://www.drivearabia.com/carprices/uae/toyota/toyota-hiace/2018/,2026-06-11T12:47:10Z
toyota-hiace,Hiace,2018,Panel Van,84000,https://www.drivearabia.com/carprices/uae/toyota/toyota-hiace/2018/,2026-06-11T12:47:10Z
toyota-hiace,Hiace,2018,Mid Roof Panel Van Super LWB,98000,https://www.drivearabia.com/carprices/uae/toyota/toyota-hiace/2018/,2026-06-11T12:47:10Z
toyota-hiace,Hiace,2018,Commuter,98000,https://www.drivearabia.com/carprices/uae/toyota/toyota-hiace/2018/,2026-06-11T12:47:10Z
toyota-hiace,Hiace,2018,Mid Roof Commuter LWB,110000,https://www.drivearabia.com/carprices/uae/toyota/toyota-hiace/2018/,2026-06-11T12:47:10Z
toyota-hiace,Hiace,2018,High Roof Commuter Super LWB,114000,https://www.drivearabia.com/carprices/uae/toyota/toyota-hiace/2018/,2026-06-11T12:47:10Z
toyota-hiace,Hiace,2018,2018 Mercedes-Benz Sprinter,146000,https://www.drivearabia.com/carprices/uae/toyota/toyota-hiace/2018/,2026-06-11T12:47:10Z
toyota-hiace,Hiace,2018,2018 Hyundai H1,66900,https://www.drivearabia.com/carprices/uae/toyota/toyota-hiace/2018/,2026-06-11T12:47:10Z
toyota-hiace,Hiace,2018,2018 Nissan Urvan,81500,https://www.drivearabia.com/carprices/uae/toyota/toyota-hiace/2018/,2026-06-11T12:47:10Z
toyota-hiace,Hiace,2019,Original Starting Price,103900,https://www.drivearabia.com/carprices/uae/toyota/toyota-hiace/2019/,2026-06-11T12:47:12Z
toyota-hiace,Hiace,2019,3.5L panel van,103900,https://www.drivearabia.com/carprices/uae/toyota/toyota-hiace/2019/,2026-06-11T12:47:12Z
toyota-hiace,Hiace,2019,3.5L high roof panel van,123900,https://www.drivearabia.com/carprices/uae/toyota/toyota-hiace/2019/,2026-06-11T12:47:12Z
toyota-hiace,Hiace,2019,3.5L commuter van,136900,https://www.drivearabia.com/carprices/uae/toyota/toyota-hiace/2019/,2026-06-11T12:47:12Z
toyota-hiace,Hiace,2019,2019 Hyundai H1,66900,https://www.drivearabia.com/carprices/uae/toyota/toyota-hiace/2019/,2026-06-11T12:47:12Z
toyota-hiace,Hiace,2019,2019 Mercedes-Benz Sprinter,146000,https://www.drivearabia.com/carprices/uae/toyota/toyota-hiace/2019/,2026-06-11T12:47:12Z
toyota-hiace,Hiace,2019,2019 Nissan Urvan,81500,https://www.drivearabia.com/carprices/uae/toyota/toyota-hiace/2019/,2026-06-11T12:47:12Z
toyota-hiace,Hiace,2020,Original Starting Price,103900,https://www.drivearabia.com/carprices/uae/toyota/toyota-hiace/2020/,2026-06-11T12:47:14Z
toyota-hiace,Hiace,2020,3.5L panel van,103900,https://www.drivearabia.com/carprices/uae/toyota/toyota-hiace/2020/,2026-06-11T12:47:14Z
toyota-hiace,Hiace,2020,3.5L high roof panel van,123900,https://www.drivearabia.com/carprices/uae/toyota/toyota-hiace/2020/,2026-06-11T12:47:14Z
toyota-hiace,Hiace,2020,3.5L commuter van,136900,https://www.drivearabia.com/carprices/uae/toyota/toyota-hiace/2020/,2026-06-11T12:47:14Z
toyota-hiace,Hiace,2020,2020 Nissan Urvan,77175,https://www.drivearabia.com/carprices/uae/toyota/toyota-hiace/2020/,2026-06-11T12:47:14Z
toyota-hiace,Hiace,2020,2020 Mercedes-Benz Sprinter,146000,https://www.drivearabia.com/carprices/uae/toyota/toyota-hiace/2020/,2026-06-11T12:47:14Z
toyota-hiace,Hiace,2020,2020 Hyundai H1,80640,https://www.drivearabia.com/carprices/uae/toyota/toyota-hiace/2020/,2026-06-11T12:47:14Z
toyota-hiace,Hiace,2021,Original Starting Price,103900,https://www.drivearabia.com/carprices/uae/toyota/toyota-hiace/2021/,2026-06-11T12:47:16Z
toyota-hiace,Hiace,2021,3.5L panel van,103900,https://www.drivearabia.com/carprices/uae/toyota/toyota-hiace/2021/,2026-06-11T12:47:16Z
toyota-hiace,Hiace,2021,3.5L high roof panel van,123900,https://www.drivearabia.com/carprices/uae/toyota/toyota-hiace/2021/,2026-06-11T12:47:16Z
toyota-hiace,Hiace,2021,3.5L commuter van,136900,https://www.drivearabia.com/carprices/uae/toyota/toyota-hiace/2021/,2026-06-11T12:47:16Z
toyota-hiace,Hiace,2021,2021 Nissan Urvan,77175,https://www.drivearabia.com/carprices/uae/toyota/toyota-hiace/2021/,2026-06-11T12:47:16Z
toyota-hiace,Hiace,2021,2021 Hyundai H1,80640,https://www.drivearabia.com/carprices/uae/toyota/toyota-hiace/2021/,2026-06-11T12:47:16Z
toyota-hiace,Hiace,2021,2021 Mercedes-Benz Sprinter,146000,https://www.drivearabia.com/carprices/uae/toyota/toyota-hiace/2021/,2026-06-11T12:47:16Z
toyota-hiace,Hiace,2022,Original Starting Price,103900,https://www.drivearabia.com/carprices/uae/toyota/toyota-hiace/2022/,2026-06-11T12:47:18Z
toyota-hiace,Hiace,2022,3.5L panel van,103900,https://www.drivearabia.com/carprices/uae/toyota/toyota-hiace/2022/,2026-06-11T12:47:18Z
toyota-hiace,Hiace,2022,3.5L high roof panel van,123900,https://www.drivearabia.com/carprices/uae/toyota/toyota-hiace/2022/,2026-06-11T12:47:18Z
toyota-hiace,Hiace,2022,3.5L commuter van,136900,https://www.drivearabia.com/carprices/uae/toyota/toyota-hiace/2022/,2026-06-11T12:47:18Z
toyota-hiace,Hiace,2022,2022 Nissan Urvan,77175,https://www.drivearabia.com/carprices/uae/toyota/toyota-hiace/2022/,2026-06-11T12:47:18Z
toyota-hiace,Hiace,2022,2022 Hyundai H1,80640,https://www.drivearabia.com/carprices/uae/toyota/toyota-hiace/2022/,2026-06-11T12:47:18Z
toyota-hiace,Hiace,2022,2022 Mercedes-Benz Sprinter,146000,https://www.drivearabia.com/carprices/uae/toyota/toyota-hiace/2022/,2026-06-11T12:47:18Z
toyota-hiace,Hiace,2023,Original Starting Price,103900,https://www.drivearabia.com/carprices/uae/toyota/toyota-hiace/2023/,2026-06-11T12:47:20Z
toyota-hiace,Hiace,2023,3.5L panel van,103900,https://www.drivearabia.com/carprices/uae/toyota/toyota-hiace/2023/,2026-06-11T12:47:20Z
toyota-hiace,Hiace,2023,3.5L high roof panel van,123900,https://www.drivearabia.com/carprices/uae/toyota/toyota-hiace/2023/,2026-06-11T12:47:20Z
toyota-hiace,Hiace,2023,3.5L commuter van,136900,https://www.drivearabia.com/carprices/uae/toyota/toyota-hiace/2023/,2026-06-11T12:47:20Z
toyota-hiace,Hiace,2023,2023 Hyundai Staria,102900,https://www.drivearabia.com/carprices/uae/toyota/toyota-hiace/2023/,2026-06-11T12:47:20Z
toyota-hiace,Hiace,2023,2023 Nissan Urvan,77175,https://www.drivearabia.com/carprices/uae/toyota/toyota-hiace/2023/,2026-06-11T12:47:20Z
toyota-hiace,Hiace,2023,2023 Mercedes-Benz Sprinter,146000,https://www.drivearabia.com/carprices/uae/toyota/toyota-hiace/2023/,2026-06-11T12:47:20Z
toyota-hiace,Hiace,2024,Original Starting Price,103900,https://www.drivearabia.com/carprices/uae/toyota/toyota-hiace/2024/,2026-06-11T12:47:22Z
toyota-hiace,Hiace,2024,3.5L panel van,103900,https://www.drivearabia.com/carprices/uae/toyota/toyota-hiace/2024/,2026-06-11T12:47:22Z
toyota-hiace,Hiace,2024,3.5L high roof panel van,123900,https://www.drivearabia.com/carprices/uae/toyota/toyota-hiace/2024/,2026-06-11T12:47:22Z
toyota-hiace,Hiace,2024,3.5L commuter van,136900,https://www.drivearabia.com/carprices/uae/toyota/toyota-hiace/2024/,2026-06-11T12:47:22Z
toyota-hiace,Hiace,2024,2023 Mercedes-Benz Sprinter,146000,https://www.drivearabia.com/carprices/uae/toyota/toyota-hiace/2024/,2026-06-11T12:47:22Z
toyota-hiace,Hiace,2024,2024 Nissan Urvan,77175,https://www.drivearabia.com/carprices/uae/toyota/toyota-hiace/2024/,2026-06-11T12:47:22Z
toyota-hiace,Hiace,2024,2024 Hyundai Staria,102900,https://www.drivearabia.com/carprices/uae/toyota/toyota-hiace/2024/,2026-06-11T12:47:22Z
toyota-hiace,Hiace,2025,Starting at,142900,https://www.drivearabia.com/carprices/uae/toyota/toyota-hiace/2025/,2026-06-11T12:47:24Z
toyota-hiace,Hiace,2025,3.5L V6 commuter MT RWD,142900,https://www.drivearabia.com/carprices/uae/toyota/toyota-hiace/2025/,2026-06-11T12:47:24Z
toyota-hiace,Hiace,2025,3.5L V6 commuter AT RWD,148900,https://www.drivearabia.com/carprices/uae/toyota/toyota-hiace/2025/,2026-06-11T12:47:24Z
toyota-hiace,Hiace,2025,2023 Mercedes-Benz Sprinter,146000,https://www.drivearabia.com/carprices/uae/toyota/toyota-hiace/2025/,2026-06-11T12:47:24Z
toyota-hiace,Hiace,2025,2025 Hyundai Staria,102900,https://www.drivearabia.com/carprices/uae/toyota/toyota-hiace/2025/,2026-06-11T12:47:24Z
toyota-hiace,Hiace,2025,2025 Nissan Urvan,77175,https://www.drivearabia.com/carprices/uae/toyota/toyota-hiace/2025/,2026-06-11T12:47:24Z
toyota-hiace,Hiace,2026,Starting at,131900,https://www.drivearabia.com/carprices/uae/toyota/toyota-hiace/2026/,2026-06-11T12:47:25Z
toyota-hiace,Hiace,2026,3.5L V6 Panel Van MT RWD,131900,https://www.drivearabia.com/carprices/uae/toyota/toyota-hiace/2026/,2026-06-11T12:47:25Z
toyota-hiace,Hiace,2026,3.5L V6 commuter MT RWD,144900,https://www.drivearabia.com/carprices/uae/toyota/toyota-hiace/2026/,2026-06-11T12:47:25Z
toyota-hiace,Hiace,2026,3.5L V6 commuter AT RWD,150900,https://www.drivearabia.com/carprices/uae/toyota/toyota-hiace/2026/,2026-06-11T12:47:25Z
toyota-hiace,Hiace,2026,2025 Hyundai Staria,102900,https://www.drivearabia.com/carprices/uae/toyota/toyota-hiace/2026/,2026-06-11T12:47:25Z
toyota-hiace,Hiace,2026,2025 Nissan Urvan,77175,https://www.drivearabia.com/carprices/uae/toyota/toyota-hiace/2026/,2026-06-11T12:47:25Z
toyota-hiace,Hiace,2026,2025 Maxus V80,75000,https://www.drivearabia.com/carprices/uae/toyota/toyota-hiace/2026/,2026-06-11T12:47:25Z
toyota-highlander,Highlander,2020,Original Starting Price,154900,https://www.drivearabia.com/carprices/uae/toyota/toyota-highlander/2020/,2026-06-11T12:47:38Z
toyota-highlander,Highlander,2020,GXR 4WD,154900,https://www.drivearabia.com/carprices/uae/toyota/toyota-highlander/2020/,2026-06-11T12:47:38Z
toyota-highlander,Highlander,2020,VXR 4WD,179900,https://www.drivearabia.com/carprices/uae/toyota/toyota-highlander/2020/,2026-06-11T12:47:38Z
toyota-highlander,Highlander,2020,2020 Nissan Pathfinder,119000,https://www.drivearabia.com/carprices/uae/toyota/toyota-highlander/2020/,2026-06-11T12:47:38Z
toyota-highlander,Highlander,2020,2020 Honda Pilot,119900,https://www.drivearabia.com/carprices/uae/toyota/toyota-highlander/2020/,2026-06-11T12:47:38Z
toyota-highlander,Highlander,2020,2020 Ford Explorer,155000,https://www.drivearabia.com/carprices/uae/toyota/toyota-highlander/2020/,2026-06-11T12:47:38Z
toyota-highlander,Highlander,2021,Original Starting Price,154900,https://www.drivearabia.com/carprices/uae/toyota/toyota-highlander/2021/,2026-06-11T12:47:40Z
toyota-highlander,Highlander,2021,GXR 4WD,154900,https://www.drivearabia.com/carprices/uae/toyota/toyota-highlander/2021/,2026-06-11T12:47:40Z
toyota-highlander,Highlander,2021,VXR 4WD,179900,https://www.drivearabia.com/carprices/uae/toyota/toyota-highlander/2021/,2026-06-11T12:47:40Z
toyota-highlander,Highlander,2021,2021 Honda Pilot,119900,https://www.drivearabia.com/carprices/uae/toyota/toyota-highlander/2021/,2026-06-11T12:47:40Z
toyota-highlander,Highlander,2021,2021 Nissan Pathfinder,119000,https://www.drivearabia.com/carprices/uae/toyota/toyota-highlander/2021/,2026-06-11T12:47:40Z
toyota-highlander,Highlander,2021,2021 Ford Explorer,155000,https://www.drivearabia.com/carprices/uae/toyota/toyota-highlander/2021/,2026-06-11T12:47:40Z
toyota-highlander,Highlander,2022,Original Starting Price,154900,https://www.drivearabia.com/carprices/uae/toyota/toyota-highlander/2022/,2026-06-11T12:47:42Z
toyota-highlander,Highlander,2022,GXR 4WD,154900,https://www.drivearabia.com/carprices/uae/toyota/toyota-highlander/2022/,2026-06-11T12:47:42Z
toyota-highlander,Highlander,2022,VXR 4WD,179900,https://www.drivearabia.com/carprices/uae/toyota/toyota-highlander/2022/,2026-06-11T12:47:42Z
toyota-highlander,Highlander,2022,2022 Nissan Pathfinder,158000,https://www.drivearabia.com/carprices/uae/toyota/toyota-highlander/2022/,2026-06-11T12:47:42Z
toyota-highlander,Highlander,2022,2022 Honda Pilot,119900,https://www.drivearabia.com/carprices/uae/toyota/toyota-highlander/2022/,2026-06-11T12:47:42Z
toyota-highlander,Highlander,2022,2022 Ford Explorer,155000,https://www.drivearabia.com/carprices/uae/toyota/toyota-highlander/2022/,2026-06-11T12:47:42Z
toyota-highlander,Highlander,2023,Original Starting Price,169900,https://www.drivearabia.com/carprices/uae/toyota/toyota-highlander/2023/,2026-06-11T12:47:43Z
toyota-highlander,Highlander,2023,2.5H I4 GXR 4WD,169900,https://www.drivearabia.com/carprices/uae/toyota/toyota-highlander/2023/,2026-06-11T12:47:43Z
toyota-highlander,Highlander,2023,2.5H I4 VXR 4WD,199900,https://www.drivearabia.com/carprices/uae/toyota/toyota-highlander/2023/,2026-06-11T12:47:43Z
toyota-highlander,Highlander,2023,2023 Nissan Pathfinder,158000,https://www.drivearabia.com/carprices/uae/toyota/toyota-highlander/2023/,2026-06-11T12:47:43Z
toyota-highlander,Highlander,2023,2023 Honda Pilot,174900,https://www.drivearabia.com/carprices/uae/toyota/toyota-highlander/2023/,2026-06-11T12:47:43Z
toyota-highlander,Highlander,2023,2023 Ford Explorer,155000,https://www.drivearabia.com/carprices/uae/toyota/toyota-highlander/2023/,2026-06-11T12:47:43Z
toyota-highlander,Highlander,2024,Original Starting Price,169900,https://www.drivearabia.com/carprices/uae/toyota/toyota-highlander/2024/,2026-06-11T12:47:45Z
toyota-highlander,Highlander,2024,2.5H I4 GXR 4WD,169900,https://www.drivearabia.com/carprices/uae/toyota/toyota-highlander/2024/,2026-06-11T12:47:45Z
toyota-highlander,Highlander,2024,2.5H I4 VXR 4WD,199900,https://www.drivearabia.com/carprices/uae/toyota/toyota-highlander/2024/,2026-06-11T12:47:45Z
toyota-highlander,Highlander,2024,2024 Nissan Pathfinder,158000,https://www.drivearabia.com/carprices/uae/toyota/toyota-highlander/2024/,2026-06-11T12:47:45Z
toyota-highlander,Highlander,2024,2024 Honda Pilot,176000,https://www.drivearabia.com/carprices/uae/toyota/toyota-highlander/2024/,2026-06-11T12:47:45Z
toyota-highlander,Highlander,2024,2024 Ford Explorer,155000,https://www.drivearabia.com/carprices/uae/toyota/toyota-highlander/2024/,2026-06-11T12:47:45Z
toyota-highlander,Highlander,2025,Starting at,169900,https://www.drivearabia.com/carprices/uae/toyota/toyota-highlander/2025/,2026-06-11T12:47:47Z
toyota-highlander,Highlander,2025,2.5H I4 GXR 4WD,169900,https://www.drivearabia.com/carprices/uae/toyota/toyota-highlander/2025/,2026-06-11T12:47:47Z
toyota-highlander,Highlander,2025,2.5H I4 VXR 4WD,199900,https://www.drivearabia.com/carprices/uae/toyota/toyota-highlander/2025/,2026-06-11T12:47:47Z
toyota-highlander,Highlander,2025,2025 Ford Explorer,213045,https://www.drivearabia.com/carprices/uae/toyota/toyota-highlander/2025/,2026-06-11T12:47:47Z
toyota-highlander,Highlander,2025,2025 Honda Pilot,176000,https://www.drivearabia.com/carprices/uae/toyota/toyota-highlander/2025/,2026-06-11T12:47:47Z
toyota-highlander,Highlander,2025,2025 Nissan Pathfinder,158000,https://www.drivearabia.com/carprices/uae/toyota/toyota-highlander/2025/,2026-06-11T12:47:47Z
toyota-hilux,Hilux,2010,Original Starting Price,50000,https://www.drivearabia.com/carprices/uae/toyota/toyota-hilux/2010/,2026-06-11T12:47:50Z
toyota-hilux,Hilux,2010,2010 Toyota Hilux,50000,https://www.drivearabia.com/carprices/uae/toyota/toyota-hilux/2010/,2026-06-11T12:47:50Z
toyota-hilux,Hilux,2010,2006 Chevrolet T-Series,40000,https://www.drivearabia.com/carprices/uae/toyota/toyota-hilux/2010/,2026-06-11T12:47:50Z
toyota-hilux,Hilux,2010,2007 Dodge Dakota,70000,https://www.drivearabia.com/carprices/uae/toyota/toyota-hilux/2010/,2026-06-11T12:47:50Z
toyota-hilux,Hilux,2010,2010 Nissan Navara,62000,https://www.drivearabia.com/carprices/uae/toyota/toyota-hilux/2010/,2026-06-11T12:47:50Z
toyota-hilux,Hilux,2011,Original Starting Price,50000,https://www.drivearabia.com/carprices/uae/toyota/toyota-hilux/2011/,2026-06-11T12:47:52Z
toyota-hilux,Hilux,2011,2011 Toyota Hilux,50000,https://www.drivearabia.com/carprices/uae/toyota/toyota-hilux/2011/,2026-06-11T12:47:52Z
toyota-hilux,Hilux,2011,2006 Chevrolet T-Series,40000,https://www.drivearabia.com/carprices/uae/toyota/toyota-hilux/2011/,2026-06-11T12:47:52Z
toyota-hilux,Hilux,2011,2007 Dodge Dakota,70000,https://www.drivearabia.com/carprices/uae/toyota/toyota-hilux/2011/,2026-06-11T12:47:52Z
toyota-hilux,Hilux,2011,2011 Nissan Navara,74000,https://www.drivearabia.com/carprices/uae/toyota/toyota-hilux/2011/,2026-06-11T12:47:52Z
toyota-hilux,Hilux,2012,Original Starting Price,65000,https://www.drivearabia.com/carprices/uae/toyota/toyota-hilux/2012/,2026-06-11T12:47:54Z
toyota-hilux,Hilux,2012,2.0L Single Cab,65000,https://www.drivearabia.com/carprices/uae/toyota/toyota-hilux/2012/,2026-06-11T12:47:54Z
toyota-hilux,Hilux,2012,2.0L Double Cab,67500,https://www.drivearabia.com/carprices/uae/toyota/toyota-hilux/2012/,2026-06-11T12:47:54Z
toyota-hilux,Hilux,2012,2.7L Single Cab,70000,https://www.drivearabia.com/carprices/uae/toyota/toyota-hilux/2012/,2026-06-11T12:47:54Z
toyota-hilux,Hilux,2012,2.7L Double Cab,86000,https://www.drivearabia.com/carprices/uae/toyota/toyota-hilux/2012/,2026-06-11T12:47:54Z
toyota-hilux,Hilux,2012,2.5L Double Cab,88000,https://www.drivearabia.com/carprices/uae/toyota/toyota-hilux/2012/,2026-06-11T12:47:54Z
toyota-hilux,Hilux,2012,2012 Mitsubishi L200,58000,https://www.drivearabia.com/carprices/uae/toyota/toyota-hilux/2012/,2026-06-11T12:47:54Z
toyota-hilux,Hilux,2012,2012 Ford Ranger,60000,https://www.drivearabia.com/carprices/uae/toyota/toyota-hilux/2012/,2026-06-11T12:47:54Z
toyota-hilux,Hilux,2012,2012 Nissan Navara,74000,https://www.drivearabia.com/carprices/uae/toyota/toyota-hilux/2012/,2026-06-11T12:47:54Z
toyota-hilux,Hilux,2013,Original Starting Price,65000,https://www.drivearabia.com/carprices/uae/toyota/toyota-hilux/2013/,2026-06-11T12:47:56Z
toyota-hilux,Hilux,2013,2.0L Single Cab,65000,https://www.drivearabia.com/carprices/uae/toyota/toyota-hilux/2013/,2026-06-11T12:47:56Z
toyota-hilux,Hilux,2013,2.0L Double Cab,67500,https://www.drivearabia.com/carprices/uae/toyota/toyota-hilux/2013/,2026-06-11T12:47:56Z
toyota-hilux,Hilux,2013,2.7L Single Cab,70000,https://www.drivearabia.com/carprices/uae/toyota/toyota-hilux/2013/,2026-06-11T12:47:56Z
toyota-hilux,Hilux,2013,2.7L Double Cab,86000,https://www.drivearabia.com/carprices/uae/toyota/toyota-hilux/2013/,2026-06-11T12:47:56Z
toyota-hilux,Hilux,2013,2.5L Double Cab,88000,https://www.drivearabia.com/carprices/uae/toyota/toyota-hilux/2013/,2026-06-11T12:47:56Z
toyota-hilux,Hilux,2013,2013 Mitsubishi L200,58000,https://www.drivearabia.com/carprices/uae/toyota/toyota-hilux/2013/,2026-06-11T12:47:56Z
toyota-hilux,Hilux,2013,2013 Ford Ranger,60000,https://www.drivearabia.com/carprices/uae/toyota/toyota-hilux/2013/,2026-06-11T12:47:56Z
toyota-hilux,Hilux,2013,2013 Nissan Navara,74000,https://www.drivearabia.com/carprices/uae/toyota/toyota-hilux/2013/,2026-06-11T12:47:56Z
toyota-hilux,Hilux,2014,Original Starting Price,65000,https://www.drivearabia.com/carprices/uae/toyota/toyota-hilux/2014/,2026-06-11T12:47:58Z
toyota-hilux,Hilux,2014,2.0L Single Cab,65000,https://www.drivearabia.com/carprices/uae/toyota/toyota-hilux/2014/,2026-06-11T12:47:58Z
toyota-hilux,Hilux,2014,2.0L Double Cab,67500,https://www.drivearabia.com/carprices/uae/toyota/toyota-hilux/2014/,2026-06-11T12:47:58Z
toyota-hilux,Hilux,2014,2.7L Single Cab,70000,https://www.drivearabia.com/carprices/uae/toyota/toyota-hilux/2014/,2026-06-11T12:47:58Z
toyota-hilux,Hilux,2014,2.7L Double Cab,86000,https://www.drivearabia.com/carprices/uae/toyota/toyota-hilux/2014/,2026-06-11T12:47:58Z
toyota-hilux,Hilux,2014,2.5L Double Cab,88000,https://www.drivearabia.com/carprices/uae/toyota/toyota-hilux/2014/,2026-06-11T12:47:58Z
toyota-hilux,Hilux,2014,2014 Mitsubishi L200,58000,https://www.drivearabia.com/carprices/uae/toyota/toyota-hilux/2014/,2026-06-11T12:47:58Z
toyota-hilux,Hilux,2014,2014 Ford Ranger,60000,https://www.drivearabia.com/carprices/uae/toyota/toyota-hilux/2014/,2026-06-11T12:47:58Z
toyota-hilux,Hilux,2014,2014 Nissan Navara,74000,https://www.drivearabia.com/carprices/uae/toyota/toyota-hilux/2014/,2026-06-11T12:47:58Z
toyota-hilux,Hilux,2015,Original Starting Price,65000,https://www.drivearabia.com/carprices/uae/toyota/toyota-hilux/2015/,2026-06-11T12:48:00Z
toyota-hilux,Hilux,2015,2.0L Single Cab,65000,https://www.drivearabia.com/carprices/uae/toyota/toyota-hilux/2015/,2026-06-11T12:48:00Z
toyota-hilux,Hilux,2015,2.0L Double Cab,67500,https://www.drivearabia.com/carprices/uae/toyota/toyota-hilux/2015/,2026-06-11T12:48:00Z
toyota-hilux,Hilux,2015,2.7L Single Cab,70000,https://www.drivearabia.com/carprices/uae/toyota/toyota-hilux/2015/,2026-06-11T12:48:00Z
toyota-hilux,Hilux,2015,2.7L Double Cab,86000,https://www.drivearabia.com/carprices/uae/toyota/toyota-hilux/2015/,2026-06-11T12:48:00Z
toyota-hilux,Hilux,2015,2.5L Double Cab,88000,https://www.drivearabia.com/carprices/uae/toyota/toyota-hilux/2015/,2026-06-11T12:48:00Z
toyota-hilux,Hilux,2015,2015 Mitsubishi L200,58000,https://www.drivearabia.com/carprices/uae/toyota/toyota-hilux/2015/,2026-06-11T12:48:00Z
toyota-hilux,Hilux,2015,2015 Ford Ranger,60000,https://www.drivearabia.com/carprices/uae/toyota/toyota-hilux/2015/,2026-06-11T12:48:00Z
toyota-hilux,Hilux,2015,2015 Nissan Navara,74000,https://www.drivearabia.com/carprices/uae/toyota/toyota-hilux/2015/,2026-06-11T12:48:00Z
toyota-hilux,Hilux,2016,Original Starting Price,68500,https://www.drivearabia.com/carprices/uae/toyota/toyota-hilux/2016/,2026-06-11T12:48:02Z
toyota-hilux,Hilux,2016,2.0L Single Cab,68500,https://www.drivearabia.com/carprices/uae/toyota/toyota-hilux/2016/,2026-06-11T12:48:02Z
toyota-hilux,Hilux,2016,2.0L Double Cab,70500,https://www.drivearabia.com/carprices/uae/toyota/toyota-hilux/2016/,2026-06-11T12:48:02Z
toyota-hilux,Hilux,2016,2.7L Single Cab,73000,https://www.drivearabia.com/carprices/uae/toyota/toyota-hilux/2016/,2026-06-11T12:48:02Z
toyota-hilux,Hilux,2016,2.7L Double Cab,89000,https://www.drivearabia.com/carprices/uae/toyota/toyota-hilux/2016/,2026-06-11T12:48:02Z
toyota-hilux,Hilux,2016,2.4L Double Cab,91000,https://www.drivearabia.com/carprices/uae/toyota/toyota-hilux/2016/,2026-06-11T12:48:02Z
toyota-hilux,Hilux,2016,2016 Nissan Navara,74000,https://www.drivearabia.com/carprices/uae/toyota/toyota-hilux/2016/,2026-06-11T12:48:02Z
toyota-hilux,Hilux,2016,2016 Mitsubishi L200,53000,https://www.drivearabia.com/carprices/uae/toyota/toyota-hilux/2016/,2026-06-11T12:48:02Z
toyota-hilux,Hilux,2016,2016 Ford Ranger,70000,https://www.drivearabia.com/carprices/uae/toyota/toyota-hilux/2016/,2026-06-11T12:48:02Z
toyota-hilux,Hilux,2017,Original Starting Price,68500,https://www.drivearabia.com/carprices/uae/toyota/toyota-hilux/2017/,2026-06-11T12:48:04Z
toyota-hilux,Hilux,2017,2.0L Single Cab,68500,https://www.drivearabia.com/carprices/uae/toyota/toyota-hilux/2017/,2026-06-11T12:48:04Z
toyota-hilux,Hilux,2017,2.0L Double Cab,70500,https://www.drivearabia.com/carprices/uae/toyota/toyota-hilux/2017/,2026-06-11T12:48:04Z
toyota-hilux,Hilux,2017,2.7L Single Cab,73000,https://www.drivearabia.com/carprices/uae/toyota/toyota-hilux/2017/,2026-06-11T12:48:04Z
toyota-hilux,Hilux,2017,2.7L Double Cab,89000,https://www.drivearabia.com/carprices/uae/toyota/toyota-hilux/2017/,2026-06-11T12:48:04Z
toyota-hilux,Hilux,2017,2.4L Double Cab,91000,https://www.drivearabia.com/carprices/uae/toyota/toyota-hilux/2017/,2026-06-11T12:48:04Z
toyota-hilux,Hilux,2017,2017 Nissan Navara,67000,https://www.drivearabia.com/carprices/uae/toyota/toyota-hilux/2017/,2026-06-11T12:48:04Z
toyota-hilux,Hilux,2017,2017 Ford Ranger,70000,https://www.drivearabia.com/carprices/uae/toyota/toyota-hilux/2017/,2026-06-11T12:48:04Z
toyota-hilux,Hilux,2017,2017 Mitsubishi L200,53000,https://www.drivearabia.com/carprices/uae/toyota/toyota-hilux/2017/,2026-06-11T12:48:04Z
toyota-hilux,Hilux,2018,Original Starting Price,77000,https://www.drivearabia.com/carprices/uae/toyota/toyota-hilux/2018/,2026-06-11T12:48:06Z
toyota-hilux,Hilux,2018,Hilux 2.7L Single Cab 4x2 MT,77000,https://www.drivearabia.com/carprices/uae/toyota/toyota-hilux/2018/,2026-06-11T12:48:06Z
toyota-hilux,Hilux,2018,Hilux 2.7L Double Cab 4x2 MT,85050,https://www.drivearabia.com/carprices/uae/toyota/toyota-hilux/2018/,2026-06-11T12:48:06Z
toyota-hilux,Hilux,2018,Hilux 2.7L Single Cab 4x4 MT,99250,https://www.drivearabia.com/carprices/uae/toyota/toyota-hilux/2018/,2026-06-11T12:48:06Z
toyota-hilux,Hilux,2018,Hilux 2.7L Double Cab 4x2 AT,99750,https://www.drivearabia.com/carprices/uae/toyota/toyota-hilux/2018/,2026-06-11T12:48:06Z
toyota-hilux,Hilux,2018,Hilux 2.7L Double Cab 4x4 AT,107650,https://www.drivearabia.com/carprices/uae/toyota/toyota-hilux/2018/,2026-06-11T12:48:06Z
toyota-hilux,Hilux,2018,2018 Mitsubishi L200,54900,https://www.drivearabia.com/carprices/uae/toyota/toyota-hilux/2018/,2026-06-11T12:48:06Z
toyota-hilux,Hilux,2018,2018 Ford Ranger,78750,https://www.drivearabia.com/carprices/uae/toyota/toyota-hilux/2018/,2026-06-11T12:48:06Z
toyota-hilux,Hilux,2018,2018 Nissan Navara,67000,https://www.drivearabia.com/carprices/uae/toyota/toyota-hilux/2018/,2026-06-11T12:48:06Z
toyota-hilux,Hilux,2019,Original Starting Price,77000,https://www.drivearabia.com/carprices/uae/toyota/toyota-hilux/2019/,2026-06-11T12:48:08Z
toyota-hilux,Hilux,2019,Hilux 2.7L Single Cab 4x2 MT,77000,https://www.drivearabia.com/carprices/uae/toyota/toyota-hilux/2019/,2026-06-11T12:48:08Z
toyota-hilux,Hilux,2019,Hilux 2.7L Double Cab 4x2 MT,85050,https://www.drivearabia.com/carprices/uae/toyota/toyota-hilux/2019/,2026-06-11T12:48:08Z
toyota-hilux,Hilux,2019,Hilux 2.7L Single Cab 4x4 MT,99250,https://www.drivearabia.com/carprices/uae/toyota/toyota-hilux/2019/,2026-06-11T12:48:08Z
toyota-hilux,Hilux,2019,Hilux 2.7L Double Cab 4x2 AT,99750,https://www.drivearabia.com/carprices/uae/toyota/toyota-hilux/2019/,2026-06-11T12:48:08Z
toyota-hilux,Hilux,2019,Hilux 2.7L Double Cab 4x4 AT,107650,https://www.drivearabia.com/carprices/uae/toyota/toyota-hilux/2019/,2026-06-11T12:48:08Z
toyota-hilux,Hilux,2019,2019 Ford Ranger,78750,https://www.drivearabia.com/carprices/uae/toyota/toyota-hilux/2019/,2026-06-11T12:48:08Z
toyota-hilux,Hilux,2019,2019 Mitsubishi L200,54900,https://www.drivearabia.com/carprices/uae/toyota/toyota-hilux/2019/,2026-06-11T12:48:08Z
toyota-hilux,Hilux,2019,2019 Nissan Navara,71500,https://www.drivearabia.com/carprices/uae/toyota/toyota-hilux/2019/,2026-06-11T12:48:08Z
toyota-hilux,Hilux,2020,Original Starting Price,77000,https://www.drivearabia.com/carprices/uae/toyota/toyota-hilux/2020/,2026-06-11T12:48:09Z
toyota-hilux,Hilux,2020,Hilux 2.7L Single Cab 4x2 MT,77000,https://www.drivearabia.com/carprices/uae/toyota/toyota-hilux/2020/,2026-06-11T12:48:09Z
toyota-hilux,Hilux,2020,Hilux 2.7L Double Cab 4x2 MT,85050,https://www.drivearabia.com/carprices/uae/toyota/toyota-hilux/2020/,2026-06-11T12:48:09Z
toyota-hilux,Hilux,2020,Hilux 2.7L Single Cab 4x4 MT,99250,https://www.drivearabia.com/carprices/uae/toyota/toyota-hilux/2020/,2026-06-11T12:48:09Z
toyota-hilux,Hilux,2020,Hilux 2.7L Double Cab 4x2 AT,99750,https://www.drivearabia.com/carprices/uae/toyota/toyota-hilux/2020/,2026-06-11T12:48:09Z
toyota-hilux,Hilux,2020,Hilux 2.7L Double Cab 4x4 AT,107650,https://www.drivearabia.com/carprices/uae/toyota/toyota-hilux/2020/,2026-06-11T12:48:09Z
toyota-hilux,Hilux,2020,2020 Nissan Navara,76125,https://www.drivearabia.com/carprices/uae/toyota/toyota-hilux/2020/,2026-06-11T12:48:09Z
toyota-hilux,Hilux,2020,2020 Ford Ranger,82000,https://www.drivearabia.com/carprices/uae/toyota/toyota-hilux/2020/,2026-06-11T12:48:09Z
toyota-hilux,Hilux,2020,2020 Mitsubishi L200,54900,https://www.drivearabia.com/carprices/uae/toyota/toyota-hilux/2020/,2026-06-11T12:48:09Z
toyota-hilux,Hilux,2021,Original Starting Price,77700,https://www.drivearabia.com/carprices/uae/toyota/toyota-hilux/2021/,2026-06-11T12:48:11Z
toyota-hilux,Hilux,2021,2.7 Single Cab 4x2,77700,https://www.drivearabia.com/carprices/uae/toyota/toyota-hilux/2021/,2026-06-11T12:48:11Z
toyota-hilux,Hilux,2021,2.7 Double Cab 4x2,85000,https://www.drivearabia.com/carprices/uae/toyota/toyota-hilux/2021/,2026-06-11T12:48:11Z
toyota-hilux,Hilux,2021,2.7 Single Cab 4x4,99250,https://www.drivearabia.com/carprices/uae/toyota/toyota-hilux/2021/,2026-06-11T12:48:11Z
toyota-hilux,Hilux,2021,2.7 Double Cab 4x4,112000,https://www.drivearabia.com/carprices/uae/toyota/toyota-hilux/2021/,2026-06-11T12:48:11Z
toyota-hilux,Hilux,2021,4.0 V6 Double Cab 4x4,143000,https://www.drivearabia.com/carprices/uae/toyota/toyota-hilux/2021/,2026-06-11T12:48:11Z
toyota-hilux,Hilux,2021,2021 Nissan Navara,76125,https://www.drivearabia.com/carprices/uae/toyota/toyota-hilux/2021/,2026-06-11T12:48:11Z
toyota-hilux,Hilux,2021,2021 Mitsubishi L200,54900,https://www.drivearabia.com/carprices/uae/toyota/toyota-hilux/2021/,2026-06-11T12:48:11Z
toyota-hilux,Hilux,2021,2021 Ford Ranger,82000,https://www.drivearabia.com/carprices/uae/toyota/toyota-hilux/2021/,2026-06-11T12:48:11Z
toyota-hilux,Hilux,2022,Original Starting Price,77700,https://www.drivearabia.com/carprices/uae/toyota/toyota-hilux/2022/,2026-06-11T12:48:13Z
toyota-hilux,Hilux,2022,2.7 Single Cab 4x2,77700,https://www.drivearabia.com/carprices/uae/toyota/toyota-hilux/2022/,2026-06-11T12:48:13Z
toyota-hilux,Hilux,2022,2.7 Double Cab 4x2,89900,https://www.drivearabia.com/carprices/uae/toyota/toyota-hilux/2022/,2026-06-11T12:48:13Z
toyota-hilux,Hilux,2022,2.7 Single Cab 4x4,99250,https://www.drivearabia.com/carprices/uae/toyota/toyota-hilux/2022/,2026-06-11T12:48:13Z
toyota-hilux,Hilux,2022,2.7 Double Cab 4x4,115000,https://www.drivearabia.com/carprices/uae/toyota/toyota-hilux/2022/,2026-06-11T12:48:13Z
toyota-hilux,Hilux,2022,4.0 V6 Hilux GR Sport,147900,https://www.drivearabia.com/carprices/uae/toyota/toyota-hilux/2022/,2026-06-11T12:48:13Z
toyota-hilux,Hilux,2022,2022 Nissan Navara,76125,https://www.drivearabia.com/carprices/uae/toyota/toyota-hilux/2022/,2026-06-11T12:48:13Z
toyota-hilux,Hilux,2022,2022 Mitsubishi L200,54900,https://www.drivearabia.com/carprices/uae/toyota/toyota-hilux/2022/,2026-06-11T12:48:13Z
toyota-hilux,Hilux,2022,2022 Ford Ranger,82000,https://www.drivearabia.com/carprices/uae/toyota/toyota-hilux/2022/,2026-06-11T12:48:13Z
toyota-hilux,Hilux,2023,Original Starting Price,77700,https://www.drivearabia.com/carprices/uae/toyota/toyota-hilux/2023/,2026-06-11T12:48:15Z
toyota-hilux,Hilux,2023,2.7 Single Cab 4x2,77700,https://www.drivearabia.com/carprices/uae/toyota/toyota-hilux/2023/,2026-06-11T12:48:15Z
toyota-hilux,Hilux,2023,2.7 Double Cab 4x2,89900,https://www.drivearabia.com/carprices/uae/toyota/toyota-hilux/2023/,2026-06-11T12:48:15Z
toyota-hilux,Hilux,2023,2.7 Single Cab 4x4,99250,https://www.drivearabia.com/carprices/uae/toyota/toyota-hilux/2023/,2026-06-11T12:48:15Z
toyota-hilux,Hilux,2023,2.7 Double Cab 4x4,115000,https://www.drivearabia.com/carprices/uae/toyota/toyota-hilux/2023/,2026-06-11T12:48:15Z
toyota-hilux,Hilux,2023,4.0 V6 Hilux GR Sport,147900,https://www.drivearabia.com/carprices/uae/toyota/toyota-hilux/2023/,2026-06-11T12:48:15Z
toyota-hilux,Hilux,2023,2022 Nissan Navara,76125,https://www.drivearabia.com/carprices/uae/toyota/toyota-hilux/2023/,2026-06-11T12:48:15Z
toyota-hilux,Hilux,2023,2023 Ford Ranger,134495,https://www.drivearabia.com/carprices/uae/toyota/toyota-hilux/2023/,2026-06-11T12:48:15Z
toyota-hilux,Hilux,2023,2023 Mitsubishi L200,79900,https://www.drivearabia.com/carprices/uae/toyota/toyota-hilux/2023/,2026-06-11T12:48:15Z
toyota-hilux,Hilux,2024,Original Starting Price,77700,https://www.drivearabia.com/carprices/uae/toyota/toyota-hilux/2024/,2026-06-11T12:48:17Z
toyota-hilux,Hilux,2024,2.7 Single Cab 4x2,77700,https://www.drivearabia.com/carprices/uae/toyota/toyota-hilux/2024/,2026-06-11T12:48:17Z
toyota-hilux,Hilux,2024,2.7 Double Cab 4x2,89900,https://www.drivearabia.com/carprices/uae/toyota/toyota-hilux/2024/,2026-06-11T12:48:17Z
toyota-hilux,Hilux,2024,2.7 Single Cab 4x4,99250,https://www.drivearabia.com/carprices/uae/toyota/toyota-hilux/2024/,2026-06-11T12:48:17Z
toyota-hilux,Hilux,2024,2.7 Double Cab 4x4,115000,https://www.drivearabia.com/carprices/uae/toyota/toyota-hilux/2024/,2026-06-11T12:48:17Z
toyota-hilux,Hilux,2024,4.0 V6 Hilux GR Sport,147900,https://www.drivearabia.com/carprices/uae/toyota/toyota-hilux/2024/,2026-06-11T12:48:17Z
toyota-hilux,Hilux,2024,2022 Nissan Navara,76125,https://www.drivearabia.com/carprices/uae/toyota/toyota-hilux/2024/,2026-06-11T12:48:17Z
toyota-hilux,Hilux,2024,2024 Ford Ranger,134495,https://www.drivearabia.com/carprices/uae/toyota/toyota-hilux/2024/,2026-06-11T12:48:17Z
toyota-hilux,Hilux,2024,2024 Mitsubishi L200,76500,https://www.drivearabia.com/carprices/uae/toyota/toyota-hilux/2024/,2026-06-11T12:48:17Z
toyota-hilux,Hilux,2025,Starting at,77700,https://www.drivearabia.com/carprices/uae/toyota/toyota-hilux/2025/,2026-06-11T12:48:19Z
toyota-hilux,Hilux,2025,2.7 Single Cab 4x2,77700,https://www.drivearabia.com/carprices/uae/toyota/toyota-hilux/2025/,2026-06-11T12:48:19Z
toyota-hilux,Hilux,2025,2.7 Double Cab 4x2,89900,https://www.drivearabia.com/carprices/uae/toyota/toyota-hilux/2025/,2026-06-11T12:48:19Z
toyota-hilux,Hilux,2025,2.7 Single Cab 4x4,99250,https://www.drivearabia.com/carprices/uae/toyota/toyota-hilux/2025/,2026-06-11T12:48:19Z
toyota-hilux,Hilux,2025,2.7 Double Cab 4x4,115000,https://www.drivearabia.com/carprices/uae/toyota/toyota-hilux/2025/,2026-06-11T12:48:19Z
toyota-hilux,Hilux,2025,4.0 V6 Hilux GR Sport,147900,https://www.drivearabia.com/carprices/uae/toyota/toyota-hilux/2025/,2026-06-11T12:48:19Z
toyota-hilux,Hilux,2025,2022 Nissan Navara,76125,https://www.drivearabia.com/carprices/uae/toyota/toyota-hilux/2025/,2026-06-11T12:48:19Z
toyota-hilux,Hilux,2025,2025 Mitsubishi L200,76500,https://www.drivearabia.com/carprices/uae/toyota/toyota-hilux/2025/,2026-06-11T12:48:19Z
toyota-hilux,Hilux,2025,2025 Ford Ranger,134495,https://www.drivearabia.com/carprices/uae/toyota/toyota-hilux/2025/,2026-06-11T12:48:19Z
toyota-hilux,Hilux,2026,Starting at,77700,https://www.drivearabia.com/carprices/uae/toyota/toyota-hilux/2026/,2026-06-11T12:48:21Z
toyota-hilux,Hilux,2026,2.7 Single Cab 4x2,77700,https://www.drivearabia.com/carprices/uae/toyota/toyota-hilux/2026/,2026-06-11T12:48:21Z
toyota-hilux,Hilux,2026,2.7 Double Cab 4x2,89900,https://www.drivearabia.com/carprices/uae/toyota/toyota-hilux/2026/,2026-06-11T12:48:21Z
toyota-hilux,Hilux,2026,2.7 Single Cab 4x4,99250,https://www.drivearabia.com/carprices/uae/toyota/toyota-hilux/2026/,2026-06-11T12:48:21Z
toyota-hilux,Hilux,2026,2.7 Double Cab 4x4,115000,https://www.drivearabia.com/carprices/uae/toyota/toyota-hilux/2026/,2026-06-11T12:48:21Z
toyota-hilux,Hilux,2026,4.0 V6 Hilux GR Sport,147900,https://www.drivearabia.com/carprices/uae/toyota/toyota-hilux/2026/,2026-06-11T12:48:21Z
toyota-hilux,Hilux,2026,2022 Nissan Navara,76125,https://www.drivearabia.com/carprices/uae/toyota/toyota-hilux/2026/,2026-06-11T12:48:21Z
toyota-hilux,Hilux,2026,2025 Mitsubishi L200,76500,https://www.drivearabia.com/carprices/uae/toyota/toyota-hilux/2026/,2026-06-11T12:48:21Z
toyota-hilux,Hilux,2026,2025 Ford Ranger,134495,https://www.drivearabia.com/carprices/uae/toyota/toyota-hilux/2026/,2026-06-11T12:48:21Z
toyota-innova,Innova,2010,Original Starting Price,78000,https://www.drivearabia.com/carprices/uae/toyota/toyota-innova/2010/,2026-06-11T12:48:23Z
toyota-innova,Innova,2010,2010 Toyota Innova,78000,https://www.drivearabia.com/carprices/uae/toyota/toyota-innova/2010/,2026-06-11T12:48:23Z
toyota-innova,Innova,2010,2010 Kia Carens,53000,https://www.drivearabia.com/carprices/uae/toyota/toyota-innova/2010/,2026-06-11T12:48:23Z
toyota-innova,Innova,2010,2010 Mitsubishi Grandis,84000,https://www.drivearabia.com/carprices/uae/toyota/toyota-innova/2010/,2026-06-11T12:48:23Z
toyota-innova,Innova,2010,2009 Renault Scenic,70000,https://www.drivearabia.com/carprices/uae/toyota/toyota-innova/2010/,2026-06-11T12:48:23Z
toyota-innova,Innova,2011,Original Starting Price,78000,https://www.drivearabia.com/carprices/uae/toyota/toyota-innova/2011/,2026-06-11T12:48:25Z
toyota-innova,Innova,2011,2011 Toyota Innova,78000,https://www.drivearabia.com/carprices/uae/toyota/toyota-innova/2011/,2026-06-11T12:48:25Z
toyota-innova,Innova,2011,2011 Kia Carens,53000,https://www.drivearabia.com/carprices/uae/toyota/toyota-innova/2011/,2026-06-11T12:48:25Z
toyota-innova,Innova,2011,2011 Mitsubishi Grandis,84000,https://www.drivearabia.com/carprices/uae/toyota/toyota-innova/2011/,2026-06-11T12:48:25Z
toyota-innova,Innova,2011,2009 Renault Scenic,70000,https://www.drivearabia.com/carprices/uae/toyota/toyota-innova/2011/,2026-06-11T12:48:25Z
toyota-innova,Innova,2012,Original Starting Price,72000,https://www.drivearabia.com/carprices/uae/toyota/toyota-innova/2012/,2026-06-11T12:48:26Z
toyota-innova,Innova,2012,manual,72000,https://www.drivearabia.com/carprices/uae/toyota/toyota-innova/2012/,2026-06-11T12:48:26Z
toyota-innova,Innova,2012,automatic,83000,https://www.drivearabia.com/carprices/uae/toyota/toyota-innova/2012/,2026-06-11T12:48:26Z
toyota-innova,Innova,2012,2012 Kia Carens,53000,https://www.drivearabia.com/carprices/uae/toyota/toyota-innova/2012/,2026-06-11T12:48:26Z
toyota-innova,Innova,2012,2011 Mitsubishi Grandis,84000,https://www.drivearabia.com/carprices/uae/toyota/toyota-innova/2012/,2026-06-11T12:48:26Z
toyota-innova,Innova,2012,2009 Renault Scenic,70000,https://www.drivearabia.com/carprices/uae/toyota/toyota-innova/2012/,2026-06-11T12:48:26Z
toyota-innova,Innova,2013,Original Starting Price,72000,https://www.drivearabia.com/carprices/uae/toyota/toyota-innova/2013/,2026-06-11T12:48:28Z
toyota-innova,Innova,2013,manual,72000,https://www.drivearabia.com/carprices/uae/toyota/toyota-innova/2013/,2026-06-11T12:48:28Z
toyota-innova,Innova,2013,automatic,83000,https://www.drivearabia.com/carprices/uae/toyota/toyota-innova/2013/,2026-06-11T12:48:28Z
toyota-innova,Innova,2013,2013 Kia Carens,53000,https://www.drivearabia.com/carprices/uae/toyota/toyota-innova/2013/,2026-06-11T12:48:28Z
toyota-innova,Innova,2013,2011 Mitsubishi Grandis,84000,https://www.drivearabia.com/carprices/uae/toyota/toyota-innova/2013/,2026-06-11T12:48:28Z
toyota-innova,Innova,2013,2009 Renault Scenic,70000,https://www.drivearabia.com/carprices/uae/toyota/toyota-innova/2013/,2026-06-11T12:48:28Z
toyota-innova,Innova,2014,Original Starting Price,72000,https://www.drivearabia.com/carprices/uae/toyota/toyota-innova/2014/,2026-06-11T12:48:30Z
toyota-innova,Innova,2014,manual,72000,https://www.drivearabia.com/carprices/uae/toyota/toyota-innova/2014/,2026-06-11T12:48:30Z
toyota-innova,Innova,2014,automatic,83000,https://www.drivearabia.com/carprices/uae/toyota/toyota-innova/2014/,2026-06-11T12:48:30Z
toyota-innova,Innova,2014,2011 Mitsubishi Grandis,84000,https://www.drivearabia.com/carprices/uae/toyota/toyota-innova/2014/,2026-06-11T12:48:30Z
toyota-innova,Innova,2014,2009 Renault Scenic,70000,https://www.drivearabia.com/carprices/uae/toyota/toyota-innova/2014/,2026-06-11T12:48:30Z
toyota-innova,Innova,2014,2014 Kia Carens,65000,https://www.drivearabia.com/carprices/uae/toyota/toyota-innova/2014/,2026-06-11T12:48:30Z
toyota-innova,Innova,2015,Original Starting Price,88500,https://www.drivearabia.com/carprices/uae/toyota/toyota-innova/2015/,2026-06-11T12:48:32Z
toyota-innova,Innova,2015,2015 Toyota Innova,88500,https://www.drivearabia.com/carprices/uae/toyota/toyota-innova/2015/,2026-06-11T12:48:32Z
toyota-innova,Innova,2015,2011 Mitsubishi Grandis,84000,https://www.drivearabia.com/carprices/uae/toyota/toyota-innova/2015/,2026-06-11T12:48:32Z
toyota-innova,Innova,2015,2009 Renault Scenic,70000,https://www.drivearabia.com/carprices/uae/toyota/toyota-innova/2015/,2026-06-11T12:48:32Z
toyota-innova,Innova,2015,2015 Kia Carens,65000,https://www.drivearabia.com/carprices/uae/toyota/toyota-innova/2015/,2026-06-11T12:48:32Z
toyota-innova,Innova,2016,Original Starting Price,93900,https://www.drivearabia.com/carprices/uae/toyota/toyota-innova/2016/,2026-06-11T12:48:34Z
toyota-innova,Innova,2016,2016 Toyota Innova,93900,https://www.drivearabia.com/carprices/uae/toyota/toyota-innova/2016/,2026-06-11T12:48:34Z
toyota-innova,Innova,2016,2011 Mitsubishi Grandis,84000,https://www.drivearabia.com/carprices/uae/toyota/toyota-innova/2016/,2026-06-11T12:48:34Z
toyota-innova,Innova,2016,2009 Renault Scenic,70000,https://www.drivearabia.com/carprices/uae/toyota/toyota-innova/2016/,2026-06-11T12:48:34Z
toyota-innova,Innova,2016,2016 Kia Carens,65000,https://www.drivearabia.com/carprices/uae/toyota/toyota-innova/2016/,2026-06-11T12:48:34Z
toyota-innova,Innova,2017,Original Starting Price,93900,https://www.drivearabia.com/carprices/uae/toyota/toyota-innova/2017/,2026-06-11T12:48:36Z
toyota-innova,Innova,2017,2017 Toyota Innova,93900,https://www.drivearabia.com/carprices/uae/toyota/toyota-innova/2017/,2026-06-11T12:48:36Z
toyota-innova,Innova,2017,2011 Mitsubishi Grandis,84000,https://www.drivearabia.com/carprices/uae/toyota/toyota-innova/2017/,2026-06-11T12:48:36Z
toyota-innova,Innova,2017,2009 Renault Scenic,70000,https://www.drivearabia.com/carprices/uae/toyota/toyota-innova/2017/,2026-06-11T12:48:36Z
toyota-innova,Innova,2017,2017 Kia Carens,65000,https://www.drivearabia.com/carprices/uae/toyota/toyota-innova/2017/,2026-06-11T12:48:36Z
toyota-innova,Innova,2018,Original Starting Price,99650,https://www.drivearabia.com/carprices/uae/toyota/toyota-innova/2018/,2026-06-11T12:48:38Z
toyota-innova,Innova,2018,Unknown,99650,https://www.drivearabia.com/carprices/uae/toyota/toyota-innova/2018/,2026-06-11T12:48:38Z
toyota-innova,Innova,2018,SE+,105550,https://www.drivearabia.com/carprices/uae/toyota/toyota-innova/2018/,2026-06-11T12:48:38Z
toyota-innova,Innova,2018,2011 Mitsubishi Grandis,84000,https://www.drivearabia.com/carprices/uae/toyota/toyota-innova/2018/,2026-06-11T12:48:38Z
toyota-innova,Innova,2018,2009 Renault Scenic,70000,https://www.drivearabia.com/carprices/uae/toyota/toyota-innova/2018/,2026-06-11T12:48:38Z
toyota-innova,Innova,2018,2018 Kia Carens,65000,https://www.drivearabia.com/carprices/uae/toyota/toyota-innova/2018/,2026-06-11T12:48:38Z
toyota-innova,Innova,2019,Original Starting Price,99650,https://www.drivearabia.com/carprices/uae/toyota/toyota-innova/2019/,2026-06-11T12:48:40Z
toyota-innova,Innova,2019,Unknown,99650,https://www.drivearabia.com/carprices/uae/toyota/toyota-innova/2019/,2026-06-11T12:48:40Z
toyota-innova,Innova,2019,SE+,105550,https://www.drivearabia.com/carprices/uae/toyota/toyota-innova/2019/,2026-06-11T12:48:40Z
toyota-innova,Innova,2019,2011 Mitsubishi Grandis,84000,https://www.drivearabia.com/carprices/uae/toyota/toyota-innova/2019/,2026-06-11T12:48:40Z
toyota-innova,Innova,2019,2009 Renault Scenic,70000,https://www.drivearabia.com/carprices/uae/toyota/toyota-innova/2019/,2026-06-11T12:48:40Z
toyota-innova,Innova,2019,2019 Kia Carens,65000,https://www.drivearabia.com/carprices/uae/toyota/toyota-innova/2019/,2026-06-11T12:48:40Z
toyota-innova,Innova,2020,Original Starting Price,99650,https://www.drivearabia.com/carprices/uae/toyota/toyota-innova/2020/,2026-06-11T12:48:42Z
toyota-innova,Innova,2020,Unknown,99650,https://www.drivearabia.com/carprices/uae/toyota/toyota-innova/2020/,2026-06-11T12:48:42Z
toyota-innova,Innova,2020,SE+,105550,https://www.drivearabia.com/carprices/uae/toyota/toyota-innova/2020/,2026-06-11T12:48:42Z
toyota-innova,Innova,2020,2011 Mitsubishi Grandis,84000,https://www.drivearabia.com/carprices/uae/toyota/toyota-innova/2020/,2026-06-11T12:48:42Z
toyota-innova,Innova,2020,2009 Renault Scenic,70000,https://www.drivearabia.com/carprices/uae/toyota/toyota-innova/2020/,2026-06-11T12:48:42Z
toyota-innova,Innova,2020,2025 Kia Carens,78750,https://www.drivearabia.com/carprices/uae/toyota/toyota-innova/2020/,2026-06-11T12:48:42Z
toyota-innova,Innova,2021,Original Starting Price,99650,https://www.drivearabia.com/carprices/uae/toyota/toyota-innova/2021/,2026-06-11T12:48:44Z
toyota-innova,Innova,2021,Unknown,99650,https://www.drivearabia.com/carprices/uae/toyota/toyota-innova/2021/,2026-06-11T12:48:44Z
toyota-innova,Innova,2021,SE+,105550,https://www.drivearabia.com/carprices/uae/toyota/toyota-innova/2021/,2026-06-11T12:48:44Z
toyota-innova,Innova,2021,2011 Mitsubishi Grandis,84000,https://www.drivearabia.com/carprices/uae/toyota/toyota-innova/2021/,2026-06-11T12:48:44Z
toyota-innova,Innova,2021,2009 Renault Scenic,70000,https://www.drivearabia.com/carprices/uae/toyota/toyota-innova/2021/,2026-06-11T12:48:44Z
toyota-innova,Innova,2021,2025 Kia Carens,78750,https://www.drivearabia.com/carprices/uae/toyota/toyota-innova/2021/,2026-06-11T12:48:44Z
toyota-innova,Innova,2022,Original Starting Price,99650,https://www.drivearabia.com/carprices/uae/toyota/toyota-innova/2022/,2026-06-11T12:48:45Z
toyota-innova,Innova,2022,Unknown,99650,https://www.drivearabia.com/carprices/uae/toyota/toyota-innova/2022/,2026-06-11T12:48:45Z
toyota-innova,Innova,2022,SE+,105550,https://www.drivearabia.com/carprices/uae/toyota/toyota-innova/2022/,2026-06-11T12:48:45Z
toyota-innova,Innova,2022,2011 Mitsubishi Grandis,84000,https://www.drivearabia.com/carprices/uae/toyota/toyota-innova/2022/,2026-06-11T12:48:45Z
toyota-innova,Innova,2022,2009 Renault Scenic,70000,https://www.drivearabia.com/carprices/uae/toyota/toyota-innova/2022/,2026-06-11T12:48:45Z
toyota-innova,Innova,2022,2025 Kia Carens,78750,https://www.drivearabia.com/carprices/uae/toyota/toyota-innova/2022/,2026-06-11T12:48:45Z
toyota-innova,Innova,2023,Original Starting Price,137900,https://www.drivearabia.com/carprices/uae/toyota/toyota-innova/2023/,2026-06-11T12:48:47Z
toyota-innova,Innova,2023,2.0H I4 HEV FWD,137900,https://www.drivearabia.com/carprices/uae/toyota/toyota-innova/2023/,2026-06-11T12:48:47Z
toyota-innova,Innova,2023,2011 Mitsubishi Grandis,84000,https://www.drivearabia.com/carprices/uae/toyota/toyota-innova/2023/,2026-06-11T12:48:47Z
toyota-innova,Innova,2023,2009 Renault Scenic,70000,https://www.drivearabia.com/carprices/uae/toyota/toyota-innova/2023/,2026-06-11T12:48:47Z
toyota-innova,Innova,2023,2025 Kia Carens,78750,https://www.drivearabia.com/carprices/uae/toyota/toyota-innova/2023/,2026-06-11T12:48:47Z
toyota-innova,Innova,2025,Starting at,126900,https://www.drivearabia.com/carprices/uae/toyota/toyota-innova/2025/,2026-06-11T12:48:50Z
toyota-innova,Innova,2025,2.0H I4 HEV FWD,126900,https://www.drivearabia.com/carprices/uae/toyota/toyota-innova/2025/,2026-06-11T12:48:50Z
toyota-innova,Innova,2025,2011 Mitsubishi Grandis,84000,https://www.drivearabia.com/carprices/uae/toyota/toyota-innova/2025/,2026-06-11T12:48:50Z
toyota-innova,Innova,2025,2009 Renault Scenic,70000,https://www.drivearabia.com/carprices/uae/toyota/toyota-innova/2025/,2026-06-11T12:48:50Z
toyota-innova,Innova,2025,2025 Kia Carens,78750,https://www.drivearabia.com/carprices/uae/toyota/toyota-innova/2025/,2026-06-11T12:48:50Z
toyota-innova,Innova,2026,Starting at,126900,https://www.drivearabia.com/carprices/uae/toyota/toyota-innova/2026/,2026-06-11T12:48:52Z
toyota-innova,Innova,2026,2.0H I4 HEV FWD,126900,https://www.drivearabia.com/carprices/uae/toyota/toyota-innova/2026/,2026-06-11T12:48:52Z
toyota-innova,Innova,2026,2011 Mitsubishi Grandis,84000,https://www.drivearabia.com/carprices/uae/toyota/toyota-innova/2026/,2026-06-11T12:48:52Z
toyota-innova,Innova,2026,2009 Renault Scenic,70000,https://www.drivearabia.com/carprices/uae/toyota/toyota-innova/2026/,2026-06-11T12:48:52Z
toyota-innova,Innova,2026,2025 Kia Carens,78750,https://www.drivearabia.com/carprices/uae/toyota/toyota-innova/2026/,2026-06-11T12:48:52Z
toyota-land-cruiser,Toyota Land Cruiser,2010,Original Starting Price,143000,https://www.drivearabia.com/carprices/uae/toyota/toyota-land-cruiser/2010/,2026-06-11T12:48:54Z
toyota-land-cruiser,Toyota Land Cruiser,2010,4.0L,143000,https://www.drivearabia.com/carprices/uae/toyota/toyota-land-cruiser/2010/,2026-06-11T12:48:54Z
toyota-land-cruiser,Toyota Land Cruiser,2010,4.5L Diesel,167000,https://www.drivearabia.com/carprices/uae/toyota/toyota-land-cruiser/2010/,2026-06-11T12:48:54Z
toyota-land-cruiser,Toyota Land Cruiser,2010,4.7L,214000,https://www.drivearabia.com/carprices/uae/toyota/toyota-land-cruiser/2010/,2026-06-11T12:48:54Z
toyota-land-cruiser,Toyota Land Cruiser,2010,4.0L Xtreme,247000,https://www.drivearabia.com/carprices/uae/toyota/toyota-land-cruiser/2010/,2026-06-11T12:48:54Z
toyota-land-cruiser,Toyota Land Cruiser,2010,5.7L,295000,https://www.drivearabia.com/carprices/uae/toyota/toyota-land-cruiser/2010/,2026-06-11T12:48:54Z
toyota-land-cruiser,Toyota Land Cruiser,2010,4.7L Xtreme,306000,https://www.drivearabia.com/carprices/uae/toyota/toyota-land-cruiser/2010/,2026-06-11T12:48:54Z
toyota-land-cruiser,Toyota Land Cruiser,2010,5.7L Xtreme,338000,https://www.drivearabia.com/carprices/uae/toyota/toyota-land-cruiser/2010/,2026-06-11T12:48:54Z
toyota-land-cruiser,Toyota Land Cruiser,2010,2010 Ford Expedition,119000,https://www.drivearabia.com/carprices/uae/toyota/toyota-land-cruiser/2010/,2026-06-11T12:48:54Z
toyota-land-cruiser,Toyota Land Cruiser,2010,2010 Nissan Patrol,185000,https://www.drivearabia.com/carprices/uae/toyota/toyota-land-cruiser/2010/,2026-06-11T12:48:54Z
toyota-land-cruiser,Toyota Land Cruiser,2010,2010 Chevrolet Tahoe,152000,https://www.drivearabia.com/carprices/uae/toyota/toyota-land-cruiser/2010/,2026-06-11T12:48:54Z
toyota-land-cruiser,Toyota Land Cruiser,2011,Original Starting Price,143000,https://www.drivearabia.com/carprices/uae/toyota/toyota-land-cruiser/2011/,2026-06-11T12:48:56Z
toyota-land-cruiser,Toyota Land Cruiser,2011,4.0L,143000,https://www.drivearabia.com/carprices/uae/toyota/toyota-land-cruiser/2011/,2026-06-11T12:48:56Z
toyota-land-cruiser,Toyota Land Cruiser,2011,4.5L Diesel,167000,https://www.drivearabia.com/carprices/uae/toyota/toyota-land-cruiser/2011/,2026-06-11T12:48:56Z
toyota-land-cruiser,Toyota Land Cruiser,2011,4.7L,214000,https://www.drivearabia.com/carprices/uae/toyota/toyota-land-cruiser/2011/,2026-06-11T12:48:56Z
toyota-land-cruiser,Toyota Land Cruiser,2011,4.0L Xtreme,247000,https://www.drivearabia.com/carprices/uae/toyota/toyota-land-cruiser/2011/,2026-06-11T12:48:56Z
toyota-land-cruiser,Toyota Land Cruiser,2011,5.7L,295000,https://www.drivearabia.com/carprices/uae/toyota/toyota-land-cruiser/2011/,2026-06-11T12:48:56Z
toyota-land-cruiser,Toyota Land Cruiser,2011,4.7L Xtreme,306000,https://www.drivearabia.com/carprices/uae/toyota/toyota-land-cruiser/2011/,2026-06-11T12:48:56Z
toyota-land-cruiser,Toyota Land Cruiser,2011,5.7L Xtreme,338000,https://www.drivearabia.com/carprices/uae/toyota/toyota-land-cruiser/2011/,2026-06-11T12:48:56Z
toyota-land-cruiser,Toyota Land Cruiser,2011,2011 Ford Expedition,119000,https://www.drivearabia.com/carprices/uae/toyota/toyota-land-cruiser/2011/,2026-06-11T12:48:56Z
toyota-land-cruiser,Toyota Land Cruiser,2011,2011 Nissan Patrol,185000,https://www.drivearabia.com/carprices/uae/toyota/toyota-land-cruiser/2011/,2026-06-11T12:48:56Z
toyota-land-cruiser,Toyota Land Cruiser,2011,2011 Chevrolet Tahoe,152000,https://www.drivearabia.com/carprices/uae/toyota/toyota-land-cruiser/2011/,2026-06-11T12:48:56Z
toyota-land-cruiser,Toyota Land Cruiser,2012,Original Starting Price,195000,https://www.drivearabia.com/carprices/uae/toyota/toyota-land-cruiser/2012/,2026-06-11T12:48:58Z
toyota-land-cruiser,Toyota Land Cruiser,2012,4.0L,195000,https://www.drivearabia.com/carprices/uae/toyota/toyota-land-cruiser/2012/,2026-06-11T12:48:58Z
toyota-land-cruiser,Toyota Land Cruiser,2012,4.6L,229000,https://www.drivearabia.com/carprices/uae/toyota/toyota-land-cruiser/2012/,2026-06-11T12:48:58Z
toyota-land-cruiser,Toyota Land Cruiser,2012,5.7L,298000,https://www.drivearabia.com/carprices/uae/toyota/toyota-land-cruiser/2012/,2026-06-11T12:48:58Z
toyota-land-cruiser,Toyota Land Cruiser,2012,2012 Ford Expedition,119000,https://www.drivearabia.com/carprices/uae/toyota/toyota-land-cruiser/2012/,2026-06-11T12:48:58Z
toyota-land-cruiser,Toyota Land Cruiser,2012,2012 Nissan Patrol,199500,https://www.drivearabia.com/carprices/uae/toyota/toyota-land-cruiser/2012/,2026-06-11T12:48:58Z
toyota-land-cruiser,Toyota Land Cruiser,2012,2012 Chevrolet Tahoe,152000,https://www.drivearabia.com/carprices/uae/toyota/toyota-land-cruiser/2012/,2026-06-11T12:48:58Z
toyota-land-cruiser,Toyota Land Cruiser,2013,Original Starting Price,195000,https://www.drivearabia.com/carprices/uae/toyota/toyota-land-cruiser/2013/,2026-06-11T12:48:59Z
toyota-land-cruiser,Toyota Land Cruiser,2013,4.0L,195000,https://www.drivearabia.com/carprices/uae/toyota/toyota-land-cruiser/2013/,2026-06-11T12:48:59Z
toyota-land-cruiser,Toyota Land Cruiser,2013,4.6L,229000,https://www.drivearabia.com/carprices/uae/toyota/toyota-land-cruiser/2013/,2026-06-11T12:48:59Z
toyota-land-cruiser,Toyota Land Cruiser,2013,5.7L,298000,https://www.drivearabia.com/carprices/uae/toyota/toyota-land-cruiser/2013/,2026-06-11T12:48:59Z
toyota-land-cruiser,Toyota Land Cruiser,2013,2013 Nissan Patrol,199500,https://www.drivearabia.com/carprices/uae/toyota/toyota-land-cruiser/2013/,2026-06-11T12:48:59Z
toyota-land-cruiser,Toyota Land Cruiser,2013,2013 Chevrolet Tahoe,152000,https://www.drivearabia.com/carprices/uae/toyota/toyota-land-cruiser/2013/,2026-06-11T12:48:59Z
toyota-land-cruiser,Toyota Land Cruiser,2013,2013 Ford Expedition,119000,https://www.drivearabia.com/carprices/uae/toyota/toyota-land-cruiser/2013/,2026-06-11T12:48:59Z
toyota-land-cruiser,Toyota Land Cruiser,2014,Original Starting Price,185000,https://www.drivearabia.com/carprices/uae/toyota/toyota-land-cruiser/2014/,2026-06-11T12:49:01Z
toyota-land-cruiser,Toyota Land Cruiser,2014,4.0L Safari,185000,https://www.drivearabia.com/carprices/uae/toyota/toyota-land-cruiser/2014/,2026-06-11T12:49:01Z
toyota-land-cruiser,Toyota Land Cruiser,2014,4.0L EXR/GXR,199900,https://www.drivearabia.com/carprices/uae/toyota/toyota-land-cruiser/2014/,2026-06-11T12:49:01Z
toyota-land-cruiser,Toyota Land Cruiser,2014,4.6L EXR/GXR,216000,https://www.drivearabia.com/carprices/uae/toyota/toyota-land-cruiser/2014/,2026-06-11T12:49:01Z
toyota-land-cruiser,Toyota Land Cruiser,2014,4.6L VXR,287000,https://www.drivearabia.com/carprices/uae/toyota/toyota-land-cruiser/2014/,2026-06-11T12:49:01Z
toyota-land-cruiser,Toyota Land Cruiser,2014,5.7L VXR,307000,https://www.drivearabia.com/carprices/uae/toyota/toyota-land-cruiser/2014/,2026-06-11T12:49:01Z
toyota-land-cruiser,Toyota Land Cruiser,2014,2014 Chevrolet Tahoe,152000,https://www.drivearabia.com/carprices/uae/toyota/toyota-land-cruiser/2014/,2026-06-11T12:49:01Z
toyota-land-cruiser,Toyota Land Cruiser,2014,2014 Nissan Patrol,183800,https://www.drivearabia.com/carprices/uae/toyota/toyota-land-cruiser/2014/,2026-06-11T12:49:01Z
toyota-land-cruiser,Toyota Land Cruiser,2014,2014 Ford Expedition,119000,https://www.drivearabia.com/carprices/uae/toyota/toyota-land-cruiser/2014/,2026-06-11T12:49:01Z
toyota-land-cruiser,Toyota Land Cruiser,2015,Original Starting Price,186000,https://www.drivearabia.com/carprices/uae/toyota/toyota-land-cruiser/2015/,2026-06-11T12:49:04Z
toyota-land-cruiser,Toyota Land Cruiser,2015,4.0L Safari,186000,https://www.drivearabia.com/carprices/uae/toyota/toyota-land-cruiser/2015/,2026-06-11T12:49:04Z
toyota-land-cruiser,Toyota Land Cruiser,2015,4.0L EXR/GXR,204000,https://www.drivearabia.com/carprices/uae/toyota/toyota-land-cruiser/2015/,2026-06-11T12:49:04Z
toyota-land-cruiser,Toyota Land Cruiser,2015,4.6L EXR/GXR,224000,https://www.drivearabia.com/carprices/uae/toyota/toyota-land-cruiser/2015/,2026-06-11T12:49:04Z
toyota-land-cruiser,Toyota Land Cruiser,2015,5.7L EXR/GXR,244000,https://www.drivearabia.com/carprices/uae/toyota/toyota-land-cruiser/2015/,2026-06-11T12:49:04Z
toyota-land-cruiser,Toyota Land Cruiser,2015,4.6L VXR,290000,https://www.drivearabia.com/carprices/uae/toyota/toyota-land-cruiser/2015/,2026-06-11T12:49:04Z
toyota-land-cruiser,Toyota Land Cruiser,2015,5.7L VXR,315000,https://www.drivearabia.com/carprices/uae/toyota/toyota-land-cruiser/2015/,2026-06-11T12:49:04Z
toyota-land-cruiser,Toyota Land Cruiser,2015,2015 Nissan Patrol,183800,https://www.drivearabia.com/carprices/uae/toyota/toyota-land-cruiser/2015/,2026-06-11T12:49:04Z
toyota-land-cruiser,Toyota Land Cruiser,2015,2015 Chevrolet Tahoe,157000,https://www.drivearabia.com/carprices/uae/toyota/toyota-land-cruiser/2015/,2026-06-11T12:49:04Z
toyota-land-cruiser,Toyota Land Cruiser,2015,2015 Ford Expedition,155000,https://www.drivearabia.com/carprices/uae/toyota/toyota-land-cruiser/2015/,2026-06-11T12:49:04Z
toyota-land-cruiser,Toyota Land Cruiser,2016,Original Starting Price,209000,https://www.drivearabia.com/carprices/uae/toyota/toyota-land-cruiser/2016/,2026-06-11T12:49:05Z
toyota-land-cruiser,Toyota Land Cruiser,2016,4.0L EXR,209000,https://www.drivearabia.com/carprices/uae/toyota/toyota-land-cruiser/2016/,2026-06-11T12:49:05Z
toyota-land-cruiser,Toyota Land Cruiser,2016,4.6L EXR,229000,https://www.drivearabia.com/carprices/uae/toyota/toyota-land-cruiser/2016/,2026-06-11T12:49:05Z
toyota-land-cruiser,Toyota Land Cruiser,2016,4.0L GXR,238000,https://www.drivearabia.com/carprices/uae/toyota/toyota-land-cruiser/2016/,2026-06-11T12:49:05Z
toyota-land-cruiser,Toyota Land Cruiser,2016,5.7L EXR,249000,https://www.drivearabia.com/carprices/uae/toyota/toyota-land-cruiser/2016/,2026-06-11T12:49:05Z
toyota-land-cruiser,Toyota Land Cruiser,2016,4.6L GXR,258000,https://www.drivearabia.com/carprices/uae/toyota/toyota-land-cruiser/2016/,2026-06-11T12:49:05Z
toyota-land-cruiser,Toyota Land Cruiser,2016,5.7L GXR,278000,https://www.drivearabia.com/carprices/uae/toyota/toyota-land-cruiser/2016/,2026-06-11T12:49:05Z
toyota-land-cruiser,Toyota Land Cruiser,2016,4.6L VXR,295000,https://www.drivearabia.com/carprices/uae/toyota/toyota-land-cruiser/2016/,2026-06-11T12:49:05Z
toyota-land-cruiser,Toyota Land Cruiser,2016,5.7L VXR,325000,https://www.drivearabia.com/carprices/uae/toyota/toyota-land-cruiser/2016/,2026-06-11T12:49:05Z
toyota-land-cruiser,Toyota Land Cruiser,2016,2016 Chevrolet Tahoe,157000,https://www.drivearabia.com/carprices/uae/toyota/toyota-land-cruiser/2016/,2026-06-11T12:49:05Z
toyota-land-cruiser,Toyota Land Cruiser,2016,2016 Ford Expedition,155000,https://www.drivearabia.com/carprices/uae/toyota/toyota-land-cruiser/2016/,2026-06-11T12:49:05Z
toyota-land-cruiser,Toyota Land Cruiser,2016,2016 Nissan Patrol,179000,https://www.drivearabia.com/carprices/uae/toyota/toyota-land-cruiser/2016/,2026-06-11T12:49:05Z
toyota-land-cruiser,Toyota Land Cruiser,2017,Original Starting Price,199000,https://www.drivearabia.com/carprices/uae/toyota/toyota-land-cruiser/2017/,2026-06-11T12:49:07Z
toyota-land-cruiser,Toyota Land Cruiser,2017,4.0L EXR,199000,https://www.drivearabia.com/carprices/uae/toyota/toyota-land-cruiser/2017/,2026-06-11T12:49:07Z
toyota-land-cruiser,Toyota Land Cruiser,2017,4.6L EXR,229000,https://www.drivearabia.com/carprices/uae/toyota/toyota-land-cruiser/2017/,2026-06-11T12:49:07Z
toyota-land-cruiser,Toyota Land Cruiser,2017,4.0L GXR,238000,https://www.drivearabia.com/carprices/uae/toyota/toyota-land-cruiser/2017/,2026-06-11T12:49:07Z
toyota-land-cruiser,Toyota Land Cruiser,2017,5.7L EXR,249000,https://www.drivearabia.com/carprices/uae/toyota/toyota-land-cruiser/2017/,2026-06-11T12:49:07Z
toyota-land-cruiser,Toyota Land Cruiser,2017,4.6L GXR,258000,https://www.drivearabia.com/carprices/uae/toyota/toyota-land-cruiser/2017/,2026-06-11T12:49:07Z
toyota-land-cruiser,Toyota Land Cruiser,2017,5.7L GXR,278000,https://www.drivearabia.com/carprices/uae/toyota/toyota-land-cruiser/2017/,2026-06-11T12:49:07Z
toyota-land-cruiser,Toyota Land Cruiser,2017,4.6L VXR,295000,https://www.drivearabia.com/carprices/uae/toyota/toyota-land-cruiser/2017/,2026-06-11T12:49:07Z
toyota-land-cruiser,Toyota Land Cruiser,2017,5.7L VXR,325000,https://www.drivearabia.com/carprices/uae/toyota/toyota-land-cruiser/2017/,2026-06-11T12:49:07Z
toyota-land-cruiser,Toyota Land Cruiser,2017,2017 Chevrolet Tahoe,157000,https://www.drivearabia.com/carprices/uae/toyota/toyota-land-cruiser/2017/,2026-06-11T12:49:07Z
toyota-land-cruiser,Toyota Land Cruiser,2017,2017 Ford Expedition,155000,https://www.drivearabia.com/carprices/uae/toyota/toyota-land-cruiser/2017/,2026-06-11T12:49:07Z
toyota-land-cruiser,Toyota Land Cruiser,2017,2017 Nissan Patrol,179000,https://www.drivearabia.com/carprices/uae/toyota/toyota-land-cruiser/2017/,2026-06-11T12:49:07Z
toyota-land-cruiser,Toyota Land Cruiser,2018,Original Starting Price,199000,https://www.drivearabia.com/carprices/uae/toyota/toyota-land-cruiser/2018/,2026-06-11T12:49:09Z
toyota-land-cruiser,Toyota Land Cruiser,2018,4.0L EXR,199000,https://www.drivearabia.com/carprices/uae/toyota/toyota-land-cruiser/2018/,2026-06-11T12:49:09Z
toyota-land-cruiser,Toyota Land Cruiser,2018,4.0L GXR,238000,https://www.drivearabia.com/carprices/uae/toyota/toyota-land-cruiser/2018/,2026-06-11T12:49:09Z
toyota-land-cruiser,Toyota Land Cruiser,2018,4.6L EXR,239900,https://www.drivearabia.com/carprices/uae/toyota/toyota-land-cruiser/2018/,2026-06-11T12:49:09Z
toyota-land-cruiser,Toyota Land Cruiser,2018,5.7L EXR,262900,https://www.drivearabia.com/carprices/uae/toyota/toyota-land-cruiser/2018/,2026-06-11T12:49:09Z
toyota-land-cruiser,Toyota Land Cruiser,2018,4.6L GXR,283900,https://www.drivearabia.com/carprices/uae/toyota/toyota-land-cruiser/2018/,2026-06-11T12:49:09Z
toyota-land-cruiser,Toyota Land Cruiser,2018,5.7L GXR,306900,https://www.drivearabia.com/carprices/uae/toyota/toyota-land-cruiser/2018/,2026-06-11T12:49:09Z
toyota-land-cruiser,Toyota Land Cruiser,2018,4.6L VXR,315900,https://www.drivearabia.com/carprices/uae/toyota/toyota-land-cruiser/2018/,2026-06-11T12:49:09Z
toyota-land-cruiser,Toyota Land Cruiser,2018,5.7L VXR,349000,https://www.drivearabia.com/carprices/uae/toyota/toyota-land-cruiser/2018/,2026-06-11T12:49:09Z
toyota-land-cruiser,Toyota Land Cruiser,2018,2018 Ford Expedition,173250,https://www.drivearabia.com/carprices/uae/toyota/toyota-land-cruiser/2018/,2026-06-11T12:49:09Z
toyota-land-cruiser,Toyota Land Cruiser,2018,2018 Chevrolet Tahoe,161000,https://www.drivearabia.com/carprices/uae/toyota/toyota-land-cruiser/2018/,2026-06-11T12:49:09Z
toyota-land-cruiser,Toyota Land Cruiser,2018,2018 Nissan Patrol,194250,https://www.drivearabia.com/carprices/uae/toyota/toyota-land-cruiser/2018/,2026-06-11T12:49:09Z
toyota-land-cruiser,Toyota Land Cruiser,2019,Original Starting Price,215900,https://www.drivearabia.com/carprices/uae/toyota/toyota-land-cruiser/2019/,2026-06-11T12:49:11Z
toyota-land-cruiser,Toyota Land Cruiser,2019,4.0L EXR,215900,https://www.drivearabia.com/carprices/uae/toyota/toyota-land-cruiser/2019/,2026-06-11T12:49:11Z
toyota-land-cruiser,Toyota Land Cruiser,2019,4.6L EXR,239900,https://www.drivearabia.com/carprices/uae/toyota/toyota-land-cruiser/2019/,2026-06-11T12:49:11Z
toyota-land-cruiser,Toyota Land Cruiser,2019,4.0L GXR,249900,https://www.drivearabia.com/carprices/uae/toyota/toyota-land-cruiser/2019/,2026-06-11T12:49:11Z
toyota-land-cruiser,Toyota Land Cruiser,2019,5.7L EXR,259900,https://www.drivearabia.com/carprices/uae/toyota/toyota-land-cruiser/2019/,2026-06-11T12:49:11Z
toyota-land-cruiser,Toyota Land Cruiser,2019,4.6L GXR GT,275900,https://www.drivearabia.com/carprices/uae/toyota/toyota-land-cruiser/2019/,2026-06-11T12:49:11Z
toyota-land-cruiser,Toyota Land Cruiser,2019,5.7L GXR,299900,https://www.drivearabia.com/carprices/uae/toyota/toyota-land-cruiser/2019/,2026-06-11T12:49:11Z
toyota-land-cruiser,Toyota Land Cruiser,2019,5.7L VXR,329000,https://www.drivearabia.com/carprices/uae/toyota/toyota-land-cruiser/2019/,2026-06-11T12:49:11Z
toyota-land-cruiser,Toyota Land Cruiser,2019,2019 Nissan Patrol,195000,https://www.drivearabia.com/carprices/uae/toyota/toyota-land-cruiser/2019/,2026-06-11T12:49:11Z
toyota-land-cruiser,Toyota Land Cruiser,2019,2019 Chevrolet Tahoe,176800,https://www.drivearabia.com/carprices/uae/toyota/toyota-land-cruiser/2019/,2026-06-11T12:49:11Z
toyota-land-cruiser,Toyota Land Cruiser,2019,2019 GMC Yukon,170000,https://www.drivearabia.com/carprices/uae/toyota/toyota-land-cruiser/2019/,2026-06-11T12:49:11Z
toyota-land-cruiser,Toyota Land Cruiser,2020,Original Starting Price,170000,https://www.drivearabia.com/carprices/uae/toyota/toyota-land-cruiser/2020/,2026-06-11T12:49:13Z
toyota-land-cruiser,Toyota Land Cruiser,2020,4.0L V6 Heritage Edition,170000,https://www.drivearabia.com/carprices/uae/toyota/toyota-land-cruiser/2020/,2026-06-11T12:49:13Z
toyota-land-cruiser,Toyota Land Cruiser,2020,4.0L EXR,215900,https://www.drivearabia.com/carprices/uae/toyota/toyota-land-cruiser/2020/,2026-06-11T12:49:13Z
toyota-land-cruiser,Toyota Land Cruiser,2020,4.6L V8 Heritage Edition,225000,https://www.drivearabia.com/carprices/uae/toyota/toyota-land-cruiser/2020/,2026-06-11T12:49:13Z
toyota-land-cruiser,Toyota Land Cruiser,2020,4.6L EXR,239900,https://www.drivearabia.com/carprices/uae/toyota/toyota-land-cruiser/2020/,2026-06-11T12:49:13Z
toyota-land-cruiser,Toyota Land Cruiser,2020,4.0L GXR,249900,https://www.drivearabia.com/carprices/uae/toyota/toyota-land-cruiser/2020/,2026-06-11T12:49:13Z
toyota-land-cruiser,Toyota Land Cruiser,2020,5.7L EXR,259900,https://www.drivearabia.com/carprices/uae/toyota/toyota-land-cruiser/2020/,2026-06-11T12:49:13Z
toyota-land-cruiser,Toyota Land Cruiser,2020,4.6L GXR GT,275900,https://www.drivearabia.com/carprices/uae/toyota/toyota-land-cruiser/2020/,2026-06-11T12:49:13Z
toyota-land-cruiser,Toyota Land Cruiser,2020,5.7L GXR,299900,https://www.drivearabia.com/carprices/uae/toyota/toyota-land-cruiser/2020/,2026-06-11T12:49:13Z
toyota-land-cruiser,Toyota Land Cruiser,2020,5.7L VXR,329000,https://www.drivearabia.com/carprices/uae/toyota/toyota-land-cruiser/2020/,2026-06-11T12:49:13Z
toyota-land-cruiser,Toyota Land Cruiser,2020,2020 Nissan Patrol,199900,https://www.drivearabia.com/carprices/uae/toyota/toyota-land-cruiser/2020/,2026-06-11T12:49:13Z
toyota-land-cruiser,Toyota Land Cruiser,2020,2020 GMC Yukon,170000,https://www.drivearabia.com/carprices/uae/toyota/toyota-land-cruiser/2020/,2026-06-11T12:49:13Z
toyota-land-cruiser,Toyota Land Cruiser,2020,2020 Ford Expedition,173250,https://www.drivearabia.com/carprices/uae/toyota/toyota-land-cruiser/2020/,2026-06-11T12:49:13Z
toyota-land-cruiser,Toyota Land Cruiser,2021,Original Starting Price,215900,https://www.drivearabia.com/carprices/uae/toyota/toyota-land-cruiser/2021/,2026-06-11T12:49:15Z
toyota-land-cruiser,Toyota Land Cruiser,2021,4.0L EXR,215900,https://www.drivearabia.com/carprices/uae/toyota/toyota-land-cruiser/2021/,2026-06-11T12:49:15Z
toyota-land-cruiser,Toyota Land Cruiser,2021,4.6L EXR,239900,https://www.drivearabia.com/carprices/uae/toyota/toyota-land-cruiser/2021/,2026-06-11T12:49:15Z
toyota-land-cruiser,Toyota Land Cruiser,2021,4.0L GXR,249900,https://www.drivearabia.com/carprices/uae/toyota/toyota-land-cruiser/2021/,2026-06-11T12:49:15Z
toyota-land-cruiser,Toyota Land Cruiser,2021,5.7L EXR,259900,https://www.drivearabia.com/carprices/uae/toyota/toyota-land-cruiser/2021/,2026-06-11T12:49:15Z
toyota-land-cruiser,Toyota Land Cruiser,2021,4.6L GXR GT,275900,https://www.drivearabia.com/carprices/uae/toyota/toyota-land-cruiser/2021/,2026-06-11T12:49:15Z
toyota-land-cruiser,Toyota Land Cruiser,2021,5.7L GXR,299900,https://www.drivearabia.com/carprices/uae/toyota/toyota-land-cruiser/2021/,2026-06-11T12:49:15Z
toyota-land-cruiser,Toyota Land Cruiser,2021,5.7L VXR,329000,https://www.drivearabia.com/carprices/uae/toyota/toyota-land-cruiser/2021/,2026-06-11T12:49:15Z
toyota-land-cruiser,Toyota Land Cruiser,2021,2021 GMC Yukon,193900,https://www.drivearabia.com/carprices/uae/toyota/toyota-land-cruiser/2021/,2026-06-11T12:49:15Z
toyota-land-cruiser,Toyota Land Cruiser,2021,2021 Nissan Patrol,199900,https://www.drivearabia.com/carprices/uae/toyota/toyota-land-cruiser/2021/,2026-06-11T12:49:15Z
toyota-land-cruiser,Toyota Land Cruiser,2021,2021 Ford Expedition,173250,https://www.drivearabia.com/carprices/uae/toyota/toyota-land-cruiser/2021/,2026-06-11T12:49:15Z
toyota-land-cruiser,Toyota Land Cruiser,2022,Original Starting Price,229900,https://www.drivearabia.com/carprices/uae/toyota/toyota-land-cruiser/2022/,2026-06-11T12:49:17Z
toyota-land-cruiser,Toyota Land Cruiser,2022,4.0 V6 EXR,229900,https://www.drivearabia.com/carprices/uae/toyota/toyota-land-cruiser/2022/,2026-06-11T12:49:17Z
toyota-land-cruiser,Toyota Land Cruiser,2022,4.0 V6 GXR,259900,https://www.drivearabia.com/carprices/uae/toyota/toyota-land-cruiser/2022/,2026-06-11T12:49:17Z
toyota-land-cruiser,Toyota Land Cruiser,2022,4.0 V6 VXR,289900,https://www.drivearabia.com/carprices/uae/toyota/toyota-land-cruiser/2022/,2026-06-11T12:49:17Z
toyota-land-cruiser,Toyota Land Cruiser,2022,3.5T V6 EXR,297900,https://www.drivearabia.com/carprices/uae/toyota/toyota-land-cruiser/2022/,2026-06-11T12:49:17Z
toyota-land-cruiser,Toyota Land Cruiser,2022,3.5T V6 GXR,319900,https://www.drivearabia.com/carprices/uae/toyota/toyota-land-cruiser/2022/,2026-06-11T12:49:17Z
toyota-land-cruiser,Toyota Land Cruiser,2022,3.5T V6 VXR,354900,https://www.drivearabia.com/carprices/uae/toyota/toyota-land-cruiser/2022/,2026-06-11T12:49:17Z
toyota-land-cruiser,Toyota Land Cruiser,2022,2022 Nissan Patrol,199900,https://www.drivearabia.com/carprices/uae/toyota/toyota-land-cruiser/2022/,2026-06-11T12:49:17Z
toyota-land-cruiser,Toyota Land Cruiser,2022,2022 Ford Expedition,273945,https://www.drivearabia.com/carprices/uae/toyota/toyota-land-cruiser/2022/,2026-06-11T12:49:17Z
toyota-land-cruiser,Toyota Land Cruiser,2022,2022 GMC Yukon,197000,https://www.drivearabia.com/carprices/uae/toyota/toyota-land-cruiser/2022/,2026-06-11T12:49:17Z
toyota-land-cruiser,Toyota Land Cruiser,2023,Original Starting Price,238900,https://www.drivearabia.com/carprices/uae/toyota/toyota-land-cruiser/2023/,2026-06-11T12:49:19Z
toyota-land-cruiser,Toyota Land Cruiser,2023,4.0 V6 EXR 4WD,238900,https://www.drivearabia.com/carprices/uae/toyota/toyota-land-cruiser/2023/,2026-06-11T12:49:19Z
toyota-land-cruiser,Toyota Land Cruiser,2023,4.0 V6 GXR 4WD,269900,https://www.drivearabia.com/carprices/uae/toyota/toyota-land-cruiser/2023/,2026-06-11T12:49:19Z
toyota-land-cruiser,Toyota Land Cruiser,2023,3.5TC V6 EXR 4WD,307900,https://www.drivearabia.com/carprices/uae/toyota/toyota-land-cruiser/2023/,2026-06-11T12:49:19Z
toyota-land-cruiser,Toyota Land Cruiser,2023,3.5TC V6 Black Edition 4WD,307900,https://www.drivearabia.com/carprices/uae/toyota/toyota-land-cruiser/2023/,2026-06-11T12:49:19Z
toyota-land-cruiser,Toyota Land Cruiser,2023,4.0 V6 VXR 4WD,308900,https://www.drivearabia.com/carprices/uae/toyota/toyota-land-cruiser/2023/,2026-06-11T12:49:19Z
toyota-land-cruiser,Toyota Land Cruiser,2023,3.5TC V6 GXR 4WD,329900,https://www.drivearabia.com/carprices/uae/toyota/toyota-land-cruiser/2023/,2026-06-11T12:49:19Z
toyota-land-cruiser,Toyota Land Cruiser,2023,3.5TC V6 VXR 4WD,377900,https://www.drivearabia.com/carprices/uae/toyota/toyota-land-cruiser/2023/,2026-06-11T12:49:19Z
toyota-land-cruiser,Toyota Land Cruiser,2023,2023 Nissan Patrol,210000,https://www.drivearabia.com/carprices/uae/toyota/toyota-land-cruiser/2023/,2026-06-11T12:49:19Z
toyota-land-cruiser,Toyota Land Cruiser,2023,2023 Ford Expedition,273945,https://www.drivearabia.com/carprices/uae/toyota/toyota-land-cruiser/2023/,2026-06-11T12:49:19Z
toyota-land-cruiser,Toyota Land Cruiser,2023,2023 GMC Yukon,197000,https://www.drivearabia.com/carprices/uae/toyota/toyota-land-cruiser/2023/,2026-06-11T12:49:19Z
toyota-land-cruiser,Toyota Land Cruiser,2024,Original Starting Price,238900,https://www.drivearabia.com/carprices/uae/toyota/toyota-land-cruiser/2024/,2026-06-11T12:49:21Z
toyota-land-cruiser,Toyota Land Cruiser,2024,4.0 V6 EXR 4WD,238900,https://www.drivearabia.com/carprices/uae/toyota/toyota-land-cruiser/2024/,2026-06-11T12:49:21Z
toyota-land-cruiser,Toyota Land Cruiser,2024,4.0 V6 GXR 4WD,269900,https://www.drivearabia.com/carprices/uae/toyota/toyota-land-cruiser/2024/,2026-06-11T12:49:21Z
toyota-land-cruiser,Toyota Land Cruiser,2024,3.5TC V6 EXR 4WD,307900,https://www.drivearabia.com/carprices/uae/toyota/toyota-land-cruiser/2024/,2026-06-11T12:49:21Z
toyota-land-cruiser,Toyota Land Cruiser,2024,3.5TC V6 Black Edition 4WD,307900,https://www.drivearabia.com/carprices/uae/toyota/toyota-land-cruiser/2024/,2026-06-11T12:49:21Z
toyota-land-cruiser,Toyota Land Cruiser,2024,4.0 V6 VXR 4WD,308900,https://www.drivearabia.com/carprices/uae/toyota/toyota-land-cruiser/2024/,2026-06-11T12:49:21Z
toyota-land-cruiser,Toyota Land Cruiser,2024,3.5TC V6 GXR 4WD,329900,https://www.drivearabia.com/carprices/uae/toyota/toyota-land-cruiser/2024/,2026-06-11T12:49:21Z
toyota-land-cruiser,Toyota Land Cruiser,2024,3.5TC V6 VXR 4WD,377900,https://www.drivearabia.com/carprices/uae/toyota/toyota-land-cruiser/2024/,2026-06-11T12:49:21Z
toyota-land-cruiser,Toyota Land Cruiser,2024,2024 Nissan Patrol,210000,https://www.drivearabia.com/carprices/uae/toyota/toyota-land-cruiser/2024/,2026-06-11T12:49:21Z
toyota-land-cruiser,Toyota Land Cruiser,2024,2024 Ford Expedition,273945,https://www.drivearabia.com/carprices/uae/toyota/toyota-land-cruiser/2024/,2026-06-11T12:49:21Z
toyota-land-cruiser,Toyota Land Cruiser,2024,2024 GMC Yukon,300000,https://www.drivearabia.com/carprices/uae/toyota/toyota-land-cruiser/2024/,2026-06-11T12:49:21Z
toyota-land-cruiser,Toyota Land Cruiser,2025,Starting at,238900,https://www.drivearabia.com/carprices/uae/toyota/toyota-land-cruiser/2025/,2026-06-11T12:49:23Z
toyota-land-cruiser,Toyota Land Cruiser,2025,4.0 V6 EXR 4WD,238900,https://www.drivearabia.com/carprices/uae/toyota/toyota-land-cruiser/2025/,2026-06-11T12:49:23Z
toyota-land-cruiser,Toyota Land Cruiser,2025,4.0 V6 GXR 4WD,269900,https://www.drivearabia.com/carprices/uae/toyota/toyota-land-cruiser/2025/,2026-06-11T12:49:23Z
toyota-land-cruiser,Toyota Land Cruiser,2025,3.5TC V6 EXR 4WD,307900,https://www.drivearabia.com/carprices/uae/toyota/toyota-land-cruiser/2025/,2026-06-11T12:49:23Z
toyota-land-cruiser,Toyota Land Cruiser,2025,3.5TC V6 Black Edition 4WD,307900,https://www.drivearabia.com/carprices/uae/toyota/toyota-land-cruiser/2025/,2026-06-11T12:49:23Z
toyota-land-cruiser,Toyota Land Cruiser,2025,4.0 V6 VXR 4WD,308900,https://www.drivearabia.com/carprices/uae/toyota/toyota-land-cruiser/2025/,2026-06-11T12:49:23Z
toyota-land-cruiser,Toyota Land Cruiser,2025,3.5TC V6 GXR 4WD,329900,https://www.drivearabia.com/carprices/uae/toyota/toyota-land-cruiser/2025/,2026-06-11T12:49:23Z
toyota-land-cruiser,Toyota Land Cruiser,2025,3.5TC V6 VXR 4WD,377900,https://www.drivearabia.com/carprices/uae/toyota/toyota-land-cruiser/2025/,2026-06-11T12:49:23Z
toyota-land-cruiser,Toyota Land Cruiser,2025,3.5TC V6 VXR Hybrid 4WD,389900,https://www.drivearabia.com/carprices/uae/toyota/toyota-land-cruiser/2025/,2026-06-11T12:49:23Z
toyota-land-cruiser,Toyota Land Cruiser,2025,3.5TC V6 GR-S Hybrid 4WD,409900,https://www.drivearabia.com/carprices/uae/toyota/toyota-land-cruiser/2025/,2026-06-11T12:49:23Z
toyota-land-cruiser,Toyota Land Cruiser,2025,2025 Nissan Patrol,239900,https://www.drivearabia.com/carprices/uae/toyota/toyota-land-cruiser/2025/,2026-06-11T12:49:23Z
toyota-land-cruiser,Toyota Land Cruiser,2025,2025 Ford Expedition,273945,https://www.drivearabia.com/carprices/uae/toyota/toyota-land-cruiser/2025/,2026-06-11T12:49:23Z
toyota-land-cruiser,Toyota Land Cruiser,2025,2025 GMC Yukon,320000,https://www.drivearabia.com/carprices/uae/toyota/toyota-land-cruiser/2025/,2026-06-11T12:49:23Z
toyota-land-cruiser,Toyota Land Cruiser,2026,Starting at,239900,https://www.drivearabia.com/carprices/uae/toyota/toyota-land-cruiser/2026/,2026-06-11T12:49:24Z
toyota-land-cruiser,Toyota Land Cruiser,2026,4.0 V6 EXR 4WD,239900,https://www.drivearabia.com/carprices/uae/toyota/toyota-land-cruiser/2026/,2026-06-11T12:49:24Z
toyota-land-cruiser,Toyota Land Cruiser,2026,4.0 V6 GXR 4WD,274900,https://www.drivearabia.com/carprices/uae/toyota/toyota-land-cruiser/2026/,2026-06-11T12:49:24Z
toyota-land-cruiser,Toyota Land Cruiser,2026,3.5TC V6 Black Edition 4WD,307900,https://www.drivearabia.com/carprices/uae/toyota/toyota-land-cruiser/2026/,2026-06-11T12:49:24Z
toyota-land-cruiser,Toyota Land Cruiser,2026,4.0 V6 VXR 4WD,316900,https://www.drivearabia.com/carprices/uae/toyota/toyota-land-cruiser/2026/,2026-06-11T12:49:24Z
toyota-land-cruiser,Toyota Land Cruiser,2026,3.5TC V6 GXR 4WD,335900,https://www.drivearabia.com/carprices/uae/toyota/toyota-land-cruiser/2026/,2026-06-11T12:49:24Z
toyota-land-cruiser,Toyota Land Cruiser,2026,3.5TC V6 VXR 4WD,379900,https://www.drivearabia.com/carprices/uae/toyota/toyota-land-cruiser/2026/,2026-06-11T12:49:24Z
toyota-land-cruiser,Toyota Land Cruiser,2026,3.5TC V6 VXR Hybrid 4WD,389900,https://www.drivearabia.com/carprices/uae/toyota/toyota-land-cruiser/2026/,2026-06-11T12:49:24Z
toyota-land-cruiser,Toyota Land Cruiser,2026,3.5TC V6 GR-S Hybrid 4WD,409900,https://www.drivearabia.com/carprices/uae/toyota/toyota-land-cruiser/2026/,2026-06-11T12:49:24Z
toyota-land-cruiser,Toyota Land Cruiser,2026,2025 Nissan Patrol,239900,https://www.drivearabia.com/carprices/uae/toyota/toyota-land-cruiser/2026/,2026-06-11T12:49:24Z
toyota-land-cruiser,Toyota Land Cruiser,2026,2025 Ford Expedition,273945,https://www.drivearabia.com/carprices/uae/toyota/toyota-land-cruiser/2026/,2026-06-11T12:49:24Z
toyota-land-cruiser,Toyota Land Cruiser,2026,2025 GMC Yukon,320000,https://www.drivearabia.com/carprices/uae/toyota/toyota-land-cruiser/2026/,2026-06-11T12:49:24Z
toyota-land-cruiser-70,Land Cruiser 70,2010,2010 Jeep Wrangler,89000,https://www.drivearabia.com/carprices/uae/toyota/toyota-land-cruiser-70/2010/,2026-06-11T12:49:26Z
toyota-land-cruiser-70,Land Cruiser 70,2010,2010 Land Rover Defender,125000,https://www.drivearabia.com/carprices/uae/toyota/toyota-land-cruiser-70/2010/,2026-06-11T12:49:26Z
toyota-land-cruiser-70,Land Cruiser 70,2010,2010 Nissan Xterra,102000,https://www.drivearabia.com/carprices/uae/toyota/toyota-land-cruiser-70/2010/,2026-06-11T12:49:26Z
toyota-land-cruiser-70,Land Cruiser 70,2011,Original Starting Price,117400,https://www.drivearabia.com/carprices/uae/toyota/toyota-land-cruiser-70/2011/,2026-06-11T12:49:28Z
toyota-land-cruiser-70,Land Cruiser 70,2011,3-door 7-seater,117400,https://www.drivearabia.com/carprices/uae/toyota/toyota-land-cruiser-70/2011/,2026-06-11T12:49:28Z
toyota-land-cruiser-70,Land Cruiser 70,2011,3-door 5 seater,120250,https://www.drivearabia.com/carprices/uae/toyota/toyota-land-cruiser-70/2011/,2026-06-11T12:49:28Z
toyota-land-cruiser-70,Land Cruiser 70,2011,5-door 10 seater,125900,https://www.drivearabia.com/carprices/uae/toyota/toyota-land-cruiser-70/2011/,2026-06-11T12:49:28Z
toyota-land-cruiser-70,Land Cruiser 70,2011,2011 Jeep Wrangler,89000,https://www.drivearabia.com/carprices/uae/toyota/toyota-land-cruiser-70/2011/,2026-06-11T12:49:28Z
toyota-land-cruiser-70,Land Cruiser 70,2011,2011 Land Rover Defender,125000,https://www.drivearabia.com/carprices/uae/toyota/toyota-land-cruiser-70/2011/,2026-06-11T12:49:28Z
toyota-land-cruiser-70,Land Cruiser 70,2011,2011 Nissan Xterra,102000,https://www.drivearabia.com/carprices/uae/toyota/toyota-land-cruiser-70/2011/,2026-06-11T12:49:28Z
toyota-land-cruiser-70,Land Cruiser 70,2012,2012 Land Rover Defender,125000,https://www.drivearabia.com/carprices/uae/toyota/toyota-land-cruiser-70/2012/,2026-06-11T12:49:30Z
toyota-land-cruiser-70,Land Cruiser 70,2012,2012 Nissan Xterra,102000,https://www.drivearabia.com/carprices/uae/toyota/toyota-land-cruiser-70/2012/,2026-06-11T12:49:30Z
toyota-land-cruiser-70,Land Cruiser 70,2012,2012 Jeep Wrangler,110000,https://www.drivearabia.com/carprices/uae/toyota/toyota-land-cruiser-70/2012/,2026-06-11T12:49:30Z
toyota-land-cruiser-70,Land Cruiser 70,2013,2013 Land Rover Defender,125000,https://www.drivearabia.com/carprices/uae/toyota/toyota-land-cruiser-70/2013/,2026-06-11T12:49:32Z
toyota-land-cruiser-70,Land Cruiser 70,2013,2013 Nissan Xterra,102000,https://www.drivearabia.com/carprices/uae/toyota/toyota-land-cruiser-70/2013/,2026-06-11T12:49:32Z
toyota-land-cruiser-70,Land Cruiser 70,2013,2013 Jeep Wrangler,110000,https://www.drivearabia.com/carprices/uae/toyota/toyota-land-cruiser-70/2013/,2026-06-11T12:49:32Z
toyota-land-cruiser-70,Land Cruiser 70,2014,2014 Land Rover Defender,125000,https://www.drivearabia.com/carprices/uae/toyota/toyota-land-cruiser-70/2014/,2026-06-11T12:49:34Z
toyota-land-cruiser-70,Land Cruiser 70,2014,2014 Nissan Xterra,102000,https://www.drivearabia.com/carprices/uae/toyota/toyota-land-cruiser-70/2014/,2026-06-11T12:49:34Z
toyota-land-cruiser-70,Land Cruiser 70,2014,2014 Jeep Wrangler,110000,https://www.drivearabia.com/carprices/uae/toyota/toyota-land-cruiser-70/2014/,2026-06-11T12:49:34Z
toyota-land-cruiser-70,Land Cruiser 70,2015,Original Starting Price,135000,https://www.drivearabia.com/carprices/uae/toyota/toyota-land-cruiser-70/2015/,2026-06-11T12:49:36Z
toyota-land-cruiser-70,Land Cruiser 70,2015,3-door,135000,https://www.drivearabia.com/carprices/uae/toyota/toyota-land-cruiser-70/2015/,2026-06-11T12:49:36Z
toyota-land-cruiser-70,Land Cruiser 70,2015,2015 Jeep Wrangler,119900,https://www.drivearabia.com/carprices/uae/toyota/toyota-land-cruiser-70/2015/,2026-06-11T12:49:36Z
toyota-land-cruiser-70,Land Cruiser 70,2015,2015 Nissan Xterra,98000,https://www.drivearabia.com/carprices/uae/toyota/toyota-land-cruiser-70/2015/,2026-06-11T12:49:36Z
toyota-land-cruiser-70,Land Cruiser 70,2015,2015 Land Rover Defender,170000,https://www.drivearabia.com/carprices/uae/toyota/toyota-land-cruiser-70/2015/,2026-06-11T12:49:36Z
toyota-land-cruiser-70,Land Cruiser 70,2016,Original Starting Price,135000,https://www.drivearabia.com/carprices/uae/toyota/toyota-land-cruiser-70/2016/,2026-06-11T12:49:38Z
toyota-land-cruiser-70,Land Cruiser 70,2016,3-door,135000,https://www.drivearabia.com/carprices/uae/toyota/toyota-land-cruiser-70/2016/,2026-06-11T12:49:38Z
toyota-land-cruiser-70,Land Cruiser 70,2016,2016 Jeep Wrangler,90000,https://www.drivearabia.com/carprices/uae/toyota/toyota-land-cruiser-70/2016/,2026-06-11T12:49:38Z
toyota-land-cruiser-70,Land Cruiser 70,2016,2016 Land Rover Defender,170000,https://www.drivearabia.com/carprices/uae/toyota/toyota-land-cruiser-70/2016/,2026-06-11T12:49:38Z
toyota-land-cruiser-70,Land Cruiser 70,2016,2025 Nissan Xterra,104000,https://www.drivearabia.com/carprices/uae/toyota/toyota-land-cruiser-70/2016/,2026-06-11T12:49:38Z
toyota-land-cruiser-70,Land Cruiser 70,2021,Original Starting Price,150700,https://www.drivearabia.com/carprices/uae/toyota/toyota-land-cruiser-70/2021/,2026-06-11T12:49:44Z
toyota-land-cruiser-70,Land Cruiser 70,2021,3-door,150700,https://www.drivearabia.com/carprices/uae/toyota/toyota-land-cruiser-70/2021/,2026-06-11T12:49:44Z
toyota-land-cruiser-70,Land Cruiser 70,2021,LC70 Overlander 5-door,190000,https://www.drivearabia.com/carprices/uae/toyota/toyota-land-cruiser-70/2021/,2026-06-11T12:49:44Z
toyota-land-cruiser-70,Land Cruiser 70,2021,2021 Jeep Wrangler,144900,https://www.drivearabia.com/carprices/uae/toyota/toyota-land-cruiser-70/2021/,2026-06-11T12:49:44Z
toyota-land-cruiser-70,Land Cruiser 70,2021,2021 Nissan Xterra,99900,https://www.drivearabia.com/carprices/uae/toyota/toyota-land-cruiser-70/2021/,2026-06-11T12:49:44Z
toyota-land-cruiser-70,Land Cruiser 70,2021,2021 Land Rover Defender 110,210000,https://www.drivearabia.com/carprices/uae/toyota/toyota-land-cruiser-70/2021/,2026-06-11T12:49:44Z
toyota-land-cruiser-70,Land Cruiser 70,2022,Original Starting Price,150700,https://www.drivearabia.com/carprices/uae/toyota/toyota-land-cruiser-70/2022/,2026-06-11T12:49:46Z
toyota-land-cruiser-70,Land Cruiser 70,2022,3-door,150700,https://www.drivearabia.com/carprices/uae/toyota/toyota-land-cruiser-70/2022/,2026-06-11T12:49:46Z
toyota-land-cruiser-70,Land Cruiser 70,2022,LC70 Overlander 5-door,190000,https://www.drivearabia.com/carprices/uae/toyota/toyota-land-cruiser-70/2022/,2026-06-11T12:49:46Z
toyota-land-cruiser-70,Land Cruiser 70,2022,2022 Nissan Xterra,99900,https://www.drivearabia.com/carprices/uae/toyota/toyota-land-cruiser-70/2022/,2026-06-11T12:49:46Z
toyota-land-cruiser-70,Land Cruiser 70,2022,2022 Jeep Wrangler,144900,https://www.drivearabia.com/carprices/uae/toyota/toyota-land-cruiser-70/2022/,2026-06-11T12:49:46Z
toyota-land-cruiser-70,Land Cruiser 70,2022,2022 Land Rover Defender 110,240000,https://www.drivearabia.com/carprices/uae/toyota/toyota-land-cruiser-70/2022/,2026-06-11T12:49:46Z
toyota-land-cruiser-70,Land Cruiser 70,2023,Original Starting Price,150700,https://www.drivearabia.com/carprices/uae/toyota/toyota-land-cruiser-70/2023/,2026-06-11T12:49:48Z
toyota-land-cruiser-70,Land Cruiser 70,2023,3-door,150700,https://www.drivearabia.com/carprices/uae/toyota/toyota-land-cruiser-70/2023/,2026-06-11T12:49:48Z
toyota-land-cruiser-70,Land Cruiser 70,2023,LC70 Overlander 5-door,190000,https://www.drivearabia.com/carprices/uae/toyota/toyota-land-cruiser-70/2023/,2026-06-11T12:49:48Z
toyota-land-cruiser-70,Land Cruiser 70,2023,2023 Nissan Xterra,104000,https://www.drivearabia.com/carprices/uae/toyota/toyota-land-cruiser-70/2023/,2026-06-11T12:49:48Z
toyota-land-cruiser-70,Land Cruiser 70,2023,2023 Jeep Wrangler,144900,https://www.drivearabia.com/carprices/uae/toyota/toyota-land-cruiser-70/2023/,2026-06-11T12:49:48Z
toyota-land-cruiser-70,Land Cruiser 70,2023,2023 Land Rover Defender 110,232785,https://www.drivearabia.com/carprices/uae/toyota/toyota-land-cruiser-70/2023/,2026-06-11T12:49:48Z
toyota-land-cruiser-70,Land Cruiser 70,2024,Original Starting Price,169900,https://www.drivearabia.com/carprices/uae/toyota/toyota-land-cruiser-70/2024/,2026-06-11T12:49:50Z
toyota-land-cruiser-70,Land Cruiser 70,2024,4.0L V6 3-door 4WD,169900,https://www.drivearabia.com/carprices/uae/toyota/toyota-land-cruiser-70/2024/,2026-06-11T12:49:50Z
toyota-land-cruiser-70,Land Cruiser 70,2024,4.0L V6 5-door 4WD,179900,https://www.drivearabia.com/carprices/uae/toyota/toyota-land-cruiser-70/2024/,2026-06-11T12:49:50Z
toyota-land-cruiser-70,Land Cruiser 70,2024,2024 Nissan Xterra,104000,https://www.drivearabia.com/carprices/uae/toyota/toyota-land-cruiser-70/2024/,2026-06-11T12:49:50Z
toyota-land-cruiser-70,Land Cruiser 70,2024,2024 Jeep Wrangler,207900,https://www.drivearabia.com/carprices/uae/toyota/toyota-land-cruiser-70/2024/,2026-06-11T12:49:50Z
toyota-land-cruiser-70,Land Cruiser 70,2024,2024 Land Rover Defender 110,232785,https://www.drivearabia.com/carprices/uae/toyota/toyota-land-cruiser-70/2024/,2026-06-11T12:49:50Z
toyota-land-cruiser-70,Land Cruiser 70,2025,Starting at,172900,https://www.drivearabia.com/carprices/uae/toyota/toyota-land-cruiser-70/2025/,2026-06-11T12:49:52Z
toyota-land-cruiser-70,Land Cruiser 70,2025,4.0L V6 3-door 4WD,172900,https://www.drivearabia.com/carprices/uae/toyota/toyota-land-cruiser-70/2025/,2026-06-11T12:49:52Z
toyota-land-cruiser-70,Land Cruiser 70,2025,4.0L V6 5-door 4WD,182900,https://www.drivearabia.com/carprices/uae/toyota/toyota-land-cruiser-70/2025/,2026-06-11T12:49:52Z
toyota-land-cruiser-70,Land Cruiser 70,2025,2025 Nissan Xterra,104000,https://www.drivearabia.com/carprices/uae/toyota/toyota-land-cruiser-70/2025/,2026-06-11T12:49:52Z
toyota-land-cruiser-70,Land Cruiser 70,2025,2025 Jeep Wrangler,195900,https://www.drivearabia.com/carprices/uae/toyota/toyota-land-cruiser-70/2025/,2026-06-11T12:49:52Z
toyota-land-cruiser-70,Land Cruiser 70,2025,2025 Land Rover Defender 110,232785,https://www.drivearabia.com/carprices/uae/toyota/toyota-land-cruiser-70/2025/,2026-06-11T12:49:52Z
toyota-land-cruiser-70,Land Cruiser 70,2026,Starting at,177900,https://www.drivearabia.com/carprices/uae/toyota/toyota-land-cruiser-70/2026/,2026-06-11T12:49:54Z
toyota-land-cruiser-70,Land Cruiser 70,2026,4.0L V6 3-door 4WD,177900,https://www.drivearabia.com/carprices/uae/toyota/toyota-land-cruiser-70/2026/,2026-06-11T12:49:54Z
toyota-land-cruiser-70,Land Cruiser 70,2026,4.0L V6 5-door 4WD,187900,https://www.drivearabia.com/carprices/uae/toyota/toyota-land-cruiser-70/2026/,2026-06-11T12:49:54Z
toyota-land-cruiser-70,Land Cruiser 70,2026,2025 Nissan Xterra,104000,https://www.drivearabia.com/carprices/uae/toyota/toyota-land-cruiser-70/2026/,2026-06-11T12:49:54Z
toyota-land-cruiser-70,Land Cruiser 70,2026,2025 Jeep Wrangler,195900,https://www.drivearabia.com/carprices/uae/toyota/toyota-land-cruiser-70/2026/,2026-06-11T12:49:54Z
toyota-land-cruiser-70,Land Cruiser 70,2026,2025 Land Rover Defender 110,232785,https://www.drivearabia.com/carprices/uae/toyota/toyota-land-cruiser-70/2026/,2026-06-11T12:49:54Z
toyota-land-cruiser-gr-sport,Land Cruiser GR Sport,2022,Original Starting Price,397900,https://www.drivearabia.com/carprices/uae/toyota/toyota-land-cruiser-gr-sport/2022/,2026-06-11T12:50:09Z
toyota-land-cruiser-gr-sport,Land Cruiser GR Sport,2022,2022 Toyota Land Cruiser GR Sport,397900,https://www.drivearabia.com/carprices/uae/toyota/toyota-land-cruiser-gr-sport/2022/,2026-06-11T12:50:09Z
toyota-land-cruiser-gr-sport,Land Cruiser GR Sport,2022,2022 Nissan Patrol Nismo,385000,https://www.drivearabia.com/carprices/uae/toyota/toyota-land-cruiser-gr-sport/2022/,2026-06-11T12:50:09Z
toyota-land-cruiser-gr-sport,Land Cruiser GR Sport,2022,2022 Ford Expedition,273945,https://www.drivearabia.com/carprices/uae/toyota/toyota-land-cruiser-gr-sport/2022/,2026-06-11T12:50:09Z
toyota-land-cruiser-gr-sport,Land Cruiser GR Sport,2022,2022 GMC Yukon,197000,https://www.drivearabia.com/carprices/uae/toyota/toyota-land-cruiser-gr-sport/2022/,2026-06-11T12:50:09Z
toyota-land-cruiser-gr-sport,Land Cruiser GR Sport,2023,Original Starting Price,412900,https://www.drivearabia.com/carprices/uae/toyota/toyota-land-cruiser-gr-sport/2023/,2026-06-11T12:50:10Z
toyota-land-cruiser-gr-sport,Land Cruiser GR Sport,2023,3.5TC V6 GR 4WD,412900,https://www.drivearabia.com/carprices/uae/toyota/toyota-land-cruiser-gr-sport/2023/,2026-06-11T12:50:10Z
toyota-land-cruiser-gr-sport,Land Cruiser GR Sport,2023,2023 Nissan Patrol Nismo,395000,https://www.drivearabia.com/carprices/uae/toyota/toyota-land-cruiser-gr-sport/2023/,2026-06-11T12:50:10Z
toyota-land-cruiser-gr-sport,Land Cruiser GR Sport,2023,2023 Ford Expedition,273945,https://www.drivearabia.com/carprices/uae/toyota/toyota-land-cruiser-gr-sport/2023/,2026-06-11T12:50:10Z
toyota-land-cruiser-gr-sport,Land Cruiser GR Sport,2023,2023 GMC Yukon,197000,https://www.drivearabia.com/carprices/uae/toyota/toyota-land-cruiser-gr-sport/2023/,2026-06-11T12:50:10Z
toyota-land-cruiser-gr-sport,Land Cruiser GR Sport,2024,Original Starting Price,412900,https://www.drivearabia.com/carprices/uae/toyota/toyota-land-cruiser-gr-sport/2024/,2026-06-11T12:50:12Z
toyota-land-cruiser-gr-sport,Land Cruiser GR Sport,2024,3.5TC V6 GR 4WD,412900,https://www.drivearabia.com/carprices/uae/toyota/toyota-land-cruiser-gr-sport/2024/,2026-06-11T12:50:12Z
toyota-land-cruiser-gr-sport,Land Cruiser GR Sport,2024,2024 Nissan Patrol Nismo,398500,https://www.drivearabia.com/carprices/uae/toyota/toyota-land-cruiser-gr-sport/2024/,2026-06-11T12:50:12Z
toyota-land-cruiser-gr-sport,Land Cruiser GR Sport,2024,2024 Ford Expedition,273945,https://www.drivearabia.com/carprices/uae/toyota/toyota-land-cruiser-gr-sport/2024/,2026-06-11T12:50:12Z
toyota-land-cruiser-gr-sport,Land Cruiser GR Sport,2024,2024 GMC Yukon,300000,https://www.drivearabia.com/carprices/uae/toyota/toyota-land-cruiser-gr-sport/2024/,2026-06-11T12:50:12Z
toyota-land-cruiser-gr-sport,Land Cruiser GR Sport,2025,Starting at,399900,https://www.drivearabia.com/carprices/uae/toyota/toyota-land-cruiser-gr-sport/2025/,2026-06-11T12:50:14Z
toyota-land-cruiser-gr-sport,Land Cruiser GR Sport,2025,3.5TC V6 GR 4WD,399900,https://www.drivearabia.com/carprices/uae/toyota/toyota-land-cruiser-gr-sport/2025/,2026-06-11T12:50:14Z
toyota-land-cruiser-gr-sport,Land Cruiser GR Sport,2025,3.5TC+E V6 GR 4WD,409900,https://www.drivearabia.com/carprices/uae/toyota/toyota-land-cruiser-gr-sport/2025/,2026-06-11T12:50:14Z
toyota-land-cruiser-gr-sport,Land Cruiser GR Sport,2025,2025 Ford Expedition,273945,https://www.drivearabia.com/carprices/uae/toyota/toyota-land-cruiser-gr-sport/2025/,2026-06-11T12:50:14Z
toyota-land-cruiser-gr-sport,Land Cruiser GR Sport,2025,2025 GMC Yukon,320000,https://www.drivearabia.com/carprices/uae/toyota/toyota-land-cruiser-gr-sport/2025/,2026-06-11T12:50:14Z
toyota-land-cruiser-gr-sport,Land Cruiser GR Sport,2025,2025 Nissan Patrol Nismo,449900,https://www.drivearabia.com/carprices/uae/toyota/toyota-land-cruiser-gr-sport/2025/,2026-06-11T12:50:14Z
toyota-land-cruiser-gr-sport,Land Cruiser GR Sport,2026,Starting at,399900,https://www.drivearabia.com/carprices/uae/toyota/toyota-land-cruiser-gr-sport/2026/,2026-06-11T12:50:16Z
toyota-land-cruiser-gr-sport,Land Cruiser GR Sport,2026,3.5TC V6 GR 4WD,399900,https://www.drivearabia.com/carprices/uae/toyota/toyota-land-cruiser-gr-sport/2026/,2026-06-11T12:50:16Z
toyota-land-cruiser-gr-sport,Land Cruiser GR Sport,2026,3.5TC+E V6 GR 4WD,409900,https://www.drivearabia.com/carprices/uae/toyota/toyota-land-cruiser-gr-sport/2026/,2026-06-11T12:50:16Z
toyota-land-cruiser-gr-sport,Land Cruiser GR Sport,2026,2025 Ford Expedition,273945,https://www.drivearabia.com/carprices/uae/toyota/toyota-land-cruiser-gr-sport/2026/,2026-06-11T12:50:16Z
toyota-land-cruiser-gr-sport,Land Cruiser GR Sport,2026,2025 GMC Yukon,320000,https://www.drivearabia.com/carprices/uae/toyota/toyota-land-cruiser-gr-sport/2026/,2026-06-11T12:50:16Z
toyota-land-cruiser-gr-sport,Land Cruiser GR Sport,2026,2025 Nissan Patrol Nismo,449900,https://www.drivearabia.com/carprices/uae/toyota/toyota-land-cruiser-gr-sport/2026/,2026-06-11T12:50:16Z
toyota-land-cruiser-pickup,Land Cruiser Pickup,2010,Original Starting Price,106000,https://www.drivearabia.com/carprices/uae/toyota/toyota-land-cruiser-pickup/2010/,2026-06-11T12:50:18Z
toyota-land-cruiser-pickup,Land Cruiser Pickup,2010,2010 Toyota Land Cruiser Pickup,106000,https://www.drivearabia.com/carprices/uae/toyota/toyota-land-cruiser-pickup/2010/,2026-06-11T12:50:18Z
toyota-land-cruiser-pickup,Land Cruiser Pickup,2010,2010 Chevrolet Silverado,100000,https://www.drivearabia.com/carprices/uae/toyota/toyota-land-cruiser-pickup/2010/,2026-06-11T12:50:18Z
toyota-land-cruiser-pickup,Land Cruiser Pickup,2010,2010 Ford F-150,85000,https://www.drivearabia.com/carprices/uae/toyota/toyota-land-cruiser-pickup/2010/,2026-06-11T12:50:18Z
toyota-land-cruiser-pickup,Land Cruiser Pickup,2010,2010 Dodge Ram,116000,https://www.drivearabia.com/carprices/uae/toyota/toyota-land-cruiser-pickup/2010/,2026-06-11T12:50:18Z
toyota-land-cruiser-pickup,Land Cruiser Pickup,2011,Original Starting Price,106000,https://www.drivearabia.com/carprices/uae/toyota/toyota-land-cruiser-pickup/2011/,2026-06-11T12:50:20Z
toyota-land-cruiser-pickup,Land Cruiser Pickup,2011,2011 Toyota Land Cruiser Pickup,106000,https://www.drivearabia.com/carprices/uae/toyota/toyota-land-cruiser-pickup/2011/,2026-06-11T12:50:20Z
toyota-land-cruiser-pickup,Land Cruiser Pickup,2011,2011 Chevrolet Silverado,100000,https://www.drivearabia.com/carprices/uae/toyota/toyota-land-cruiser-pickup/2011/,2026-06-11T12:50:20Z
toyota-land-cruiser-pickup,Land Cruiser Pickup,2011,2010 Dodge Ram,116000,https://www.drivearabia.com/carprices/uae/toyota/toyota-land-cruiser-pickup/2011/,2026-06-11T12:50:20Z
toyota-land-cruiser-pickup,Land Cruiser Pickup,2011,2011 Ford F-150,110000,https://www.drivearabia.com/carprices/uae/toyota/toyota-land-cruiser-pickup/2011/,2026-06-11T12:50:20Z
toyota-land-cruiser-pickup,Land Cruiser Pickup,2012,Original Starting Price,106000,https://www.drivearabia.com/carprices/uae/toyota/toyota-land-cruiser-pickup/2012/,2026-06-11T12:50:22Z
toyota-land-cruiser-pickup,Land Cruiser Pickup,2012,2012 Toyota Land Cruiser Pickup,106000,https://www.drivearabia.com/carprices/uae/toyota/toyota-land-cruiser-pickup/2012/,2026-06-11T12:50:22Z
toyota-land-cruiser-pickup,Land Cruiser Pickup,2012,2012 Chevrolet Silverado,100000,https://www.drivearabia.com/carprices/uae/toyota/toyota-land-cruiser-pickup/2012/,2026-06-11T12:50:22Z
toyota-land-cruiser-pickup,Land Cruiser Pickup,2012,2010 Dodge Ram,116000,https://www.drivearabia.com/carprices/uae/toyota/toyota-land-cruiser-pickup/2012/,2026-06-11T12:50:22Z
toyota-land-cruiser-pickup,Land Cruiser Pickup,2012,2012 Ford F-150,110000,https://www.drivearabia.com/carprices/uae/toyota/toyota-land-cruiser-pickup/2012/,2026-06-11T12:50:22Z
toyota-land-cruiser-pickup,Land Cruiser Pickup,2013,Original Starting Price,106000,https://www.drivearabia.com/carprices/uae/toyota/toyota-land-cruiser-pickup/2013/,2026-06-11T12:50:24Z
toyota-land-cruiser-pickup,Land Cruiser Pickup,2013,2013 Toyota Land Cruiser Pickup,106000,https://www.drivearabia.com/carprices/uae/toyota/toyota-land-cruiser-pickup/2013/,2026-06-11T12:50:24Z
toyota-land-cruiser-pickup,Land Cruiser Pickup,2013,2013 Chevrolet Silverado,100000,https://www.drivearabia.com/carprices/uae/toyota/toyota-land-cruiser-pickup/2013/,2026-06-11T12:50:24Z
toyota-land-cruiser-pickup,Land Cruiser Pickup,2013,2010 Dodge Ram,116000,https://www.drivearabia.com/carprices/uae/toyota/toyota-land-cruiser-pickup/2013/,2026-06-11T12:50:24Z
toyota-land-cruiser-pickup,Land Cruiser Pickup,2013,2013 Ford F-150,110000,https://www.drivearabia.com/carprices/uae/toyota/toyota-land-cruiser-pickup/2013/,2026-06-11T12:50:24Z
toyota-land-cruiser-pickup,Land Cruiser Pickup,2014,Original Starting Price,106000,https://www.drivearabia.com/carprices/uae/toyota/toyota-land-cruiser-pickup/2014/,2026-06-11T12:50:26Z
toyota-land-cruiser-pickup,Land Cruiser Pickup,2014,2014 Toyota Land Cruiser Pickup,106000,https://www.drivearabia.com/carprices/uae/toyota/toyota-land-cruiser-pickup/2014/,2026-06-11T12:50:26Z
toyota-land-cruiser-pickup,Land Cruiser Pickup,2014,2010 Dodge Ram,116000,https://www.drivearabia.com/carprices/uae/toyota/toyota-land-cruiser-pickup/2014/,2026-06-11T12:50:26Z
toyota-land-cruiser-pickup,Land Cruiser Pickup,2014,2014 Ford F-150,110000,https://www.drivearabia.com/carprices/uae/toyota/toyota-land-cruiser-pickup/2014/,2026-06-11T12:50:26Z
toyota-land-cruiser-pickup,Land Cruiser Pickup,2014,2014 Chevrolet Silverado,108000,https://www.drivearabia.com/carprices/uae/toyota/toyota-land-cruiser-pickup/2014/,2026-06-11T12:50:26Z
toyota-land-cruiser-pickup,Land Cruiser Pickup,2015,Original Starting Price,106000,https://www.drivearabia.com/carprices/uae/toyota/toyota-land-cruiser-pickup/2015/,2026-06-11T12:50:28Z
toyota-land-cruiser-pickup,Land Cruiser Pickup,2015,2015 Toyota Land Cruiser Pickup,106000,https://www.drivearabia.com/carprices/uae/toyota/toyota-land-cruiser-pickup/2015/,2026-06-11T12:50:28Z
toyota-land-cruiser-pickup,Land Cruiser Pickup,2015,2010 Dodge Ram,116000,https://www.drivearabia.com/carprices/uae/toyota/toyota-land-cruiser-pickup/2015/,2026-06-11T12:50:28Z
toyota-land-cruiser-pickup,Land Cruiser Pickup,2015,2015 Chevrolet Silverado,108000,https://www.drivearabia.com/carprices/uae/toyota/toyota-land-cruiser-pickup/2015/,2026-06-11T12:50:28Z
toyota-land-cruiser-pickup,Land Cruiser Pickup,2015,2015 Ford F-150,139000,https://www.drivearabia.com/carprices/uae/toyota/toyota-land-cruiser-pickup/2015/,2026-06-11T12:50:28Z
toyota-land-cruiser-pickup,Land Cruiser Pickup,2016,Original Starting Price,115600,https://www.drivearabia.com/carprices/uae/toyota/toyota-land-cruiser-pickup/2016/,2026-06-11T12:50:30Z
toyota-land-cruiser-pickup,Land Cruiser Pickup,2016,2016 Toyota Land Cruiser Pickup,115600,https://www.drivearabia.com/carprices/uae/toyota/toyota-land-cruiser-pickup/2016/,2026-06-11T12:50:30Z
toyota-land-cruiser-pickup,Land Cruiser Pickup,2016,2010 Dodge Ram,116000,https://www.drivearabia.com/carprices/uae/toyota/toyota-land-cruiser-pickup/2016/,2026-06-11T12:50:30Z
toyota-land-cruiser-pickup,Land Cruiser Pickup,2016,2016 Chevrolet Silverado,108000,https://www.drivearabia.com/carprices/uae/toyota/toyota-land-cruiser-pickup/2016/,2026-06-11T12:50:30Z
toyota-land-cruiser-pickup,Land Cruiser Pickup,2016,2016 Ford F-150,139000,https://www.drivearabia.com/carprices/uae/toyota/toyota-land-cruiser-pickup/2016/,2026-06-11T12:50:30Z
toyota-land-cruiser-pickup,Land Cruiser Pickup,2017,Original Starting Price,115600,https://www.drivearabia.com/carprices/uae/toyota/toyota-land-cruiser-pickup/2017/,2026-06-11T12:50:32Z
toyota-land-cruiser-pickup,Land Cruiser Pickup,2017,2017 Toyota Land Cruiser Pickup,115600,https://www.drivearabia.com/carprices/uae/toyota/toyota-land-cruiser-pickup/2017/,2026-06-11T12:50:32Z
toyota-land-cruiser-pickup,Land Cruiser Pickup,2017,2010 Dodge Ram,116000,https://www.drivearabia.com/carprices/uae/toyota/toyota-land-cruiser-pickup/2017/,2026-06-11T12:50:32Z
toyota-land-cruiser-pickup,Land Cruiser Pickup,2017,2017 Chevrolet Silverado,108000,https://www.drivearabia.com/carprices/uae/toyota/toyota-land-cruiser-pickup/2017/,2026-06-11T12:50:32Z
toyota-land-cruiser-pickup,Land Cruiser Pickup,2017,2017 Ford F-150,139000,https://www.drivearabia.com/carprices/uae/toyota/toyota-land-cruiser-pickup/2017/,2026-06-11T12:50:32Z
toyota-land-cruiser-pickup,Land Cruiser Pickup,2018,Original Starting Price,115600,https://www.drivearabia.com/carprices/uae/toyota/toyota-land-cruiser-pickup/2018/,2026-06-11T12:50:34Z
toyota-land-cruiser-pickup,Land Cruiser Pickup,2018,2018 Toyota Land Cruiser Pickup,115600,https://www.drivearabia.com/carprices/uae/toyota/toyota-land-cruiser-pickup/2018/,2026-06-11T12:50:34Z
toyota-land-cruiser-pickup,Land Cruiser Pickup,2018,2018 Ford F-150,155000,https://www.drivearabia.com/carprices/uae/toyota/toyota-land-cruiser-pickup/2018/,2026-06-11T12:50:34Z
toyota-land-cruiser-pickup,Land Cruiser Pickup,2018,2018 Ram 1500,120000,https://www.drivearabia.com/carprices/uae/toyota/toyota-land-cruiser-pickup/2018/,2026-06-11T12:50:34Z
toyota-land-cruiser-pickup,Land Cruiser Pickup,2019,Original Starting Price,141750,https://www.drivearabia.com/carprices/uae/toyota/toyota-land-cruiser-pickup/2019/,2026-06-11T12:50:36Z
toyota-land-cruiser-pickup,Land Cruiser Pickup,2019,2019 Toyota Land Cruiser Pickup,141750,https://www.drivearabia.com/carprices/uae/toyota/toyota-land-cruiser-pickup/2019/,2026-06-11T12:50:36Z
toyota-land-cruiser-pickup,Land Cruiser Pickup,2019,2019 Ram 1500,162000,https://www.drivearabia.com/carprices/uae/toyota/toyota-land-cruiser-pickup/2019/,2026-06-11T12:50:36Z
toyota-land-cruiser-pickup,Land Cruiser Pickup,2019,2019 Ford F-150,155000,https://www.drivearabia.com/carprices/uae/toyota/toyota-land-cruiser-pickup/2019/,2026-06-11T12:50:36Z
toyota-land-cruiser-pickup,Land Cruiser Pickup,2020,Original Starting Price,141750,https://www.drivearabia.com/carprices/uae/toyota/toyota-land-cruiser-pickup/2020/,2026-06-11T12:50:38Z
toyota-land-cruiser-pickup,Land Cruiser Pickup,2020,2020 Toyota Land Cruiser Pickup,141750,https://www.drivearabia.com/carprices/uae/toyota/toyota-land-cruiser-pickup/2020/,2026-06-11T12:50:38Z
toyota-land-cruiser-pickup,Land Cruiser Pickup,2020,2020 Ford F-150,155000,https://www.drivearabia.com/carprices/uae/toyota/toyota-land-cruiser-pickup/2020/,2026-06-11T12:50:38Z
toyota-land-cruiser-pickup,Land Cruiser Pickup,2020,2020 Ram 1500,162000,https://www.drivearabia.com/carprices/uae/toyota/toyota-land-cruiser-pickup/2020/,2026-06-11T12:50:38Z
toyota-land-cruiser-pickup,Land Cruiser Pickup,2021,Original Starting Price,141750,https://www.drivearabia.com/carprices/uae/toyota/toyota-land-cruiser-pickup/2021/,2026-06-11T12:50:40Z
toyota-land-cruiser-pickup,Land Cruiser Pickup,2021,4-door,141750,https://www.drivearabia.com/carprices/uae/toyota/toyota-land-cruiser-pickup/2021/,2026-06-11T12:50:40Z
toyota-land-cruiser-pickup,Land Cruiser Pickup,2021,2-door,151200,https://www.drivearabia.com/carprices/uae/toyota/toyota-land-cruiser-pickup/2021/,2026-06-11T12:50:40Z
toyota-land-cruiser-pickup,Land Cruiser Pickup,2021,Overlander 4-door,195000,https://www.drivearabia.com/carprices/uae/toyota/toyota-land-cruiser-pickup/2021/,2026-06-11T12:50:40Z
toyota-land-cruiser-pickup,Land Cruiser Pickup,2021,2021 Ram 1500,162000,https://www.drivearabia.com/carprices/uae/toyota/toyota-land-cruiser-pickup/2021/,2026-06-11T12:50:40Z
toyota-land-cruiser-pickup,Land Cruiser Pickup,2021,2021 Ford F-150,189000,https://www.drivearabia.com/carprices/uae/toyota/toyota-land-cruiser-pickup/2021/,2026-06-11T12:50:40Z
toyota-land-cruiser-pickup,Land Cruiser Pickup,2022,Original Starting Price,141750,https://www.drivearabia.com/carprices/uae/toyota/toyota-land-cruiser-pickup/2022/,2026-06-11T12:50:42Z
toyota-land-cruiser-pickup,Land Cruiser Pickup,2022,4-door,141750,https://www.drivearabia.com/carprices/uae/toyota/toyota-land-cruiser-pickup/2022/,2026-06-11T12:50:42Z
toyota-land-cruiser-pickup,Land Cruiser Pickup,2022,2-door,151200,https://www.drivearabia.com/carprices/uae/toyota/toyota-land-cruiser-pickup/2022/,2026-06-11T12:50:42Z
toyota-land-cruiser-pickup,Land Cruiser Pickup,2022,Overlander 4-door,195000,https://www.drivearabia.com/carprices/uae/toyota/toyota-land-cruiser-pickup/2022/,2026-06-11T12:50:42Z
toyota-land-cruiser-pickup,Land Cruiser Pickup,2022,2022 Ford F-150,189000,https://www.drivearabia.com/carprices/uae/toyota/toyota-land-cruiser-pickup/2022/,2026-06-11T12:50:42Z
toyota-land-cruiser-pickup,Land Cruiser Pickup,2022,2022 Ram 1500,162000,https://www.drivearabia.com/carprices/uae/toyota/toyota-land-cruiser-pickup/2022/,2026-06-11T12:50:42Z
toyota-land-cruiser-pickup,Land Cruiser Pickup,2023,Original Starting Price,141750,https://www.drivearabia.com/carprices/uae/toyota/toyota-land-cruiser-pickup/2023/,2026-06-11T12:50:44Z
toyota-land-cruiser-pickup,Land Cruiser Pickup,2023,4-door,141750,https://www.drivearabia.com/carprices/uae/toyota/toyota-land-cruiser-pickup/2023/,2026-06-11T12:50:44Z
toyota-land-cruiser-pickup,Land Cruiser Pickup,2023,2-door,151200,https://www.drivearabia.com/carprices/uae/toyota/toyota-land-cruiser-pickup/2023/,2026-06-11T12:50:44Z
toyota-land-cruiser-pickup,Land Cruiser Pickup,2023,Overlander 4-door,195000,https://www.drivearabia.com/carprices/uae/toyota/toyota-land-cruiser-pickup/2023/,2026-06-11T12:50:44Z
toyota-land-cruiser-pickup,Land Cruiser Pickup,2023,2023 Ford F-150,189000,https://www.drivearabia.com/carprices/uae/toyota/toyota-land-cruiser-pickup/2023/,2026-06-11T12:50:44Z
toyota-land-cruiser-pickup,Land Cruiser Pickup,2023,2023 Ram 1500,182000,https://www.drivearabia.com/carprices/uae/toyota/toyota-land-cruiser-pickup/2023/,2026-06-11T12:50:44Z
toyota-land-cruiser-pickup,Land Cruiser Pickup,2024,Original Starting Price,141750,https://www.drivearabia.com/carprices/uae/toyota/toyota-land-cruiser-pickup/2024/,2026-06-11T12:50:46Z
toyota-land-cruiser-pickup,Land Cruiser Pickup,2024,4-door,141750,https://www.drivearabia.com/carprices/uae/toyota/toyota-land-cruiser-pickup/2024/,2026-06-11T12:50:46Z
toyota-land-cruiser-pickup,Land Cruiser Pickup,2024,2-door,151200,https://www.drivearabia.com/carprices/uae/toyota/toyota-land-cruiser-pickup/2024/,2026-06-11T12:50:46Z
toyota-land-cruiser-pickup,Land Cruiser Pickup,2024,Overlander 4-door,195000,https://www.drivearabia.com/carprices/uae/toyota/toyota-land-cruiser-pickup/2024/,2026-06-11T12:50:46Z
toyota-land-cruiser-pickup,Land Cruiser Pickup,2024,2024 Ford F-150,189000,https://www.drivearabia.com/carprices/uae/toyota/toyota-land-cruiser-pickup/2024/,2026-06-11T12:50:46Z
toyota-land-cruiser-pickup,Land Cruiser Pickup,2024,2024 Ram 1500,259900,https://www.drivearabia.com/carprices/uae/toyota/toyota-land-cruiser-pickup/2024/,2026-06-11T12:50:46Z
toyota-land-cruiser-prado,Toyota Land Cruiser Prado,2010,Original Starting Price,124000,https://www.drivearabia.com/carprices/uae/toyota/toyota-land-cruiser-prado/2010/,2026-06-11T12:50:50Z
toyota-land-cruiser-prado,Toyota Land Cruiser Prado,2010,2.7L 5-door,124000,https://www.drivearabia.com/carprices/uae/toyota/toyota-land-cruiser-prado/2010/,2026-06-11T12:50:50Z
toyota-land-cruiser-prado,Toyota Land Cruiser Prado,2010,3.0L 5-door diesel,126000,https://www.drivearabia.com/carprices/uae/toyota/toyota-land-cruiser-prado/2010/,2026-06-11T12:50:50Z
toyota-land-cruiser-prado,Toyota Land Cruiser Prado,2010,4.0L 5-door,145500,https://www.drivearabia.com/carprices/uae/toyota/toyota-land-cruiser-prado/2010/,2026-06-11T12:50:50Z
toyota-land-cruiser-prado,Toyota Land Cruiser Prado,2010,2010 Ford Explorer,99000,https://www.drivearabia.com/carprices/uae/toyota/toyota-land-cruiser-prado/2010/,2026-06-11T12:50:50Z
toyota-land-cruiser-prado,Toyota Land Cruiser Prado,2010,2010 Nissan Pathfinder,114000,https://www.drivearabia.com/carprices/uae/toyota/toyota-land-cruiser-prado/2010/,2026-06-11T12:50:50Z
toyota-land-cruiser-prado,Toyota Land Cruiser Prado,2010,2010 Mitsubishi Pajero,88000,https://www.drivearabia.com/carprices/uae/toyota/toyota-land-cruiser-prado/2010/,2026-06-11T12:50:50Z
toyota-land-cruiser-prado,Toyota Land Cruiser Prado,2011,Original Starting Price,124000,https://www.drivearabia.com/carprices/uae/toyota/toyota-land-cruiser-prado/2011/,2026-06-11T12:50:52Z
toyota-land-cruiser-prado,Toyota Land Cruiser Prado,2011,2.7L 5-door,124000,https://www.drivearabia.com/carprices/uae/toyota/toyota-land-cruiser-prado/2011/,2026-06-11T12:50:52Z
toyota-land-cruiser-prado,Toyota Land Cruiser Prado,2011,3.0L 5-door diesel,126000,https://www.drivearabia.com/carprices/uae/toyota/toyota-land-cruiser-prado/2011/,2026-06-11T12:50:52Z
toyota-land-cruiser-prado,Toyota Land Cruiser Prado,2011,4.0L 5-door,145500,https://www.drivearabia.com/carprices/uae/toyota/toyota-land-cruiser-prado/2011/,2026-06-11T12:50:52Z
toyota-land-cruiser-prado,Toyota Land Cruiser Prado,2011,2011 Nissan Pathfinder,114000,https://www.drivearabia.com/carprices/uae/toyota/toyota-land-cruiser-prado/2011/,2026-06-11T12:50:52Z
toyota-land-cruiser-prado,Toyota Land Cruiser Prado,2011,2011 Mitsubishi Pajero,88000,https://www.drivearabia.com/carprices/uae/toyota/toyota-land-cruiser-prado/2011/,2026-06-11T12:50:52Z
toyota-land-cruiser-prado,Toyota Land Cruiser Prado,2011,2011 Ford Explorer,130000,https://www.drivearabia.com/carprices/uae/toyota/toyota-land-cruiser-prado/2011/,2026-06-11T12:50:52Z
toyota-land-cruiser-prado,Toyota Land Cruiser Prado,2012,Original Starting Price,124000,https://www.drivearabia.com/carprices/uae/toyota/toyota-land-cruiser-prado/2012/,2026-06-11T12:50:54Z
toyota-land-cruiser-prado,Toyota Land Cruiser Prado,2012,2.7L 5-door,124000,https://www.drivearabia.com/carprices/uae/toyota/toyota-land-cruiser-prado/2012/,2026-06-11T12:50:54Z
toyota-land-cruiser-prado,Toyota Land Cruiser Prado,2012,3.0L 5-door diesel,126000,https://www.drivearabia.com/carprices/uae/toyota/toyota-land-cruiser-prado/2012/,2026-06-11T12:50:54Z
toyota-land-cruiser-prado,Toyota Land Cruiser Prado,2012,4.0L 5-door,145500,https://www.drivearabia.com/carprices/uae/toyota/toyota-land-cruiser-prado/2012/,2026-06-11T12:50:54Z
toyota-land-cruiser-prado,Toyota Land Cruiser Prado,2012,2012 Nissan Pathfinder,114000,https://www.drivearabia.com/carprices/uae/toyota/toyota-land-cruiser-prado/2012/,2026-06-11T12:50:54Z
toyota-land-cruiser-prado,Toyota Land Cruiser Prado,2012,2012 Ford Explorer,130000,https://www.drivearabia.com/carprices/uae/toyota/toyota-land-cruiser-prado/2012/,2026-06-11T12:50:54Z
toyota-land-cruiser-prado,Toyota Land Cruiser Prado,2012,2012 Mitsubishi Pajero,99000,https://www.drivearabia.com/carprices/uae/toyota/toyota-land-cruiser-prado/2012/,2026-06-11T12:50:54Z
toyota-land-cruiser-prado,Toyota Land Cruiser Prado,2013,Original Starting Price,132000,https://www.drivearabia.com/carprices/uae/toyota/toyota-land-cruiser-prado/2013/,2026-06-11T12:50:56Z
toyota-land-cruiser-prado,Toyota Land Cruiser Prado,2013,2.7L TX/TXL auto,132000,https://www.drivearabia.com/carprices/uae/toyota/toyota-land-cruiser-prado/2013/,2026-06-11T12:50:56Z
toyota-land-cruiser-prado,Toyota Land Cruiser Prado,2013,4.0L TX/TXL auto,145000,https://www.drivearabia.com/carprices/uae/toyota/toyota-land-cruiser-prado/2013/,2026-06-11T12:50:56Z
toyota-land-cruiser-prado,Toyota Land Cruiser Prado,2013,4.0L VXL auto,210000,https://www.drivearabia.com/carprices/uae/toyota/toyota-land-cruiser-prado/2013/,2026-06-11T12:50:56Z
toyota-land-cruiser-prado,Toyota Land Cruiser Prado,2013,2013 Mitsubishi Pajero,99000,https://www.drivearabia.com/carprices/uae/toyota/toyota-land-cruiser-prado/2013/,2026-06-11T12:50:56Z
toyota-land-cruiser-prado,Toyota Land Cruiser Prado,2013,2013 Nissan Pathfinder,115000,https://www.drivearabia.com/carprices/uae/toyota/toyota-land-cruiser-prado/2013/,2026-06-11T12:50:56Z
toyota-land-cruiser-prado,Toyota Land Cruiser Prado,2013,2013 Ford Explorer,135000,https://www.drivearabia.com/carprices/uae/toyota/toyota-land-cruiser-prado/2013/,2026-06-11T12:50:56Z
toyota-land-cruiser-prado,Toyota Land Cruiser Prado,2014,Original Starting Price,124900,https://www.drivearabia.com/carprices/uae/toyota/toyota-land-cruiser-prado/2014/,2026-06-11T12:50:58Z
toyota-land-cruiser-prado,Toyota Land Cruiser Prado,2014,2.7 EXR,124900,https://www.drivearabia.com/carprices/uae/toyota/toyota-land-cruiser-prado/2014/,2026-06-11T12:50:58Z
toyota-land-cruiser-prado,Toyota Land Cruiser Prado,2014,4.0 EXR,144900,https://www.drivearabia.com/carprices/uae/toyota/toyota-land-cruiser-prado/2014/,2026-06-11T12:50:58Z
toyota-land-cruiser-prado,Toyota Land Cruiser Prado,2014,2.7 GXR,144900,https://www.drivearabia.com/carprices/uae/toyota/toyota-land-cruiser-prado/2014/,2026-06-11T12:50:58Z
toyota-land-cruiser-prado,Toyota Land Cruiser Prado,2014,2.7 VXR,151900,https://www.drivearabia.com/carprices/uae/toyota/toyota-land-cruiser-prado/2014/,2026-06-11T12:50:58Z
toyota-land-cruiser-prado,Toyota Land Cruiser Prado,2014,4.0 GXR,164900,https://www.drivearabia.com/carprices/uae/toyota/toyota-land-cruiser-prado/2014/,2026-06-11T12:50:58Z
toyota-land-cruiser-prado,Toyota Land Cruiser Prado,2014,4.0 VXR,175900,https://www.drivearabia.com/carprices/uae/toyota/toyota-land-cruiser-prado/2014/,2026-06-11T12:50:58Z
toyota-land-cruiser-prado,Toyota Land Cruiser Prado,2014,4.0 VXL,189900,https://www.drivearabia.com/carprices/uae/toyota/toyota-land-cruiser-prado/2014/,2026-06-11T12:50:58Z
toyota-land-cruiser-prado,Toyota Land Cruiser Prado,2014,2014 Mitsubishi Pajero,99000,https://www.drivearabia.com/carprices/uae/toyota/toyota-land-cruiser-prado/2014/,2026-06-11T12:50:58Z
toyota-land-cruiser-prado,Toyota Land Cruiser Prado,2014,2014 Nissan Pathfinder,115000,https://www.drivearabia.com/carprices/uae/toyota/toyota-land-cruiser-prado/2014/,2026-06-11T12:50:58Z
toyota-land-cruiser-prado,Toyota Land Cruiser Prado,2014,2014 Ford Explorer,135000,https://www.drivearabia.com/carprices/uae/toyota/toyota-land-cruiser-prado/2014/,2026-06-11T12:50:58Z
toyota-land-cruiser-prado,Toyota Land Cruiser Prado,2015,Original Starting Price,124900,https://www.drivearabia.com/carprices/uae/toyota/toyota-land-cruiser-prado/2015/,2026-06-11T12:51:00Z
toyota-land-cruiser-prado,Toyota Land Cruiser Prado,2015,2.7 EXR,124900,https://www.drivearabia.com/carprices/uae/toyota/toyota-land-cruiser-prado/2015/,2026-06-11T12:51:00Z
toyota-land-cruiser-prado,Toyota Land Cruiser Prado,2015,4.0 EXR,144900,https://www.drivearabia.com/carprices/uae/toyota/toyota-land-cruiser-prado/2015/,2026-06-11T12:51:00Z
toyota-land-cruiser-prado,Toyota Land Cruiser Prado,2015,2.7 GXR,144900,https://www.drivearabia.com/carprices/uae/toyota/toyota-land-cruiser-prado/2015/,2026-06-11T12:51:00Z
toyota-land-cruiser-prado,Toyota Land Cruiser Prado,2015,2.7 VXR,151900,https://www.drivearabia.com/carprices/uae/toyota/toyota-land-cruiser-prado/2015/,2026-06-11T12:51:00Z
toyota-land-cruiser-prado,Toyota Land Cruiser Prado,2015,4.0 GXR,164900,https://www.drivearabia.com/carprices/uae/toyota/toyota-land-cruiser-prado/2015/,2026-06-11T12:51:00Z
toyota-land-cruiser-prado,Toyota Land Cruiser Prado,2015,4.0 VXR,175900,https://www.drivearabia.com/carprices/uae/toyota/toyota-land-cruiser-prado/2015/,2026-06-11T12:51:00Z
toyota-land-cruiser-prado,Toyota Land Cruiser Prado,2015,4.0 VXL,189900,https://www.drivearabia.com/carprices/uae/toyota/toyota-land-cruiser-prado/2015/,2026-06-11T12:51:00Z
toyota-land-cruiser-prado,Toyota Land Cruiser Prado,2015,2015 Ford Explorer,135000,https://www.drivearabia.com/carprices/uae/toyota/toyota-land-cruiser-prado/2015/,2026-06-11T12:51:00Z
toyota-land-cruiser-prado,Toyota Land Cruiser Prado,2015,2015 Mitsubishi Pajero,89900,https://www.drivearabia.com/carprices/uae/toyota/toyota-land-cruiser-prado/2015/,2026-06-11T12:51:00Z
toyota-land-cruiser-prado,Toyota Land Cruiser Prado,2015,2015 Nissan Pathfinder,106000,https://www.drivearabia.com/carprices/uae/toyota/toyota-land-cruiser-prado/2015/,2026-06-11T12:51:00Z
toyota-land-cruiser-prado,Toyota Land Cruiser Prado,2016,Original Starting Price,124900,https://www.drivearabia.com/carprices/uae/toyota/toyota-land-cruiser-prado/2016/,2026-06-11T12:51:02Z
toyota-land-cruiser-prado,Toyota Land Cruiser Prado,2016,2.7 I4 EXR,124900,https://www.drivearabia.com/carprices/uae/toyota/toyota-land-cruiser-prado/2016/,2026-06-11T12:51:02Z
toyota-land-cruiser-prado,Toyota Land Cruiser Prado,2016,4.0 V6 EXR,144900,https://www.drivearabia.com/carprices/uae/toyota/toyota-land-cruiser-prado/2016/,2026-06-11T12:51:02Z
toyota-land-cruiser-prado,Toyota Land Cruiser Prado,2016,2.7 I4 GXR,144900,https://www.drivearabia.com/carprices/uae/toyota/toyota-land-cruiser-prado/2016/,2026-06-11T12:51:02Z
toyota-land-cruiser-prado,Toyota Land Cruiser Prado,2016,2.7 I4 VXR,151900,https://www.drivearabia.com/carprices/uae/toyota/toyota-land-cruiser-prado/2016/,2026-06-11T12:51:02Z
toyota-land-cruiser-prado,Toyota Land Cruiser Prado,2016,4.0 V6 GXR,164900,https://www.drivearabia.com/carprices/uae/toyota/toyota-land-cruiser-prado/2016/,2026-06-11T12:51:02Z
toyota-land-cruiser-prado,Toyota Land Cruiser Prado,2016,4.0 V6 VXR,175900,https://www.drivearabia.com/carprices/uae/toyota/toyota-land-cruiser-prado/2016/,2026-06-11T12:51:02Z
toyota-land-cruiser-prado,Toyota Land Cruiser Prado,2016,4.0 V6 VXL,189900,https://www.drivearabia.com/carprices/uae/toyota/toyota-land-cruiser-prado/2016/,2026-06-11T12:51:02Z
toyota-land-cruiser-prado,Toyota Land Cruiser Prado,2016,2016 Mitsubishi Pajero,89900,https://www.drivearabia.com/carprices/uae/toyota/toyota-land-cruiser-prado/2016/,2026-06-11T12:51:02Z
toyota-land-cruiser-prado,Toyota Land Cruiser Prado,2016,2016 Ford Explorer,129000,https://www.drivearabia.com/carprices/uae/toyota/toyota-land-cruiser-prado/2016/,2026-06-11T12:51:02Z
toyota-land-cruiser-prado,Toyota Land Cruiser Prado,2016,2016 Nissan Pathfinder,106000,https://www.drivearabia.com/carprices/uae/toyota/toyota-land-cruiser-prado/2016/,2026-06-11T12:51:02Z
toyota-land-cruiser-prado,Toyota Land Cruiser Prado,2017,Original Starting Price,124500,https://www.drivearabia.com/carprices/uae/toyota/toyota-land-cruiser-prado/2017/,2026-06-11T12:51:04Z
toyota-land-cruiser-prado,Toyota Land Cruiser Prado,2017,2.7 I4 EXR,124500,https://www.drivearabia.com/carprices/uae/toyota/toyota-land-cruiser-prado/2017/,2026-06-11T12:51:04Z
toyota-land-cruiser-prado,Toyota Land Cruiser Prado,2017,4.0 V6 EXR,144900,https://www.drivearabia.com/carprices/uae/toyota/toyota-land-cruiser-prado/2017/,2026-06-11T12:51:04Z
toyota-land-cruiser-prado,Toyota Land Cruiser Prado,2017,2.7 I4 GXR,144900,https://www.drivearabia.com/carprices/uae/toyota/toyota-land-cruiser-prado/2017/,2026-06-11T12:51:04Z
toyota-land-cruiser-prado,Toyota Land Cruiser Prado,2017,2.7 I4 VXR,151900,https://www.drivearabia.com/carprices/uae/toyota/toyota-land-cruiser-prado/2017/,2026-06-11T12:51:04Z
toyota-land-cruiser-prado,Toyota Land Cruiser Prado,2017,4.0 V6 GXR,164900,https://www.drivearabia.com/carprices/uae/toyota/toyota-land-cruiser-prado/2017/,2026-06-11T12:51:04Z
toyota-land-cruiser-prado,Toyota Land Cruiser Prado,2017,4.0 V6 VXR,175900,https://www.drivearabia.com/carprices/uae/toyota/toyota-land-cruiser-prado/2017/,2026-06-11T12:51:04Z
toyota-land-cruiser-prado,Toyota Land Cruiser Prado,2017,4.0 V6 VXL,189900,https://www.drivearabia.com/carprices/uae/toyota/toyota-land-cruiser-prado/2017/,2026-06-11T12:51:04Z
toyota-land-cruiser-prado,Toyota Land Cruiser Prado,2017,2017 Mitsubishi Pajero,89900,https://www.drivearabia.com/carprices/uae/toyota/toyota-land-cruiser-prado/2017/,2026-06-11T12:51:04Z
toyota-land-cruiser-prado,Toyota Land Cruiser Prado,2017,2017 Chevrolet Tahoe,157000,https://www.drivearabia.com/carprices/uae/toyota/toyota-land-cruiser-prado/2017/,2026-06-11T12:51:04Z
toyota-land-cruiser-prado,Toyota Land Cruiser Prado,2017,2017 Nissan Pathfinder,106000,https://www.drivearabia.com/carprices/uae/toyota/toyota-land-cruiser-prado/2017/,2026-06-11T12:51:04Z
toyota-land-cruiser-prado,Toyota Land Cruiser Prado,2018,Original Starting Price,129900,https://www.drivearabia.com/carprices/uae/toyota/toyota-land-cruiser-prado/2018/,2026-06-11T12:51:06Z
toyota-land-cruiser-prado,Toyota Land Cruiser Prado,2018,2.7 EXR,129900,https://www.drivearabia.com/carprices/uae/toyota/toyota-land-cruiser-prado/2018/,2026-06-11T12:51:06Z
toyota-land-cruiser-prado,Toyota Land Cruiser Prado,2018,2.7 GXR,144900,https://www.drivearabia.com/carprices/uae/toyota/toyota-land-cruiser-prado/2018/,2026-06-11T12:51:06Z
toyota-land-cruiser-prado,Toyota Land Cruiser Prado,2018,4.0 EXR,159000,https://www.drivearabia.com/carprices/uae/toyota/toyota-land-cruiser-prado/2018/,2026-06-11T12:51:06Z
toyota-land-cruiser-prado,Toyota Land Cruiser Prado,2018,2.7 VXR,159900,https://www.drivearabia.com/carprices/uae/toyota/toyota-land-cruiser-prado/2018/,2026-06-11T12:51:06Z
toyota-land-cruiser-prado,Toyota Land Cruiser Prado,2018,4.0 GXR,179900,https://www.drivearabia.com/carprices/uae/toyota/toyota-land-cruiser-prado/2018/,2026-06-11T12:51:06Z
toyota-land-cruiser-prado,Toyota Land Cruiser Prado,2018,4.0 VXR,194900,https://www.drivearabia.com/carprices/uae/toyota/toyota-land-cruiser-prado/2018/,2026-06-11T12:51:06Z
toyota-land-cruiser-prado,Toyota Land Cruiser Prado,2018,4.0 Limited,204900,https://www.drivearabia.com/carprices/uae/toyota/toyota-land-cruiser-prado/2018/,2026-06-11T12:51:06Z
toyota-land-cruiser-prado,Toyota Land Cruiser Prado,2018,2018 Nissan Pathfinder,124950,https://www.drivearabia.com/carprices/uae/toyota/toyota-land-cruiser-prado/2018/,2026-06-11T12:51:06Z
toyota-land-cruiser-prado,Toyota Land Cruiser Prado,2018,2018 Chevrolet Traverse,125000,https://www.drivearabia.com/carprices/uae/toyota/toyota-land-cruiser-prado/2018/,2026-06-11T12:51:06Z
toyota-land-cruiser-prado,Toyota Land Cruiser Prado,2018,2018 GMC Acadia,129000,https://www.drivearabia.com/carprices/uae/toyota/toyota-land-cruiser-prado/2018/,2026-06-11T12:51:06Z
toyota-land-cruiser-prado,Toyota Land Cruiser Prado,2019,Original Starting Price,129900,https://www.drivearabia.com/carprices/uae/toyota/toyota-land-cruiser-prado/2019/,2026-06-11T12:51:08Z
toyota-land-cruiser-prado,Toyota Land Cruiser Prado,2019,2.7 I4 EXR,129900,https://www.drivearabia.com/carprices/uae/toyota/toyota-land-cruiser-prado/2019/,2026-06-11T12:51:08Z
toyota-land-cruiser-prado,Toyota Land Cruiser Prado,2019,2.7 I4 GXR,144900,https://www.drivearabia.com/carprices/uae/toyota/toyota-land-cruiser-prado/2019/,2026-06-11T12:51:08Z
toyota-land-cruiser-prado,Toyota Land Cruiser Prado,2019,4.0 V6 EXR,159900,https://www.drivearabia.com/carprices/uae/toyota/toyota-land-cruiser-prado/2019/,2026-06-11T12:51:08Z
toyota-land-cruiser-prado,Toyota Land Cruiser Prado,2019,2.7 I4 VXR,159900,https://www.drivearabia.com/carprices/uae/toyota/toyota-land-cruiser-prado/2019/,2026-06-11T12:51:08Z
toyota-land-cruiser-prado,Toyota Land Cruiser Prado,2019,4.0 V6 GXR,174900,https://www.drivearabia.com/carprices/uae/toyota/toyota-land-cruiser-prado/2019/,2026-06-11T12:51:08Z
toyota-land-cruiser-prado,Toyota Land Cruiser Prado,2019,4.0 V6 VXR,189900,https://www.drivearabia.com/carprices/uae/toyota/toyota-land-cruiser-prado/2019/,2026-06-11T12:51:08Z
toyota-land-cruiser-prado,Toyota Land Cruiser Prado,2019,2019 Nissan Pathfinder,119000,https://www.drivearabia.com/carprices/uae/toyota/toyota-land-cruiser-prado/2019/,2026-06-11T12:51:08Z
toyota-land-cruiser-prado,Toyota Land Cruiser Prado,2019,2019 Chevrolet Traverse,124100,https://www.drivearabia.com/carprices/uae/toyota/toyota-land-cruiser-prado/2019/,2026-06-11T12:51:08Z
toyota-land-cruiser-prado,Toyota Land Cruiser Prado,2019,2019 Mitsubishi Pajero,89900,https://www.drivearabia.com/carprices/uae/toyota/toyota-land-cruiser-prado/2019/,2026-06-11T12:51:08Z
toyota-land-cruiser-prado,Toyota Land Cruiser Prado,2020,Original Starting Price,129900,https://www.drivearabia.com/carprices/uae/toyota/toyota-land-cruiser-prado/2020/,2026-06-11T12:51:10Z
toyota-land-cruiser-prado,Toyota Land Cruiser Prado,2020,2.7 I4 EXR,129900,https://www.drivearabia.com/carprices/uae/toyota/toyota-land-cruiser-prado/2020/,2026-06-11T12:51:10Z
toyota-land-cruiser-prado,Toyota Land Cruiser Prado,2020,2.7 I4 GXR,144900,https://www.drivearabia.com/carprices/uae/toyota/toyota-land-cruiser-prado/2020/,2026-06-11T12:51:10Z
toyota-land-cruiser-prado,Toyota Land Cruiser Prado,2020,4.0 V6 EXR,159900,https://www.drivearabia.com/carprices/uae/toyota/toyota-land-cruiser-prado/2020/,2026-06-11T12:51:10Z
toyota-land-cruiser-prado,Toyota Land Cruiser Prado,2020,2.7 I4 VXR,159900,https://www.drivearabia.com/carprices/uae/toyota/toyota-land-cruiser-prado/2020/,2026-06-11T12:51:10Z
toyota-land-cruiser-prado,Toyota Land Cruiser Prado,2020,4.0 V6 GXR,174900,https://www.drivearabia.com/carprices/uae/toyota/toyota-land-cruiser-prado/2020/,2026-06-11T12:51:10Z
toyota-land-cruiser-prado,Toyota Land Cruiser Prado,2020,4.0 V6 VXR,189900,https://www.drivearabia.com/carprices/uae/toyota/toyota-land-cruiser-prado/2020/,2026-06-11T12:51:10Z
toyota-land-cruiser-prado,Toyota Land Cruiser Prado,2020,2020 Chevrolet Tahoe,179300,https://www.drivearabia.com/carprices/uae/toyota/toyota-land-cruiser-prado/2020/,2026-06-11T12:51:10Z
toyota-land-cruiser-prado,Toyota Land Cruiser Prado,2020,2020 Nissan Pathfinder,119000,https://www.drivearabia.com/carprices/uae/toyota/toyota-land-cruiser-prado/2020/,2026-06-11T12:51:10Z
toyota-land-cruiser-prado,Toyota Land Cruiser Prado,2020,2020 Mitsubishi Pajero,96500,https://www.drivearabia.com/carprices/uae/toyota/toyota-land-cruiser-prado/2020/,2026-06-11T12:51:10Z
toyota-land-cruiser-prado,Toyota Land Cruiser Prado,2021,Original Starting Price,129900,https://www.drivearabia.com/carprices/uae/toyota/toyota-land-cruiser-prado/2021/,2026-06-11T12:51:12Z
toyota-land-cruiser-prado,Toyota Land Cruiser Prado,2021,2.7 I4 EXR,129900,https://www.drivearabia.com/carprices/uae/toyota/toyota-land-cruiser-prado/2021/,2026-06-11T12:51:12Z
toyota-land-cruiser-prado,Toyota Land Cruiser Prado,2021,2.7 I4 GXR,144900,https://www.drivearabia.com/carprices/uae/toyota/toyota-land-cruiser-prado/2021/,2026-06-11T12:51:12Z
toyota-land-cruiser-prado,Toyota Land Cruiser Prado,2021,4.0 V6 EXR,159900,https://www.drivearabia.com/carprices/uae/toyota/toyota-land-cruiser-prado/2021/,2026-06-11T12:51:12Z
toyota-land-cruiser-prado,Toyota Land Cruiser Prado,2021,2.7 I4 VXR,159900,https://www.drivearabia.com/carprices/uae/toyota/toyota-land-cruiser-prado/2021/,2026-06-11T12:51:12Z
toyota-land-cruiser-prado,Toyota Land Cruiser Prado,2021,4.0 V6 GXR,174900,https://www.drivearabia.com/carprices/uae/toyota/toyota-land-cruiser-prado/2021/,2026-06-11T12:51:12Z
toyota-land-cruiser-prado,Toyota Land Cruiser Prado,2021,4.0 V6 VXR,189900,https://www.drivearabia.com/carprices/uae/toyota/toyota-land-cruiser-prado/2021/,2026-06-11T12:51:12Z
toyota-land-cruiser-prado,Toyota Land Cruiser Prado,2021,2020 Mitsubishi Pajero,96500,https://www.drivearabia.com/carprices/uae/toyota/toyota-land-cruiser-prado/2021/,2026-06-11T12:51:12Z
toyota-land-cruiser-prado,Toyota Land Cruiser Prado,2021,2021 Chevrolet Tahoe,184900,https://www.drivearabia.com/carprices/uae/toyota/toyota-land-cruiser-prado/2021/,2026-06-11T12:51:12Z
toyota-land-cruiser-prado,Toyota Land Cruiser Prado,2021,2021 Nissan Pathfinder,119000,https://www.drivearabia.com/carprices/uae/toyota/toyota-land-cruiser-prado/2021/,2026-06-11T12:51:12Z
toyota-land-cruiser-prado,Toyota Land Cruiser Prado,2022,Original Starting Price,165900,https://www.drivearabia.com/carprices/uae/toyota/toyota-land-cruiser-prado/2022/,2026-06-11T12:51:13Z
toyota-land-cruiser-prado,Toyota Land Cruiser Prado,2022,4.0 V6 EXR,165900,https://www.drivearabia.com/carprices/uae/toyota/toyota-land-cruiser-prado/2022/,2026-06-11T12:51:13Z
toyota-land-cruiser-prado,Toyota Land Cruiser Prado,2022,4.0 V6 GXR,183900,https://www.drivearabia.com/carprices/uae/toyota/toyota-land-cruiser-prado/2022/,2026-06-11T12:51:13Z
toyota-land-cruiser-prado,Toyota Land Cruiser Prado,2022,4.0 V6 VXR,198900,https://www.drivearabia.com/carprices/uae/toyota/toyota-land-cruiser-prado/2022/,2026-06-11T12:51:13Z
toyota-land-cruiser-prado,Toyota Land Cruiser Prado,2022,2022 Ford Explorer,155000,https://www.drivearabia.com/carprices/uae/toyota/toyota-land-cruiser-prado/2022/,2026-06-11T12:51:13Z
toyota-land-cruiser-prado,Toyota Land Cruiser Prado,2022,2022 Jeep Wrangler Unlimited,159900,https://www.drivearabia.com/carprices/uae/toyota/toyota-land-cruiser-prado/2022/,2026-06-11T12:51:13Z
toyota-land-cruiser-prado,Toyota Land Cruiser Prado,2023,Original Starting Price,167900,https://www.drivearabia.com/carprices/uae/toyota/toyota-land-cruiser-prado/2023/,2026-06-11T12:51:15Z
toyota-land-cruiser-prado,Toyota Land Cruiser Prado,2023,4.0 V6 EXR,167900,https://www.drivearabia.com/carprices/uae/toyota/toyota-land-cruiser-prado/2023/,2026-06-11T12:51:15Z
toyota-land-cruiser-prado,Toyota Land Cruiser Prado,2023,4.0 V6 GXR,183900,https://www.drivearabia.com/carprices/uae/toyota/toyota-land-cruiser-prado/2023/,2026-06-11T12:51:15Z
toyota-land-cruiser-prado,Toyota Land Cruiser Prado,2023,4.0 V6 VXR,200900,https://www.drivearabia.com/carprices/uae/toyota/toyota-land-cruiser-prado/2023/,2026-06-11T12:51:15Z
toyota-land-cruiser-prado,Toyota Land Cruiser Prado,2023,4.0 V6 Limited,229900,https://www.drivearabia.com/carprices/uae/toyota/toyota-land-cruiser-prado/2023/,2026-06-11T12:51:15Z
toyota-land-cruiser-prado,Toyota Land Cruiser Prado,2023,2023 Ford Explorer,155000,https://www.drivearabia.com/carprices/uae/toyota/toyota-land-cruiser-prado/2023/,2026-06-11T12:51:15Z
toyota-land-cruiser-prado,Toyota Land Cruiser Prado,2023,2023 Jeep Wrangler Unlimited,159900,https://www.drivearabia.com/carprices/uae/toyota/toyota-land-cruiser-prado/2023/,2026-06-11T12:51:15Z
toyota-land-cruiser-prado,Toyota Land Cruiser Prado,2023,2023 Mitsubishi Montero Sport,79900,https://www.drivearabia.com/carprices/uae/toyota/toyota-land-cruiser-prado/2023/,2026-06-11T12:51:15Z
toyota-land-cruiser-prado,Toyota Land Cruiser Prado,2024,Original Starting Price,199900,https://www.drivearabia.com/carprices/uae/toyota/toyota-land-cruiser-prado/2024/,2026-06-11T12:51:17Z
toyota-land-cruiser-prado,Toyota Land Cruiser Prado,2024,2.4TC I4 TXR 4WD,199900,https://www.drivearabia.com/carprices/uae/toyota/toyota-land-cruiser-prado/2024/,2026-06-11T12:51:17Z
toyota-land-cruiser-prado,Toyota Land Cruiser Prado,2024,2.4TC I4 GXR 4WD,219900,https://www.drivearabia.com/carprices/uae/toyota/toyota-land-cruiser-prado/2024/,2026-06-11T12:51:17Z
toyota-land-cruiser-prado,Toyota Land Cruiser Prado,2024,2.4TC I4 GXL 4WD,229900,https://www.drivearabia.com/carprices/uae/toyota/toyota-land-cruiser-prado/2024/,2026-06-11T12:51:17Z
toyota-land-cruiser-prado,Toyota Land Cruiser Prado,2024,2.4TC I4 Adventure 4WD,254900,https://www.drivearabia.com/carprices/uae/toyota/toyota-land-cruiser-prado/2024/,2026-06-11T12:51:17Z
toyota-land-cruiser-prado,Toyota Land Cruiser Prado,2024,2.4 TC I4 Adventure First Edition 4WD,264900,https://www.drivearabia.com/carprices/uae/toyota/toyota-land-cruiser-prado/2024/,2026-06-11T12:51:17Z
toyota-land-cruiser-prado,Toyota Land Cruiser Prado,2024,2024 Ford Explorer,155000,https://www.drivearabia.com/carprices/uae/toyota/toyota-land-cruiser-prado/2024/,2026-06-11T12:51:17Z
toyota-land-cruiser-prado,Toyota Land Cruiser Prado,2024,2024 Jeep Wrangler Unlimited,207500,https://www.drivearabia.com/carprices/uae/toyota/toyota-land-cruiser-prado/2024/,2026-06-11T12:51:17Z
toyota-land-cruiser-prado,Toyota Land Cruiser Prado,2024,2024 Mitsubishi Montero Sport,93350,https://www.drivearabia.com/carprices/uae/toyota/toyota-land-cruiser-prado/2024/,2026-06-11T12:51:17Z
toyota-land-cruiser-prado,Toyota Land Cruiser Prado,2025,Starting at,199900,https://www.drivearabia.com/carprices/uae/toyota/toyota-land-cruiser-prado/2025/,2026-06-11T12:51:19Z
toyota-land-cruiser-prado,Toyota Land Cruiser Prado,2025,2.4TC I4 TXR 4WD,199900,https://www.drivearabia.com/carprices/uae/toyota/toyota-land-cruiser-prado/2025/,2026-06-11T12:51:19Z
toyota-land-cruiser-prado,Toyota Land Cruiser Prado,2025,2.4TC I4 GXR 4WD,219900,https://www.drivearabia.com/carprices/uae/toyota/toyota-land-cruiser-prado/2025/,2026-06-11T12:51:19Z
toyota-land-cruiser-prado,Toyota Land Cruiser Prado,2025,2.4TC I4 GXL 4WD,229900,https://www.drivearabia.com/carprices/uae/toyota/toyota-land-cruiser-prado/2025/,2026-06-11T12:51:19Z
toyota-land-cruiser-prado,Toyota Land Cruiser Prado,2025,2.4TC I4 Adventure 4WD,254900,https://www.drivearabia.com/carprices/uae/toyota/toyota-land-cruiser-prado/2025/,2026-06-11T12:51:19Z
toyota-land-cruiser-prado,Toyota Land Cruiser Prado,2025,2.4 TC I4 VXR 4WD,264900,https://www.drivearabia.com/carprices/uae/toyota/toyota-land-cruiser-prado/2025/,2026-06-11T12:51:19Z
toyota-land-cruiser-prado,Toyota Land Cruiser Prado,2025,2025 Ford Explorer,213045,https://www.drivearabia.com/carprices/uae/toyota/toyota-land-cruiser-prado/2025/,2026-06-11T12:51:19Z
toyota-land-cruiser-prado,Toyota Land Cruiser Prado,2025,2025 Mitsubishi Montero Sport,93350,https://www.drivearabia.com/carprices/uae/toyota/toyota-land-cruiser-prado/2025/,2026-06-11T12:51:19Z
toyota-land-cruiser-prado,Toyota Land Cruiser Prado,2025,2025 Jeep Wrangler Unlimited,207500,https://www.drivearabia.com/carprices/uae/toyota/toyota-land-cruiser-prado/2025/,2026-06-11T12:51:19Z
toyota-land-cruiser-prado,Toyota Land Cruiser Prado,2026,Starting at,199900,https://www.drivearabia.com/carprices/uae/toyota/toyota-land-cruiser-prado/2026/,2026-06-11T12:51:21Z
toyota-land-cruiser-prado,Toyota Land Cruiser Prado,2026,2.4TC I4 TXR 4WD,199900,https://www.drivearabia.com/carprices/uae/toyota/toyota-land-cruiser-prado/2026/,2026-06-11T12:51:21Z
toyota-land-cruiser-prado,Toyota Land Cruiser Prado,2026,2.4TC I4 GXR 4WD,219900,https://www.drivearabia.com/carprices/uae/toyota/toyota-land-cruiser-prado/2026/,2026-06-11T12:51:21Z
toyota-land-cruiser-prado,Toyota Land Cruiser Prado,2026,2.4TC I4 GXL 4WD,229900,https://www.drivearabia.com/carprices/uae/toyota/toyota-land-cruiser-prado/2026/,2026-06-11T12:51:21Z
toyota-land-cruiser-prado,Toyota Land Cruiser Prado,2026,2.4TC I4 Adventure 4WD,254900,https://www.drivearabia.com/carprices/uae/toyota/toyota-land-cruiser-prado/2026/,2026-06-11T12:51:21Z
toyota-land-cruiser-prado,Toyota Land Cruiser Prado,2026,2.4 TC I4 VXR 4WD,264900,https://www.drivearabia.com/carprices/uae/toyota/toyota-land-cruiser-prado/2026/,2026-06-11T12:51:21Z
toyota-land-cruiser-prado,Toyota Land Cruiser Prado,2026,2025 Ford Explorer,213045,https://www.drivearabia.com/carprices/uae/toyota/toyota-land-cruiser-prado/2026/,2026-06-11T12:51:21Z
toyota-land-cruiser-prado,Toyota Land Cruiser Prado,2026,2025 Mitsubishi Montero Sport,93350,https://www.drivearabia.com/carprices/uae/toyota/toyota-land-cruiser-prado/2026/,2026-06-11T12:51:21Z
toyota-land-cruiser-prado,Toyota Land Cruiser Prado,2026,2025 Jeep Wrangler Unlimited,207500,https://www.drivearabia.com/carprices/uae/toyota/toyota-land-cruiser-prado/2026/,2026-06-11T12:51:21Z
toyota-land-cruiser-prado-swb,Land Cruiser Prado SWB,2010,Original Starting Price,118000,https://www.drivearabia.com/carprices/uae/toyota/toyota-land-cruiser-prado-swb/2010/,2026-06-11T12:51:23Z
toyota-land-cruiser-prado-swb,Land Cruiser Prado SWB,2010,2010 Toyota Land Cruiser Prado SWB,118000,https://www.drivearabia.com/carprices/uae/toyota/toyota-land-cruiser-prado-swb/2010/,2026-06-11T12:51:23Z
toyota-land-cruiser-prado-swb,Land Cruiser Prado SWB,2010,2010 Ford Explorer,99000,https://www.drivearabia.com/carprices/uae/toyota/toyota-land-cruiser-prado-swb/2010/,2026-06-11T12:51:23Z
toyota-land-cruiser-prado-swb,Land Cruiser Prado SWB,2010,2010 Nissan Pathfinder,114000,https://www.drivearabia.com/carprices/uae/toyota/toyota-land-cruiser-prado-swb/2010/,2026-06-11T12:51:23Z
toyota-land-cruiser-prado-swb,Land Cruiser Prado SWB,2010,2010 Mitsubishi Pajero,88000,https://www.drivearabia.com/carprices/uae/toyota/toyota-land-cruiser-prado-swb/2010/,2026-06-11T12:51:23Z
toyota-land-cruiser-prado-swb,Land Cruiser Prado SWB,2011,Original Starting Price,118000,https://www.drivearabia.com/carprices/uae/toyota/toyota-land-cruiser-prado-swb/2011/,2026-06-11T12:51:25Z
toyota-land-cruiser-prado-swb,Land Cruiser Prado SWB,2011,2011 Toyota Land Cruiser Prado SWB,118000,https://www.drivearabia.com/carprices/uae/toyota/toyota-land-cruiser-prado-swb/2011/,2026-06-11T12:51:25Z
toyota-land-cruiser-prado-swb,Land Cruiser Prado SWB,2011,2011 Nissan Pathfinder,114000,https://www.drivearabia.com/carprices/uae/toyota/toyota-land-cruiser-prado-swb/2011/,2026-06-11T12:51:25Z
toyota-land-cruiser-prado-swb,Land Cruiser Prado SWB,2011,2011 Mitsubishi Pajero,88000,https://www.drivearabia.com/carprices/uae/toyota/toyota-land-cruiser-prado-swb/2011/,2026-06-11T12:51:25Z
toyota-land-cruiser-prado-swb,Land Cruiser Prado SWB,2011,2011 Ford Explorer,130000,https://www.drivearabia.com/carprices/uae/toyota/toyota-land-cruiser-prado-swb/2011/,2026-06-11T12:51:25Z
toyota-land-cruiser-prado-swb,Land Cruiser Prado SWB,2012,Original Starting Price,118000,https://www.drivearabia.com/carprices/uae/toyota/toyota-land-cruiser-prado-swb/2012/,2026-06-11T12:51:27Z
toyota-land-cruiser-prado-swb,Land Cruiser Prado SWB,2012,2012 Toyota Land Cruiser Prado SWB,118000,https://www.drivearabia.com/carprices/uae/toyota/toyota-land-cruiser-prado-swb/2012/,2026-06-11T12:51:27Z
toyota-land-cruiser-prado-swb,Land Cruiser Prado SWB,2012,2012 Nissan Pathfinder,114000,https://www.drivearabia.com/carprices/uae/toyota/toyota-land-cruiser-prado-swb/2012/,2026-06-11T12:51:27Z
toyota-land-cruiser-prado-swb,Land Cruiser Prado SWB,2012,2012 Ford Explorer,130000,https://www.drivearabia.com/carprices/uae/toyota/toyota-land-cruiser-prado-swb/2012/,2026-06-11T12:51:27Z
toyota-land-cruiser-prado-swb,Land Cruiser Prado SWB,2012,2012 Mitsubishi Pajero,99000,https://www.drivearabia.com/carprices/uae/toyota/toyota-land-cruiser-prado-swb/2012/,2026-06-11T12:51:27Z
toyota-land-cruiser-prado-swb,Land Cruiser Prado SWB,2013,Original Starting Price,134000,https://www.drivearabia.com/carprices/uae/toyota/toyota-land-cruiser-prado-swb/2013/,2026-06-11T12:51:29Z
toyota-land-cruiser-prado-swb,Land Cruiser Prado SWB,2013,2013 Toyota Land Cruiser Prado SWB,134000,https://www.drivearabia.com/carprices/uae/toyota/toyota-land-cruiser-prado-swb/2013/,2026-06-11T12:51:29Z
toyota-land-cruiser-prado-swb,Land Cruiser Prado SWB,2013,2013 Mitsubishi Pajero,99000,https://www.drivearabia.com/carprices/uae/toyota/toyota-land-cruiser-prado-swb/2013/,2026-06-11T12:51:29Z
toyota-land-cruiser-prado-swb,Land Cruiser Prado SWB,2013,2013 Nissan Pathfinder,115000,https://www.drivearabia.com/carprices/uae/toyota/toyota-land-cruiser-prado-swb/2013/,2026-06-11T12:51:29Z
toyota-land-cruiser-prado-swb,Land Cruiser Prado SWB,2013,2013 Ford Explorer,135000,https://www.drivearabia.com/carprices/uae/toyota/toyota-land-cruiser-prado-swb/2013/,2026-06-11T12:51:29Z
toyota-land-cruiser-prado-swb,Land Cruiser Prado SWB,2014,Original Starting Price,124900,https://www.drivearabia.com/carprices/uae/toyota/toyota-land-cruiser-prado-swb/2014/,2026-06-11T12:51:31Z
toyota-land-cruiser-prado-swb,Land Cruiser Prado SWB,2014,2014 Toyota Land Cruiser Prado SWB,124900,https://www.drivearabia.com/carprices/uae/toyota/toyota-land-cruiser-prado-swb/2014/,2026-06-11T12:51:31Z
toyota-land-cruiser-prado-swb,Land Cruiser Prado SWB,2014,2014 Mitsubishi Pajero,99000,https://www.drivearabia.com/carprices/uae/toyota/toyota-land-cruiser-prado-swb/2014/,2026-06-11T12:51:31Z
toyota-land-cruiser-prado-swb,Land Cruiser Prado SWB,2014,2014 Nissan Pathfinder,115000,https://www.drivearabia.com/carprices/uae/toyota/toyota-land-cruiser-prado-swb/2014/,2026-06-11T12:51:31Z
toyota-land-cruiser-prado-swb,Land Cruiser Prado SWB,2014,2014 Ford Explorer,135000,https://www.drivearabia.com/carprices/uae/toyota/toyota-land-cruiser-prado-swb/2014/,2026-06-11T12:51:31Z
toyota-land-cruiser-prado-swb,Land Cruiser Prado SWB,2015,Original Starting Price,124900,https://www.drivearabia.com/carprices/uae/toyota/toyota-land-cruiser-prado-swb/2015/,2026-06-11T12:51:33Z
toyota-land-cruiser-prado-swb,Land Cruiser Prado SWB,2015,2015 Toyota Land Cruiser Prado SWB,124900,https://www.drivearabia.com/carprices/uae/toyota/toyota-land-cruiser-prado-swb/2015/,2026-06-11T12:51:33Z
toyota-land-cruiser-prado-swb,Land Cruiser Prado SWB,2015,2015 Ford Explorer,135000,https://www.drivearabia.com/carprices/uae/toyota/toyota-land-cruiser-prado-swb/2015/,2026-06-11T12:51:33Z
toyota-land-cruiser-prado-swb,Land Cruiser Prado SWB,2015,2015 Mitsubishi Pajero,89900,https://www.drivearabia.com/carprices/uae/toyota/toyota-land-cruiser-prado-swb/2015/,2026-06-11T12:51:33Z
toyota-land-cruiser-prado-swb,Land Cruiser Prado SWB,2015,2015 Nissan Pathfinder,106000,https://www.drivearabia.com/carprices/uae/toyota/toyota-land-cruiser-prado-swb/2015/,2026-06-11T12:51:33Z
toyota-land-cruiser-prado-swb,Land Cruiser Prado SWB,2016,Original Starting Price,119900,https://www.drivearabia.com/carprices/uae/toyota/toyota-land-cruiser-prado-swb/2016/,2026-06-11T12:51:35Z
toyota-land-cruiser-prado-swb,Land Cruiser Prado SWB,2016,2016 Toyota Land Cruiser Prado SWB,119900,https://www.drivearabia.com/carprices/uae/toyota/toyota-land-cruiser-prado-swb/2016/,2026-06-11T12:51:35Z
toyota-land-cruiser-prado-swb,Land Cruiser Prado SWB,2016,2016 Mitsubishi Pajero,89900,https://www.drivearabia.com/carprices/uae/toyota/toyota-land-cruiser-prado-swb/2016/,2026-06-11T12:51:35Z
toyota-land-cruiser-prado-swb,Land Cruiser Prado SWB,2016,2016 Ford Explorer,129000,https://www.drivearabia.com/carprices/uae/toyota/toyota-land-cruiser-prado-swb/2016/,2026-06-11T12:51:35Z
toyota-land-cruiser-prado-swb,Land Cruiser Prado SWB,2016,2016 Nissan Pathfinder,106000,https://www.drivearabia.com/carprices/uae/toyota/toyota-land-cruiser-prado-swb/2016/,2026-06-11T12:51:35Z
toyota-land-cruiser-prado-swb,Land Cruiser Prado SWB,2017,Original Starting Price,119900,https://www.drivearabia.com/carprices/uae/toyota/toyota-land-cruiser-prado-swb/2017/,2026-06-11T12:51:37Z
toyota-land-cruiser-prado-swb,Land Cruiser Prado SWB,2017,2017 Toyota Land Cruiser Prado SWB,119900,https://www.drivearabia.com/carprices/uae/toyota/toyota-land-cruiser-prado-swb/2017/,2026-06-11T12:51:37Z
toyota-land-cruiser-prado-swb,Land Cruiser Prado SWB,2017,2017 Mitsubishi Pajero,89900,https://www.drivearabia.com/carprices/uae/toyota/toyota-land-cruiser-prado-swb/2017/,2026-06-11T12:51:37Z
toyota-land-cruiser-prado-swb,Land Cruiser Prado SWB,2017,2017 Ford Explorer,129000,https://www.drivearabia.com/carprices/uae/toyota/toyota-land-cruiser-prado-swb/2017/,2026-06-11T12:51:37Z
toyota-land-cruiser-prado-swb,Land Cruiser Prado SWB,2017,2017 Nissan Pathfinder,106000,https://www.drivearabia.com/carprices/uae/toyota/toyota-land-cruiser-prado-swb/2017/,2026-06-11T12:51:37Z
toyota-land-cruiser-prado-swb,Land Cruiser Prado SWB,2018,Original Starting Price,119900,https://www.drivearabia.com/carprices/uae/toyota/toyota-land-cruiser-prado-swb/2018/,2026-06-11T12:51:39Z
toyota-land-cruiser-prado-swb,Land Cruiser Prado SWB,2018,2018 Toyota Land Cruiser Prado SWB,119900,https://www.drivearabia.com/carprices/uae/toyota/toyota-land-cruiser-prado-swb/2018/,2026-06-11T12:51:39Z
toyota-land-cruiser-prado-swb,Land Cruiser Prado SWB,2018,2018 Nissan Pathfinder,124950,https://www.drivearabia.com/carprices/uae/toyota/toyota-land-cruiser-prado-swb/2018/,2026-06-11T12:51:39Z
toyota-land-cruiser-prado-swb,Land Cruiser Prado SWB,2018,2018 Mitsubishi Pajero,89900,https://www.drivearabia.com/carprices/uae/toyota/toyota-land-cruiser-prado-swb/2018/,2026-06-11T12:51:39Z
toyota-land-cruiser-prado-swb,Land Cruiser Prado SWB,2018,2018 Ford Explorer,129000,https://www.drivearabia.com/carprices/uae/toyota/toyota-land-cruiser-prado-swb/2018/,2026-06-11T12:51:39Z
toyota-land-cruiser-prado-swb,Land Cruiser Prado SWB,2019,Original Starting Price,119900,https://www.drivearabia.com/carprices/uae/toyota/toyota-land-cruiser-prado-swb/2019/,2026-06-11T12:51:41Z
toyota-land-cruiser-prado-swb,Land Cruiser Prado SWB,2019,2019 Toyota Land Cruiser Prado SWB,119900,https://www.drivearabia.com/carprices/uae/toyota/toyota-land-cruiser-prado-swb/2019/,2026-06-11T12:51:41Z
toyota-land-cruiser-prado-swb,Land Cruiser Prado SWB,2019,2019 Nissan Pathfinder,119000,https://www.drivearabia.com/carprices/uae/toyota/toyota-land-cruiser-prado-swb/2019/,2026-06-11T12:51:41Z
toyota-land-cruiser-prado-swb,Land Cruiser Prado SWB,2019,2019 Ford Explorer,129000,https://www.drivearabia.com/carprices/uae/toyota/toyota-land-cruiser-prado-swb/2019/,2026-06-11T12:51:41Z
toyota-land-cruiser-prado-swb,Land Cruiser Prado SWB,2019,2019 Mitsubishi Pajero,89900,https://www.drivearabia.com/carprices/uae/toyota/toyota-land-cruiser-prado-swb/2019/,2026-06-11T12:51:41Z
toyota-land-cruiser-prado-swb,Land Cruiser Prado SWB,2020,Original Starting Price,119900,https://www.drivearabia.com/carprices/uae/toyota/toyota-land-cruiser-prado-swb/2020/,2026-06-11T12:51:43Z
toyota-land-cruiser-prado-swb,Land Cruiser Prado SWB,2020,2020 Toyota Land Cruiser Prado SWB,119900,https://www.drivearabia.com/carprices/uae/toyota/toyota-land-cruiser-prado-swb/2020/,2026-06-11T12:51:43Z
toyota-land-cruiser-prado-swb,Land Cruiser Prado SWB,2020,2020 Nissan Pathfinder,119000,https://www.drivearabia.com/carprices/uae/toyota/toyota-land-cruiser-prado-swb/2020/,2026-06-11T12:51:43Z
toyota-land-cruiser-prado-swb,Land Cruiser Prado SWB,2020,2020 Mitsubishi Pajero,96500,https://www.drivearabia.com/carprices/uae/toyota/toyota-land-cruiser-prado-swb/2020/,2026-06-11T12:51:43Z
toyota-land-cruiser-prado-swb,Land Cruiser Prado SWB,2020,2020 Ford Explorer,155000,https://www.drivearabia.com/carprices/uae/toyota/toyota-land-cruiser-prado-swb/2020/,2026-06-11T12:51:43Z
toyota-land-cruiser-prado-swb,Land Cruiser Prado SWB,2021,Original Starting Price,119900,https://www.drivearabia.com/carprices/uae/toyota/toyota-land-cruiser-prado-swb/2021/,2026-06-11T12:51:45Z
toyota-land-cruiser-prado-swb,Land Cruiser Prado SWB,2021,2021 Toyota Land Cruiser Prado SWB,119900,https://www.drivearabia.com/carprices/uae/toyota/toyota-land-cruiser-prado-swb/2021/,2026-06-11T12:51:45Z
toyota-land-cruiser-prado-swb,Land Cruiser Prado SWB,2021,2020 Mitsubishi Pajero,96500,https://www.drivearabia.com/carprices/uae/toyota/toyota-land-cruiser-prado-swb/2021/,2026-06-11T12:51:45Z
toyota-land-cruiser-prado-swb,Land Cruiser Prado SWB,2021,2021 Nissan Pathfinder,119000,https://www.drivearabia.com/carprices/uae/toyota/toyota-land-cruiser-prado-swb/2021/,2026-06-11T12:51:45Z
toyota-land-cruiser-prado-swb,Land Cruiser Prado SWB,2021,2021 Ford Explorer,155000,https://www.drivearabia.com/carprices/uae/toyota/toyota-land-cruiser-prado-swb/2021/,2026-06-11T12:51:45Z
toyota-land-cruiser-prado-swb,Land Cruiser Prado SWB,2022,2020 Mitsubishi Pajero,96500,https://www.drivearabia.com/carprices/uae/toyota/toyota-land-cruiser-prado-swb/2022/,2026-06-11T12:51:47Z
toyota-land-cruiser-prado-swb,Land Cruiser Prado SWB,2022,2022 Ford Bronco,193095,https://www.drivearabia.com/carprices/uae/toyota/toyota-land-cruiser-prado-swb/2022/,2026-06-11T12:51:47Z
toyota-land-cruiser-prado-swb,Land Cruiser Prado SWB,2022,2022 Jeep Wrangler,144900,https://www.drivearabia.com/carprices/uae/toyota/toyota-land-cruiser-prado-swb/2022/,2026-06-11T12:51:47Z
toyota-land-cruiser-prado-swb,Land Cruiser Prado SWB,2023,Original Starting Price,160000,https://www.drivearabia.com/carprices/uae/toyota/toyota-land-cruiser-prado-swb/2023/,2026-06-11T12:51:49Z
toyota-land-cruiser-prado-swb,Land Cruiser Prado SWB,2023,2.7 I4 SWB 4WD,160000,https://www.drivearabia.com/carprices/uae/toyota/toyota-land-cruiser-prado-swb/2023/,2026-06-11T12:51:49Z
toyota-land-cruiser-prado-swb,Land Cruiser Prado SWB,2023,2020 Mitsubishi Pajero,96500,https://www.drivearabia.com/carprices/uae/toyota/toyota-land-cruiser-prado-swb/2023/,2026-06-11T12:51:49Z
toyota-land-cruiser-prado-swb,Land Cruiser Prado SWB,2023,2023 Ford Bronco,193095,https://www.drivearabia.com/carprices/uae/toyota/toyota-land-cruiser-prado-swb/2023/,2026-06-11T12:51:49Z
toyota-land-cruiser-prado-swb,Land Cruiser Prado SWB,2023,2023 Jeep Wrangler,144900,https://www.drivearabia.com/carprices/uae/toyota/toyota-land-cruiser-prado-swb/2023/,2026-06-11T12:51:49Z
toyota-liteace,LiteAce,2022,Original Starting Price,68900,https://www.drivearabia.com/carprices/uae/toyota/toyota-liteace/2022/,2026-06-11T12:52:06Z
toyota-liteace,LiteAce,2022,1.5 I4 GL FWD,68900,https://www.drivearabia.com/carprices/uae/toyota/toyota-liteace/2022/,2026-06-11T12:52:06Z
toyota-liteace,LiteAce,2022,2022 Nissan Urvan,77175,https://www.drivearabia.com/carprices/uae/toyota/toyota-liteace/2022/,2026-06-11T12:52:06Z
toyota-liteace,LiteAce,2022,2022 Fiat Fiorino,43000,https://www.drivearabia.com/carprices/uae/toyota/toyota-liteace/2022/,2026-06-11T12:52:06Z
toyota-liteace,LiteAce,2022,2022 Peugeot Partner,64900,https://www.drivearabia.com/carprices/uae/toyota/toyota-liteace/2022/,2026-06-11T12:52:06Z
toyota-liteace,LiteAce,2023,Original Starting Price,74900,https://www.drivearabia.com/carprices/uae/toyota/toyota-liteace/2023/,2026-06-11T12:52:08Z
toyota-liteace,LiteAce,2023,1.5 I4 GL FWD,74900,https://www.drivearabia.com/carprices/uae/toyota/toyota-liteace/2023/,2026-06-11T12:52:08Z
toyota-liteace,LiteAce,2023,2022 Fiat Fiorino,43000,https://www.drivearabia.com/carprices/uae/toyota/toyota-liteace/2023/,2026-06-11T12:52:08Z
toyota-liteace,LiteAce,2023,2023 Peugeot Partner,64900,https://www.drivearabia.com/carprices/uae/toyota/toyota-liteace/2023/,2026-06-11T12:52:08Z
toyota-liteace,LiteAce,2023,2023 Nissan Urvan,77175,https://www.drivearabia.com/carprices/uae/toyota/toyota-liteace/2023/,2026-06-11T12:52:08Z
toyota-liteace,LiteAce,2024,Original Starting Price,74900,https://www.drivearabia.com/carprices/uae/toyota/toyota-liteace/2024/,2026-06-11T12:52:10Z
toyota-liteace,LiteAce,2024,1.5 I4 GL FWD,74900,https://www.drivearabia.com/carprices/uae/toyota/toyota-liteace/2024/,2026-06-11T12:52:10Z
toyota-liteace,LiteAce,2024,2022 Fiat Fiorino,43000,https://www.drivearabia.com/carprices/uae/toyota/toyota-liteace/2024/,2026-06-11T12:52:10Z
toyota-liteace,LiteAce,2024,2024 Nissan Urvan,77175,https://www.drivearabia.com/carprices/uae/toyota/toyota-liteace/2024/,2026-06-11T12:52:10Z
toyota-liteace,LiteAce,2024,2024 Peugeot Partner,64900,https://www.drivearabia.com/carprices/uae/toyota/toyota-liteace/2024/,2026-06-11T12:52:10Z
toyota-liteace,LiteAce,2025,Starting at,74900,https://www.drivearabia.com/carprices/uae/toyota/toyota-liteace/2025/,2026-06-11T12:52:12Z
toyota-liteace,LiteAce,2025,1.5 I4 GL FWD,74900,https://www.drivearabia.com/carprices/uae/toyota/toyota-liteace/2025/,2026-06-11T12:52:12Z
toyota-liteace,LiteAce,2025,2022 Fiat Fiorino,43000,https://www.drivearabia.com/carprices/uae/toyota/toyota-liteace/2025/,2026-06-11T12:52:12Z
toyota-liteace,LiteAce,2025,2025 Peugeot Partner,68250,https://www.drivearabia.com/carprices/uae/toyota/toyota-liteace/2025/,2026-06-11T12:52:12Z
toyota-liteace,LiteAce,2025,2025 Nissan Urvan,77175,https://www.drivearabia.com/carprices/uae/toyota/toyota-liteace/2025/,2026-06-11T12:52:12Z
toyota-previa,Previa,2010,Original Starting Price,105000,https://www.drivearabia.com/carprices/uae/toyota/toyota-previa/2010/,2026-06-11T12:52:15Z
toyota-previa,Previa,2010,2010 Toyota Previa,105000,https://www.drivearabia.com/carprices/uae/toyota/toyota-previa/2010/,2026-06-11T12:52:15Z
toyota-previa,Previa,2010,2010 Chrysler Grand Voyager,112000,https://www.drivearabia.com/carprices/uae/toyota/toyota-previa/2010/,2026-06-11T12:52:15Z
toyota-previa,Previa,2010,2010 Honda Odyssey,112000,https://www.drivearabia.com/carprices/uae/toyota/toyota-previa/2010/,2026-06-11T12:52:15Z
toyota-previa,Previa,2010,2010 Kia Carnival,77000,https://www.drivearabia.com/carprices/uae/toyota/toyota-previa/2010/,2026-06-11T12:52:15Z
toyota-previa,Previa,2011,Original Starting Price,105000,https://www.drivearabia.com/carprices/uae/toyota/toyota-previa/2011/,2026-06-11T12:52:17Z
toyota-previa,Previa,2011,2011 Toyota Previa,105000,https://www.drivearabia.com/carprices/uae/toyota/toyota-previa/2011/,2026-06-11T12:52:17Z
toyota-previa,Previa,2011,2011 Chrysler Grand Voyager,112000,https://www.drivearabia.com/carprices/uae/toyota/toyota-previa/2011/,2026-06-11T12:52:17Z
toyota-previa,Previa,2011,2011 Kia Carnival,77000,https://www.drivearabia.com/carprices/uae/toyota/toyota-previa/2011/,2026-06-11T12:52:17Z
toyota-previa,Previa,2011,2011 Honda Odyssey,119000,https://www.drivearabia.com/carprices/uae/toyota/toyota-previa/2011/,2026-06-11T12:52:17Z
toyota-previa,Previa,2012,Original Starting Price,105000,https://www.drivearabia.com/carprices/uae/toyota/toyota-previa/2012/,2026-06-11T12:52:19Z
toyota-previa,Previa,2012,2012 Toyota Previa,105000,https://www.drivearabia.com/carprices/uae/toyota/toyota-previa/2012/,2026-06-11T12:52:19Z
toyota-previa,Previa,2012,2012 Chrysler Grand Voyager,112000,https://www.drivearabia.com/carprices/uae/toyota/toyota-previa/2012/,2026-06-11T12:52:19Z
toyota-previa,Previa,2012,2012 Kia Carnival,77000,https://www.drivearabia.com/carprices/uae/toyota/toyota-previa/2012/,2026-06-11T12:52:19Z
toyota-previa,Previa,2012,2012 Honda Odyssey,119000,https://www.drivearabia.com/carprices/uae/toyota/toyota-previa/2012/,2026-06-11T12:52:19Z
toyota-previa,Previa,2013,Original Starting Price,105000,https://www.drivearabia.com/carprices/uae/toyota/toyota-previa/2013/,2026-06-11T12:52:21Z
toyota-previa,Previa,2013,2013 Toyota Previa,105000,https://www.drivearabia.com/carprices/uae/toyota/toyota-previa/2013/,2026-06-11T12:52:21Z
toyota-previa,Previa,2013,2013 Chrysler Grand Voyager,112000,https://www.drivearabia.com/carprices/uae/toyota/toyota-previa/2013/,2026-06-11T12:52:21Z
toyota-previa,Previa,2013,2013 Kia Carnival,77000,https://www.drivearabia.com/carprices/uae/toyota/toyota-previa/2013/,2026-06-11T12:52:21Z
toyota-previa,Previa,2013,2013 Honda Odyssey,130000,https://www.drivearabia.com/carprices/uae/toyota/toyota-previa/2013/,2026-06-11T12:52:21Z
toyota-previa,Previa,2014,Original Starting Price,105000,https://www.drivearabia.com/carprices/uae/toyota/toyota-previa/2014/,2026-06-11T12:52:23Z
toyota-previa,Previa,2014,2014 Toyota Previa,105000,https://www.drivearabia.com/carprices/uae/toyota/toyota-previa/2014/,2026-06-11T12:52:23Z
toyota-previa,Previa,2014,2014 Chrysler Grand Voyager,112000,https://www.drivearabia.com/carprices/uae/toyota/toyota-previa/2014/,2026-06-11T12:52:23Z
toyota-previa,Previa,2014,2014 Kia Carnival,77000,https://www.drivearabia.com/carprices/uae/toyota/toyota-previa/2014/,2026-06-11T12:52:23Z
toyota-previa,Previa,2014,2014 Honda Odyssey,130000,https://www.drivearabia.com/carprices/uae/toyota/toyota-previa/2014/,2026-06-11T12:52:23Z
toyota-previa,Previa,2015,Original Starting Price,105000,https://www.drivearabia.com/carprices/uae/toyota/toyota-previa/2015/,2026-06-11T12:52:25Z
toyota-previa,Previa,2015,2015 Toyota Previa,105000,https://www.drivearabia.com/carprices/uae/toyota/toyota-previa/2015/,2026-06-11T12:52:25Z
toyota-previa,Previa,2015,2015 Honda Odyssey,130000,https://www.drivearabia.com/carprices/uae/toyota/toyota-previa/2015/,2026-06-11T12:52:25Z
toyota-previa,Previa,2015,2015 Chrysler Grand Voyager,112000,https://www.drivearabia.com/carprices/uae/toyota/toyota-previa/2015/,2026-06-11T12:52:25Z
toyota-previa,Previa,2015,2015 Kia Carnival,89900,https://www.drivearabia.com/carprices/uae/toyota/toyota-previa/2015/,2026-06-11T12:52:25Z
toyota-previa,Previa,2016,Original Starting Price,105000,https://www.drivearabia.com/carprices/uae/toyota/toyota-previa/2016/,2026-06-11T12:52:27Z
toyota-previa,Previa,2016,2016 Toyota Previa,105000,https://www.drivearabia.com/carprices/uae/toyota/toyota-previa/2016/,2026-06-11T12:52:27Z
toyota-previa,Previa,2016,2016 Chrysler Grand Voyager,112000,https://www.drivearabia.com/carprices/uae/toyota/toyota-previa/2016/,2026-06-11T12:52:27Z
toyota-previa,Previa,2016,2016 Kia Carnival,89900,https://www.drivearabia.com/carprices/uae/toyota/toyota-previa/2016/,2026-06-11T12:52:27Z
toyota-previa,Previa,2016,2016 Honda Odyssey,130000,https://www.drivearabia.com/carprices/uae/toyota/toyota-previa/2016/,2026-06-11T12:52:27Z
toyota-previa,Previa,2017,Original Starting Price,105000,https://www.drivearabia.com/carprices/uae/toyota/toyota-previa/2017/,2026-06-11T12:52:29Z
toyota-previa,Previa,2017,2017 Toyota Previa,105000,https://www.drivearabia.com/carprices/uae/toyota/toyota-previa/2017/,2026-06-11T12:52:29Z
toyota-previa,Previa,2017,2016 Chrysler Grand Voyager,112000,https://www.drivearabia.com/carprices/uae/toyota/toyota-previa/2017/,2026-06-11T12:52:29Z
toyota-previa,Previa,2017,2017 Honda Odyssey,130000,https://www.drivearabia.com/carprices/uae/toyota/toyota-previa/2017/,2026-06-11T12:52:29Z
toyota-previa,Previa,2017,2017 Kia Carnival,89900,https://www.drivearabia.com/carprices/uae/toyota/toyota-previa/2017/,2026-06-11T12:52:29Z
toyota-previa,Previa,2018,Original Starting Price,132200,https://www.drivearabia.com/carprices/uae/toyota/toyota-previa/2018/,2026-06-11T12:52:31Z
toyota-previa,Previa,2018,Unknown,132200,https://www.drivearabia.com/carprices/uae/toyota/toyota-previa/2018/,2026-06-11T12:52:31Z
toyota-previa,Previa,2018,Unknown,144800,https://www.drivearabia.com/carprices/uae/toyota/toyota-previa/2018/,2026-06-11T12:52:31Z
toyota-previa,Previa,2018,2016 Chrysler Grand Voyager,112000,https://www.drivearabia.com/carprices/uae/toyota/toyota-previa/2018/,2026-06-11T12:52:31Z
toyota-previa,Previa,2018,2018 Honda Odyssey,142900,https://www.drivearabia.com/carprices/uae/toyota/toyota-previa/2018/,2026-06-11T12:52:31Z
toyota-previa,Previa,2018,2018 Kia Carnival,89900,https://www.drivearabia.com/carprices/uae/toyota/toyota-previa/2018/,2026-06-11T12:52:31Z
toyota-previa,Previa,2019,Original Starting Price,132200,https://www.drivearabia.com/carprices/uae/toyota/toyota-previa/2019/,2026-06-11T12:52:33Z
toyota-previa,Previa,2019,Unknown,132200,https://www.drivearabia.com/carprices/uae/toyota/toyota-previa/2019/,2026-06-11T12:52:33Z
toyota-previa,Previa,2019,Unknown,144800,https://www.drivearabia.com/carprices/uae/toyota/toyota-previa/2019/,2026-06-11T12:52:33Z
toyota-previa,Previa,2019,2016 Chrysler Grand Voyager,112000,https://www.drivearabia.com/carprices/uae/toyota/toyota-previa/2019/,2026-06-11T12:52:33Z
toyota-previa,Previa,2019,2019 Kia Carnival,89900,https://www.drivearabia.com/carprices/uae/toyota/toyota-previa/2019/,2026-06-11T12:52:33Z
toyota-previa,Previa,2019,2019 Honda Odyssey,142900,https://www.drivearabia.com/carprices/uae/toyota/toyota-previa/2019/,2026-06-11T12:52:33Z
toyota-previa,Previa,2020,Original Starting Price,132200,https://www.drivearabia.com/carprices/uae/toyota/toyota-previa/2020/,2026-06-11T12:52:35Z
toyota-previa,Previa,2020,Unknown,132200,https://www.drivearabia.com/carprices/uae/toyota/toyota-previa/2020/,2026-06-11T12:52:35Z
toyota-previa,Previa,2020,Unknown,144800,https://www.drivearabia.com/carprices/uae/toyota/toyota-previa/2020/,2026-06-11T12:52:35Z
toyota-previa,Previa,2020,2016 Chrysler Grand Voyager,112000,https://www.drivearabia.com/carprices/uae/toyota/toyota-previa/2020/,2026-06-11T12:52:35Z
toyota-previa,Previa,2020,2020 Honda Odyssey,142900,https://www.drivearabia.com/carprices/uae/toyota/toyota-previa/2020/,2026-06-11T12:52:35Z
toyota-previa,Previa,2020,2020 Kia Carnival,105000,https://www.drivearabia.com/carprices/uae/toyota/toyota-previa/2020/,2026-06-11T12:52:35Z
toyota-previa,Previa,2021,Original Starting Price,132200,https://www.drivearabia.com/carprices/uae/toyota/toyota-previa/2021/,2026-06-11T12:52:37Z
toyota-previa,Previa,2021,Unknown,132200,https://www.drivearabia.com/carprices/uae/toyota/toyota-previa/2021/,2026-06-11T12:52:37Z
toyota-previa,Previa,2021,Unknown,144800,https://www.drivearabia.com/carprices/uae/toyota/toyota-previa/2021/,2026-06-11T12:52:37Z
toyota-previa,Previa,2021,2016 Chrysler Grand Voyager,112000,https://www.drivearabia.com/carprices/uae/toyota/toyota-previa/2021/,2026-06-11T12:52:37Z
toyota-previa,Previa,2021,2021 Honda Odyssey,149900,https://www.drivearabia.com/carprices/uae/toyota/toyota-previa/2021/,2026-06-11T12:52:37Z
toyota-previa,Previa,2021,2021 Kia Carnival,122900,https://www.drivearabia.com/carprices/uae/toyota/toyota-previa/2021/,2026-06-11T12:52:37Z
toyota-prius,Prius,2016,Original Starting Price,89900,https://www.drivearabia.com/carprices/uae/toyota/toyota-prius/2016/,2026-06-11T12:52:50Z
toyota-prius,Prius,2016,2016 Toyota Prius,89900,https://www.drivearabia.com/carprices/uae/toyota/toyota-prius/2016/,2026-06-11T12:52:50Z
toyota-prius,Prius,2016,2016 Volkswagen Golf,79900,https://www.drivearabia.com/carprices/uae/toyota/toyota-prius/2016/,2026-06-11T12:52:50Z
toyota-prius,Prius,2016,2016 BMW 1-Series,125000,https://www.drivearabia.com/carprices/uae/toyota/toyota-prius/2016/,2026-06-11T12:52:50Z
toyota-prius,Prius,2016,2016 MINI Clubman,146000,https://www.drivearabia.com/carprices/uae/toyota/toyota-prius/2016/,2026-06-11T12:52:50Z
toyota-prius,Prius,2017,Original Starting Price,89900,https://www.drivearabia.com/carprices/uae/toyota/toyota-prius/2017/,2026-06-11T12:52:52Z
toyota-prius,Prius,2017,2017 Toyota Prius,89900,https://www.drivearabia.com/carprices/uae/toyota/toyota-prius/2017/,2026-06-11T12:52:52Z
toyota-prius,Prius,2017,2017 Volkswagen Golf,79900,https://www.drivearabia.com/carprices/uae/toyota/toyota-prius/2017/,2026-06-11T12:52:52Z
toyota-prius,Prius,2017,2017 MINI Clubman,146000,https://www.drivearabia.com/carprices/uae/toyota/toyota-prius/2017/,2026-06-11T12:52:52Z
toyota-prius,Prius,2017,2017 BMW 1-Series,125000,https://www.drivearabia.com/carprices/uae/toyota/toyota-prius/2017/,2026-06-11T12:52:52Z
toyota-prius,Prius,2018,Original Starting Price,89900,https://www.drivearabia.com/carprices/uae/toyota/toyota-prius/2018/,2026-06-11T12:52:54Z
toyota-prius,Prius,2018,2018 Toyota Prius,89900,https://www.drivearabia.com/carprices/uae/toyota/toyota-prius/2018/,2026-06-11T12:52:54Z
toyota-prius,Prius,2018,2018 Volkswagen Golf,85000,https://www.drivearabia.com/carprices/uae/toyota/toyota-prius/2018/,2026-06-11T12:52:54Z
toyota-prius,Prius,2018,2018 MINI Clubman,146000,https://www.drivearabia.com/carprices/uae/toyota/toyota-prius/2018/,2026-06-11T12:52:54Z
toyota-prius,Prius,2018,2018 BMW 1-Series,125000,https://www.drivearabia.com/carprices/uae/toyota/toyota-prius/2018/,2026-06-11T12:52:54Z
toyota-prius,Prius,2019,Original Starting Price,89900,https://www.drivearabia.com/carprices/uae/toyota/toyota-prius/2019/,2026-06-11T12:52:56Z
toyota-prius,Prius,2019,2019 Toyota Prius,89900,https://www.drivearabia.com/carprices/uae/toyota/toyota-prius/2019/,2026-06-11T12:52:56Z
toyota-prius,Prius,2019,2019 Volkswagen Golf,85000,https://www.drivearabia.com/carprices/uae/toyota/toyota-prius/2019/,2026-06-11T12:52:56Z
toyota-prius,Prius,2019,2019 MINI Clubman,146000,https://www.drivearabia.com/carprices/uae/toyota/toyota-prius/2019/,2026-06-11T12:52:56Z
toyota-prius,Prius,2019,2019 BMW 1-Series,125000,https://www.drivearabia.com/carprices/uae/toyota/toyota-prius/2019/,2026-06-11T12:52:56Z
toyota-prius,Prius,2020,Original Starting Price,89900,https://www.drivearabia.com/carprices/uae/toyota/toyota-prius/2020/,2026-06-11T12:52:58Z
toyota-prius,Prius,2020,2020 Toyota Prius,89900,https://www.drivearabia.com/carprices/uae/toyota/toyota-prius/2020/,2026-06-11T12:52:58Z
toyota-prius,Prius,2020,2019 Volkswagen Golf,85000,https://www.drivearabia.com/carprices/uae/toyota/toyota-prius/2020/,2026-06-11T12:52:58Z
toyota-prius,Prius,2020,2020 MINI Clubman,146000,https://www.drivearabia.com/carprices/uae/toyota/toyota-prius/2020/,2026-06-11T12:52:58Z
toyota-prius,Prius,2020,2025 BMW 1-Series,204510,https://www.drivearabia.com/carprices/uae/toyota/toyota-prius/2020/,2026-06-11T12:52:58Z
toyota-raize,Raize,2022,Original Starting Price,57900,https://www.drivearabia.com/carprices/uae/toyota/toyota-raize/2022/,2026-06-11T12:53:18Z
toyota-raize,Raize,2022,1.2L E,57900,https://www.drivearabia.com/carprices/uae/toyota/toyota-raize/2022/,2026-06-11T12:53:18Z
toyota-raize,Raize,2022,1.0T E,61900,https://www.drivearabia.com/carprices/uae/toyota/toyota-raize/2022/,2026-06-11T12:53:18Z
toyota-raize,Raize,2022,1.0T G,63900,https://www.drivearabia.com/carprices/uae/toyota/toyota-raize/2022/,2026-06-11T12:53:18Z
toyota-raize,Raize,2022,2021 Ford Ecosport,58000,https://www.drivearabia.com/carprices/uae/toyota/toyota-raize/2022/,2026-06-11T12:53:18Z
toyota-raize,Raize,2022,2022 Renault Duster,51900,https://www.drivearabia.com/carprices/uae/toyota/toyota-raize/2022/,2026-06-11T12:53:18Z
toyota-raize,Raize,2022,2022 Suzuki Jimny,72000,https://www.drivearabia.com/carprices/uae/toyota/toyota-raize/2022/,2026-06-11T12:53:18Z
toyota-raize,Raize,2023,Original Starting Price,61900,https://www.drivearabia.com/carprices/uae/toyota/toyota-raize/2023/,2026-06-11T12:53:20Z
toyota-raize,Raize,2023,1.2L I3 E 2WD,61900,https://www.drivearabia.com/carprices/uae/toyota/toyota-raize/2023/,2026-06-11T12:53:20Z
toyota-raize,Raize,2023,1.0TC I3 G 2WD,66900,https://www.drivearabia.com/carprices/uae/toyota/toyota-raize/2023/,2026-06-11T12:53:20Z
toyota-raize,Raize,2023,2021 Ford Ecosport,58000,https://www.drivearabia.com/carprices/uae/toyota/toyota-raize/2023/,2026-06-11T12:53:20Z
toyota-raize,Raize,2023,2023 Renault Duster,51900,https://www.drivearabia.com/carprices/uae/toyota/toyota-raize/2023/,2026-06-11T12:53:20Z
toyota-raize,Raize,2023,2023 Suzuki Jimny,72000,https://www.drivearabia.com/carprices/uae/toyota/toyota-raize/2023/,2026-06-11T12:53:20Z
toyota-raize,Raize,2024,Original Starting Price,61900,https://www.drivearabia.com/carprices/uae/toyota/toyota-raize/2024/,2026-06-11T12:53:22Z
toyota-raize,Raize,2024,1.2L I3 E 2WD,61900,https://www.drivearabia.com/carprices/uae/toyota/toyota-raize/2024/,2026-06-11T12:53:22Z
toyota-raize,Raize,2024,1.0TC I3 G 2WD,66900,https://www.drivearabia.com/carprices/uae/toyota/toyota-raize/2024/,2026-06-11T12:53:22Z
toyota-raize,Raize,2024,2021 Ford Ecosport,58000,https://www.drivearabia.com/carprices/uae/toyota/toyota-raize/2024/,2026-06-11T12:53:22Z
toyota-raize,Raize,2024,2024 Renault Duster,51900,https://www.drivearabia.com/carprices/uae/toyota/toyota-raize/2024/,2026-06-11T12:53:22Z
toyota-raize,Raize,2024,2024 Suzuki Jimny,75000,https://www.drivearabia.com/carprices/uae/toyota/toyota-raize/2024/,2026-06-11T12:53:22Z
toyota-raize,Raize,2025,Starting at,61900,https://www.drivearabia.com/carprices/uae/toyota/toyota-raize/2025/,2026-06-11T12:53:24Z
toyota-raize,Raize,2025,1.2L I3 E 2WD,61900,https://www.drivearabia.com/carprices/uae/toyota/toyota-raize/2025/,2026-06-11T12:53:24Z
toyota-raize,Raize,2025,1.0TC I3 G 2WD,66900,https://www.drivearabia.com/carprices/uae/toyota/toyota-raize/2025/,2026-06-11T12:53:24Z
toyota-raize,Raize,2025,2021 Ford Ecosport,58000,https://www.drivearabia.com/carprices/uae/toyota/toyota-raize/2025/,2026-06-11T12:53:24Z
toyota-raize,Raize,2025,2025 Suzuki Jimny,78900,https://www.drivearabia.com/carprices/uae/toyota/toyota-raize/2025/,2026-06-11T12:53:24Z
toyota-raize,Raize,2025,2025 Renault Duster,69900,https://www.drivearabia.com/carprices/uae/toyota/toyota-raize/2025/,2026-06-11T12:53:24Z
toyota-raize,Raize,2026,Starting at,63900,https://www.drivearabia.com/carprices/uae/toyota/toyota-raize/2026/,2026-06-11T12:53:26Z
toyota-raize,Raize,2026,1.2L I3 E 2WD,63900,https://www.drivearabia.com/carprices/uae/toyota/toyota-raize/2026/,2026-06-11T12:53:26Z
toyota-raize,Raize,2026,1.0TC I3 G 2WD,66900,https://www.drivearabia.com/carprices/uae/toyota/toyota-raize/2026/,2026-06-11T12:53:26Z
toyota-raize,Raize,2026,2025 Hyundai Kona,62000,https://www.drivearabia.com/carprices/uae/toyota/toyota-raize/2026/,2026-06-11T12:53:26Z
toyota-raize,Raize,2026,2025 Suzuki Jimny,78900,https://www.drivearabia.com/carprices/uae/toyota/toyota-raize/2026/,2026-06-11T12:53:26Z
toyota-raize,Raize,2026,2025 Renault Duster,69900,https://www.drivearabia.com/carprices/uae/toyota/toyota-raize/2026/,2026-06-11T12:53:26Z
toyota-rav-4,Toyota RAV-4,2010,Original Starting Price,95000,https://www.drivearabia.com/carprices/uae/toyota/toyota-rav-4/2010/,2026-06-11T12:53:28Z
toyota-rav-4,Toyota RAV-4,2010,2010 Toyota RAV-4,95000,https://www.drivearabia.com/carprices/uae/toyota/toyota-rav-4/2010/,2026-06-11T12:53:28Z
toyota-rav-4,Toyota RAV-4,2010,2010 Nissan X-Trail,79000,https://www.drivearabia.com/carprices/uae/toyota/toyota-rav-4/2010/,2026-06-11T12:53:28Z
toyota-rav-4,Toyota RAV-4,2010,2010 Honda CR-V,90000,https://www.drivearabia.com/carprices/uae/toyota/toyota-rav-4/2010/,2026-06-11T12:53:28Z
toyota-rav-4,Toyota RAV-4,2010,2010 Mitsubishi Outlander,84000,https://www.drivearabia.com/carprices/uae/toyota/toyota-rav-4/2010/,2026-06-11T12:53:28Z
toyota-rav-4,Toyota RAV-4,2011,Original Starting Price,95000,https://www.drivearabia.com/carprices/uae/toyota/toyota-rav-4/2011/,2026-06-11T12:53:30Z
toyota-rav-4,Toyota RAV-4,2011,2011 Toyota RAV-4,95000,https://www.drivearabia.com/carprices/uae/toyota/toyota-rav-4/2011/,2026-06-11T12:53:30Z
toyota-rav-4,Toyota RAV-4,2011,2011 Nissan X-Trail,79000,https://www.drivearabia.com/carprices/uae/toyota/toyota-rav-4/2011/,2026-06-11T12:53:30Z
toyota-rav-4,Toyota RAV-4,2011,2011 Honda CR-V,90000,https://www.drivearabia.com/carprices/uae/toyota/toyota-rav-4/2011/,2026-06-11T12:53:30Z
toyota-rav-4,Toyota RAV-4,2011,2011 Mitsubishi Outlander,84000,https://www.drivearabia.com/carprices/uae/toyota/toyota-rav-4/2011/,2026-06-11T12:53:30Z
toyota-rav-4,Toyota RAV-4,2012,Original Starting Price,95000,https://www.drivearabia.com/carprices/uae/toyota/toyota-rav-4/2012/,2026-06-11T12:53:32Z
toyota-rav-4,Toyota RAV-4,2012,2012 Toyota RAV-4,95000,https://www.drivearabia.com/carprices/uae/toyota/toyota-rav-4/2012/,2026-06-11T12:53:32Z
toyota-rav-4,Toyota RAV-4,2012,2012 Nissan X-Trail,79000,https://www.drivearabia.com/carprices/uae/toyota/toyota-rav-4/2012/,2026-06-11T12:53:32Z
toyota-rav-4,Toyota RAV-4,2012,2012 Mitsubishi Outlander,84000,https://www.drivearabia.com/carprices/uae/toyota/toyota-rav-4/2012/,2026-06-11T12:53:32Z
toyota-rav-4,Toyota RAV-4,2012,2012 Honda CR-V,99500,https://www.drivearabia.com/carprices/uae/toyota/toyota-rav-4/2012/,2026-06-11T12:53:32Z
toyota-rav-4,Toyota RAV-4,2013,Original Starting Price,89900,https://www.drivearabia.com/carprices/uae/toyota/toyota-rav-4/2013/,2026-06-11T12:53:34Z
toyota-rav-4,Toyota RAV-4,2013,2WD,89900,https://www.drivearabia.com/carprices/uae/toyota/toyota-rav-4/2013/,2026-06-11T12:53:34Z
toyota-rav-4,Toyota RAV-4,2013,4WD,109900,https://www.drivearabia.com/carprices/uae/toyota/toyota-rav-4/2013/,2026-06-11T12:53:34Z
toyota-rav-4,Toyota RAV-4,2013,2013 Mitsubishi Outlander,84000,https://www.drivearabia.com/carprices/uae/toyota/toyota-rav-4/2013/,2026-06-11T12:53:34Z
toyota-rav-4,Toyota RAV-4,2013,2013 Honda CR-V,99500,https://www.drivearabia.com/carprices/uae/toyota/toyota-rav-4/2013/,2026-06-11T12:53:34Z
toyota-rav-4,Toyota RAV-4,2013,2013 Hyundai Santa Fe,83900,https://www.drivearabia.com/carprices/uae/toyota/toyota-rav-4/2013/,2026-06-11T12:53:34Z
toyota-rav-4,Toyota RAV-4,2014,Original Starting Price,79900,https://www.drivearabia.com/carprices/uae/toyota/toyota-rav-4/2014/,2026-06-11T12:53:36Z
toyota-rav-4,Toyota RAV-4,2014,EX 2WD,79900,https://www.drivearabia.com/carprices/uae/toyota/toyota-rav-4/2014/,2026-06-11T12:53:36Z
toyota-rav-4,Toyota RAV-4,2014,EXR 4WD,99900,https://www.drivearabia.com/carprices/uae/toyota/toyota-rav-4/2014/,2026-06-11T12:53:36Z
toyota-rav-4,Toyota RAV-4,2014,GXR 4WD,109900,https://www.drivearabia.com/carprices/uae/toyota/toyota-rav-4/2014/,2026-06-11T12:53:36Z
toyota-rav-4,Toyota RAV-4,2014,VXR 4WD,119900,https://www.drivearabia.com/carprices/uae/toyota/toyota-rav-4/2014/,2026-06-11T12:53:36Z
toyota-rav-4,Toyota RAV-4,2014,2014 Honda CR-V,99500,https://www.drivearabia.com/carprices/uae/toyota/toyota-rav-4/2014/,2026-06-11T12:53:36Z
toyota-rav-4,Toyota RAV-4,2014,2014 Hyundai Santa Fe,83900,https://www.drivearabia.com/carprices/uae/toyota/toyota-rav-4/2014/,2026-06-11T12:53:36Z
toyota-rav-4,Toyota RAV-4,2014,2014 Mitsubishi Outlander,89000,https://www.drivearabia.com/carprices/uae/toyota/toyota-rav-4/2014/,2026-06-11T12:53:36Z
toyota-rav-4,Toyota RAV-4,2015,Original Starting Price,79900,https://www.drivearabia.com/carprices/uae/toyota/toyota-rav-4/2015/,2026-06-11T12:53:38Z
toyota-rav-4,Toyota RAV-4,2015,EX 2WD,79900,https://www.drivearabia.com/carprices/uae/toyota/toyota-rav-4/2015/,2026-06-11T12:53:38Z
toyota-rav-4,Toyota RAV-4,2015,EXR 4WD,99900,https://www.drivearabia.com/carprices/uae/toyota/toyota-rav-4/2015/,2026-06-11T12:53:38Z
toyota-rav-4,Toyota RAV-4,2015,GXR 4WD,109900,https://www.drivearabia.com/carprices/uae/toyota/toyota-rav-4/2015/,2026-06-11T12:53:38Z
toyota-rav-4,Toyota RAV-4,2015,VXR 4WD,119900,https://www.drivearabia.com/carprices/uae/toyota/toyota-rav-4/2015/,2026-06-11T12:53:38Z
toyota-rav-4,Toyota RAV-4,2015,2015 Mitsubishi Outlander,89000,https://www.drivearabia.com/carprices/uae/toyota/toyota-rav-4/2015/,2026-06-11T12:53:38Z
toyota-rav-4,Toyota RAV-4,2015,2015 Honda CR-V,89900,https://www.drivearabia.com/carprices/uae/toyota/toyota-rav-4/2015/,2026-06-11T12:53:38Z
toyota-rav-4,Toyota RAV-4,2015,2015 Hyundai Santa Fe,83900,https://www.drivearabia.com/carprices/uae/toyota/toyota-rav-4/2015/,2026-06-11T12:53:38Z
toyota-rav-4,Toyota RAV-4,2016,Original Starting Price,84900,https://www.drivearabia.com/carprices/uae/toyota/toyota-rav-4/2016/,2026-06-11T12:53:40Z
toyota-rav-4,Toyota RAV-4,2016,EX 2WD,84900,https://www.drivearabia.com/carprices/uae/toyota/toyota-rav-4/2016/,2026-06-11T12:53:40Z
toyota-rav-4,Toyota RAV-4,2016,VX 2WD,99900,https://www.drivearabia.com/carprices/uae/toyota/toyota-rav-4/2016/,2026-06-11T12:53:40Z
toyota-rav-4,Toyota RAV-4,2016,GXR 4WD,114900,https://www.drivearabia.com/carprices/uae/toyota/toyota-rav-4/2016/,2026-06-11T12:53:40Z
toyota-rav-4,Toyota RAV-4,2016,VXR 4WD,124900,https://www.drivearabia.com/carprices/uae/toyota/toyota-rav-4/2016/,2026-06-11T12:53:40Z
toyota-rav-4,Toyota RAV-4,2016,2016 Hyundai Santa Fe,83900,https://www.drivearabia.com/carprices/uae/toyota/toyota-rav-4/2016/,2026-06-11T12:53:40Z
toyota-rav-4,Toyota RAV-4,2016,2016 Mitsubishi Outlander,79000,https://www.drivearabia.com/carprices/uae/toyota/toyota-rav-4/2016/,2026-06-11T12:53:40Z
toyota-rav-4,Toyota RAV-4,2016,2016 Honda CR-V,89900,https://www.drivearabia.com/carprices/uae/toyota/toyota-rav-4/2016/,2026-06-11T12:53:40Z
toyota-rav-4,Toyota RAV-4,2017,Original Starting Price,84900,https://www.drivearabia.com/carprices/uae/toyota/toyota-rav-4/2017/,2026-06-11T12:53:42Z
toyota-rav-4,Toyota RAV-4,2017,EX 2WD,84900,https://www.drivearabia.com/carprices/uae/toyota/toyota-rav-4/2017/,2026-06-11T12:53:42Z
toyota-rav-4,Toyota RAV-4,2017,VX 2WD,99900,https://www.drivearabia.com/carprices/uae/toyota/toyota-rav-4/2017/,2026-06-11T12:53:42Z
toyota-rav-4,Toyota RAV-4,2017,GXR 4WD,114900,https://www.drivearabia.com/carprices/uae/toyota/toyota-rav-4/2017/,2026-06-11T12:53:42Z
toyota-rav-4,Toyota RAV-4,2017,VXR 4WD,124900,https://www.drivearabia.com/carprices/uae/toyota/toyota-rav-4/2017/,2026-06-11T12:53:42Z
toyota-rav-4,Toyota RAV-4,2017,2017 Mitsubishi Outlander,77900,https://www.drivearabia.com/carprices/uae/toyota/toyota-rav-4/2017/,2026-06-11T12:53:42Z
toyota-rav-4,Toyota RAV-4,2017,2017 Honda CR-V,89900,https://www.drivearabia.com/carprices/uae/toyota/toyota-rav-4/2017/,2026-06-11T12:53:42Z
toyota-rav-4,Toyota RAV-4,2017,2022 Chevrolet Equinox,81700,https://www.drivearabia.com/carprices/uae/toyota/toyota-rav-4/2017/,2026-06-11T12:53:42Z
toyota-rav-4,Toyota RAV-4,2018,Original Starting Price,89900,https://www.drivearabia.com/carprices/uae/toyota/toyota-rav-4/2018/,2026-06-11T12:53:44Z
toyota-rav-4,Toyota RAV-4,2018,EX 2WD,89900,https://www.drivearabia.com/carprices/uae/toyota/toyota-rav-4/2018/,2026-06-11T12:53:44Z
toyota-rav-4,Toyota RAV-4,2018,EXR 4WD,104900,https://www.drivearabia.com/carprices/uae/toyota/toyota-rav-4/2018/,2026-06-11T12:53:44Z
toyota-rav-4,Toyota RAV-4,2018,VX 2WD,112900,https://www.drivearabia.com/carprices/uae/toyota/toyota-rav-4/2018/,2026-06-11T12:53:44Z
toyota-rav-4,Toyota RAV-4,2018,VXR 4WD,129900,https://www.drivearabia.com/carprices/uae/toyota/toyota-rav-4/2018/,2026-06-11T12:53:44Z
toyota-rav-4,Toyota RAV-4,2018,2018 Honda CR-V,89900,https://www.drivearabia.com/carprices/uae/toyota/toyota-rav-4/2018/,2026-06-11T12:53:44Z
toyota-rav-4,Toyota RAV-4,2018,2018 Nissan X-Trail,87000,https://www.drivearabia.com/carprices/uae/toyota/toyota-rav-4/2018/,2026-06-11T12:53:44Z
toyota-rav-4,Toyota RAV-4,2018,2018 Volkswagen Tiguan,101745,https://www.drivearabia.com/carprices/uae/toyota/toyota-rav-4/2018/,2026-06-11T12:53:44Z
toyota-rav-4,Toyota RAV-4,2019,Original Starting Price,99000,https://www.drivearabia.com/carprices/uae/toyota/toyota-rav-4/2019/,2026-06-11T12:53:46Z
toyota-rav-4,Toyota RAV-4,2019,2.5 GX FWD,99000,https://www.drivearabia.com/carprices/uae/toyota/toyota-rav-4/2019/,2026-06-11T12:53:46Z
toyota-rav-4,Toyota RAV-4,2019,2.5 GXR AWD,119900,https://www.drivearabia.com/carprices/uae/toyota/toyota-rav-4/2019/,2026-06-11T12:53:46Z
toyota-rav-4,Toyota RAV-4,2019,2.5 ADV AWD,129900,https://www.drivearabia.com/carprices/uae/toyota/toyota-rav-4/2019/,2026-06-11T12:53:46Z
toyota-rav-4,Toyota RAV-4,2019,2.5H VXR HEV,139900,https://www.drivearabia.com/carprices/uae/toyota/toyota-rav-4/2019/,2026-06-11T12:53:46Z
toyota-rav-4,Toyota RAV-4,2019,2019 GMC Terrain,94600,https://www.drivearabia.com/carprices/uae/toyota/toyota-rav-4/2019/,2026-06-11T12:53:46Z
toyota-rav-4,Toyota RAV-4,2019,2019 Nissan X-Trail,87000,https://www.drivearabia.com/carprices/uae/toyota/toyota-rav-4/2019/,2026-06-11T12:53:46Z
toyota-rav-4,Toyota RAV-4,2019,2019 Honda CR-V,89900,https://www.drivearabia.com/carprices/uae/toyota/toyota-rav-4/2019/,2026-06-11T12:53:46Z
toyota-rav-4,Toyota RAV-4,2020,Original Starting Price,89900,https://www.drivearabia.com/carprices/uae/toyota/toyota-rav-4/2020/,2026-06-11T12:53:48Z
toyota-rav-4,Toyota RAV-4,2020,2.5L EX,89900,https://www.drivearabia.com/carprices/uae/toyota/toyota-rav-4/2020/,2026-06-11T12:53:48Z
toyota-rav-4,Toyota RAV-4,2020,2.5L EXR,102900,https://www.drivearabia.com/carprices/uae/toyota/toyota-rav-4/2020/,2026-06-11T12:53:48Z
toyota-rav-4,Toyota RAV-4,2020,2.5L Adventure,129900,https://www.drivearabia.com/carprices/uae/toyota/toyota-rav-4/2020/,2026-06-11T12:53:48Z
toyota-rav-4,Toyota RAV-4,2020,2.5 Hybrid,139900,https://www.drivearabia.com/carprices/uae/toyota/toyota-rav-4/2020/,2026-06-11T12:53:48Z
toyota-rav-4,Toyota RAV-4,2020,2020 Nissan X-Trail,89900,https://www.drivearabia.com/carprices/uae/toyota/toyota-rav-4/2020/,2026-06-11T12:53:48Z
toyota-rav-4,Toyota RAV-4,2020,2020 GMC Terrain,94600,https://www.drivearabia.com/carprices/uae/toyota/toyota-rav-4/2020/,2026-06-11T12:53:48Z
toyota-rav-4,Toyota RAV-4,2020,2020 Honda CR-V,89900,https://www.drivearabia.com/carprices/uae/toyota/toyota-rav-4/2020/,2026-06-11T12:53:48Z
toyota-rav-4,Toyota RAV-4,2021,Original Starting Price,89900,https://www.drivearabia.com/carprices/uae/toyota/toyota-rav-4/2021/,2026-06-11T12:53:50Z
toyota-rav-4,Toyota RAV-4,2021,2.5L EX,89900,https://www.drivearabia.com/carprices/uae/toyota/toyota-rav-4/2021/,2026-06-11T12:53:50Z
toyota-rav-4,Toyota RAV-4,2021,2.5L EXR,102900,https://www.drivearabia.com/carprices/uae/toyota/toyota-rav-4/2021/,2026-06-11T12:53:50Z
toyota-rav-4,Toyota RAV-4,2021,2.5L Adventure,129900,https://www.drivearabia.com/carprices/uae/toyota/toyota-rav-4/2021/,2026-06-11T12:53:50Z
toyota-rav-4,Toyota RAV-4,2021,2.5 Hybrid,139900,https://www.drivearabia.com/carprices/uae/toyota/toyota-rav-4/2021/,2026-06-11T12:53:50Z
toyota-rav-4,Toyota RAV-4,2021,2021 Honda CR-V,89900,https://www.drivearabia.com/carprices/uae/toyota/toyota-rav-4/2021/,2026-06-11T12:53:50Z
toyota-rav-4,Toyota RAV-4,2021,2021 GMC Terrain,94600,https://www.drivearabia.com/carprices/uae/toyota/toyota-rav-4/2021/,2026-06-11T12:53:50Z
toyota-rav-4,Toyota RAV-4,2021,2021 Nissan X-Trail,89900,https://www.drivearabia.com/carprices/uae/toyota/toyota-rav-4/2021/,2026-06-11T12:53:50Z
toyota-rav-4,Toyota RAV-4,2022,Original Starting Price,89900,https://www.drivearabia.com/carprices/uae/toyota/toyota-rav-4/2022/,2026-06-11T12:53:52Z
toyota-rav-4,Toyota RAV-4,2022,2.5L EX,89900,https://www.drivearabia.com/carprices/uae/toyota/toyota-rav-4/2022/,2026-06-11T12:53:52Z
toyota-rav-4,Toyota RAV-4,2022,2.5L EXR,102900,https://www.drivearabia.com/carprices/uae/toyota/toyota-rav-4/2022/,2026-06-11T12:53:52Z
toyota-rav-4,Toyota RAV-4,2022,2.5L Adventure,129900,https://www.drivearabia.com/carprices/uae/toyota/toyota-rav-4/2022/,2026-06-11T12:53:52Z
toyota-rav-4,Toyota RAV-4,2022,2.5 Hybrid,139900,https://www.drivearabia.com/carprices/uae/toyota/toyota-rav-4/2022/,2026-06-11T12:53:52Z
toyota-rav-4,Toyota RAV-4,2022,2022 Nissan X-Trail,90000,https://www.drivearabia.com/carprices/uae/toyota/toyota-rav-4/2022/,2026-06-11T12:53:52Z
toyota-rav-4,Toyota RAV-4,2022,2022 Honda CR-V,99900,https://www.drivearabia.com/carprices/uae/toyota/toyota-rav-4/2022/,2026-06-11T12:53:52Z
toyota-rav-4,Toyota RAV-4,2022,2022 GMC Terrain,96100,https://www.drivearabia.com/carprices/uae/toyota/toyota-rav-4/2022/,2026-06-11T12:53:52Z
toyota-rav-4,Toyota RAV-4,2023,Original Starting Price,99900,https://www.drivearabia.com/carprices/uae/toyota/toyota-rav-4/2023/,2026-06-11T12:53:53Z
toyota-rav-4,Toyota RAV-4,2023,2.5L I4 EX 2WD,99900,https://www.drivearabia.com/carprices/uae/toyota/toyota-rav-4/2023/,2026-06-11T12:53:53Z
toyota-rav-4,Toyota RAV-4,2023,2.5L I4 EXR 2WD,112900,https://www.drivearabia.com/carprices/uae/toyota/toyota-rav-4/2023/,2026-06-11T12:53:53Z
toyota-rav-4,Toyota RAV-4,2023,2.5H I4 EXR Hybrid 4WD,120900,https://www.drivearabia.com/carprices/uae/toyota/toyota-rav-4/2023/,2026-06-11T12:53:53Z
toyota-rav-4,Toyota RAV-4,2023,2.5L I4 VX 2WD,123900,https://www.drivearabia.com/carprices/uae/toyota/toyota-rav-4/2023/,2026-06-11T12:53:53Z
toyota-rav-4,Toyota RAV-4,2023,2.5L I4 Adventure 4WD,139900,https://www.drivearabia.com/carprices/uae/toyota/toyota-rav-4/2023/,2026-06-11T12:53:53Z
toyota-rav-4,Toyota RAV-4,2023,2.5H I4 VXR Hybrid 4WD,152900,https://www.drivearabia.com/carprices/uae/toyota/toyota-rav-4/2023/,2026-06-11T12:53:53Z
toyota-rav-4,Toyota RAV-4,2023,2023 Nissan X-Trail,99900,https://www.drivearabia.com/carprices/uae/toyota/toyota-rav-4/2023/,2026-06-11T12:53:53Z
toyota-rav-4,Toyota RAV-4,2023,2023 Honda CR-V,99900,https://www.drivearabia.com/carprices/uae/toyota/toyota-rav-4/2023/,2026-06-11T12:53:53Z
toyota-rav-4,Toyota RAV-4,2023,2023 GMC Terrain,96100,https://www.drivearabia.com/carprices/uae/toyota/toyota-rav-4/2023/,2026-06-11T12:53:53Z
toyota-rav-4,Toyota RAV-4,2024,Original Starting Price,99900,https://www.drivearabia.com/carprices/uae/toyota/toyota-rav-4/2024/,2026-06-11T12:53:55Z
toyota-rav-4,Toyota RAV-4,2024,2.5L I4 EX 2WD,99900,https://www.drivearabia.com/carprices/uae/toyota/toyota-rav-4/2024/,2026-06-11T12:53:55Z
toyota-rav-4,Toyota RAV-4,2024,2.5L I4 EXR 2WD,112900,https://www.drivearabia.com/carprices/uae/toyota/toyota-rav-4/2024/,2026-06-11T12:53:55Z
toyota-rav-4,Toyota RAV-4,2024,2.5H I4 EXR Hybrid 4WD,120900,https://www.drivearabia.com/carprices/uae/toyota/toyota-rav-4/2024/,2026-06-11T12:53:55Z
toyota-rav-4,Toyota RAV-4,2024,2.5L I4 VX 2WD,123900,https://www.drivearabia.com/carprices/uae/toyota/toyota-rav-4/2024/,2026-06-11T12:53:55Z
toyota-rav-4,Toyota RAV-4,2024,2.5L I4 Adventure 4WD,139900,https://www.drivearabia.com/carprices/uae/toyota/toyota-rav-4/2024/,2026-06-11T12:53:55Z
toyota-rav-4,Toyota RAV-4,2024,2.5H I4 VXR Hybrid 4WD,152900,https://www.drivearabia.com/carprices/uae/toyota/toyota-rav-4/2024/,2026-06-11T12:53:55Z
toyota-rav-4,Toyota RAV-4,2024,2024 Nissan X-Trail,99900,https://www.drivearabia.com/carprices/uae/toyota/toyota-rav-4/2024/,2026-06-11T12:53:55Z
toyota-rav-4,Toyota RAV-4,2024,2024 GMC Terrain,96100,https://www.drivearabia.com/carprices/uae/toyota/toyota-rav-4/2024/,2026-06-11T12:53:55Z
toyota-rav-4,Toyota RAV-4,2024,2024 Honda CR-V,124900,https://www.drivearabia.com/carprices/uae/toyota/toyota-rav-4/2024/,2026-06-11T12:53:55Z
toyota-rav-4,Toyota RAV-4,2025,Starting at,99900,https://www.drivearabia.com/carprices/uae/toyota/toyota-rav-4/2025/,2026-06-11T12:53:57Z
toyota-rav-4,Toyota RAV-4,2025,2.5L I4 EX 2WD,99900,https://www.drivearabia.com/carprices/uae/toyota/toyota-rav-4/2025/,2026-06-11T12:53:57Z
toyota-rav-4,Toyota RAV-4,2025,2.5L I4 EXR 2WD,112900,https://www.drivearabia.com/carprices/uae/toyota/toyota-rav-4/2025/,2026-06-11T12:53:57Z
toyota-rav-4,Toyota RAV-4,2025,2.5H I4 EXR Hybrid 4WD,120900,https://www.drivearabia.com/carprices/uae/toyota/toyota-rav-4/2025/,2026-06-11T12:53:57Z
toyota-rav-4,Toyota RAV-4,2025,2.5L I4 VX 2WD,123900,https://www.drivearabia.com/carprices/uae/toyota/toyota-rav-4/2025/,2026-06-11T12:53:57Z
toyota-rav-4,Toyota RAV-4,2025,2.5L I4 Adventure 4WD,139900,https://www.drivearabia.com/carprices/uae/toyota/toyota-rav-4/2025/,2026-06-11T12:53:57Z
toyota-rav-4,Toyota RAV-4,2025,2.5H I4 VXR Hybrid 4WD,152900,https://www.drivearabia.com/carprices/uae/toyota/toyota-rav-4/2025/,2026-06-11T12:53:57Z
toyota-rav-4,Toyota RAV-4,2025,2025 Nissan X-Trail,101900,https://www.drivearabia.com/carprices/uae/toyota/toyota-rav-4/2025/,2026-06-11T12:53:57Z
toyota-rav-4,Toyota RAV-4,2025,2025 Honda CR-V,129900,https://www.drivearabia.com/carprices/uae/toyota/toyota-rav-4/2025/,2026-06-11T12:53:57Z
toyota-rav-4,Toyota RAV-4,2025,2026 GMC Terrain,115000,https://www.drivearabia.com/carprices/uae/toyota/toyota-rav-4/2025/,2026-06-11T12:53:57Z
toyota-rav-4,Toyota RAV-4,2026,Starting at,105900,https://www.drivearabia.com/carprices/uae/toyota/toyota-rav-4/2026/,2026-06-11T12:53:59Z
toyota-rav-4,Toyota RAV-4,2026,2.0 EX FWD,105900,https://www.drivearabia.com/carprices/uae/toyota/toyota-rav-4/2026/,2026-06-11T12:53:59Z
toyota-rav-4,Toyota RAV-4,2026,2.0 EXR FWD,113900,https://www.drivearabia.com/carprices/uae/toyota/toyota-rav-4/2026/,2026-06-11T12:53:59Z
toyota-rav-4,Toyota RAV-4,2026,2.5H HEV EX 2WD,114900,https://www.drivearabia.com/carprices/uae/toyota/toyota-rav-4/2026/,2026-06-11T12:53:59Z
toyota-rav-4,Toyota RAV-4,2026,2.5 HEV EXR AWD,122900,https://www.drivearabia.com/carprices/uae/toyota/toyota-rav-4/2026/,2026-06-11T12:53:59Z
toyota-rav-4,Toyota RAV-4,2026,2.5H Adventure AWD,142900,https://www.drivearabia.com/carprices/uae/toyota/toyota-rav-4/2026/,2026-06-11T12:53:59Z
toyota-rav-4,Toyota RAV-4,2026,2026 Nissan X-Trail,101900,https://www.drivearabia.com/carprices/uae/toyota/toyota-rav-4/2026/,2026-06-11T12:53:59Z
toyota-rav-4,Toyota RAV-4,2026,2026 Honda CR-V,129900,https://www.drivearabia.com/carprices/uae/toyota/toyota-rav-4/2026/,2026-06-11T12:53:59Z
toyota-rav-4,Toyota RAV-4,2026,2026 GMC Terrain,115000,https://www.drivearabia.com/carprices/uae/toyota/toyota-rav-4/2026/,2026-06-11T12:53:59Z
toyota-rush,Rush,2019,Original Starting Price,68500,https://www.drivearabia.com/carprices/uae/toyota/toyota-rush/2019/,2026-06-11T12:54:10Z
toyota-rush,Rush,2019,2019 Toyota Rush,68500,https://www.drivearabia.com/carprices/uae/toyota/toyota-rush/2019/,2026-06-11T12:54:10Z
toyota-rush,Rush,2019,2019 Renault Duster,51870,https://www.drivearabia.com/carprices/uae/toyota/toyota-rush/2019/,2026-06-11T12:54:10Z
toyota-rush,Rush,2019,2019 Nissan Kicks,61950,https://www.drivearabia.com/carprices/uae/toyota/toyota-rush/2019/,2026-06-11T12:54:10Z
toyota-rush,Rush,2019,2019 Mitsubishi ASX,59900,https://www.drivearabia.com/carprices/uae/toyota/toyota-rush/2019/,2026-06-11T12:54:10Z
toyota-rush,Rush,2020,Original Starting Price,68500,https://www.drivearabia.com/carprices/uae/toyota/toyota-rush/2020/,2026-06-11T12:54:12Z
toyota-rush,Rush,2020,2020 Toyota Rush,68500,https://www.drivearabia.com/carprices/uae/toyota/toyota-rush/2020/,2026-06-11T12:54:12Z
toyota-rush,Rush,2020,2020 Nissan Kicks,63500,https://www.drivearabia.com/carprices/uae/toyota/toyota-rush/2020/,2026-06-11T12:54:12Z
toyota-rush,Rush,2020,2020 Renault Duster,51900,https://www.drivearabia.com/carprices/uae/toyota/toyota-rush/2020/,2026-06-11T12:54:12Z
toyota-rush,Rush,2020,2020 Mitsubishi ASX,59900,https://www.drivearabia.com/carprices/uae/toyota/toyota-rush/2020/,2026-06-11T12:54:12Z
toyota-rush,Rush,2021,Original Starting Price,68500,https://www.drivearabia.com/carprices/uae/toyota/toyota-rush/2021/,2026-06-11T12:54:14Z
toyota-rush,Rush,2021,Unknown,68500,https://www.drivearabia.com/carprices/uae/toyota/toyota-rush/2021/,2026-06-11T12:54:14Z
toyota-rush,Rush,2021,Unknown,73000,https://www.drivearabia.com/carprices/uae/toyota/toyota-rush/2021/,2026-06-11T12:54:14Z
toyota-rush,Rush,2021,2021 Mitsubishi ASX,69900,https://www.drivearabia.com/carprices/uae/toyota/toyota-rush/2021/,2026-06-11T12:54:14Z
toyota-rush,Rush,2021,2021 Renault Duster,51900,https://www.drivearabia.com/carprices/uae/toyota/toyota-rush/2021/,2026-06-11T12:54:14Z
toyota-rush,Rush,2021,2021 Nissan Kicks,61900,https://www.drivearabia.com/carprices/uae/toyota/toyota-rush/2021/,2026-06-11T12:54:14Z
toyota-rush,Rush,2022,Original Starting Price,68500,https://www.drivearabia.com/carprices/uae/toyota/toyota-rush/2022/,2026-06-11T12:54:16Z
toyota-rush,Rush,2022,Unknown,68500,https://www.drivearabia.com/carprices/uae/toyota/toyota-rush/2022/,2026-06-11T12:54:16Z
toyota-rush,Rush,2022,Unknown,73000,https://www.drivearabia.com/carprices/uae/toyota/toyota-rush/2022/,2026-06-11T12:54:16Z
toyota-rush,Rush,2022,2022 Renault Duster,51900,https://www.drivearabia.com/carprices/uae/toyota/toyota-rush/2022/,2026-06-11T12:54:16Z
toyota-rush,Rush,2022,2022 Mitsubishi ASX,69900,https://www.drivearabia.com/carprices/uae/toyota/toyota-rush/2022/,2026-06-11T12:54:16Z
toyota-rush,Rush,2022,2025 Nissan Kicks,84900,https://www.drivearabia.com/carprices/uae/toyota/toyota-rush/2022/,2026-06-11T12:54:16Z
toyota-rush,Rush,2023,Original Starting Price,69900,https://www.drivearabia.com/carprices/uae/toyota/toyota-rush/2023/,2026-06-11T12:54:18Z
toyota-rush,Rush,2023,Unknown,69900,https://www.drivearabia.com/carprices/uae/toyota/toyota-rush/2023/,2026-06-11T12:54:18Z
toyota-rush,Rush,2023,Unknown,74900,https://www.drivearabia.com/carprices/uae/toyota/toyota-rush/2023/,2026-06-11T12:54:18Z
toyota-rush,Rush,2023,2023 Nissan Kicks,71000,https://www.drivearabia.com/carprices/uae/toyota/toyota-rush/2023/,2026-06-11T12:54:18Z
toyota-rush,Rush,2023,2023 Renault Duster,51900,https://www.drivearabia.com/carprices/uae/toyota/toyota-rush/2023/,2026-06-11T12:54:18Z
toyota-rush,Rush,2023,2023 Mitsubishi ASX,69900,https://www.drivearabia.com/carprices/uae/toyota/toyota-rush/2023/,2026-06-11T12:54:18Z
toyota-sequoia,Sequoia,2010,Original Starting Price,149000,https://www.drivearabia.com/carprices/uae/toyota/toyota-sequoia/2010/,2026-06-11T12:54:23Z
toyota-sequoia,Sequoia,2010,2WD,149000,https://www.drivearabia.com/carprices/uae/toyota/toyota-sequoia/2010/,2026-06-11T12:54:23Z
toyota-sequoia,Sequoia,2010,4WD,159000,https://www.drivearabia.com/carprices/uae/toyota/toyota-sequoia/2010/,2026-06-11T12:54:23Z
toyota-sequoia,Sequoia,2010,2010 Chevrolet Suburban,155000,https://www.drivearabia.com/carprices/uae/toyota/toyota-sequoia/2010/,2026-06-11T12:54:23Z
toyota-sequoia,Sequoia,2010,2010 Ford Expedition,119000,https://www.drivearabia.com/carprices/uae/toyota/toyota-sequoia/2010/,2026-06-11T12:54:23Z
toyota-sequoia,Sequoia,2010,2010 Nissan Armada,146000,https://www.drivearabia.com/carprices/uae/toyota/toyota-sequoia/2010/,2026-06-11T12:54:23Z
toyota-sequoia,Sequoia,2011,Original Starting Price,149000,https://www.drivearabia.com/carprices/uae/toyota/toyota-sequoia/2011/,2026-06-11T12:54:25Z
toyota-sequoia,Sequoia,2011,2WD,149000,https://www.drivearabia.com/carprices/uae/toyota/toyota-sequoia/2011/,2026-06-11T12:54:25Z
toyota-sequoia,Sequoia,2011,4WD,159000,https://www.drivearabia.com/carprices/uae/toyota/toyota-sequoia/2011/,2026-06-11T12:54:25Z
toyota-sequoia,Sequoia,2011,2011 Chevrolet Suburban,155000,https://www.drivearabia.com/carprices/uae/toyota/toyota-sequoia/2011/,2026-06-11T12:54:25Z
toyota-sequoia,Sequoia,2011,2011 Ford Expedition,119000,https://www.drivearabia.com/carprices/uae/toyota/toyota-sequoia/2011/,2026-06-11T12:54:25Z
toyota-sequoia,Sequoia,2011,2011 Nissan Armada,146000,https://www.drivearabia.com/carprices/uae/toyota/toyota-sequoia/2011/,2026-06-11T12:54:25Z
toyota-sequoia,Sequoia,2012,Original Starting Price,149000,https://www.drivearabia.com/carprices/uae/toyota/toyota-sequoia/2012/,2026-06-11T12:54:27Z
toyota-sequoia,Sequoia,2012,2WD,149000,https://www.drivearabia.com/carprices/uae/toyota/toyota-sequoia/2012/,2026-06-11T12:54:27Z
toyota-sequoia,Sequoia,2012,4WD,159000,https://www.drivearabia.com/carprices/uae/toyota/toyota-sequoia/2012/,2026-06-11T12:54:27Z
toyota-sequoia,Sequoia,2012,2012 Chevrolet Suburban,155000,https://www.drivearabia.com/carprices/uae/toyota/toyota-sequoia/2012/,2026-06-11T12:54:27Z
toyota-sequoia,Sequoia,2012,2012 Ford Expedition,119000,https://www.drivearabia.com/carprices/uae/toyota/toyota-sequoia/2012/,2026-06-11T12:54:27Z
toyota-sequoia,Sequoia,2012,2012 Nissan Armada,146000,https://www.drivearabia.com/carprices/uae/toyota/toyota-sequoia/2012/,2026-06-11T12:54:27Z
toyota-sequoia,Sequoia,2013,Original Starting Price,159500,https://www.drivearabia.com/carprices/uae/toyota/toyota-sequoia/2013/,2026-06-11T12:54:29Z
toyota-sequoia,Sequoia,2013,SR5 4x4,159500,https://www.drivearabia.com/carprices/uae/toyota/toyota-sequoia/2013/,2026-06-11T12:54:29Z
toyota-sequoia,Sequoia,2013,Limited 4x4,193000,https://www.drivearabia.com/carprices/uae/toyota/toyota-sequoia/2013/,2026-06-11T12:54:29Z
toyota-sequoia,Sequoia,2013,2013 Chevrolet Suburban,155000,https://www.drivearabia.com/carprices/uae/toyota/toyota-sequoia/2013/,2026-06-11T12:54:29Z
toyota-sequoia,Sequoia,2013,2013 Nissan Armada,146000,https://www.drivearabia.com/carprices/uae/toyota/toyota-sequoia/2013/,2026-06-11T12:54:29Z
toyota-sequoia,Sequoia,2013,2013 Ford Expedition,119000,https://www.drivearabia.com/carprices/uae/toyota/toyota-sequoia/2013/,2026-06-11T12:54:29Z
toyota-sequoia,Sequoia,2014,Original Starting Price,159500,https://www.drivearabia.com/carprices/uae/toyota/toyota-sequoia/2014/,2026-06-11T12:54:31Z
toyota-sequoia,Sequoia,2014,SR5 4x4,159500,https://www.drivearabia.com/carprices/uae/toyota/toyota-sequoia/2014/,2026-06-11T12:54:31Z
toyota-sequoia,Sequoia,2014,Limited 4x4,193000,https://www.drivearabia.com/carprices/uae/toyota/toyota-sequoia/2014/,2026-06-11T12:54:31Z
toyota-sequoia,Sequoia,2014,2014 Chevrolet Suburban,155000,https://www.drivearabia.com/carprices/uae/toyota/toyota-sequoia/2014/,2026-06-11T12:54:31Z
toyota-sequoia,Sequoia,2014,2014 Nissan Armada,146000,https://www.drivearabia.com/carprices/uae/toyota/toyota-sequoia/2014/,2026-06-11T12:54:31Z
toyota-sequoia,Sequoia,2014,2014 Ford Expedition,119000,https://www.drivearabia.com/carprices/uae/toyota/toyota-sequoia/2014/,2026-06-11T12:54:31Z
toyota-sequoia,Sequoia,2015,Original Starting Price,149900,https://www.drivearabia.com/carprices/uae/toyota/toyota-sequoia/2015/,2026-06-11T12:54:33Z
toyota-sequoia,Sequoia,2015,EXR,149900,https://www.drivearabia.com/carprices/uae/toyota/toyota-sequoia/2015/,2026-06-11T12:54:33Z
toyota-sequoia,Sequoia,2015,GXR,169000,https://www.drivearabia.com/carprices/uae/toyota/toyota-sequoia/2015/,2026-06-11T12:54:33Z
toyota-sequoia,Sequoia,2015,VXR,194900,https://www.drivearabia.com/carprices/uae/toyota/toyota-sequoia/2015/,2026-06-11T12:54:33Z
toyota-sequoia,Sequoia,2015,2015 Chevrolet Suburban,166000,https://www.drivearabia.com/carprices/uae/toyota/toyota-sequoia/2015/,2026-06-11T12:54:33Z
toyota-sequoia,Sequoia,2015,2015 Ford Expedition,155000,https://www.drivearabia.com/carprices/uae/toyota/toyota-sequoia/2015/,2026-06-11T12:54:33Z
toyota-sequoia,Sequoia,2015,2015 Nissan Armada,146000,https://www.drivearabia.com/carprices/uae/toyota/toyota-sequoia/2015/,2026-06-11T12:54:33Z
toyota-sequoia,Sequoia,2016,Original Starting Price,149900,https://www.drivearabia.com/carprices/uae/toyota/toyota-sequoia/2016/,2026-06-11T12:54:35Z
toyota-sequoia,Sequoia,2016,EXR,149900,https://www.drivearabia.com/carprices/uae/toyota/toyota-sequoia/2016/,2026-06-11T12:54:35Z
toyota-sequoia,Sequoia,2016,GXR,169000,https://www.drivearabia.com/carprices/uae/toyota/toyota-sequoia/2016/,2026-06-11T12:54:35Z
toyota-sequoia,Sequoia,2016,VXR,194900,https://www.drivearabia.com/carprices/uae/toyota/toyota-sequoia/2016/,2026-06-11T12:54:35Z
toyota-sequoia,Sequoia,2016,2016 Chevrolet Suburban,166000,https://www.drivearabia.com/carprices/uae/toyota/toyota-sequoia/2016/,2026-06-11T12:54:35Z
toyota-sequoia,Sequoia,2016,2016 Ford Expedition,155000,https://www.drivearabia.com/carprices/uae/toyota/toyota-sequoia/2016/,2026-06-11T12:54:35Z
toyota-sequoia,Sequoia,2016,2016 Nissan Armada,146000,https://www.drivearabia.com/carprices/uae/toyota/toyota-sequoia/2016/,2026-06-11T12:54:35Z
toyota-supra,Supra,2020,Original Starting Price,229000,https://www.drivearabia.com/carprices/uae/toyota/toyota-supra/2020/,2026-06-11T12:54:58Z
toyota-supra,Supra,2020,2020 Toyota Supra,229000,https://www.drivearabia.com/carprices/uae/toyota/toyota-supra/2020/,2026-06-11T12:54:58Z
toyota-supra,Supra,2020,2020 Ford Mustang,200000,https://www.drivearabia.com/carprices/uae/toyota/toyota-supra/2020/,2026-06-11T12:54:58Z
toyota-supra,Supra,2020,2020 BMW Z4,230000,https://www.drivearabia.com/carprices/uae/toyota/toyota-supra/2020/,2026-06-11T12:54:58Z
toyota-supra,Supra,2020,2020 Porsche Cayman,210000,https://www.drivearabia.com/carprices/uae/toyota/toyota-supra/2020/,2026-06-11T12:54:58Z
toyota-supra,Supra,2021,Original Starting Price,179900,https://www.drivearabia.com/carprices/uae/toyota/toyota-supra/2021/,2026-06-11T12:55:00Z
toyota-supra,Supra,2021,2.0T GR,179900,https://www.drivearabia.com/carprices/uae/toyota/toyota-supra/2021/,2026-06-11T12:55:00Z
toyota-supra,Supra,2021,3.0T GR,199000,https://www.drivearabia.com/carprices/uae/toyota/toyota-supra/2021/,2026-06-11T12:55:00Z
toyota-supra,Supra,2021,3.0T GR Blue Edition,204900,https://www.drivearabia.com/carprices/uae/toyota/toyota-supra/2021/,2026-06-11T12:55:00Z
toyota-supra,Supra,2021,2021 BMW Z4,230000,https://www.drivearabia.com/carprices/uae/toyota/toyota-supra/2021/,2026-06-11T12:55:00Z
toyota-supra,Supra,2021,2021 Ford Mustang,179500,https://www.drivearabia.com/carprices/uae/toyota/toyota-supra/2021/,2026-06-11T12:55:00Z
toyota-supra,Supra,2021,2021 Porsche Cayman,210000,https://www.drivearabia.com/carprices/uae/toyota/toyota-supra/2021/,2026-06-11T12:55:00Z
toyota-supra,Supra,2022,Original Starting Price,179900,https://www.drivearabia.com/carprices/uae/toyota/toyota-supra/2022/,2026-06-11T12:55:02Z
toyota-supra,Supra,2022,2.0T GR,179900,https://www.drivearabia.com/carprices/uae/toyota/toyota-supra/2022/,2026-06-11T12:55:02Z
toyota-supra,Supra,2022,3.0T GR,199000,https://www.drivearabia.com/carprices/uae/toyota/toyota-supra/2022/,2026-06-11T12:55:02Z
toyota-supra,Supra,2022,3.0T GR Blue Edition,204900,https://www.drivearabia.com/carprices/uae/toyota/toyota-supra/2022/,2026-06-11T12:55:02Z
toyota-supra,Supra,2022,2022 BMW Z4,230000,https://www.drivearabia.com/carprices/uae/toyota/toyota-supra/2022/,2026-06-11T12:55:02Z
toyota-supra,Supra,2022,2022 Ford Mustang,179500,https://www.drivearabia.com/carprices/uae/toyota/toyota-supra/2022/,2026-06-11T12:55:02Z
toyota-supra,Supra,2022,2022 Porsche Cayman,210000,https://www.drivearabia.com/carprices/uae/toyota/toyota-supra/2022/,2026-06-11T12:55:02Z
toyota-supra,Supra,2023,Original Starting Price,179900,https://www.drivearabia.com/carprices/uae/toyota/toyota-supra/2023/,2026-06-11T12:55:04Z
toyota-supra,Supra,2023,2.0T GR,179900,https://www.drivearabia.com/carprices/uae/toyota/toyota-supra/2023/,2026-06-11T12:55:04Z
toyota-supra,Supra,2023,3.0T GR auto,207000,https://www.drivearabia.com/carprices/uae/toyota/toyota-supra/2023/,2026-06-11T12:55:04Z
toyota-supra,Supra,2023,3.0T GR manual,207900,https://www.drivearabia.com/carprices/uae/toyota/toyota-supra/2023/,2026-06-11T12:55:04Z
toyota-supra,Supra,2023,2023 Ford Mustang,179500,https://www.drivearabia.com/carprices/uae/toyota/toyota-supra/2023/,2026-06-11T12:55:04Z
toyota-supra,Supra,2023,2023 BMW Z4,230000,https://www.drivearabia.com/carprices/uae/toyota/toyota-supra/2023/,2026-06-11T12:55:04Z
toyota-supra,Supra,2023,2023 Porsche Cayman,210000,https://www.drivearabia.com/carprices/uae/toyota/toyota-supra/2023/,2026-06-11T12:55:04Z
toyota-supra,Supra,2024,Original Starting Price,216000,https://www.drivearabia.com/carprices/uae/toyota/toyota-supra/2024/,2026-06-11T12:55:06Z
toyota-supra,Supra,2024,3.0TC V6 GR RWD auto,216000,https://www.drivearabia.com/carprices/uae/toyota/toyota-supra/2024/,2026-06-11T12:55:06Z
toyota-supra,Supra,2024,3.0T GR RWD manual,216000,https://www.drivearabia.com/carprices/uae/toyota/toyota-supra/2024/,2026-06-11T12:55:06Z
toyota-supra,Supra,2024,2024 BMW Z4,230000,https://www.drivearabia.com/carprices/uae/toyota/toyota-supra/2024/,2026-06-11T12:55:06Z
toyota-supra,Supra,2024,2024 Ford Mustang,230000,https://www.drivearabia.com/carprices/uae/toyota/toyota-supra/2024/,2026-06-11T12:55:06Z
toyota-supra,Supra,2024,2024 Porsche Cayman,260200,https://www.drivearabia.com/carprices/uae/toyota/toyota-supra/2024/,2026-06-11T12:55:06Z
toyota-supra,Supra,2025,Starting at,216000,https://www.drivearabia.com/carprices/uae/toyota/toyota-supra/2025/,2026-06-11T12:55:07Z
toyota-supra,Supra,2025,3.0TC V6 GR RWD auto,216000,https://www.drivearabia.com/carprices/uae/toyota/toyota-supra/2025/,2026-06-11T12:55:07Z
toyota-supra,Supra,2025,3.0T GR RWD manual,216000,https://www.drivearabia.com/carprices/uae/toyota/toyota-supra/2025/,2026-06-11T12:55:07Z
toyota-supra,Supra,2025,2025 Ford Mustang,230000,https://www.drivearabia.com/carprices/uae/toyota/toyota-supra/2025/,2026-06-11T12:55:07Z
toyota-supra,Supra,2025,2025 Porsche Cayman,260200,https://www.drivearabia.com/carprices/uae/toyota/toyota-supra/2025/,2026-06-11T12:55:07Z
toyota-supra,Supra,2025,2025 BMW Z4,230000,https://www.drivearabia.com/carprices/uae/toyota/toyota-supra/2025/,2026-06-11T12:55:07Z
toyota-supra,Supra,2026,Starting at,238900,https://www.drivearabia.com/carprices/uae/toyota/toyota-supra/2026/,2026-06-11T12:55:09Z
toyota-supra,Supra,2026,3.0TC V6 GR RWD auto,238900,https://www.drivearabia.com/carprices/uae/toyota/toyota-supra/2026/,2026-06-11T12:55:09Z
toyota-supra,Supra,2026,2025 Ford Mustang,230000,https://www.drivearabia.com/carprices/uae/toyota/toyota-supra/2026/,2026-06-11T12:55:09Z
toyota-supra,Supra,2026,2025 Porsche Cayman,260200,https://www.drivearabia.com/carprices/uae/toyota/toyota-supra/2026/,2026-06-11T12:55:09Z
toyota-supra,Supra,2026,2025 BMW Z4,230000,https://www.drivearabia.com/carprices/uae/toyota/toyota-supra/2026/,2026-06-11T12:55:09Z
toyota-urban-cruiser,Urban Cruiser,2023,Original Starting Price,76900,https://www.drivearabia.com/carprices/uae/toyota/toyota-urban-cruiser/2023/,2026-06-11T12:55:25Z
toyota-urban-cruiser,Urban Cruiser,2023,1.5 I4 GL,76900,https://www.drivearabia.com/carprices/uae/toyota/toyota-urban-cruiser/2023/,2026-06-11T12:55:25Z
toyota-urban-cruiser,Urban Cruiser,2023,1.5 I4 GLX,82900,https://www.drivearabia.com/carprices/uae/toyota/toyota-urban-cruiser/2023/,2026-06-11T12:55:25Z
toyota-urban-cruiser,Urban Cruiser,2023,2023 MG ZS,69500,https://www.drivearabia.com/carprices/uae/toyota/toyota-urban-cruiser/2023/,2026-06-11T12:55:25Z
toyota-urban-cruiser,Urban Cruiser,2023,2023 Nissan Kicks,71000,https://www.drivearabia.com/carprices/uae/toyota/toyota-urban-cruiser/2023/,2026-06-11T12:55:25Z
toyota-urban-cruiser,Urban Cruiser,2023,2023 Mitsubishi ASX,69900,https://www.drivearabia.com/carprices/uae/toyota/toyota-urban-cruiser/2023/,2026-06-11T12:55:25Z
toyota-urban-cruiser,Urban Cruiser,2024,Original Starting Price,76900,https://www.drivearabia.com/carprices/uae/toyota/toyota-urban-cruiser/2024/,2026-06-11T12:55:27Z
toyota-urban-cruiser,Urban Cruiser,2024,1.5 I4 GL,76900,https://www.drivearabia.com/carprices/uae/toyota/toyota-urban-cruiser/2024/,2026-06-11T12:55:27Z
toyota-urban-cruiser,Urban Cruiser,2024,1.5 I4 GLX,82900,https://www.drivearabia.com/carprices/uae/toyota/toyota-urban-cruiser/2024/,2026-06-11T12:55:27Z
toyota-urban-cruiser,Urban Cruiser,2024,2024 Nissan Kicks,71000,https://www.drivearabia.com/carprices/uae/toyota/toyota-urban-cruiser/2024/,2026-06-11T12:55:27Z
toyota-urban-cruiser,Urban Cruiser,2024,2024 MG ZS,60499,https://www.drivearabia.com/carprices/uae/toyota/toyota-urban-cruiser/2024/,2026-06-11T12:55:27Z
toyota-urban-cruiser,Urban Cruiser,2024,2024 Mitsubishi ASX,70000,https://www.drivearabia.com/carprices/uae/toyota/toyota-urban-cruiser/2024/,2026-06-11T12:55:27Z
toyota-urban-cruiser,Urban Cruiser,2025,Starting at,79900,https://www.drivearabia.com/carprices/uae/toyota/toyota-urban-cruiser/2025/,2026-06-11T12:55:28Z
toyota-urban-cruiser,Urban Cruiser,2025,1.5 I4 GL FWD,79900,https://www.drivearabia.com/carprices/uae/toyota/toyota-urban-cruiser/2025/,2026-06-11T12:55:28Z
toyota-urban-cruiser,Urban Cruiser,2025,1.5 I4 GLX FWD,85900,https://www.drivearabia.com/carprices/uae/toyota/toyota-urban-cruiser/2025/,2026-06-11T12:55:28Z
toyota-urban-cruiser,Urban Cruiser,2025,2025 Mitsubishi ASX,70000,https://www.drivearabia.com/carprices/uae/toyota/toyota-urban-cruiser/2025/,2026-06-11T12:55:28Z
toyota-urban-cruiser,Urban Cruiser,2025,2025 Nissan Kicks,84900,https://www.drivearabia.com/carprices/uae/toyota/toyota-urban-cruiser/2025/,2026-06-11T12:55:28Z
toyota-urban-cruiser,Urban Cruiser,2025,2025 MG ZS,60499,https://www.drivearabia.com/carprices/uae/toyota/toyota-urban-cruiser/2025/,2026-06-11T12:55:28Z
toyota-urban-cruiser,Urban Cruiser,2026,Starting at,79900,https://www.drivearabia.com/carprices/uae/toyota/toyota-urban-cruiser/2026/,2026-06-11T12:55:30Z
toyota-urban-cruiser,Urban Cruiser,2026,1.5 I4 GL FWD,79900,https://www.drivearabia.com/carprices/uae/toyota/toyota-urban-cruiser/2026/,2026-06-11T12:55:30Z
toyota-urban-cruiser,Urban Cruiser,2026,1.5 I4 GLX FWD,85900,https://www.drivearabia.com/carprices/uae/toyota/toyota-urban-cruiser/2026/,2026-06-11T12:55:30Z
toyota-urban-cruiser,Urban Cruiser,2026,2025 Mitsubishi ASX,70000,https://www.drivearabia.com/carprices/uae/toyota/toyota-urban-cruiser/2026/,2026-06-11T12:55:30Z
toyota-urban-cruiser,Urban Cruiser,2026,2025 Nissan Kicks,84900,https://www.drivearabia.com/carprices/uae/toyota/toyota-urban-cruiser/2026/,2026-06-11T12:55:30Z
toyota-urban-cruiser,Urban Cruiser,2026,2025 MG ZS,60499,https://www.drivearabia.com/carprices/uae/toyota/toyota-urban-cruiser/2026/,2026-06-11T12:55:30Z
toyota-veloz,Veloz,2023,Original Starting Price,79900,https://www.drivearabia.com/carprices/uae/toyota/toyota-veloz/2023/,2026-06-11T12:55:46Z
toyota-veloz,Veloz,2023,1.5 I4 GX,79900,https://www.drivearabia.com/carprices/uae/toyota/toyota-veloz/2023/,2026-06-11T12:55:46Z
toyota-veloz,Veloz,2023,2023 MG ZS,69500,https://www.drivearabia.com/carprices/uae/toyota/toyota-veloz/2023/,2026-06-11T12:55:46Z
toyota-veloz,Veloz,2023,2023 GAC GS3,51500,https://www.drivearabia.com/carprices/uae/toyota/toyota-veloz/2023/,2026-06-11T12:55:46Z
toyota-veloz,Veloz,2023,2023 Renault Duster,51900,https://www.drivearabia.com/carprices/uae/toyota/toyota-veloz/2023/,2026-06-11T12:55:46Z
toyota-veloz,Veloz,2024,Original Starting Price,79900,https://www.drivearabia.com/carprices/uae/toyota/toyota-veloz/2024/,2026-06-11T12:55:48Z
toyota-veloz,Veloz,2024,1.5 I4 GX,79900,https://www.drivearabia.com/carprices/uae/toyota/toyota-veloz/2024/,2026-06-11T12:55:48Z
toyota-veloz,Veloz,2024,2023 GAC GS3,51500,https://www.drivearabia.com/carprices/uae/toyota/toyota-veloz/2024/,2026-06-11T12:55:48Z
toyota-veloz,Veloz,2024,2024 MG ZS,60499,https://www.drivearabia.com/carprices/uae/toyota/toyota-veloz/2024/,2026-06-11T12:55:48Z
toyota-veloz,Veloz,2024,2024 Renault Duster,51900,https://www.drivearabia.com/carprices/uae/toyota/toyota-veloz/2024/,2026-06-11T12:55:48Z
toyota-veloz,Veloz,2025,Starting at,80900,https://www.drivearabia.com/carprices/uae/toyota/toyota-veloz/2025/,2026-06-11T12:55:50Z
toyota-veloz,Veloz,2025,1.5 I4 GX FWD,80900,https://www.drivearabia.com/carprices/uae/toyota/toyota-veloz/2025/,2026-06-11T12:55:50Z
toyota-veloz,Veloz,2025,2023 GAC GS3,51500,https://www.drivearabia.com/carprices/uae/toyota/toyota-veloz/2025/,2026-06-11T12:55:50Z
toyota-veloz,Veloz,2025,2025 Renault Duster,69900,https://www.drivearabia.com/carprices/uae/toyota/toyota-veloz/2025/,2026-06-11T12:55:50Z
toyota-veloz,Veloz,2025,2025 MG ZS,60499,https://www.drivearabia.com/carprices/uae/toyota/toyota-veloz/2025/,2026-06-11T12:55:50Z
toyota-veloz,Veloz,2026,Starting at,80900,https://www.drivearabia.com/carprices/uae/toyota/toyota-veloz/2026/,2026-06-11T12:55:51Z
toyota-veloz,Veloz,2026,1.5 I4 GX FWD,80900,https://www.drivearabia.com/carprices/uae/toyota/toyota-veloz/2026/,2026-06-11T12:55:51Z
toyota-veloz,Veloz,2026,2023 GAC GS3,51500,https://www.drivearabia.com/carprices/uae/toyota/toyota-veloz/2026/,2026-06-11T12:55:51Z
toyota-veloz,Veloz,2026,2025 Renault Duster,69900,https://www.drivearabia.com/carprices/uae/toyota/toyota-veloz/2026/,2026-06-11T12:55:51Z
toyota-veloz,Veloz,2026,2025 MG ZS,60499,https://www.drivearabia.com/carprices/uae/toyota/toyota-veloz/2026/,2026-06-11T12:55:51Z
toyota-yaris,Yaris,2010,Original Starting Price,50000,https://www.drivearabia.com/carprices/uae/toyota/toyota-yaris/2010/,2026-06-11T12:56:11Z
toyota-yaris,Yaris,2010,2010 Toyota Yaris,50000,https://www.drivearabia.com/carprices/uae/toyota/toyota-yaris/2010/,2026-06-11T12:56:11Z
toyota-yaris,Yaris,2010,2010 Chevrolet Aveo,41000,https://www.drivearabia.com/carprices/uae/toyota/toyota-yaris/2010/,2026-06-11T12:56:11Z
toyota-yaris,Yaris,2010,2010 Hyundai Accent,36000,https://www.drivearabia.com/carprices/uae/toyota/toyota-yaris/2010/,2026-06-11T12:56:11Z
toyota-yaris,Yaris,2010,2010 Honda City,57000,https://www.drivearabia.com/carprices/uae/toyota/toyota-yaris/2010/,2026-06-11T12:56:11Z
toyota-yaris,Yaris,2011,Original Starting Price,50000,https://www.drivearabia.com/carprices/uae/toyota/toyota-yaris/2011/,2026-06-11T12:56:13Z
toyota-yaris,Yaris,2011,2011 Toyota Yaris,50000,https://www.drivearabia.com/carprices/uae/toyota/toyota-yaris/2011/,2026-06-11T12:56:13Z
toyota-yaris,Yaris,2011,2011 Chevrolet Aveo,41000,https://www.drivearabia.com/carprices/uae/toyota/toyota-yaris/2011/,2026-06-11T12:56:13Z
toyota-yaris,Yaris,2011,2011 Hyundai Accent,36000,https://www.drivearabia.com/carprices/uae/toyota/toyota-yaris/2011/,2026-06-11T12:56:13Z
toyota-yaris,Yaris,2011,2011 Honda City,57000,https://www.drivearabia.com/carprices/uae/toyota/toyota-yaris/2011/,2026-06-11T12:56:13Z
toyota-yaris,Yaris,2012,Original Starting Price,50750,https://www.drivearabia.com/carprices/uae/toyota/toyota-yaris/2012/,2026-06-11T12:56:14Z
toyota-yaris,Yaris,2012,1.3L,50750,https://www.drivearabia.com/carprices/uae/toyota/toyota-yaris/2012/,2026-06-11T12:56:14Z
toyota-yaris,Yaris,2012,1.5L,56000,https://www.drivearabia.com/carprices/uae/toyota/toyota-yaris/2012/,2026-06-11T12:56:14Z
toyota-yaris,Yaris,2012,2012 Ford Fiesta,54000,https://www.drivearabia.com/carprices/uae/toyota/toyota-yaris/2012/,2026-06-11T12:56:14Z
toyota-yaris,Yaris,2012,2012 Hyundai Accent,44000,https://www.drivearabia.com/carprices/uae/toyota/toyota-yaris/2012/,2026-06-11T12:56:14Z
toyota-yaris,Yaris,2012,2012 Chevrolet Sonic,43000,https://www.drivearabia.com/carprices/uae/toyota/toyota-yaris/2012/,2026-06-11T12:56:14Z
toyota-yaris,Yaris,2013,Original Starting Price,50750,https://www.drivearabia.com/carprices/uae/toyota/toyota-yaris/2013/,2026-06-11T12:56:16Z
toyota-yaris,Yaris,2013,1.3L,50750,https://www.drivearabia.com/carprices/uae/toyota/toyota-yaris/2013/,2026-06-11T12:56:16Z
toyota-yaris,Yaris,2013,1.5L,56000,https://www.drivearabia.com/carprices/uae/toyota/toyota-yaris/2013/,2026-06-11T12:56:16Z
toyota-yaris,Yaris,2013,2013 Ford Fiesta,54000,https://www.drivearabia.com/carprices/uae/toyota/toyota-yaris/2013/,2026-06-11T12:56:16Z
toyota-yaris,Yaris,2013,2013 Hyundai Accent,44000,https://www.drivearabia.com/carprices/uae/toyota/toyota-yaris/2013/,2026-06-11T12:56:16Z
toyota-yaris,Yaris,2013,2013 Chevrolet Sonic,43000,https://www.drivearabia.com/carprices/uae/toyota/toyota-yaris/2013/,2026-06-11T12:56:16Z
toyota-yaris,Yaris,2014,Original Starting Price,50750,https://www.drivearabia.com/carprices/uae/toyota/toyota-yaris/2014/,2026-06-11T12:56:18Z
toyota-yaris,Yaris,2014,1.3L,50750,https://www.drivearabia.com/carprices/uae/toyota/toyota-yaris/2014/,2026-06-11T12:56:18Z
toyota-yaris,Yaris,2014,1.5L,56000,https://www.drivearabia.com/carprices/uae/toyota/toyota-yaris/2014/,2026-06-11T12:56:18Z
toyota-yaris,Yaris,2014,2014 Hyundai Accent,44000,https://www.drivearabia.com/carprices/uae/toyota/toyota-yaris/2014/,2026-06-11T12:56:18Z
toyota-yaris,Yaris,2014,2014 Chevrolet Sonic,43000,https://www.drivearabia.com/carprices/uae/toyota/toyota-yaris/2014/,2026-06-11T12:56:18Z
toyota-yaris,Yaris,2014,2014 Ford Fiesta,65000,https://www.drivearabia.com/carprices/uae/toyota/toyota-yaris/2014/,2026-06-11T12:56:18Z
toyota-yaris,Yaris,2015,Original Starting Price,51000,https://www.drivearabia.com/carprices/uae/toyota/toyota-yaris/2015/,2026-06-11T12:56:20Z
toyota-yaris,Yaris,2015,1.3 S,51000,https://www.drivearabia.com/carprices/uae/toyota/toyota-yaris/2015/,2026-06-11T12:56:20Z
toyota-yaris,Yaris,2015,1.5L SE,54900,https://www.drivearabia.com/carprices/uae/toyota/toyota-yaris/2015/,2026-06-11T12:56:20Z
toyota-yaris,Yaris,2015,1.5L SE Plus,57500,https://www.drivearabia.com/carprices/uae/toyota/toyota-yaris/2015/,2026-06-11T12:56:20Z
toyota-yaris,Yaris,2015,2015 Kia Rio,42000,https://www.drivearabia.com/carprices/uae/toyota/toyota-yaris/2015/,2026-06-11T12:56:20Z
toyota-yaris,Yaris,2015,2015 Hyundai Accent,44000,https://www.drivearabia.com/carprices/uae/toyota/toyota-yaris/2015/,2026-06-11T12:56:20Z
toyota-yaris,Yaris,2015,2018 Honda Jazz,59900,https://www.drivearabia.com/carprices/uae/toyota/toyota-yaris/2015/,2026-06-11T12:56:20Z
toyota-yaris,Yaris,2016,Original Starting Price,51000,https://www.drivearabia.com/carprices/uae/toyota/toyota-yaris/2016/,2026-06-11T12:56:22Z
toyota-yaris,Yaris,2016,1.3 S,51000,https://www.drivearabia.com/carprices/uae/toyota/toyota-yaris/2016/,2026-06-11T12:56:22Z
toyota-yaris,Yaris,2016,1.5L SE,54900,https://www.drivearabia.com/carprices/uae/toyota/toyota-yaris/2016/,2026-06-11T12:56:22Z
toyota-yaris,Yaris,2016,1.5L SE Plus,57500,https://www.drivearabia.com/carprices/uae/toyota/toyota-yaris/2016/,2026-06-11T12:56:22Z
toyota-yaris,Yaris,2016,2016 Kia Rio,42000,https://www.drivearabia.com/carprices/uae/toyota/toyota-yaris/2016/,2026-06-11T12:56:22Z
toyota-yaris,Yaris,2016,2016 Hyundai Accent,44000,https://www.drivearabia.com/carprices/uae/toyota/toyota-yaris/2016/,2026-06-11T12:56:22Z
toyota-yaris,Yaris,2016,2018 Honda Jazz,59900,https://www.drivearabia.com/carprices/uae/toyota/toyota-yaris/2016/,2026-06-11T12:56:22Z
toyota-yaris,Yaris,2017,Original Starting Price,53900,https://www.drivearabia.com/carprices/uae/toyota/toyota-yaris/2017/,2026-06-11T12:56:24Z
toyota-yaris,Yaris,2017,1.3 SE,53900,https://www.drivearabia.com/carprices/uae/toyota/toyota-yaris/2017/,2026-06-11T12:56:24Z
toyota-yaris,Yaris,2017,1.5L SE Plus,61900,https://www.drivearabia.com/carprices/uae/toyota/toyota-yaris/2017/,2026-06-11T12:56:24Z
toyota-yaris,Yaris,2017,2017 Honda City,57000,https://www.drivearabia.com/carprices/uae/toyota/toyota-yaris/2017/,2026-06-11T12:56:24Z
toyota-yaris,Yaris,2017,2017 Hyundai Accent,44000,https://www.drivearabia.com/carprices/uae/toyota/toyota-yaris/2017/,2026-06-11T12:56:24Z
toyota-yaris,Yaris,2017,2017 Kia Rio Hatchback,42000,https://www.drivearabia.com/carprices/uae/toyota/toyota-yaris/2017/,2026-06-11T12:56:24Z
toyota-yaris,Yaris,2018,Original Starting Price,58700,https://www.drivearabia.com/carprices/uae/toyota/toyota-yaris/2018/,2026-06-11T12:56:26Z
toyota-yaris,Yaris,2018,1.3 SE,58700,https://www.drivearabia.com/carprices/uae/toyota/toyota-yaris/2018/,2026-06-11T12:56:26Z
toyota-yaris,Yaris,2018,1.5L SE Plus,68200,https://www.drivearabia.com/carprices/uae/toyota/toyota-yaris/2018/,2026-06-11T12:56:26Z
toyota-yaris,Yaris,2018,2018 Honda City,53900,https://www.drivearabia.com/carprices/uae/toyota/toyota-yaris/2018/,2026-06-11T12:56:26Z
toyota-yaris,Yaris,2018,2018 Kia Rio Hatchback,49900,https://www.drivearabia.com/carprices/uae/toyota/toyota-yaris/2018/,2026-06-11T12:56:26Z
toyota-yaris,Yaris,2018,2018 Hyundai Accent,44000,https://www.drivearabia.com/carprices/uae/toyota/toyota-yaris/2018/,2026-06-11T12:56:26Z
toyota-yaris,Yaris,2019,Original Starting Price,58700,https://www.drivearabia.com/carprices/uae/toyota/toyota-yaris/2019/,2026-06-11T12:56:28Z
toyota-yaris,Yaris,2019,Yaris SE,58700,https://www.drivearabia.com/carprices/uae/toyota/toyota-yaris/2019/,2026-06-11T12:56:28Z
toyota-yaris,Yaris,2019,Yaris SE Plus,68500,https://www.drivearabia.com/carprices/uae/toyota/toyota-yaris/2019/,2026-06-11T12:56:28Z
toyota-yaris,Yaris,2019,2019 Hyundai Accent,50800,https://www.drivearabia.com/carprices/uae/toyota/toyota-yaris/2019/,2026-06-11T12:56:28Z
toyota-yaris,Yaris,2019,2019 Kia Rio Hatchback,49900,https://www.drivearabia.com/carprices/uae/toyota/toyota-yaris/2019/,2026-06-11T12:56:28Z
toyota-yaris,Yaris,2019,2019 Honda City,53900,https://www.drivearabia.com/carprices/uae/toyota/toyota-yaris/2019/,2026-06-11T12:56:28Z
toyota-yaris,Yaris,2020,Original Starting Price,58700,https://www.drivearabia.com/carprices/uae/toyota/toyota-yaris/2020/,2026-06-11T12:56:30Z
toyota-yaris,Yaris,2020,Yaris SE,58700,https://www.drivearabia.com/carprices/uae/toyota/toyota-yaris/2020/,2026-06-11T12:56:30Z
toyota-yaris,Yaris,2020,Yaris SE Plus,68500,https://www.drivearabia.com/carprices/uae/toyota/toyota-yaris/2020/,2026-06-11T12:56:30Z
toyota-yaris,Yaris,2020,2020 Honda City,54900,https://www.drivearabia.com/carprices/uae/toyota/toyota-yaris/2020/,2026-06-11T12:56:30Z
toyota-yaris,Yaris,2020,2020 Hyundai Accent,50800,https://www.drivearabia.com/carprices/uae/toyota/toyota-yaris/2020/,2026-06-11T12:56:30Z
toyota-yaris,Yaris,2020,2020 Kia Rio Hatchback,49900,https://www.drivearabia.com/carprices/uae/toyota/toyota-yaris/2020/,2026-06-11T12:56:30Z
toyota-yaris-sedan,Yaris Sedan,2010,Original Starting Price,52000,https://www.drivearabia.com/carprices/uae/toyota/toyota-yaris-sedan/2010/,2026-06-11T12:56:38Z
toyota-yaris-sedan,Yaris Sedan,2010,2010 Toyota Yaris Sedan,52000,https://www.drivearabia.com/carprices/uae/toyota/toyota-yaris-sedan/2010/,2026-06-11T12:56:38Z
toyota-yaris-sedan,Yaris Sedan,2010,2010 Hyundai Accent,36000,https://www.drivearabia.com/carprices/uae/toyota/toyota-yaris-sedan/2010/,2026-06-11T12:56:38Z
toyota-yaris-sedan,Yaris Sedan,2010,2010 Kia Rio,41000,https://www.drivearabia.com/carprices/uae/toyota/toyota-yaris-sedan/2010/,2026-06-11T12:56:38Z
toyota-yaris-sedan,Yaris Sedan,2010,2010 Honda City,57000,https://www.drivearabia.com/carprices/uae/toyota/toyota-yaris-sedan/2010/,2026-06-11T12:56:38Z
toyota-yaris-sedan,Yaris Sedan,2011,Original Starting Price,52000,https://www.drivearabia.com/carprices/uae/toyota/toyota-yaris-sedan/2011/,2026-06-11T12:56:40Z
toyota-yaris-sedan,Yaris Sedan,2011,2011 Toyota Yaris Sedan,52000,https://www.drivearabia.com/carprices/uae/toyota/toyota-yaris-sedan/2011/,2026-06-11T12:56:40Z
toyota-yaris-sedan,Yaris Sedan,2011,2011 Hyundai Accent,36000,https://www.drivearabia.com/carprices/uae/toyota/toyota-yaris-sedan/2011/,2026-06-11T12:56:40Z
toyota-yaris-sedan,Yaris Sedan,2011,2011 Kia Rio,41000,https://www.drivearabia.com/carprices/uae/toyota/toyota-yaris-sedan/2011/,2026-06-11T12:56:40Z
toyota-yaris-sedan,Yaris Sedan,2011,2011 Honda City,57000,https://www.drivearabia.com/carprices/uae/toyota/toyota-yaris-sedan/2011/,2026-06-11T12:56:40Z
toyota-yaris-sedan,Yaris Sedan,2012,Original Starting Price,52000,https://www.drivearabia.com/carprices/uae/toyota/toyota-yaris-sedan/2012/,2026-06-11T12:56:42Z
toyota-yaris-sedan,Yaris Sedan,2012,2012 Toyota Yaris Sedan,52000,https://www.drivearabia.com/carprices/uae/toyota/toyota-yaris-sedan/2012/,2026-06-11T12:56:42Z
toyota-yaris-sedan,Yaris Sedan,2012,2012 Hyundai Accent,44000,https://www.drivearabia.com/carprices/uae/toyota/toyota-yaris-sedan/2012/,2026-06-11T12:56:42Z
toyota-yaris-sedan,Yaris Sedan,2012,2012 Kia Rio,42000,https://www.drivearabia.com/carprices/uae/toyota/toyota-yaris-sedan/2012/,2026-06-11T12:56:42Z
toyota-yaris-sedan,Yaris Sedan,2012,2012 Honda City,56500,https://www.drivearabia.com/carprices/uae/toyota/toyota-yaris-sedan/2012/,2026-06-11T12:56:42Z
toyota-yaris-sedan,Yaris Sedan,2013,Original Starting Price,52000,https://www.drivearabia.com/carprices/uae/toyota/toyota-yaris-sedan/2013/,2026-06-11T12:56:44Z
toyota-yaris-sedan,Yaris Sedan,2013,2013 Toyota Yaris Sedan,52000,https://www.drivearabia.com/carprices/uae/toyota/toyota-yaris-sedan/2013/,2026-06-11T12:56:44Z
toyota-yaris-sedan,Yaris Sedan,2013,2013 Hyundai Accent,44000,https://www.drivearabia.com/carprices/uae/toyota/toyota-yaris-sedan/2013/,2026-06-11T12:56:44Z
toyota-yaris-sedan,Yaris Sedan,2013,2013 Kia Rio,42000,https://www.drivearabia.com/carprices/uae/toyota/toyota-yaris-sedan/2013/,2026-06-11T12:56:44Z
toyota-yaris-sedan,Yaris Sedan,2013,2013 Honda City,56500,https://www.drivearabia.com/carprices/uae/toyota/toyota-yaris-sedan/2013/,2026-06-11T12:56:44Z
toyota-yaris-sedan,Yaris Sedan,2014,Original Starting Price,48500,https://www.drivearabia.com/carprices/uae/toyota/toyota-yaris-sedan/2014/,2026-06-11T12:56:46Z
toyota-yaris-sedan,Yaris Sedan,2014,1.3L S,48500,https://www.drivearabia.com/carprices/uae/toyota/toyota-yaris-sedan/2014/,2026-06-11T12:56:46Z
toyota-yaris-sedan,Yaris Sedan,2014,1.3L SE,51900,https://www.drivearabia.com/carprices/uae/toyota/toyota-yaris-sedan/2014/,2026-06-11T12:56:46Z
toyota-yaris-sedan,Yaris Sedan,2014,1.5L SE,53500,https://www.drivearabia.com/carprices/uae/toyota/toyota-yaris-sedan/2014/,2026-06-11T12:56:46Z
toyota-yaris-sedan,Yaris Sedan,2014,1.5L Sport,56900,https://www.drivearabia.com/carprices/uae/toyota/toyota-yaris-sedan/2014/,2026-06-11T12:56:46Z
toyota-yaris-sedan,Yaris Sedan,2014,1.5L SE+,57900,https://www.drivearabia.com/carprices/uae/toyota/toyota-yaris-sedan/2014/,2026-06-11T12:56:46Z
toyota-yaris-sedan,Yaris Sedan,2014,2014 Hyundai Accent,44000,https://www.drivearabia.com/carprices/uae/toyota/toyota-yaris-sedan/2014/,2026-06-11T12:56:46Z
toyota-yaris-sedan,Yaris Sedan,2014,2014 Kia Rio,42000,https://www.drivearabia.com/carprices/uae/toyota/toyota-yaris-sedan/2014/,2026-06-11T12:56:46Z
toyota-yaris-sedan,Yaris Sedan,2014,2014 Honda City,57000,https://www.drivearabia.com/carprices/uae/toyota/toyota-yaris-sedan/2014/,2026-06-11T12:56:46Z
toyota-yaris-sedan,Yaris Sedan,2015,Original Starting Price,48500,https://www.drivearabia.com/carprices/uae/toyota/toyota-yaris-sedan/2015/,2026-06-11T12:56:48Z
toyota-yaris-sedan,Yaris Sedan,2015,1.3L S,48500,https://www.drivearabia.com/carprices/uae/toyota/toyota-yaris-sedan/2015/,2026-06-11T12:56:48Z
toyota-yaris-sedan,Yaris Sedan,2015,1.3L SE,51900,https://www.drivearabia.com/carprices/uae/toyota/toyota-yaris-sedan/2015/,2026-06-11T12:56:48Z
toyota-yaris-sedan,Yaris Sedan,2015,1.5L SE,53500,https://www.drivearabia.com/carprices/uae/toyota/toyota-yaris-sedan/2015/,2026-06-11T12:56:48Z
toyota-yaris-sedan,Yaris Sedan,2015,1.5L Sport,56900,https://www.drivearabia.com/carprices/uae/toyota/toyota-yaris-sedan/2015/,2026-06-11T12:56:48Z
toyota-yaris-sedan,Yaris Sedan,2015,1.5L SE+,57900,https://www.drivearabia.com/carprices/uae/toyota/toyota-yaris-sedan/2015/,2026-06-11T12:56:48Z
toyota-yaris-sedan,Yaris Sedan,2015,2015 Honda City,57000,https://www.drivearabia.com/carprices/uae/toyota/toyota-yaris-sedan/2015/,2026-06-11T12:56:48Z
toyota-yaris-sedan,Yaris Sedan,2015,2015 Kia Rio,42000,https://www.drivearabia.com/carprices/uae/toyota/toyota-yaris-sedan/2015/,2026-06-11T12:56:48Z
toyota-yaris-sedan,Yaris Sedan,2015,2015 Hyundai Accent,44000,https://www.drivearabia.com/carprices/uae/toyota/toyota-yaris-sedan/2015/,2026-06-11T12:56:48Z
toyota-yaris-sedan,Yaris Sedan,2016,Original Starting Price,53900,https://www.drivearabia.com/carprices/uae/toyota/toyota-yaris-sedan/2016/,2026-06-11T12:56:50Z
toyota-yaris-sedan,Yaris Sedan,2016,1.5L SE,53900,https://www.drivearabia.com/carprices/uae/toyota/toyota-yaris-sedan/2016/,2026-06-11T12:56:50Z
toyota-yaris-sedan,Yaris Sedan,2016,1.5L Sport,58500,https://www.drivearabia.com/carprices/uae/toyota/toyota-yaris-sedan/2016/,2026-06-11T12:56:50Z
toyota-yaris-sedan,Yaris Sedan,2016,1.5L SE+,59500,https://www.drivearabia.com/carprices/uae/toyota/toyota-yaris-sedan/2016/,2026-06-11T12:56:50Z
toyota-yaris-sedan,Yaris Sedan,2016,2016 Kia Rio,42000,https://www.drivearabia.com/carprices/uae/toyota/toyota-yaris-sedan/2016/,2026-06-11T12:56:50Z
toyota-yaris-sedan,Yaris Sedan,2016,2016 Hyundai Accent,44000,https://www.drivearabia.com/carprices/uae/toyota/toyota-yaris-sedan/2016/,2026-06-11T12:56:50Z
toyota-yaris-sedan,Yaris Sedan,2016,2016 Honda City,57000,https://www.drivearabia.com/carprices/uae/toyota/toyota-yaris-sedan/2016/,2026-06-11T12:56:50Z
toyota-yaris-sedan,Yaris Sedan,2017,Original Starting Price,58695,https://www.drivearabia.com/carprices/uae/toyota/toyota-yaris-sedan/2017/,2026-06-11T12:56:52Z
toyota-yaris-sedan,Yaris Sedan,2017,1.5L SE,58695,https://www.drivearabia.com/carprices/uae/toyota/toyota-yaris-sedan/2017/,2026-06-11T12:56:52Z
toyota-yaris-sedan,Yaris Sedan,2017,1.5L SE+,66045,https://www.drivearabia.com/carprices/uae/toyota/toyota-yaris-sedan/2017/,2026-06-11T12:56:52Z
toyota-yaris-sedan,Yaris Sedan,2017,2017 Honda City,57000,https://www.drivearabia.com/carprices/uae/toyota/toyota-yaris-sedan/2017/,2026-06-11T12:56:52Z
toyota-yaris-sedan,Yaris Sedan,2017,2017 Hyundai Accent,44000,https://www.drivearabia.com/carprices/uae/toyota/toyota-yaris-sedan/2017/,2026-06-11T12:56:52Z
toyota-yaris-sedan,Yaris Sedan,2017,2017 Kia Rio,42000,https://www.drivearabia.com/carprices/uae/toyota/toyota-yaris-sedan/2017/,2026-06-11T12:56:52Z
toyota-yaris-sedan,Yaris Sedan,2018,Original Starting Price,59900,https://www.drivearabia.com/carprices/uae/toyota/toyota-yaris-sedan/2018/,2026-06-11T12:56:54Z
toyota-yaris-sedan,Yaris Sedan,2018,2018 Toyota Yaris Sedan,59900,https://www.drivearabia.com/carprices/uae/toyota/toyota-yaris-sedan/2018/,2026-06-11T12:56:54Z
toyota-yaris-sedan,Yaris Sedan,2018,2018 Kia Rio,49900,https://www.drivearabia.com/carprices/uae/toyota/toyota-yaris-sedan/2018/,2026-06-11T12:56:54Z
toyota-yaris-sedan,Yaris Sedan,2018,2018 Honda City,53900,https://www.drivearabia.com/carprices/uae/toyota/toyota-yaris-sedan/2018/,2026-06-11T12:56:54Z
toyota-yaris-sedan,Yaris Sedan,2018,2018 Hyundai Accent,44000,https://www.drivearabia.com/carprices/uae/toyota/toyota-yaris-sedan/2018/,2026-06-11T12:56:54Z
toyota-yaris-sedan,Yaris Sedan,2019,Original Starting Price,59900,https://www.drivearabia.com/carprices/uae/toyota/toyota-yaris-sedan/2019/,2026-06-11T12:56:56Z
toyota-yaris-sedan,Yaris Sedan,2019,1.5L CVT,59900,https://www.drivearabia.com/carprices/uae/toyota/toyota-yaris-sedan/2019/,2026-06-11T12:56:56Z
toyota-yaris-sedan,Yaris Sedan,2019,2019 Hyundai Accent,50800,https://www.drivearabia.com/carprices/uae/toyota/toyota-yaris-sedan/2019/,2026-06-11T12:56:56Z
toyota-yaris-sedan,Yaris Sedan,2019,2019 Kia Rio,49900,https://www.drivearabia.com/carprices/uae/toyota/toyota-yaris-sedan/2019/,2026-06-11T12:56:56Z
toyota-yaris-sedan,Yaris Sedan,2019,2019 Honda City,53900,https://www.drivearabia.com/carprices/uae/toyota/toyota-yaris-sedan/2019/,2026-06-11T12:56:56Z
toyota-yaris-sedan,Yaris Sedan,2020,Original Starting Price,59900,https://www.drivearabia.com/carprices/uae/toyota/toyota-yaris-sedan/2020/,2026-06-11T12:56:58Z
toyota-yaris-sedan,Yaris Sedan,2020,1.5L CVT,59900,https://www.drivearabia.com/carprices/uae/toyota/toyota-yaris-sedan/2020/,2026-06-11T12:56:58Z
toyota-yaris-sedan,Yaris Sedan,2020,2020 Honda City,54900,https://www.drivearabia.com/carprices/uae/toyota/toyota-yaris-sedan/2020/,2026-06-11T12:56:58Z
toyota-yaris-sedan,Yaris Sedan,2020,2020 Hyundai Accent,50800,https://www.drivearabia.com/carprices/uae/toyota/toyota-yaris-sedan/2020/,2026-06-11T12:56:58Z
toyota-yaris-sedan,Yaris Sedan,2020,2020 Kia Rio,49900,https://www.drivearabia.com/carprices/uae/toyota/toyota-yaris-sedan/2020/,2026-06-11T12:56:58Z
toyota-yaris-sedan,Yaris Sedan,2021,Original Starting Price,59900,https://www.drivearabia.com/carprices/uae/toyota/toyota-yaris-sedan/2021/,2026-06-11T12:57:00Z
toyota-yaris-sedan,Yaris Sedan,2021,1.5L CVT,59900,https://www.drivearabia.com/carprices/uae/toyota/toyota-yaris-sedan/2021/,2026-06-11T12:57:00Z
toyota-yaris-sedan,Yaris Sedan,2021,2021 Honda City,55900,https://www.drivearabia.com/carprices/uae/toyota/toyota-yaris-sedan/2021/,2026-06-11T12:57:00Z
toyota-yaris-sedan,Yaris Sedan,2021,2021 Hyundai Accent,62000,https://www.drivearabia.com/carprices/uae/toyota/toyota-yaris-sedan/2021/,2026-06-11T12:57:00Z
toyota-yaris-sedan,Yaris Sedan,2021,2021 Kia Rio,49900,https://www.drivearabia.com/carprices/uae/toyota/toyota-yaris-sedan/2021/,2026-06-11T12:57:00Z
toyota-yaris-sedan,Yaris Sedan,2022,Original Starting Price,59900,https://www.drivearabia.com/carprices/uae/toyota/toyota-yaris-sedan/2022/,2026-06-11T12:57:02Z
toyota-yaris-sedan,Yaris Sedan,2022,1.5L CVT,59900,https://www.drivearabia.com/carprices/uae/toyota/toyota-yaris-sedan/2022/,2026-06-11T12:57:02Z
toyota-yaris-sedan,Yaris Sedan,2022,2022 Hyundai Accent,62000,https://www.drivearabia.com/carprices/uae/toyota/toyota-yaris-sedan/2022/,2026-06-11T12:57:02Z
toyota-yaris-sedan,Yaris Sedan,2022,2022 Kia Rio,62000,https://www.drivearabia.com/carprices/uae/toyota/toyota-yaris-sedan/2022/,2026-06-11T12:57:02Z
toyota-yaris-sedan,Yaris Sedan,2022,2022 Honda City,55900,https://www.drivearabia.com/carprices/uae/toyota/toyota-yaris-sedan/2022/,2026-06-11T12:57:02Z
toyota-yaris-sedan,Yaris Sedan,2023,Original Starting Price,63900,https://www.drivearabia.com/carprices/uae/toyota/toyota-yaris-sedan/2023/,2026-06-11T12:57:04Z
toyota-yaris-sedan,Yaris Sedan,2023,1.5L I4 E FWD,63900,https://www.drivearabia.com/carprices/uae/toyota/toyota-yaris-sedan/2023/,2026-06-11T12:57:04Z
toyota-yaris-sedan,Yaris Sedan,2023,1.5 I4 G FWD,73900,https://www.drivearabia.com/carprices/uae/toyota/toyota-yaris-sedan/2023/,2026-06-11T12:57:04Z
toyota-yaris-sedan,Yaris Sedan,2023,2023 Hyundai Accent,62000,https://www.drivearabia.com/carprices/uae/toyota/toyota-yaris-sedan/2023/,2026-06-11T12:57:04Z
toyota-yaris-sedan,Yaris Sedan,2023,2023 Kia Rio,62000,https://www.drivearabia.com/carprices/uae/toyota/toyota-yaris-sedan/2023/,2026-06-11T12:57:04Z
toyota-yaris-sedan,Yaris Sedan,2023,2023 Honda City,72500,https://www.drivearabia.com/carprices/uae/toyota/toyota-yaris-sedan/2023/,2026-06-11T12:57:04Z
toyota-yaris-sedan,Yaris Sedan,2024,Original Starting Price,63900,https://www.drivearabia.com/carprices/uae/toyota/toyota-yaris-sedan/2024/,2026-06-11T12:57:06Z
toyota-yaris-sedan,Yaris Sedan,2024,1.5L I4 E FWD,63900,https://www.drivearabia.com/carprices/uae/toyota/toyota-yaris-sedan/2024/,2026-06-11T12:57:06Z
toyota-yaris-sedan,Yaris Sedan,2024,1.5 I4 G FWD,73900,https://www.drivearabia.com/carprices/uae/toyota/toyota-yaris-sedan/2024/,2026-06-11T12:57:06Z
toyota-yaris-sedan,Yaris Sedan,2024,2023 Kia Rio,62000,https://www.drivearabia.com/carprices/uae/toyota/toyota-yaris-sedan/2024/,2026-06-11T12:57:06Z
toyota-yaris-sedan,Yaris Sedan,2024,2024 Honda City,67900,https://www.drivearabia.com/carprices/uae/toyota/toyota-yaris-sedan/2024/,2026-06-11T12:57:06Z
toyota-yaris-sedan,Yaris Sedan,2024,2024 Hyundai Accent,63000,https://www.drivearabia.com/carprices/uae/toyota/toyota-yaris-sedan/2024/,2026-06-11T12:57:06Z
toyota-yaris-sedan,Yaris Sedan,2025,Starting at,63900,https://www.drivearabia.com/carprices/uae/toyota/toyota-yaris-sedan/2025/,2026-06-11T12:57:08Z
toyota-yaris-sedan,Yaris Sedan,2025,1.5L I4 E FWD,63900,https://www.drivearabia.com/carprices/uae/toyota/toyota-yaris-sedan/2025/,2026-06-11T12:57:08Z
toyota-yaris-sedan,Yaris Sedan,2025,1.5 I4 G FWD,73900,https://www.drivearabia.com/carprices/uae/toyota/toyota-yaris-sedan/2025/,2026-06-11T12:57:08Z
toyota-yaris-sedan,Yaris Sedan,2025,2023 Kia Rio,62000,https://www.drivearabia.com/carprices/uae/toyota/toyota-yaris-sedan/2025/,2026-06-11T12:57:08Z
toyota-yaris-sedan,Yaris Sedan,2025,2025 Hyundai Accent,73999,https://www.drivearabia.com/carprices/uae/toyota/toyota-yaris-sedan/2025/,2026-06-11T12:57:08Z
toyota-yaris-sedan,Yaris Sedan,2025,2025 Honda City,67900,https://www.drivearabia.com/carprices/uae/toyota/toyota-yaris-sedan/2025/,2026-06-11T12:57:08Z
toyota-yaris-sedan,Yaris Sedan,2026,Starting at,64900,https://www.drivearabia.com/carprices/uae/toyota/toyota-yaris-sedan/2026/,2026-06-11T12:57:09Z
toyota-yaris-sedan,Yaris Sedan,2026,Unknown,64900,https://www.drivearabia.com/carprices/uae/toyota/toyota-yaris-sedan/2026/,2026-06-11T12:57:09Z
toyota-yaris-sedan,Yaris Sedan,2026,Unknown,74900,https://www.drivearabia.com/carprices/uae/toyota/toyota-yaris-sedan/2026/,2026-06-11T12:57:09Z
toyota-yaris-sedan,Yaris Sedan,2026,2026 Geely Emgrand,63100,https://www.drivearabia.com/carprices/uae/toyota/toyota-yaris-sedan/2026/,2026-06-11T12:57:09Z
toyota-yaris-sedan,Yaris Sedan,2026,2026 Hyundai Accent,73999,https://www.drivearabia.com/carprices/uae/toyota/toyota-yaris-sedan/2026/,2026-06-11T12:57:09Z
toyota-yaris-sedan,Yaris Sedan,2026,2026 Honda City,67900,https://www.drivearabia.com/carprices/uae/toyota/toyota-yaris-sedan/2026/,2026-06-11T12:57:09Z
toyota-zelas,Zelas,2011,Original Starting Price,90000,https://www.drivearabia.com/carprices/uae/toyota/toyota-zelas/2011/,2026-06-11T12:57:12Z
toyota-zelas,Zelas,2011,2011 Toyota Zelas,90000,https://www.drivearabia.com/carprices/uae/toyota/toyota-zelas/2011/,2026-06-11T12:57:12Z
toyota-zelas,Zelas,2011,2011 Kia Cerato,49000,https://www.drivearabia.com/carprices/uae/toyota/toyota-zelas/2011/,2026-06-11T12:57:12Z
toyota-zelas,Zelas,2011,2011 Nissan Altima,72000,https://www.drivearabia.com/carprices/uae/toyota/toyota-zelas/2011/,2026-06-11T12:57:12Z
toyota-zelas,Zelas,2011,2011 Honda Civic Hatchback,95000,https://www.drivearabia.com/carprices/uae/toyota/toyota-zelas/2011/,2026-06-11T12:57:12Z
toyota-zelas,Zelas,2012,Original Starting Price,90000,https://www.drivearabia.com/carprices/uae/toyota/toyota-zelas/2012/,2026-06-11T12:57:14Z
toyota-zelas,Zelas,2012,2012 Toyota Zelas,90000,https://www.drivearabia.com/carprices/uae/toyota/toyota-zelas/2012/,2026-06-11T12:57:14Z
toyota-zelas,Zelas,2012,2012 Kia Cerato,49000,https://www.drivearabia.com/carprices/uae/toyota/toyota-zelas/2012/,2026-06-11T12:57:14Z
toyota-zelas,Zelas,2012,2012 Nissan Altima,72000,https://www.drivearabia.com/carprices/uae/toyota/toyota-zelas/2012/,2026-06-11T12:57:14Z
toyota-zelas,Zelas,2012,2011 Honda Civic Hatchback,95000,https://www.drivearabia.com/carprices/uae/toyota/toyota-zelas/2012/,2026-06-11T12:57:14Z
toyota-zelas,Zelas,2013,Original Starting Price,90000,https://www.drivearabia.com/carprices/uae/toyota/toyota-zelas/2013/,2026-06-11T12:57:16Z
toyota-zelas,Zelas,2013,2013 Toyota Zelas,90000,https://www.drivearabia.com/carprices/uae/toyota/toyota-zelas/2013/,2026-06-11T12:57:16Z
toyota-zelas,Zelas,2013,2013 Kia Cerato,49000,https://www.drivearabia.com/carprices/uae/toyota/toyota-zelas/2013/,2026-06-11T12:57:16Z
toyota-zelas,Zelas,2013,2011 Honda Civic Hatchback,95000,https://www.drivearabia.com/carprices/uae/toyota/toyota-zelas/2013/,2026-06-11T12:57:16Z
toyota-zelas,Zelas,2013,2013 Nissan Altima,76000,https://www.drivearabia.com/carprices/uae/toyota/toyota-zelas/2013/,2026-06-11T12:57:16Z
toyota-zelas,Zelas,2014,Original Starting Price,79000,https://www.drivearabia.com/carprices/uae/toyota/toyota-zelas/2014/,2026-06-11T12:57:18Z
toyota-zelas,Zelas,2014,2014 Toyota Zelas,79000,https://www.drivearabia.com/carprices/uae/toyota/toyota-zelas/2014/,2026-06-11T12:57:18Z
toyota-zelas,Zelas,2014,2014 Honda Accord Coupe,105300,https://www.drivearabia.com/carprices/uae/toyota/toyota-zelas/2014/,2026-06-11T12:57:18Z
toyota-zelas,Zelas,2014,2014 Hyundai Elantra Coupe,55900,https://www.drivearabia.com/carprices/uae/toyota/toyota-zelas/2014/,2026-06-11T12:57:18Z
toyota-zelas,Zelas,2014,2014 Peugeot RCZ,135000,https://www.drivearabia.com/carprices/uae/toyota/toyota-zelas/2014/,2026-06-11T12:57:18Z
toyota-zelas,Zelas,2015,Original Starting Price,79000,https://www.drivearabia.com/carprices/uae/toyota/toyota-zelas/2015/,2026-06-11T12:57:20Z
toyota-zelas,Zelas,2015,2015 Toyota Zelas,79000,https://www.drivearabia.com/carprices/uae/toyota/toyota-zelas/2015/,2026-06-11T12:57:20Z
toyota-zelas,Zelas,2015,2015 Honda Accord Coupe,105300,https://www.drivearabia.com/carprices/uae/toyota/toyota-zelas/2015/,2026-06-11T12:57:20Z
toyota-zelas,Zelas,2015,2015 Hyundai Elantra Coupe,55900,https://www.drivearabia.com/carprices/uae/toyota/toyota-zelas/2015/,2026-06-11T12:57:20Z
toyota-zelas,Zelas,2015,2015 Peugeot RCZ,135000,https://www.drivearabia.com/carprices/uae/toyota/toyota-zelas/2015/,2026-06-11T12:57:20Z
toyota-zelas,Zelas,2016,Original Starting Price,79000,https://www.drivearabia.com/carprices/uae/toyota/toyota-zelas/2016/,2026-06-11T12:57:22Z
toyota-zelas,Zelas,2016,2016 Toyota Zelas,79000,https://www.drivearabia.com/carprices/uae/toyota/toyota-zelas/2016/,2026-06-11T12:57:22Z
toyota-zelas,Zelas,2016,2016 Hyundai Elantra Coupe,55900,https://www.drivearabia.com/carprices/uae/toyota/toyota-zelas/2016/,2026-06-11T12:57:22Z
toyota-zelas,Zelas,2016,2016 Peugeot RCZ,135000,https://www.drivearabia.com/carprices/uae/toyota/toyota-zelas/2016/,2026-06-11T12:57:22Z
toyota-zelas,Zelas,2016,2016 Honda Accord Coupe,105300,https://www.drivearabia.com/carprices/uae/toyota/toyota-zelas/2016/,2026-06-11T12:57:22Z
